# timestamp	serial_output
2026-09-12T16:47:37.309	ESP-ROM:esp32s3-20210327
2026-09-12T16:47:37.309	Build:Mar 27 2021
2026-09-12T16:47:37.310	rst:0x15 (USB_UART_CHIP_RESET),boot:0x18 (SPI_FAST_FLASH_BOOT)
2026-09-12T16:47:37.311	Saved PC:0x42022c16
2026-09-12T16:47:37.311	SPIWP:0xee
2026-09-12T16:47:37.312	mode:DIO, clock div:1
2026-09-12T16:47:37.314	load:0x3fce3808,len:0x4bc
2026-09-12T16:47:37.316	load:0x403c9700,len:0xbd8
2026-09-12T16:47:37.319	load:0x403cc700,len:0x2a0c
2026-09-12T16:47:37.326	entry 0x403c98d0
2026-09-12T16:47:38.901	
2026-09-12T16:47:38.901	MPX5700AP pressure monitor
2026-09-12T16:47:38.903	Sensor GPIO: 5
2026-09-12T16:47:38.904	Sensor supply voltage: 5.06 V
2026-09-12T16:47:38.904	Keep the pump off during startup; the first readings become the air reference.
2026-09-12T16:47:39.704	Atmospheric reference = 97.1 kPa (NORMAL)
2026-09-12T16:47:39.942	ADC=973  Voltage=834 mV  P_abs=96.7 kPa  P_gauge=-0.4 kPa  Air=NORMAL
2026-09-12T16:47:40.683	ADC=959  Voltage=847 mV  P_abs=98.0 kPa  P_gauge=0.9 kPa  Air=NORMAL
2026-09-12T16:47:41.424	ADC=975  Voltage=835 mV  P_abs=97.6 kPa  P_gauge=0.4 kPa  Air=NORMAL
2026-09-12T16:47:42.165	ADC=993  Voltage=838 mV  P_abs=98.3 kPa  P_gauge=1.1 kPa  Air=NORMAL
2026-09-12T16:47:42.904	ADC=976  Voltage=833 mV  P_abs=97.4 kPa  P_gauge=0.2 kPa  Air=NORMAL
2026-09-12T16:47:43.644	ADC=987  Voltage=844 mV  P_abs=98.1 kPa  P_gauge=1.0 kPa  Air=NORMAL
2026-09-12T16:47:45.125	ADC=971  Voltage=834 mV  P_abs=96.9 kPa  P_gauge=-0.2 kPa  Air=NORMAL
2026-09-12T16:47:45.128	ADC=957  Voltage=820 mV  P_abs=97.6 kPa  P_gauge=0.5 kPa  Air=NORMAL
2026-09-12T16:47:46.604	ADC=972  Voltage=834 mV  P_abs=97.7 kPa  P_gauge=0.5 kPa  Air=NORMAL
2026-09-12T16:47:46.607	ADC=990  Voltage=842 mV  P_abs=97.7 kPa  P_gauge=0.6 kPa  Air=NORMAL
2026-09-12T16:47:47.342	ADC=966  Voltage=844 mV  P_abs=97.7 kPa  P_gauge=0.5 kPa  Air=NORMAL
2026-09-12T16:47:48.083	ADC=970  Voltage=840 mV  P_abs=97.2 kPa  P_gauge=0.1 kPa  Air=NORMAL
2026-09-12T16:47:48.824	ADC=955  Voltage=842 mV  P_abs=98.0 kPa  P_gauge=0.9 kPa  Air=NORMAL
2026-09-12T16:47:49.563	ADC=987  Voltage=833 mV  P_abs=98.4 kPa  P_gauge=1.3 kPa  Air=NORMAL
2026-09-12T16:47:50.303	ADC=971  Voltage=830 mV  P_abs=97.3 kPa  P_gauge=0.1 kPa  Air=NORMAL
2026-09-12T16:47:51.042	ADC=981  Voltage=841 mV  P_abs=97.8 kPa  P_gauge=0.7 kPa  Air=NORMAL
2026-09-12T16:47:51.783	ADC=973  Voltage=842 mV  P_abs=97.3 kPa  P_gauge=0.2 kPa  Air=NORMAL
2026-09-12T16:47:52.524	ADC=985  Voltage=837 mV  P_abs=97.7 kPa  P_gauge=0.5 kPa  Air=NORMAL
2026-09-12T16:47:53.264	ADC=968  Voltage=829 mV  P_abs=98.2 kPa  P_gauge=1.1 kPa  Air=NORMAL
2026-09-12T16:47:54.002	ADC=983  Voltage=846 mV  P_abs=97.2 kPa  P_gauge=0.0 kPa  Air=NORMAL
2026-09-12T16:47:54.744	ADC=971  Voltage=833 mV  P_abs=97.6 kPa  P_gauge=0.4 kPa  Air=NORMAL
2026-09-12T16:47:55.485	ADC=988  Voltage=846 mV  P_abs=97.8 kPa  P_gauge=0.6 kPa  Air=NORMAL
2026-09-12T16:47:56.223	ADC=973  Voltage=830 mV  P_abs=97.9 kPa  P_gauge=0.7 kPa  Air=NORMAL
2026-09-12T16:47:56.963	ADC=968  Voltage=849 mV  P_abs=97.6 kPa  P_gauge=0.5 kPa  Air=NORMAL
2026-09-12T16:47:57.704	ADC=978  Voltage=841 mV  P_abs=97.9 kPa  P_gauge=0.8 kPa  Air=NORMAL
2026-09-12T16:47:58.443	ADC=987  Voltage=840 mV  P_abs=96.7 kPa  P_gauge=-0.4 kPa  Air=NORMAL
2026-09-12T16:47:59.184	ADC=973  Voltage=822 mV  P_abs=96.4 kPa  P_gauge=-0.7 kPa  Air=NORMAL
2026-09-12T16:47:59.924	ADC=969  Voltage=842 mV  P_abs=97.4 kPa  P_gauge=0.2 kPa  Air=NORMAL
2026-09-12T16:48:00.664	ADC=981  Voltage=833 mV  P_abs=97.6 kPa  P_gauge=0.5 kPa  Air=NORMAL
2026-09-12T16:48:01.402	ADC=974  Voltage=841 mV  P_abs=98.1 kPa  P_gauge=0.9 kPa  Air=NORMAL
2026-09-12T16:48:02.142	ADC=987  Voltage=846 mV  P_abs=97.4 kPa  P_gauge=0.2 kPa  Air=NORMAL
2026-09-12T16:48:02.882	ADC=957  Voltage=829 mV  P_abs=98.3 kPa  P_gauge=1.2 kPa  Air=NORMAL
2026-09-12T16:48:03.624	ADC=980  Voltage=845 mV  P_abs=97.8 kPa  P_gauge=0.7 kPa  Air=NORMAL
2026-09-12T16:48:04.364	ADC=983  Voltage=835 mV  P_abs=97.5 kPa  P_gauge=0.4 kPa  Air=NORMAL
2026-09-12T16:48:05.102	ADC=972  Voltage=846 mV  P_abs=97.9 kPa  P_gauge=0.8 kPa  Air=NORMAL
2026-09-12T16:48:05.843	ADC=985  Voltage=830 mV  P_abs=98.2 kPa  P_gauge=1.0 kPa  Air=NORMAL
2026-09-12T16:48:07.324	ADC=969  Voltage=841 mV  P_abs=97.0 kPa  P_gauge=-0.1 kPa  Air=NORMAL
2026-09-12T16:48:07.329	ADC=985  Voltage=834 mV  P_abs=98.2 kPa  P_gauge=1.1 kPa  Air=NORMAL
2026-09-12T16:48:08.063	ADC=971  Voltage=837 mV  P_abs=98.1 kPa  P_gauge=1.0 kPa  Air=NORMAL
2026-09-12T16:48:08.806	ADC=981  Voltage=830 mV  P_abs=98.6 kPa  P_gauge=1.5 kPa  Air=NORMAL
2026-09-12T16:48:09.544	ADC=974  Voltage=845 mV  P_abs=97.3 kPa  P_gauge=0.2 kPa  Air=NORMAL
2026-09-12T16:48:10.284	ADC=941  Voltage=841 mV  P_abs=97.8 kPa  P_gauge=0.7 kPa  Air=NORMAL
2026-09-12T16:48:11.024	ADC=971  Voltage=835 mV  P_abs=97.8 kPa  P_gauge=0.6 kPa  Air=NORMAL
2026-09-12T16:48:11.764	ADC=994  Voltage=829 mV  P_abs=97.9 kPa  P_gauge=0.7 kPa  Air=NORMAL
2026-09-12T16:48:12.504	ADC=981  Voltage=840 mV  P_abs=97.6 kPa  P_gauge=0.5 kPa  Air=NORMAL
2026-09-12T16:48:13.242	ADC=986  Voltage=832 mV  P_abs=97.9 kPa  P_gauge=0.8 kPa  Air=NORMAL
2026-09-12T16:48:13.983	ADC=967  Voltage=842 mV  P_abs=97.2 kPa  P_gauge=0.0 kPa  Air=NORMAL
2026-09-12T16:48:14.724	ADC=987  Voltage=822 mV  P_abs=97.2 kPa  P_gauge=0.1 kPa  Air=NORMAL
2026-09-12T16:48:15.463	ADC=971  Voltage=844 mV  P_abs=97.5 kPa  P_gauge=0.4 kPa  Air=NORMAL
2026-09-12T16:48:16.202	ADC=980  Voltage=846 mV  P_abs=98.2 kPa  P_gauge=1.1 kPa  Air=NORMAL
2026-09-12T16:48:16.941	ADC=971  Voltage=837 mV  P_abs=97.5 kPa  P_gauge=0.3 kPa  Air=NORMAL
2026-09-12T16:48:17.684	ADC=991  Voltage=846 mV  P_abs=97.6 kPa  P_gauge=0.5 kPa  Air=NORMAL
2026-09-12T16:48:18.423	ADC=978  Voltage=838 mV  P_abs=98.0 kPa  P_gauge=0.9 kPa  Air=NORMAL
2026-09-12T16:48:19.161	ADC=953  Voltage=842 mV  P_abs=97.3 kPa  P_gauge=0.1 kPa  Air=NORMAL
2026-09-12T16:48:19.904	ADC=971  Voltage=832 mV  P_abs=98.4 kPa  P_gauge=1.2 kPa  Air=NORMAL
2026-09-12T16:48:20.643	ADC=984  Voltage=835 mV  P_abs=97.7 kPa  P_gauge=0.5 kPa  Air=NORMAL
2026-09-12T16:48:21.384	ADC=967  Voltage=820 mV  P_abs=97.1 kPa  P_gauge=-0.0 kPa  Air=NORMAL
2026-09-12T16:48:22.124	ADC=986  Voltage=846 mV  P_abs=98.0 kPa  P_gauge=0.9 kPa  Air=NORMAL
2026-09-12T16:48:22.867	ADC=972  Voltage=834 mV  P_abs=97.6 kPa  P_gauge=0.5 kPa  Air=NORMAL
2026-09-12T16:48:23.601	ADC=964  Voltage=841 mV  P_abs=97.2 kPa  P_gauge=0.1 kPa  Air=NORMAL
2026-09-12T16:48:24.345	ADC=972  Voltage=849 mV  P_abs=98.6 kPa  P_gauge=1.4 kPa  Air=NORMAL
2026-09-12T16:48:25.083	ADC=974  Voltage=845 mV  P_abs=98.2 kPa  P_gauge=1.0 kPa  Air=NORMAL
2026-09-12T16:48:25.823	ADC=973  Voltage=846 mV  P_abs=98.2 kPa  P_gauge=1.1 kPa  Air=NORMAL
2026-09-12T16:48:26.563	ADC=968  Voltage=842 mV  P_abs=97.7 kPa  P_gauge=0.6 kPa  Air=NORMAL
2026-09-12T16:48:27.303	ADC=968  Voltage=832 mV  P_abs=97.6 kPa  P_gauge=0.4 kPa  Air=NORMAL
2026-09-12T16:48:28.045	ADC=985  Voltage=834 mV  P_abs=97.8 kPa  P_gauge=0.6 kPa  Air=NORMAL
2026-09-12T16:48:28.783	ADC=982  Voltage=837 mV  P_abs=98.1 kPa  P_gauge=1.0 kPa  Air=NORMAL
2026-09-12T16:48:30.263	ADC=981  Voltage=824 mV  P_abs=97.0 kPa  P_gauge=-0.1 kPa  Air=NORMAL
2026-09-12T16:48:30.266	ADC=964  Voltage=816 mV  P_abs=98.5 kPa  P_gauge=1.3 kPa  Air=NORMAL
2026-09-12T16:48:31.002	ADC=968  Voltage=837 mV  P_abs=98.3 kPa  P_gauge=1.2 kPa  Air=NORMAL
2026-09-12T16:48:31.744	ADC=960  Voltage=844 mV  P_abs=97.0 kPa  P_gauge=-0.1 kPa  Air=NORMAL
2026-09-12T16:48:32.484	ADC=980  Voltage=844 mV  P_abs=97.9 kPa  P_gauge=0.7 kPa  Air=NORMAL
2026-09-12T16:48:33.225	ADC=973  Voltage=835 mV  P_abs=96.5 kPa  P_gauge=-0.6 kPa  Air=NORMAL
2026-09-12T16:48:33.965	ADC=979  Voltage=841 mV  P_abs=97.7 kPa  P_gauge=0.6 kPa  Air=NORMAL
2026-09-12T16:48:34.703	ADC=973  Voltage=806 mV  P_abs=97.4 kPa  P_gauge=0.2 kPa  Air=NORMAL
2026-09-12T16:48:35.441	ADC=980  Voltage=846 mV  P_abs=97.9 kPa  P_gauge=0.8 kPa  Air=NORMAL
2026-09-12T16:48:36.183	ADC=983  Voltage=835 mV  P_abs=98.5 kPa  P_gauge=1.4 kPa  Air=NORMAL
2026-09-12T16:48:36.924	ADC=985  Voltage=846 mV  P_abs=96.9 kPa  P_gauge=-0.2 kPa  Air=NORMAL
2026-09-12T16:48:37.664	ADC=973  Voltage=844 mV  P_abs=98.0 kPa  P_gauge=0.9 kPa  Air=NORMAL
2026-09-12T16:48:38.403	ADC=979  Voltage=835 mV  P_abs=98.0 kPa  P_gauge=0.9 kPa  Air=NORMAL
2026-09-12T16:48:39.145	ADC=973  Voltage=846 mV  P_abs=97.9 kPa  P_gauge=0.7 kPa  Air=NORMAL
2026-09-12T16:48:39.884	ADC=978  Voltage=835 mV  P_abs=97.3 kPa  P_gauge=0.2 kPa  Air=NORMAL
2026-09-12T16:48:40.623	ADC=973  Voltage=842 mV  P_abs=97.8 kPa  P_gauge=0.7 kPa  Air=NORMAL
2026-09-12T16:48:41.363	ADC=973  Voltage=848 mV  P_abs=97.8 kPa  P_gauge=0.7 kPa  Air=NORMAL
2026-09-12T16:48:42.105	ADC=981  Voltage=849 mV  P_abs=98.5 kPa  P_gauge=1.4 kPa  Air=NORMAL
2026-09-12T16:48:42.842	ADC=979  Voltage=833 mV  P_abs=97.2 kPa  P_gauge=0.1 kPa  Air=NORMAL
2026-09-12T16:48:43.582	ADC=971  Voltage=845 mV  P_abs=97.2 kPa  P_gauge=0.1 kPa  Air=NORMAL
2026-09-12T16:48:44.322	ADC=979  Voltage=844 mV  P_abs=97.4 kPa  P_gauge=0.3 kPa  Air=NORMAL
2026-09-12T16:48:45.062	ADC=979  Voltage=841 mV  P_abs=97.9 kPa  P_gauge=0.8 kPa  Air=NORMAL
2026-09-12T16:48:45.802	ADC=947  Voltage=846 mV  P_abs=98.3 kPa  P_gauge=1.1 kPa  Air=NORMAL
2026-09-12T16:48:46.542	ADC=947  Voltage=844 mV  P_abs=97.8 kPa  P_gauge=0.7 kPa  Air=NORMAL
2026-09-12T16:48:47.282	ADC=975  Voltage=844 mV  P_abs=97.2 kPa  P_gauge=0.0 kPa  Air=NORMAL
2026-09-12T16:48:48.763	ADC=981  Voltage=841 mV  P_abs=98.0 kPa  P_gauge=0.8 kPa  Air=NORMAL
2026-09-12T16:48:48.766	ADC=971  Voltage=830 mV  P_abs=96.6 kPa  P_gauge=-0.5 kPa  Air=NORMAL
2026-09-12T16:48:49.501	ADC=971  Voltage=848 mV  P_abs=97.8 kPa  P_gauge=0.6 kPa  Air=NORMAL
2026-09-12T16:48:50.242	ADC=979  Voltage=844 mV  P_abs=98.6 kPa  P_gauge=1.4 kPa  Air=NORMAL
2026-09-12T16:48:50.983	ADC=969  Voltage=829 mV  P_abs=97.8 kPa  P_gauge=0.7 kPa  Air=NORMAL
2026-09-12T16:48:51.722	ADC=951  Voltage=843 mV  P_abs=97.8 kPa  P_gauge=0.7 kPa  Air=NORMAL
2026-09-12T16:48:52.461	ADC=975  Voltage=846 mV  P_abs=97.3 kPa  P_gauge=0.2 kPa  Air=NORMAL
2026-09-12T16:48:53.204	ADC=979  Voltage=841 mV  P_abs=97.7 kPa  P_gauge=0.5 kPa  Air=NORMAL
2026-09-12T16:48:53.946	ADC=978  Voltage=835 mV  P_abs=98.2 kPa  P_gauge=1.1 kPa  Air=NORMAL
2026-09-12T16:48:54.683	ADC=985  Voltage=823 mV  P_abs=97.9 kPa  P_gauge=0.7 kPa  Air=NORMAL
2026-09-12T16:48:55.422	ADC=973  Voltage=837 mV  P_abs=98.0 kPa  P_gauge=0.9 kPa  Air=NORMAL
2026-09-12T16:48:56.163	ADC=949  Voltage=846 mV  P_abs=97.9 kPa  P_gauge=0.7 kPa  Air=NORMAL
2026-09-12T16:48:56.902	ADC=979  Voltage=845 mV  P_abs=97.8 kPa  P_gauge=0.7 kPa  Air=NORMAL
2026-09-12T16:48:57.642	ADC=958  Voltage=846 mV  P_abs=97.5 kPa  P_gauge=0.4 kPa  Air=NORMAL
2026-09-12T16:48:58.383	ADC=977  Voltage=841 mV  P_abs=96.0 kPa  P_gauge=-1.1 kPa  Air=NORMAL
2026-09-12T16:48:59.123	ADC=963  Voltage=827 mV  P_abs=96.7 kPa  P_gauge=-0.5 kPa  Air=NORMAL
2026-09-12T16:48:59.862	ADC=969  Voltage=835 mV  P_abs=97.8 kPa  P_gauge=0.6 kPa  Air=NORMAL
2026-09-12T16:49:00.602	ADC=948  Voltage=841 mV  P_abs=97.9 kPa  P_gauge=0.8 kPa  Air=NORMAL
2026-09-12T16:49:01.343	ADC=973  Voltage=846 mV  P_abs=98.4 kPa  P_gauge=1.2 kPa  Air=NORMAL
2026-09-12T16:49:02.081	ADC=974  Voltage=842 mV  P_abs=97.6 kPa  P_gauge=0.5 kPa  Air=NORMAL
2026-09-12T16:49:02.822	ADC=959  Voltage=811 mV  P_abs=97.0 kPa  P_gauge=-0.2 kPa  Air=NORMAL
2026-09-12T16:49:03.561	ADC=975  Voltage=818 mV  P_abs=98.5 kPa  P_gauge=1.4 kPa  Air=NORMAL
2026-09-12T16:49:04.301	ADC=985  Voltage=834 mV  P_abs=98.4 kPa  P_gauge=1.3 kPa  Air=NORMAL
2026-09-12T16:49:05.780	ADC=985  Voltage=834 mV  P_abs=97.1 kPa  P_gauge=-0.0 kPa  Air=NORMAL
2026-09-12T16:49:05.781	ADC=974  Voltage=830 mV  P_abs=96.2 kPa  P_gauge=-0.9 kPa  Air=NORMAL
2026-09-12T16:49:06.522	ADC=971  Voltage=837 mV  P_abs=97.6 kPa  P_gauge=0.4 kPa  Air=NORMAL
2026-09-12T16:49:07.261	ADC=985  Voltage=834 mV  P_abs=97.7 kPa  P_gauge=0.5 kPa  Air=NORMAL
2026-09-12T16:49:08.003	ADC=973  Voltage=841 mV  P_abs=97.8 kPa  P_gauge=0.7 kPa  Air=NORMAL
2026-09-12T16:49:08.743	ADC=978  Voltage=835 mV  P_abs=98.7 kPa  P_gauge=1.5 kPa  Air=NORMAL
2026-09-12T16:49:09.481	ADC=969  Voltage=830 mV  P_abs=96.4 kPa  P_gauge=-0.7 kPa  Air=NORMAL
2026-09-12T16:49:10.224	ADC=981  Voltage=840 mV  P_abs=97.8 kPa  P_gauge=0.6 kPa  Air=NORMAL
2026-09-12T16:49:10.961	ADC=990  Voltage=832 mV  P_abs=96.8 kPa  P_gauge=-0.4 kPa  Air=NORMAL
2026-09-12T16:49:11.703	ADC=941  Voltage=840 mV  P_abs=96.7 kPa  P_gauge=-0.4 kPa  Air=NORMAL
2026-09-12T16:49:12.444	ADC=969  Voltage=841 mV  P_abs=97.2 kPa  P_gauge=0.1 kPa  Air=NORMAL
2026-09-12T16:49:13.185	ADC=979  Voltage=830 mV  P_abs=98.2 kPa  P_gauge=1.0 kPa  Air=NORMAL
2026-09-12T16:49:13.923	ADC=987  Voltage=847 mV  P_abs=97.4 kPa  P_gauge=0.2 kPa  Air=NORMAL
2026-09-12T16:49:14.664	ADC=985  Voltage=844 mV  P_abs=96.8 kPa  P_gauge=-0.4 kPa  Air=NORMAL
2026-09-12T16:49:15.400	ADC=971  Voltage=841 mV  P_abs=97.5 kPa  P_gauge=0.3 kPa  Air=NORMAL
2026-09-12T16:49:16.141	ADC=964  Voltage=818 mV  P_abs=96.3 kPa  P_gauge=-0.9 kPa  Air=NORMAL
2026-09-12T16:49:16.887	ADC=982  Voltage=834 mV  P_abs=96.4 kPa  P_gauge=-0.7 kPa  Air=NORMAL
2026-09-12T16:49:17.623	ADC=979  Voltage=841 mV  P_abs=98.7 kPa  P_gauge=1.6 kPa  Air=NORMAL
2026-09-12T16:49:18.363	ADC=973  Voltage=820 mV  P_abs=97.1 kPa  P_gauge=0.0 kPa  Air=NORMAL
2026-09-12T16:49:19.102	ADC=983  Voltage=837 mV  P_abs=97.4 kPa  P_gauge=0.3 kPa  Air=NORMAL
2026-09-12T16:49:19.843	ADC=976  Voltage=835 mV  P_abs=96.9 kPa  P_gauge=-0.2 kPa  Air=NORMAL
2026-09-12T16:49:20.581	ADC=975  Voltage=846 mV  P_abs=97.0 kPa  P_gauge=-0.1 kPa  Air=NORMAL
2026-09-12T16:49:21.321	ADC=981  Voltage=829 mV  P_abs=96.5 kPa  P_gauge=-0.6 kPa  Air=NORMAL
2026-09-12T16:49:22.063	ADC=968  Voltage=828 mV  P_abs=97.5 kPa  P_gauge=0.4 kPa  Air=NORMAL
2026-09-12T16:49:22.805	ADC=981  Voltage=834 mV  P_abs=97.9 kPa  P_gauge=0.8 kPa  Air=NORMAL
2026-09-12T16:49:23.541	ADC=983  Voltage=834 mV  P_abs=97.4 kPa  P_gauge=0.3 kPa  Air=NORMAL
2026-09-12T16:49:24.282	ADC=980  Voltage=840 mV  P_abs=97.8 kPa  P_gauge=0.7 kPa  Air=NORMAL
2026-09-12T16:49:25.022	ADC=973  Voltage=832 mV  P_abs=97.7 kPa  P_gauge=0.6 kPa  Air=NORMAL
2026-09-12T16:49:25.762	ADC=989  Voltage=846 mV  P_abs=97.1 kPa  P_gauge=-0.0 kPa  Air=NORMAL
2026-09-12T16:49:26.503	ADC=974  Voltage=842 mV  P_abs=97.6 kPa  P_gauge=0.4 kPa  Air=NORMAL
2026-09-12T16:49:27.242	ADC=970  Voltage=830 mV  P_abs=98.1 kPa  P_gauge=1.0 kPa  Air=NORMAL
2026-09-12T16:49:27.982	ADC=971  Voltage=808 mV  P_abs=97.0 kPa  P_gauge=-0.2 kPa  Air=NORMAL
2026-09-12T16:49:28.725	ADC=985  Voltage=844 mV  P_abs=97.8 kPa  P_gauge=0.6 kPa  Air=NORMAL
2026-09-12T16:49:29.463	ADC=979  Voltage=847 mV  P_abs=97.9 kPa  P_gauge=0.8 kPa  Air=NORMAL
2026-09-12T16:49:30.202	ADC=957  Voltage=847 mV  P_abs=98.2 kPa  P_gauge=1.1 kPa  Air=NORMAL
2026-09-12T16:49:30.945	ADC=972  Voltage=846 mV  P_abs=97.6 kPa  P_gauge=0.5 kPa  Air=NORMAL
2026-09-12T16:49:31.680	ADC=994  Voltage=832 mV  P_abs=97.1 kPa  P_gauge=-0.1 kPa  Air=NORMAL
2026-09-12T16:49:32.421	ADC=943  Voltage=823 mV  P_abs=97.5 kPa  P_gauge=0.3 kPa  Air=NORMAL
2026-09-12T16:49:33.162	ADC=957  Voltage=834 mV  P_abs=96.8 kPa  P_gauge=-0.3 kPa  Air=NORMAL
2026-09-12T16:49:33.902	ADC=975  Voltage=843 mV  P_abs=97.1 kPa  P_gauge=-0.0 kPa  Air=NORMAL
2026-09-12T16:49:34.640	ADC=952  Voltage=842 mV  P_abs=96.2 kPa  P_gauge=-0.9 kPa  Air=NORMAL
2026-09-12T16:49:35.383	ADC=975  Voltage=830 mV  P_abs=96.9 kPa  P_gauge=-0.3 kPa  Air=NORMAL
2026-09-12T16:49:36.121	ADC=933  Voltage=830 mV  P_abs=96.5 kPa  P_gauge=-0.6 kPa  Air=NORMAL
2026-09-12T16:49:36.861	ADC=987  Voltage=846 mV  P_abs=97.7 kPa  P_gauge=0.6 kPa  Air=NORMAL
2026-09-12T16:49:37.601	ADC=986  Voltage=829 mV  P_abs=97.4 kPa  P_gauge=0.3 kPa  Air=NORMAL
2026-09-12T16:49:38.340	ADC=968  Voltage=809 mV  P_abs=97.7 kPa  P_gauge=0.5 kPa  Air=NORMAL
2026-09-12T16:49:39.080	ADC=955  Voltage=835 mV  P_abs=97.7 kPa  P_gauge=0.5 kPa  Air=NORMAL
2026-09-12T16:49:39.820	ADC=973  Voltage=832 mV  P_abs=97.1 kPa  P_gauge=-0.0 kPa  Air=NORMAL
2026-09-12T16:49:40.560	ADC=979  Voltage=816 mV  P_abs=96.8 kPa  P_gauge=-0.3 kPa  Air=NORMAL
2026-09-12T16:49:41.300	ADC=968  Voltage=830 mV  P_abs=96.0 kPa  P_gauge=-1.1 kPa  Air=NORMAL
2026-09-12T16:49:42.042	ADC=954  Voltage=830 mV  P_abs=97.5 kPa  P_gauge=0.4 kPa  Air=NORMAL
2026-09-12T16:49:42.782	ADC=968  Voltage=830 mV  P_abs=97.6 kPa  P_gauge=0.5 kPa  Air=NORMAL
2026-09-12T16:49:44.261	ADC=981  Voltage=835 mV  P_abs=97.1 kPa  P_gauge=-0.1 kPa  Air=NORMAL
2026-09-12T16:49:44.264	ADC=973  Voltage=853 mV  P_abs=97.1 kPa  P_gauge=-0.1 kPa  Air=NORMAL
2026-09-12T16:49:45.002	ADC=981  Voltage=830 mV  P_abs=97.3 kPa  P_gauge=0.1 kPa  Air=NORMAL
2026-09-12T16:49:45.743	ADC=980  Voltage=845 mV  P_abs=96.8 kPa  P_gauge=-0.4 kPa  Air=NORMAL
2026-09-12T16:49:46.482	ADC=980  Voltage=841 mV  P_abs=98.7 kPa  P_gauge=1.5 kPa  Air=NORMAL
2026-09-12T16:49:47.224	ADC=975  Voltage=841 mV  P_abs=97.5 kPa  P_gauge=0.4 kPa  Air=NORMAL
2026-09-12T16:49:48.701	ADC=971  Voltage=832 mV  P_abs=96.7 kPa  P_gauge=-0.4 kPa  Air=NORMAL
2026-09-12T16:49:48.706	ADC=969  Voltage=830 mV  P_abs=98.8 kPa  P_gauge=1.7 kPa  Air=NORMAL
2026-09-12T16:49:49.443	ADC=949  Voltage=846 mV  P_abs=98.4 kPa  P_gauge=1.2 kPa  Air=NORMAL
2026-09-12T16:49:50.182	ADC=968  Voltage=835 mV  P_abs=98.3 kPa  P_gauge=1.2 kPa  Air=NORMAL
2026-09-12T16:49:51.661	ADC=990  Voltage=849 mV  P_abs=97.1 kPa  P_gauge=-0.0 kPa  Air=NORMAL
2026-09-12T16:49:51.663	ADC=995  Voltage=842 mV  P_abs=97.4 kPa  P_gauge=0.2 kPa  Air=NORMAL
2026-09-12T16:49:52.405	ADC=965  Voltage=845 mV  P_abs=98.1 kPa  P_gauge=1.0 kPa  Air=NORMAL
2026-09-12T16:49:53.142	ADC=983  Voltage=838 mV  P_abs=97.6 kPa  P_gauge=0.4 kPa  Air=NORMAL
2026-09-12T16:49:53.882	ADC=933  Voltage=844 mV  P_abs=97.2 kPa  P_gauge=0.1 kPa  Air=NORMAL
2026-09-12T16:49:54.621	ADC=971  Voltage=848 mV  P_abs=96.2 kPa  P_gauge=-1.0 kPa  Air=NORMAL
2026-09-12T16:49:55.361	ADC=957  Voltage=841 mV  P_abs=98.2 kPa  P_gauge=1.0 kPa  Air=NORMAL
2026-09-12T16:49:56.103	ADC=969  Voltage=835 mV  P_abs=98.3 kPa  P_gauge=1.1 kPa  Air=NORMAL
2026-09-12T16:49:56.842	ADC=979  Voltage=844 mV  P_abs=97.7 kPa  P_gauge=0.6 kPa  Air=NORMAL
2026-09-12T16:49:57.582	ADC=981  Voltage=840 mV  P_abs=98.6 kPa  P_gauge=1.5 kPa  Air=NORMAL
2026-09-12T16:49:58.322	ADC=952  Voltage=845 mV  P_abs=96.9 kPa  P_gauge=-0.3 kPa  Air=NORMAL
2026-09-12T16:49:59.061	ADC=971  Voltage=837 mV  P_abs=98.3 kPa  P_gauge=1.1 kPa  Air=NORMAL
2026-09-12T16:49:59.802	ADC=977  Voltage=835 mV  P_abs=97.2 kPa  P_gauge=0.0 kPa  Air=NORMAL
2026-09-12T16:50:00.542	ADC=981  Voltage=845 mV  P_abs=97.4 kPa  P_gauge=0.3 kPa  Air=NORMAL
2026-09-12T16:50:01.282	ADC=956  Voltage=845 mV  P_abs=97.0 kPa  P_gauge=-0.1 kPa  Air=NORMAL
2026-09-12T16:50:02.021	ADC=970  Voltage=840 mV  P_abs=98.3 kPa  P_gauge=1.2 kPa  Air=NORMAL
2026-09-12T16:50:02.761	ADC=985  Voltage=845 mV  P_abs=98.0 kPa  P_gauge=0.9 kPa  Air=NORMAL
2026-09-12T16:50:03.502	ADC=957  Voltage=832 mV  P_abs=97.0 kPa  P_gauge=-0.1 kPa  Air=NORMAL
2026-09-12T16:50:04.242	ADC=982  Voltage=838 mV  P_abs=97.6 kPa  P_gauge=0.5 kPa  Air=NORMAL
2026-09-12T16:50:04.981	ADC=974  Voltage=842 mV  P_abs=97.5 kPa  P_gauge=0.4 kPa  Air=NORMAL
2026-09-12T16:50:05.723	ADC=991  Voltage=846 mV  P_abs=97.6 kPa  P_gauge=0.4 kPa  Air=NORMAL
2026-09-12T16:50:06.460	ADC=967  Voltage=832 mV  P_abs=97.7 kPa  P_gauge=0.5 kPa  Air=NORMAL
2026-09-12T16:50:07.200	ADC=966  Voltage=843 mV  P_abs=98.6 kPa  P_gauge=1.4 kPa  Air=NORMAL
2026-09-12T16:50:07.941	ADC=970  Voltage=846 mV  P_abs=98.4 kPa  P_gauge=1.3 kPa  Air=NORMAL
2026-09-12T16:50:08.682	ADC=977  Voltage=834 mV  P_abs=96.7 kPa  P_gauge=-0.4 kPa  Air=NORMAL
2026-09-12T16:50:10.161	ADC=974  Voltage=844 mV  P_abs=96.8 kPa  P_gauge=-0.4 kPa  Air=NORMAL
2026-09-12T16:50:10.165	ADC=986  Voltage=844 mV  P_abs=98.1 kPa  P_gauge=1.0 kPa  Air=NORMAL
2026-09-12T16:50:10.903	ADC=976  Voltage=849 mV  P_abs=97.0 kPa  P_gauge=-0.2 kPa  Air=NORMAL
2026-09-12T16:50:11.641	ADC=980  Voltage=837 mV  P_abs=98.4 kPa  P_gauge=1.3 kPa  Air=NORMAL
2026-09-12T16:50:12.382	ADC=983  Voltage=848 mV  P_abs=97.5 kPa  P_gauge=0.4 kPa  Air=NORMAL
2026-09-12T16:50:13.860	ADC=987  Voltage=846 mV  P_abs=96.4 kPa  P_gauge=-0.7 kPa  Air=NORMAL
2026-09-12T16:50:13.861	ADC=975  Voltage=844 mV  P_abs=97.2 kPa  P_gauge=0.1 kPa  Air=NORMAL
2026-09-12T16:50:14.600	ADC=939  Voltage=845 mV  P_abs=98.1 kPa  P_gauge=1.0 kPa  Air=NORMAL
2026-09-12T16:50:15.341	ADC=979  Voltage=833 mV  P_abs=97.1 kPa  P_gauge=-0.1 kPa  Air=NORMAL
2026-09-12T16:50:16.080	ADC=947  Voltage=845 mV  P_abs=97.2 kPa  P_gauge=0.1 kPa  Air=NORMAL
2026-09-12T16:50:16.819	ADC=985  Voltage=830 mV  P_abs=98.4 kPa  P_gauge=1.3 kPa  Air=NORMAL
2026-09-12T16:50:17.563	ADC=981  Voltage=841 mV  P_abs=98.4 kPa  P_gauge=1.2 kPa  Air=NORMAL
2026-09-12T16:50:18.302	ADC=980  Voltage=844 mV  P_abs=99.0 kPa  P_gauge=1.9 kPa  Air=NORMAL
2026-09-12T16:50:19.041	ADC=980  Voltage=827 mV  P_abs=97.4 kPa  P_gauge=0.3 kPa  Air=NORMAL
2026-09-12T16:50:19.781	ADC=984  Voltage=838 mV  P_abs=97.7 kPa  P_gauge=0.6 kPa  Air=NORMAL
2026-09-12T16:50:20.521	ADC=957  Voltage=842 mV  P_abs=98.3 kPa  P_gauge=1.2 kPa  Air=NORMAL
2026-09-12T16:50:21.263	ADC=983  Voltage=841 mV  P_abs=97.3 kPa  P_gauge=0.1 kPa  Air=NORMAL
2026-09-12T16:50:22.002	ADC=965  Voltage=853 mV  P_abs=97.5 kPa  P_gauge=0.4 kPa  Air=NORMAL
2026-09-12T16:50:22.741	ADC=972  Voltage=830 mV  P_abs=97.6 kPa  P_gauge=0.5 kPa  Air=NORMAL
2026-09-12T16:50:23.484	ADC=987  Voltage=835 mV  P_abs=98.2 kPa  P_gauge=1.0 kPa  Air=NORMAL
2026-09-12T16:50:24.221	ADC=966  Voltage=841 mV  P_abs=98.0 kPa  P_gauge=0.9 kPa  Air=NORMAL
2026-09-12T16:50:24.962	ADC=943  Voltage=841 mV  P_abs=97.2 kPa  P_gauge=0.1 kPa  Air=NORMAL
2026-09-12T16:50:25.703	ADC=971  Voltage=830 mV  P_abs=97.7 kPa  P_gauge=0.6 kPa  Air=NORMAL
2026-09-12T16:50:26.441	ADC=987  Voltage=835 mV  P_abs=97.2 kPa  P_gauge=0.1 kPa  Air=NORMAL
2026-09-12T16:50:27.181	ADC=994  Voltage=835 mV  P_abs=97.7 kPa  P_gauge=0.6 kPa  Air=NORMAL
2026-09-12T16:50:27.922	ADC=979  Voltage=837 mV  P_abs=98.1 kPa  P_gauge=1.0 kPa  Air=NORMAL
2026-09-12T16:50:28.661	ADC=965  Voltage=820 mV  P_abs=98.2 kPa  P_gauge=1.1 kPa  Air=NORMAL
2026-09-12T16:50:29.401	ADC=990  Voltage=841 mV  P_abs=97.9 kPa  P_gauge=0.8 kPa  Air=NORMAL
2026-09-12T16:50:30.141	ADC=985  Voltage=844 mV  P_abs=97.6 kPa  P_gauge=0.4 kPa  Air=NORMAL
2026-09-12T16:50:30.882	ADC=989  Voltage=818 mV  P_abs=97.4 kPa  P_gauge=0.3 kPa  Air=NORMAL
2026-09-12T16:50:31.622	ADC=952  Voltage=855 mV  P_abs=98.6 kPa  P_gauge=1.5 kPa  Air=NORMAL
2026-09-12T16:50:32.361	ADC=979  Voltage=832 mV  P_abs=98.1 kPa  P_gauge=0.9 kPa  Air=NORMAL
2026-09-12T16:50:33.102	ADC=953  Voltage=841 mV  P_abs=97.9 kPa  P_gauge=0.8 kPa  Air=NORMAL
2026-09-12T16:50:33.841	ADC=972  Voltage=829 mV  P_abs=98.3 kPa  P_gauge=1.2 kPa  Air=NORMAL
2026-09-12T16:50:34.582	ADC=981  Voltage=841 mV  P_abs=97.8 kPa  P_gauge=0.7 kPa  Air=NORMAL
2026-09-12T16:50:35.321	ADC=964  Voltage=832 mV  P_abs=97.7 kPa  P_gauge=0.6 kPa  Air=NORMAL
2026-09-12T16:50:36.061	ADC=979  Voltage=837 mV  P_abs=97.7 kPa  P_gauge=0.6 kPa  Air=NORMAL
2026-09-12T16:50:36.801	ADC=978  Voltage=837 mV  P_abs=97.9 kPa  P_gauge=0.8 kPa  Air=NORMAL
2026-09-12T16:50:37.541	ADC=979  Voltage=848 mV  P_abs=97.6 kPa  P_gauge=0.5 kPa  Air=NORMAL
2026-09-12T16:50:38.281	ADC=973  Voltage=816 mV  P_abs=97.7 kPa  P_gauge=0.6 kPa  Air=NORMAL
2026-09-12T16:50:39.021	ADC=989  Voltage=846 mV  P_abs=97.6 kPa  P_gauge=0.5 kPa  Air=NORMAL
2026-09-12T16:50:39.762	ADC=979  Voltage=835 mV  P_abs=98.4 kPa  P_gauge=1.2 kPa  Air=NORMAL
2026-09-12T16:50:40.501	ADC=973  Voltage=842 mV  P_abs=97.6 kPa  P_gauge=0.5 kPa  Air=NORMAL
2026-09-12T16:50:41.242	ADC=987  Voltage=838 mV  P_abs=97.7 kPa  P_gauge=0.6 kPa  Air=NORMAL
2026-09-12T16:50:41.980	ADC=989  Voltage=844 mV  P_abs=97.9 kPa  P_gauge=0.8 kPa  Air=NORMAL
2026-09-12T16:50:42.720	ADC=975  Voltage=830 mV  P_abs=96.7 kPa  P_gauge=-0.4 kPa  Air=NORMAL
2026-09-12T16:50:43.462	ADC=980  Voltage=842 mV  P_abs=97.7 kPa  P_gauge=0.5 kPa  Air=NORMAL
2026-09-12T16:50:44.200	ADC=977  Voltage=835 mV  P_abs=98.2 kPa  P_gauge=1.0 kPa  Air=NORMAL
2026-09-12T16:50:44.941	ADC=967  Voltage=823 mV  P_abs=98.1 kPa  P_gauge=1.0 kPa  Air=NORMAL
2026-09-12T16:50:45.682	ADC=980  Voltage=840 mV  P_abs=98.6 kPa  P_gauge=1.4 kPa  Air=NORMAL
2026-09-12T16:50:46.421	ADC=971  Voltage=842 mV  P_abs=97.7 kPa  P_gauge=0.6 kPa  Air=NORMAL
2026-09-12T16:50:47.161	ADC=947  Voltage=841 mV  P_abs=97.3 kPa  P_gauge=0.2 kPa  Air=NORMAL
2026-09-12T16:50:47.900	ADC=981  Voltage=835 mV  P_abs=98.1 kPa  P_gauge=1.0 kPa  Air=NORMAL
2026-09-12T16:50:48.640	ADC=986  Voltage=834 mV  P_abs=97.8 kPa  P_gauge=0.7 kPa  Air=NORMAL
2026-09-12T16:50:49.382	ADC=953  Voltage=835 mV  P_abs=97.2 kPa  P_gauge=0.1 kPa  Air=NORMAL
2026-09-12T16:50:50.119	ADC=985  Voltage=830 mV  P_abs=97.8 kPa  P_gauge=0.6 kPa  Air=NORMAL
2026-09-12T16:50:50.861	ADC=970  Voltage=832 mV  P_abs=97.2 kPa  P_gauge=0.0 kPa  Air=NORMAL
2026-09-12T16:50:51.603	ADC=979  Voltage=832 mV  P_abs=97.5 kPa  P_gauge=0.3 kPa  Air=NORMAL
2026-09-12T16:50:52.343	ADC=975  Voltage=858 mV  P_abs=97.4 kPa  P_gauge=0.3 kPa  Air=NORMAL
2026-09-12T16:50:53.081	ADC=979  Voltage=829 mV  P_abs=97.4 kPa  P_gauge=0.3 kPa  Air=NORMAL
2026-09-12T16:50:53.821	ADC=973  Voltage=837 mV  P_abs=98.2 kPa  P_gauge=1.0 kPa  Air=NORMAL
2026-09-12T16:50:54.560	ADC=985  Voltage=844 mV  P_abs=97.5 kPa  P_gauge=0.3 kPa  Air=NORMAL
2026-09-12T16:50:55.300	ADC=983  Voltage=844 mV  P_abs=97.4 kPa  P_gauge=0.3 kPa  Air=NORMAL
2026-09-12T16:50:56.040	ADC=994  Voltage=835 mV  P_abs=98.4 kPa  P_gauge=1.3 kPa  Air=NORMAL
2026-09-12T16:50:56.781	ADC=971  Voltage=830 mV  P_abs=98.0 kPa  P_gauge=0.8 kPa  Air=NORMAL
2026-09-12T16:50:57.518	ADC=983  Voltage=846 mV  P_abs=97.4 kPa  P_gauge=0.3 kPa  Air=NORMAL
2026-09-12T16:50:58.260	ADC=991  Voltage=844 mV  P_abs=97.5 kPa  P_gauge=0.4 kPa  Air=NORMAL
2026-09-12T16:50:59.001	ADC=954  Voltage=853 mV  P_abs=98.2 kPa  P_gauge=1.1 kPa  Air=NORMAL
2026-09-12T16:50:59.741	ADC=972  Voltage=816 mV  P_abs=97.6 kPa  P_gauge=0.4 kPa  Air=NORMAL
2026-09-12T16:51:00.480	ADC=973  Voltage=834 mV  P_abs=97.9 kPa  P_gauge=0.8 kPa  Air=NORMAL
2026-09-12T16:51:01.221	ADC=973  Voltage=834 mV  P_abs=97.7 kPa  P_gauge=0.5 kPa  Air=NORMAL
2026-09-12T16:51:01.961	ADC=982  Voltage=835 mV  P_abs=96.5 kPa  P_gauge=-0.6 kPa  Air=NORMAL
2026-09-12T16:51:02.701	ADC=983  Voltage=830 mV  P_abs=97.8 kPa  P_gauge=0.6 kPa  Air=NORMAL
2026-09-12T16:51:03.438	ADC=1003  Voltage=830 mV  P_abs=97.5 kPa  P_gauge=0.4 kPa  Air=NORMAL
2026-09-12T16:51:04.183	ADC=968  Voltage=814 mV  P_abs=97.6 kPa  P_gauge=0.5 kPa  Air=NORMAL
2026-09-12T16:51:04.921	ADC=987  Voltage=835 mV  P_abs=97.1 kPa  P_gauge=0.0 kPa  Air=NORMAL
2026-09-12T16:51:05.661	ADC=965  Voltage=843 mV  P_abs=97.0 kPa  P_gauge=-0.1 kPa  Air=NORMAL
2026-09-12T16:51:06.400	ADC=979  Voltage=841 mV  P_abs=97.3 kPa  P_gauge=0.1 kPa  Air=NORMAL
2026-09-12T16:51:07.141	ADC=966  Voltage=841 mV  P_abs=97.2 kPa  P_gauge=0.0 kPa  Air=NORMAL
2026-09-12T16:51:07.881	ADC=986  Voltage=837 mV  P_abs=97.6 kPa  P_gauge=0.5 kPa  Air=NORMAL
2026-09-12T16:51:08.621	ADC=970  Voltage=855 mV  P_abs=97.9 kPa  P_gauge=0.8 kPa  Air=NORMAL
2026-09-12T16:51:09.360	ADC=992  Voltage=844 mV  P_abs=97.8 kPa  P_gauge=0.7 kPa  Air=NORMAL
2026-09-12T16:51:10.103	ADC=976  Voltage=837 mV  P_abs=97.7 kPa  P_gauge=0.6 kPa  Air=NORMAL
2026-09-12T16:51:10.839	ADC=949  Voltage=846 mV  P_abs=97.8 kPa  P_gauge=0.7 kPa  Air=NORMAL
2026-09-12T16:51:11.580	ADC=987  Voltage=835 mV  P_abs=97.9 kPa  P_gauge=0.8 kPa  Air=NORMAL
2026-09-12T16:51:12.320	ADC=989  Voltage=846 mV  P_abs=98.1 kPa  P_gauge=1.0 kPa  Air=NORMAL
2026-09-12T16:51:13.061	ADC=985  Voltage=846 mV  P_abs=97.7 kPa  P_gauge=0.5 kPa  Air=NORMAL
2026-09-12T16:51:13.801	ADC=974  Voltage=846 mV  P_abs=98.0 kPa  P_gauge=0.9 kPa  Air=NORMAL
2026-09-12T16:51:14.540	ADC=963  Voltage=841 mV  P_abs=97.7 kPa  P_gauge=0.6 kPa  Air=NORMAL
2026-09-12T16:51:15.281	ADC=996  Voltage=844 mV  P_abs=97.8 kPa  P_gauge=0.6 kPa  Air=NORMAL
2026-09-12T16:51:16.024	ADC=971  Voltage=835 mV  P_abs=97.9 kPa  P_gauge=0.7 kPa  Air=NORMAL
2026-09-12T16:51:16.761	ADC=971  Voltage=845 mV  P_abs=97.5 kPa  P_gauge=0.4 kPa  Air=NORMAL
2026-09-12T16:51:17.500	ADC=982  Voltage=835 mV  P_abs=97.8 kPa  P_gauge=0.6 kPa  Air=NORMAL
2026-09-12T16:51:18.241	ADC=984  Voltage=835 mV  P_abs=97.5 kPa  P_gauge=0.3 kPa  Air=NORMAL
2026-09-12T16:51:18.980	ADC=965  Voltage=835 mV  P_abs=97.4 kPa  P_gauge=0.3 kPa  Air=NORMAL
2026-09-12T16:51:19.720	ADC=953  Voltage=842 mV  P_abs=97.9 kPa  P_gauge=0.8 kPa  Air=NORMAL
2026-09-12T16:51:20.461	ADC=979  Voltage=853 mV  P_abs=97.2 kPa  P_gauge=0.1 kPa  Air=NORMAL
2026-09-12T16:51:21.201	ADC=988  Voltage=853 mV  P_abs=96.9 kPa  P_gauge=-0.2 kPa  Air=NORMAL
2026-09-12T16:51:21.942	ADC=973  Voltage=847 mV  P_abs=98.4 kPa  P_gauge=1.3 kPa  Air=NORMAL
2026-09-12T16:51:22.681	ADC=981  Voltage=835 mV  P_abs=98.1 kPa  P_gauge=0.9 kPa  Air=NORMAL
2026-09-12T16:51:23.422	ADC=982  Voltage=837 mV  P_abs=98.4 kPa  P_gauge=1.2 kPa  Air=NORMAL
2026-09-12T16:51:24.158	ADC=978  Voltage=841 mV  P_abs=97.4 kPa  P_gauge=0.2 kPa  Air=NORMAL
2026-09-12T16:51:24.900	ADC=951  Voltage=828 mV  P_abs=98.3 kPa  P_gauge=1.2 kPa  Air=NORMAL
2026-09-12T16:51:25.640	ADC=985  Voltage=853 mV  P_abs=98.0 kPa  P_gauge=0.9 kPa  Air=NORMAL
2026-09-12T16:51:26.381	ADC=983  Voltage=834 mV  P_abs=97.7 kPa  P_gauge=0.5 kPa  Air=NORMAL
2026-09-12T16:51:27.121	ADC=977  Voltage=818 mV  P_abs=97.9 kPa  P_gauge=0.8 kPa  Air=NORMAL
2026-09-12T16:51:27.859	ADC=995  Voltage=834 mV  P_abs=97.4 kPa  P_gauge=0.2 kPa  Air=NORMAL
2026-09-12T16:51:28.601	ADC=988  Voltage=834 mV  P_abs=98.3 kPa  P_gauge=1.2 kPa  Air=NORMAL
2026-09-12T16:51:29.340	ADC=968  Voltage=841 mV  P_abs=97.9 kPa  P_gauge=0.7 kPa  Air=NORMAL
2026-09-12T16:51:30.080	ADC=991  Voltage=841 mV  P_abs=97.0 kPa  P_gauge=-0.2 kPa  Air=NORMAL
2026-09-12T16:51:30.820	ADC=981  Voltage=845 mV  P_abs=98.6 kPa  P_gauge=1.5 kPa  Air=NORMAL
2026-09-12T16:51:31.561	ADC=951  Voltage=846 mV  P_abs=97.6 kPa  P_gauge=0.5 kPa  Air=NORMAL
2026-09-12T16:51:32.300	ADC=948  Voltage=808 mV  P_abs=96.9 kPa  P_gauge=-0.2 kPa  Air=NORMAL
2026-09-12T16:51:33.041	ADC=987  Voltage=834 mV  P_abs=97.4 kPa  P_gauge=0.3 kPa  Air=NORMAL
2026-09-12T16:51:33.780	ADC=983  Voltage=838 mV  P_abs=97.6 kPa  P_gauge=0.5 kPa  Air=NORMAL
2026-09-12T16:51:34.519	ADC=991  Voltage=830 mV  P_abs=97.7 kPa  P_gauge=0.5 kPa  Air=NORMAL
2026-09-12T16:51:35.260	ADC=984  Voltage=841 mV  P_abs=98.4 kPa  P_gauge=1.3 kPa  Air=NORMAL
2026-09-12T16:51:35.998	ADC=939  Voltage=827 mV  P_abs=96.4 kPa  P_gauge=-0.7 kPa  Air=NORMAL
2026-09-12T16:51:37.480	ADC=969  Voltage=820 mV  P_abs=96.2 kPa  P_gauge=-1.0 kPa  Air=NORMAL
2026-09-12T16:51:37.483	ADC=987  Voltage=848 mV  P_abs=97.6 kPa  P_gauge=0.5 kPa  Air=NORMAL
2026-09-12T16:51:38.220	ADC=967  Voltage=844 mV  P_abs=96.9 kPa  P_gauge=-0.2 kPa  Air=NORMAL
2026-09-12T16:51:38.960	ADC=975  Voltage=830 mV  P_abs=98.1 kPa  P_gauge=1.0 kPa  Air=NORMAL
2026-09-12T16:51:39.700	ADC=983  Voltage=846 mV  P_abs=96.4 kPa  P_gauge=-0.7 kPa  Air=NORMAL
2026-09-12T16:51:40.439	ADC=979  Voltage=834 mV  P_abs=97.9 kPa  P_gauge=0.7 kPa  Air=NORMAL
2026-09-12T16:51:41.920	ADC=973  Voltage=845 mV  P_abs=97.0 kPa  P_gauge=-0.1 kPa  Air=NORMAL
2026-09-12T16:51:41.923	ADC=987  Voltage=848 mV  P_abs=97.6 kPa  P_gauge=0.5 kPa  Air=NORMAL
2026-09-12T16:51:42.660	ADC=985  Voltage=841 mV  P_abs=98.3 kPa  P_gauge=1.1 kPa  Air=NORMAL
2026-09-12T16:51:43.400	ADC=939  Voltage=840 mV  P_abs=98.7 kPa  P_gauge=1.5 kPa  Air=NORMAL
2026-09-12T16:51:44.140	ADC=979  Voltage=852 mV  P_abs=97.0 kPa  P_gauge=-0.2 kPa  Air=NORMAL
2026-09-12T16:51:44.880	ADC=973  Voltage=843 mV  P_abs=97.1 kPa  P_gauge=-0.1 kPa  Air=NORMAL
2026-09-12T16:51:45.619	ADC=985  Voltage=841 mV  P_abs=96.9 kPa  P_gauge=-0.3 kPa  Air=NORMAL
2026-09-12T16:51:46.359	ADC=982  Voltage=846 mV  P_abs=97.9 kPa  P_gauge=0.7 kPa  Air=NORMAL
2026-09-12T16:51:47.100	ADC=980  Voltage=841 mV  P_abs=98.0 kPa  P_gauge=0.8 kPa  Air=NORMAL
2026-09-12T16:51:47.839	ADC=986  Voltage=840 mV  P_abs=97.1 kPa  P_gauge=-0.1 kPa  Air=NORMAL
2026-09-12T16:51:48.580	ADC=988  Voltage=853 mV  P_abs=98.0 kPa  P_gauge=0.9 kPa  Air=NORMAL
2026-09-12T16:51:49.320	ADC=989  Voltage=846 mV  P_abs=97.5 kPa  P_gauge=0.4 kPa  Air=NORMAL
2026-09-12T16:51:50.060	ADC=972  Voltage=835 mV  P_abs=98.3 kPa  P_gauge=1.2 kPa  Air=NORMAL
2026-09-12T16:51:50.800	ADC=971  Voltage=841 mV  P_abs=97.8 kPa  P_gauge=0.6 kPa  Air=NORMAL
2026-09-12T16:51:51.540	ADC=971  Voltage=842 mV  P_abs=97.3 kPa  P_gauge=0.2 kPa  Air=NORMAL
2026-09-12T16:51:53.019	ADC=990  Voltage=846 mV  P_abs=96.5 kPa  P_gauge=-0.7 kPa  Air=NORMAL
2026-09-12T16:51:53.022	ADC=965  Voltage=835 mV  P_abs=98.3 kPa  P_gauge=1.1 kPa  Air=NORMAL
2026-09-12T16:51:53.760	ADC=971  Voltage=841 mV  P_abs=97.2 kPa  P_gauge=0.0 kPa  Air=NORMAL
2026-09-12T16:51:54.500	ADC=974  Voltage=820 mV  P_abs=98.2 kPa  P_gauge=1.1 kPa  Air=NORMAL
2026-09-12T16:51:55.240	ADC=987  Voltage=829 mV  P_abs=98.6 kPa  P_gauge=1.4 kPa  Air=NORMAL
2026-09-12T16:51:55.979	ADC=983  Voltage=846 mV  P_abs=97.2 kPa  P_gauge=0.0 kPa  Air=NORMAL
2026-09-12T16:51:56.720	ADC=973  Voltage=845 mV  P_abs=97.1 kPa  P_gauge=-0.0 kPa  Air=NORMAL
2026-09-12T16:51:57.460	ADC=980  Voltage=845 mV  P_abs=98.0 kPa  P_gauge=0.9 kPa  Air=NORMAL
2026-09-12T16:51:58.199	ADC=972  Voltage=829 mV  P_abs=98.0 kPa  P_gauge=0.9 kPa  Air=NORMAL
2026-09-12T16:51:58.940	ADC=972  Voltage=844 mV  P_abs=97.8 kPa  P_gauge=0.6 kPa  Air=NORMAL
2026-09-12T16:51:59.679	ADC=985  Voltage=832 mV  P_abs=98.0 kPa  P_gauge=0.8 kPa  Air=NORMAL
2026-09-12T16:52:01.159	ADC=984  Voltage=844 mV  P_abs=96.9 kPa  P_gauge=-0.3 kPa  Air=NORMAL
2026-09-12T16:52:01.162	ADC=979  Voltage=844 mV  P_abs=97.7 kPa  P_gauge=0.5 kPa  Air=NORMAL
2026-09-12T16:52:01.899	ADC=975  Voltage=835 mV  P_abs=98.8 kPa  P_gauge=1.7 kPa  Air=NORMAL
2026-09-12T16:52:02.639	ADC=958  Voltage=846 mV  P_abs=97.5 kPa  P_gauge=0.3 kPa  Air=NORMAL
2026-09-12T16:52:03.379	ADC=971  Voltage=834 mV  P_abs=96.5 kPa  P_gauge=-0.6 kPa  Air=NORMAL
2026-09-12T16:52:04.858	ADC=951  Voltage=832 mV  P_abs=96.0 kPa  P_gauge=-1.1 kPa  Air=NORMAL
2026-09-12T16:52:04.861	ADC=983  Voltage=845 mV  P_abs=97.1 kPa  P_gauge=-0.0 kPa  Air=NORMAL
2026-09-12T16:52:05.600	ADC=946  Voltage=848 mV  P_abs=98.0 kPa  P_gauge=0.9 kPa  Air=NORMAL
2026-09-12T16:52:06.339	ADC=975  Voltage=827 mV  P_abs=97.3 kPa  P_gauge=0.1 kPa  Air=NORMAL
2026-09-12T16:52:07.079	ADC=931  Voltage=848 mV  P_abs=97.7 kPa  P_gauge=0.6 kPa  Air=NORMAL
2026-09-12T16:52:07.820	ADC=979  Voltage=845 mV  P_abs=98.5 kPa  P_gauge=1.4 kPa  Air=NORMAL
2026-09-12T16:52:09.299	ADC=979  Voltage=837 mV  P_abs=96.6 kPa  P_gauge=-0.5 kPa  Air=NORMAL
2026-09-12T16:52:09.302	ADC=972  Voltage=840 mV  P_abs=97.7 kPa  P_gauge=0.6 kPa  Air=NORMAL
2026-09-12T16:52:10.039	ADC=959  Voltage=845 mV  P_abs=97.7 kPa  P_gauge=0.6 kPa  Air=NORMAL
2026-09-12T16:52:10.779	ADC=957  Voltage=853 mV  P_abs=97.6 kPa  P_gauge=0.5 kPa  Air=NORMAL
2026-09-12T16:52:11.520	ADC=985  Voltage=842 mV  P_abs=97.1 kPa  P_gauge=0.0 kPa  Air=NORMAL
2026-09-12T16:52:12.259	ADC=974  Voltage=849 mV  P_abs=98.0 kPa  P_gauge=0.9 kPa  Air=NORMAL
2026-09-12T16:52:12.999	ADC=992  Voltage=841 mV  P_abs=98.1 kPa  P_gauge=0.9 kPa  Air=NORMAL
2026-09-12T16:52:13.739	ADC=973  Voltage=847 mV  P_abs=97.8 kPa  P_gauge=0.7 kPa  Air=NORMAL
2026-09-12T16:52:14.479	ADC=987  Voltage=837 mV  P_abs=96.7 kPa  P_gauge=-0.5 kPa  Air=NORMAL
2026-09-12T16:52:15.220	ADC=979  Voltage=845 mV  P_abs=97.9 kPa  P_gauge=0.8 kPa  Air=NORMAL
2026-09-12T16:52:15.959	ADC=987  Voltage=846 mV  P_abs=97.8 kPa  P_gauge=0.7 kPa  Air=NORMAL
2026-09-12T16:52:16.700	ADC=965  Voltage=848 mV  P_abs=97.7 kPa  P_gauge=0.5 kPa  Air=NORMAL
2026-09-12T16:52:17.438	ADC=983  Voltage=835 mV  P_abs=97.4 kPa  P_gauge=0.2 kPa  Air=NORMAL
2026-09-12T16:52:18.180	ADC=972  Voltage=822 mV  P_abs=98.0 kPa  P_gauge=0.8 kPa  Air=NORMAL
2026-09-12T16:52:18.919	ADC=969  Voltage=835 mV  P_abs=98.4 kPa  P_gauge=1.2 kPa  Air=NORMAL
2026-09-12T16:52:19.659	ADC=975  Voltage=846 mV  P_abs=97.9 kPa  P_gauge=0.7 kPa  Air=NORMAL
2026-09-12T16:52:20.399	ADC=957  Voltage=840 mV  P_abs=97.7 kPa  P_gauge=0.5 kPa  Air=NORMAL
2026-09-12T16:52:21.879	ADC=979  Voltage=829 mV  P_abs=97.7 kPa  P_gauge=0.5 kPa  Air=NORMAL
2026-09-12T16:52:21.881	ADC=987  Voltage=840 mV  P_abs=97.2 kPa  P_gauge=0.1 kPa  Air=NORMAL
2026-09-12T16:52:22.620	ADC=970  Voltage=820 mV  P_abs=97.8 kPa  P_gauge=0.6 kPa  Air=NORMAL
2026-09-12T16:52:23.358	ADC=980  Voltage=832 mV  P_abs=98.3 kPa  P_gauge=1.1 kPa  Air=NORMAL
2026-09-12T16:52:24.098	ADC=972  Voltage=832 mV  P_abs=98.0 kPa  P_gauge=0.8 kPa  Air=NORMAL
2026-09-12T16:52:24.839	ADC=988  Voltage=840 mV  P_abs=97.5 kPa  P_gauge=0.4 kPa  Air=NORMAL
2026-09-12T16:52:25.579	ADC=979  Voltage=842 mV  P_abs=97.9 kPa  P_gauge=0.8 kPa  Air=NORMAL
2026-09-12T16:52:26.318	ADC=984  Voltage=835 mV  P_abs=98.1 kPa  P_gauge=0.9 kPa  Air=NORMAL
2026-09-12T16:52:27.059	ADC=969  Voltage=835 mV  P_abs=97.8 kPa  P_gauge=0.7 kPa  Air=NORMAL
2026-09-12T16:52:27.798	ADC=979  Voltage=829 mV  P_abs=97.9 kPa  P_gauge=0.7 kPa  Air=NORMAL
2026-09-12T16:52:28.539	ADC=978  Voltage=835 mV  P_abs=98.9 kPa  P_gauge=1.8 kPa  Air=NORMAL
2026-09-12T16:52:29.279	ADC=979  Voltage=837 mV  P_abs=98.2 kPa  P_gauge=1.1 kPa  Air=NORMAL
2026-09-12T16:52:30.019	ADC=966  Voltage=842 mV  P_abs=98.2 kPa  P_gauge=1.1 kPa  Air=NORMAL
2026-09-12T16:52:30.759	ADC=957  Voltage=842 mV  P_abs=97.4 kPa  P_gauge=0.2 kPa  Air=NORMAL
2026-09-12T16:52:31.499	ADC=969  Voltage=822 mV  P_abs=98.4 kPa  P_gauge=1.3 kPa  Air=NORMAL
2026-09-12T16:52:32.239	ADC=959  Voltage=818 mV  P_abs=98.0 kPa  P_gauge=0.8 kPa  Air=NORMAL
2026-09-12T16:52:32.979	ADC=983  Voltage=837 mV  P_abs=96.7 kPa  P_gauge=-0.4 kPa  Air=NORMAL
2026-09-12T16:52:33.719	ADC=985  Voltage=840 mV  P_abs=96.7 kPa  P_gauge=-0.5 kPa  Air=NORMAL
2026-09-12T16:52:34.459	ADC=982  Voltage=840 mV  P_abs=96.9 kPa  P_gauge=-0.2 kPa  Air=NORMAL
2026-09-12T16:52:35.199	ADC=989  Voltage=832 mV  P_abs=98.4 kPa  P_gauge=1.3 kPa  Air=NORMAL
2026-09-12T16:52:35.940	ADC=955  Voltage=835 mV  P_abs=98.4 kPa  P_gauge=1.3 kPa  Air=NORMAL
2026-09-12T16:52:36.679	ADC=965  Voltage=829 mV  P_abs=98.3 kPa  P_gauge=1.2 kPa  Air=NORMAL
2026-09-12T16:52:37.419	ADC=972  Voltage=823 mV  P_abs=97.9 kPa  P_gauge=0.7 kPa  Air=NORMAL
2026-09-12T16:52:38.898	ADC=984  Voltage=848 mV  P_abs=96.7 kPa  P_gauge=-0.4 kPa  Air=NORMAL
2026-09-12T16:52:38.901	ADC=983  Voltage=853 mV  P_abs=97.9 kPa  P_gauge=0.8 kPa  Air=NORMAL
2026-09-12T16:52:39.639	ADC=987  Voltage=844 mV  P_abs=97.6 kPa  P_gauge=0.5 kPa  Air=NORMAL
2026-09-12T16:52:40.379	ADC=983  Voltage=852 mV  P_abs=98.3 kPa  P_gauge=1.1 kPa  Air=NORMAL
2026-09-12T16:52:41.119	ADC=967  Voltage=846 mV  P_abs=97.3 kPa  P_gauge=0.2 kPa  Air=NORMAL
2026-09-12T16:52:41.859	ADC=967  Voltage=819 mV  P_abs=97.8 kPa  P_gauge=0.7 kPa  Air=NORMAL
2026-09-12T16:52:42.599	ADC=986  Voltage=837 mV  P_abs=97.7 kPa  P_gauge=0.6 kPa  Air=NORMAL
2026-09-12T16:52:43.338	ADC=986  Voltage=838 mV  P_abs=97.3 kPa  P_gauge=0.2 kPa  Air=NORMAL
2026-09-12T16:52:44.078	ADC=984  Voltage=835 mV  P_abs=97.3 kPa  P_gauge=0.2 kPa  Air=NORMAL
2026-09-12T16:52:44.819	ADC=979  Voltage=846 mV  P_abs=97.3 kPa  P_gauge=0.2 kPa  Air=NORMAL
2026-09-12T16:52:45.559	ADC=983  Voltage=849 mV  P_abs=97.4 kPa  P_gauge=0.3 kPa  Air=NORMAL
2026-09-12T16:52:46.298	ADC=983  Voltage=835 mV  P_abs=98.0 kPa  P_gauge=0.9 kPa  Air=NORMAL
2026-09-12T16:52:47.038	ADC=989  Voltage=840 mV  P_abs=98.0 kPa  P_gauge=0.9 kPa  Air=NORMAL
2026-09-12T16:52:47.778	ADC=972  Voltage=844 mV  P_abs=97.7 kPa  P_gauge=0.5 kPa  Air=NORMAL
2026-09-12T16:52:48.518	ADC=952  Voltage=841 mV  P_abs=98.5 kPa  P_gauge=1.3 kPa  Air=NORMAL
2026-09-12T16:52:49.258	ADC=967  Voltage=842 mV  P_abs=97.1 kPa  P_gauge=-0.0 kPa  Air=NORMAL
2026-09-12T16:52:49.997	ADC=977  Voltage=830 mV  P_abs=98.1 kPa  P_gauge=1.0 kPa  Air=NORMAL
2026-09-12T16:52:50.738	ADC=978  Voltage=823 mV  P_abs=97.9 kPa  P_gauge=0.7 kPa  Air=NORMAL
2026-09-12T16:52:51.478	ADC=952  Voltage=830 mV  P_abs=98.2 kPa  P_gauge=1.1 kPa  Air=NORMAL
2026-09-12T16:52:52.218	ADC=973  Voltage=843 mV  P_abs=98.1 kPa  P_gauge=0.9 kPa  Air=NORMAL
2026-09-12T16:52:52.959	ADC=989  Voltage=841 mV  P_abs=96.6 kPa  P_gauge=-0.6 kPa  Air=NORMAL
2026-09-12T16:52:53.699	ADC=973  Voltage=846 mV  P_abs=97.8 kPa  P_gauge=0.6 kPa  Air=NORMAL
2026-09-12T16:52:54.438	ADC=968  Voltage=844 mV  P_abs=97.9 kPa  P_gauge=0.7 kPa  Air=NORMAL
2026-09-12T16:52:55.917	ADC=983  Voltage=844 mV  P_abs=97.1 kPa  P_gauge=-0.0 kPa  Air=NORMAL
2026-09-12T16:52:55.920	ADC=991  Voltage=830 mV  P_abs=97.9 kPa  P_gauge=0.8 kPa  Air=NORMAL
2026-09-12T16:52:56.658	ADC=983  Voltage=840 mV  P_abs=97.8 kPa  P_gauge=0.7 kPa  Air=NORMAL
2026-09-12T16:52:57.398	ADC=983  Voltage=842 mV  P_abs=97.3 kPa  P_gauge=0.1 kPa  Air=NORMAL
2026-09-12T16:52:58.139	ADC=969  Voltage=841 mV  P_abs=97.7 kPa  P_gauge=0.5 kPa  Air=NORMAL
2026-09-12T16:52:58.878	ADC=980  Voltage=844 mV  P_abs=97.4 kPa  P_gauge=0.3 kPa  Air=NORMAL
2026-09-12T16:52:59.618	ADC=971  Voltage=816 mV  P_abs=97.2 kPa  P_gauge=0.0 kPa  Air=NORMAL
2026-09-12T16:53:00.358	ADC=976  Voltage=822 mV  P_abs=97.8 kPa  P_gauge=0.6 kPa  Air=NORMAL
2026-09-12T16:53:01.098	ADC=971  Voltage=834 mV  P_abs=97.6 kPa  P_gauge=0.5 kPa  Air=NORMAL
2026-09-12T16:53:01.838	ADC=981  Voltage=830 mV  P_abs=98.3 kPa  P_gauge=1.2 kPa  Air=NORMAL
2026-09-12T16:53:02.579	ADC=973  Voltage=842 mV  P_abs=97.4 kPa  P_gauge=0.3 kPa  Air=NORMAL
2026-09-12T16:53:03.318	ADC=975  Voltage=845 mV  P_abs=97.8 kPa  P_gauge=0.7 kPa  Air=NORMAL
2026-09-12T16:53:04.058	ADC=970  Voltage=845 mV  P_abs=97.9 kPa  P_gauge=0.8 kPa  Air=NORMAL
2026-09-12T16:53:04.797	ADC=983  Voltage=841 mV  P_abs=97.1 kPa  P_gauge=-0.1 kPa  Air=NORMAL
2026-09-12T16:53:05.538	ADC=973  Voltage=852 mV  P_abs=98.2 kPa  P_gauge=1.1 kPa  Air=NORMAL
2026-09-12T16:53:06.279	ADC=981  Voltage=842 mV  P_abs=97.6 kPa  P_gauge=0.5 kPa  Air=NORMAL
2026-09-12T16:53:07.016	ADC=980  Voltage=834 mV  P_abs=97.5 kPa  P_gauge=0.4 kPa  Air=NORMAL
2026-09-12T16:53:07.758	ADC=964  Voltage=846 mV  P_abs=98.3 kPa  P_gauge=1.2 kPa  Air=NORMAL
2026-09-12T16:53:08.499	ADC=975  Voltage=823 mV  P_abs=97.3 kPa  P_gauge=0.2 kPa  Air=NORMAL
2026-09-12T16:53:09.238	ADC=983  Voltage=853 mV  P_abs=97.1 kPa  P_gauge=-0.1 kPa  Air=NORMAL
2026-09-12T16:53:09.978	ADC=976  Voltage=814 mV  P_abs=97.8 kPa  P_gauge=0.7 kPa  Air=NORMAL
2026-09-12T16:53:10.719	ADC=984  Voltage=832 mV  P_abs=97.6 kPa  P_gauge=0.5 kPa  Air=NORMAL
2026-09-12T16:53:11.458	ADC=970  Voltage=841 mV  P_abs=98.3 kPa  P_gauge=1.2 kPa  Air=NORMAL
2026-09-12T16:53:12.198	ADC=951  Voltage=846 mV  P_abs=97.9 kPa  P_gauge=0.7 kPa  Air=NORMAL
2026-09-12T16:53:12.938	ADC=971  Voltage=841 mV  P_abs=96.9 kPa  P_gauge=-0.2 kPa  Air=NORMAL
2026-09-12T16:53:13.677	ADC=963  Voltage=844 mV  P_abs=98.0 kPa  P_gauge=0.9 kPa  Air=NORMAL
2026-09-12T16:53:14.418	ADC=971  Voltage=814 mV  P_abs=98.2 kPa  P_gauge=1.0 kPa  Air=NORMAL
2026-09-12T16:53:15.898	ADC=969  Voltage=846 mV  P_abs=98.0 kPa  P_gauge=0.9 kPa  Air=NORMAL
2026-09-12T16:53:15.901	ADC=957  Voltage=841 mV  P_abs=98.5 kPa  P_gauge=1.4 kPa  Air=NORMAL
2026-09-12T16:53:16.638	ADC=986  Voltage=822 mV  P_abs=98.4 kPa  P_gauge=1.2 kPa  Air=NORMAL
2026-09-12T16:53:17.377	ADC=977  Voltage=832 mV  P_abs=97.4 kPa  P_gauge=0.3 kPa  Air=NORMAL
2026-09-12T16:53:18.118	ADC=973  Voltage=841 mV  P_abs=97.3 kPa  P_gauge=0.1 kPa  Air=NORMAL
2026-09-12T16:53:18.857	ADC=976  Voltage=841 mV  P_abs=97.5 kPa  P_gauge=0.4 kPa  Air=NORMAL
2026-09-12T16:53:19.598	ADC=984  Voltage=844 mV  P_abs=96.7 kPa  P_gauge=-0.5 kPa  Air=NORMAL
2026-09-12T16:53:20.338	ADC=981  Voltage=848 mV  P_abs=97.9 kPa  P_gauge=0.8 kPa  Air=NORMAL
2026-09-12T16:53:21.078	ADC=985  Voltage=845 mV  P_abs=98.1 kPa  P_gauge=1.0 kPa  Air=NORMAL
2026-09-12T16:53:21.818	ADC=974  Voltage=822 mV  P_abs=98.6 kPa  P_gauge=1.5 kPa  Air=NORMAL
2026-09-12T16:53:22.558	ADC=975  Voltage=830 mV  P_abs=97.4 kPa  P_gauge=0.3 kPa  Air=NORMAL
2026-09-12T16:53:23.299	ADC=975  Voltage=846 mV  P_abs=97.3 kPa  P_gauge=0.2 kPa  Air=NORMAL
2026-09-12T16:53:24.038	ADC=952  Voltage=837 mV  P_abs=97.6 kPa  P_gauge=0.5 kPa  Air=NORMAL
2026-09-12T16:53:24.777	ADC=983  Voltage=846 mV  P_abs=98.2 kPa  P_gauge=1.1 kPa  Air=NORMAL
2026-09-12T16:53:25.517	ADC=997  Voltage=841 mV  P_abs=98.1 kPa  P_gauge=1.0 kPa  Air=NORMAL
2026-09-12T16:53:26.257	ADC=974  Voltage=830 mV  P_abs=96.6 kPa  P_gauge=-0.5 kPa  Air=NORMAL
2026-09-12T16:53:26.998	ADC=979  Voltage=835 mV  P_abs=98.0 kPa  P_gauge=0.9 kPa  Air=NORMAL
2026-09-12T16:53:27.738	ADC=981  Voltage=841 mV  P_abs=97.3 kPa  P_gauge=0.2 kPa  Air=NORMAL
2026-09-12T16:53:28.478	ADC=973  Voltage=823 mV  P_abs=97.6 kPa  P_gauge=0.4 kPa  Air=NORMAL
2026-09-12T16:53:29.216	ADC=984  Voltage=841 mV  P_abs=98.0 kPa  P_gauge=0.8 kPa  Air=NORMAL
2026-09-12T16:53:29.957	ADC=989  Voltage=847 mV  P_abs=97.1 kPa  P_gauge=-0.1 kPa  Air=NORMAL
2026-09-12T16:53:30.698	ADC=973  Voltage=837 mV  P_abs=97.4 kPa  P_gauge=0.3 kPa  Air=NORMAL
2026-09-12T16:53:31.437	ADC=972  Voltage=822 mV  P_abs=98.5 kPa  P_gauge=1.4 kPa  Air=NORMAL
2026-09-12T16:53:32.177	ADC=968  Voltage=846 mV  P_abs=98.2 kPa  P_gauge=1.1 kPa  Air=NORMAL
2026-09-12T16:53:32.917	ADC=971  Voltage=846 mV  P_abs=97.6 kPa  P_gauge=0.5 kPa  Air=NORMAL
2026-09-12T16:53:33.658	ADC=978  Voltage=847 mV  P_abs=97.1 kPa  P_gauge=-0.1 kPa  Air=NORMAL
2026-09-12T16:53:34.397	ADC=971  Voltage=840 mV  P_abs=97.8 kPa  P_gauge=0.7 kPa  Air=NORMAL
2026-09-12T16:53:35.138	ADC=972  Voltage=844 mV  P_abs=97.6 kPa  P_gauge=0.5 kPa  Air=NORMAL
2026-09-12T16:53:35.877	ADC=992  Voltage=832 mV  P_abs=97.7 kPa  P_gauge=0.6 kPa  Air=NORMAL
2026-09-12T16:53:36.617	ADC=969  Voltage=835 mV  P_abs=97.8 kPa  P_gauge=0.7 kPa  Air=NORMAL
2026-09-12T16:53:37.358	ADC=996  Voltage=830 mV  P_abs=97.8 kPa  P_gauge=0.6 kPa  Air=NORMAL
2026-09-12T16:53:38.098	ADC=958  Voltage=841 mV  P_abs=97.7 kPa  P_gauge=0.6 kPa  Air=NORMAL
2026-09-12T16:53:38.837	ADC=985  Voltage=841 mV  P_abs=97.4 kPa  P_gauge=0.2 kPa  Air=NORMAL
2026-09-12T16:53:39.577	ADC=965  Voltage=814 mV  P_abs=98.2 kPa  P_gauge=1.1 kPa  Air=NORMAL
2026-09-12T16:53:40.318	ADC=965  Voltage=853 mV  P_abs=97.7 kPa  P_gauge=0.6 kPa  Air=NORMAL
2026-09-12T16:53:41.057	ADC=973  Voltage=846 mV  P_abs=97.5 kPa  P_gauge=0.4 kPa  Air=NORMAL
2026-09-12T16:53:41.797	ADC=989  Voltage=841 mV  P_abs=97.6 kPa  P_gauge=0.5 kPa  Air=NORMAL
2026-09-12T16:53:42.537	ADC=969  Voltage=844 mV  P_abs=97.7 kPa  P_gauge=0.6 kPa  Air=NORMAL
2026-09-12T16:53:43.277	ADC=996  Voltage=842 mV  P_abs=98.2 kPa  P_gauge=1.0 kPa  Air=NORMAL
2026-09-12T16:53:44.017	ADC=971  Voltage=843 mV  P_abs=97.4 kPa  P_gauge=0.3 kPa  Air=NORMAL
2026-09-12T16:53:44.759	ADC=959  Voltage=846 mV  P_abs=98.3 kPa  P_gauge=1.2 kPa  Air=NORMAL
2026-09-12T16:53:45.498	ADC=979  Voltage=835 mV  P_abs=98.2 kPa  P_gauge=1.1 kPa  Air=NORMAL
2026-09-12T16:53:46.237	ADC=966  Voltage=842 mV  P_abs=97.4 kPa  P_gauge=0.3 kPa  Air=NORMAL
2026-09-12T16:53:46.977	ADC=971  Voltage=830 mV  P_abs=98.1 kPa  P_gauge=1.0 kPa  Air=NORMAL
2026-09-12T16:53:48.457	ADC=963  Voltage=841 mV  P_abs=96.3 kPa  P_gauge=-0.8 kPa  Air=NORMAL
2026-09-12T16:53:48.460	ADC=827  Voltage=724 mV  P_abs=79.6 kPa  P_gauge=-17.5 kPa  Air=LOW
2026-09-12T16:53:49.197	ADC=825  Voltage=726 mV  P_abs=78.4 kPa  P_gauge=-18.7 kPa  Air=LOW
2026-09-12T16:53:49.938	ADC=840  Voltage=731 mV  P_abs=79.2 kPa  P_gauge=-17.9 kPa  Air=LOW
2026-09-12T16:53:50.677	ADC=824  Voltage=726 mV  P_abs=78.4 kPa  P_gauge=-18.7 kPa  Air=LOW
2026-09-12T16:53:51.416	ADC=821  Voltage=732 mV  P_abs=79.2 kPa  P_gauge=-17.9 kPa  Air=LOW
2026-09-12T16:53:52.157	ADC=986  Voltage=843 mV  P_abs=97.6 kPa  P_gauge=0.5 kPa  Air=NORMAL
2026-09-12T16:53:52.898	ADC=972  Voltage=852 mV  P_abs=98.1 kPa  P_gauge=0.9 kPa  Air=NORMAL
2026-09-12T16:53:53.637	ADC=969  Voltage=846 mV  P_abs=98.3 kPa  P_gauge=1.2 kPa  Air=NORMAL
2026-09-12T16:53:54.377	ADC=971  Voltage=835 mV  P_abs=98.1 kPa  P_gauge=1.0 kPa  Air=NORMAL
2026-09-12T16:53:55.118	ADC=987  Voltage=844 mV  P_abs=97.6 kPa  P_gauge=0.4 kPa  Air=NORMAL
2026-09-12T16:53:55.857	ADC=983  Voltage=835 mV  P_abs=97.6 kPa  P_gauge=0.5 kPa  Air=NORMAL
2026-09-12T16:53:56.597	ADC=955  Voltage=840 mV  P_abs=97.9 kPa  P_gauge=0.7 kPa  Air=NORMAL
2026-09-12T16:53:57.338	ADC=989  Voltage=824 mV  P_abs=98.6 kPa  P_gauge=1.5 kPa  Air=NORMAL
2026-09-12T16:53:58.077	ADC=965  Voltage=844 mV  P_abs=98.0 kPa  P_gauge=0.9 kPa  Air=NORMAL
2026-09-12T16:53:58.817	ADC=971  Voltage=841 mV  P_abs=97.5 kPa  P_gauge=0.4 kPa  Air=NORMAL
2026-09-12T16:53:59.558	ADC=967  Voltage=842 mV  P_abs=97.3 kPa  P_gauge=0.1 kPa  Air=NORMAL
2026-09-12T16:54:00.297	ADC=983  Voltage=846 mV  P_abs=97.6 kPa  P_gauge=0.4 kPa  Air=NORMAL
2026-09-12T16:54:01.036	ADC=973  Voltage=853 mV  P_abs=98.1 kPa  P_gauge=0.9 kPa  Air=NORMAL
2026-09-12T16:54:01.777	ADC=981  Voltage=832 mV  P_abs=97.7 kPa  P_gauge=0.6 kPa  Air=NORMAL
2026-09-12T16:54:02.517	ADC=980  Voltage=841 mV  P_abs=98.5 kPa  P_gauge=1.4 kPa  Air=NORMAL
2026-09-12T16:54:03.256	ADC=969  Voltage=842 mV  P_abs=98.0 kPa  P_gauge=0.9 kPa  Air=NORMAL
2026-09-12T16:54:03.997	ADC=965  Voltage=835 mV  P_abs=97.9 kPa  P_gauge=0.8 kPa  Air=NORMAL
2026-09-12T16:54:04.737	ADC=986  Voltage=835 mV  P_abs=98.6 kPa  P_gauge=1.5 kPa  Air=NORMAL
2026-09-12T16:54:05.477	ADC=965  Voltage=820 mV  P_abs=97.4 kPa  P_gauge=0.3 kPa  Air=NORMAL
2026-09-12T16:54:06.217	ADC=972  Voltage=844 mV  P_abs=97.7 kPa  P_gauge=0.6 kPa  Air=NORMAL
2026-09-12T16:54:06.957	ADC=969  Voltage=834 mV  P_abs=98.5 kPa  P_gauge=1.4 kPa  Air=NORMAL
2026-09-12T16:54:07.697	ADC=974  Voltage=848 mV  P_abs=97.8 kPa  P_gauge=0.6 kPa  Air=NORMAL
2026-09-12T16:54:08.437	ADC=951  Voltage=809 mV  P_abs=93.7 kPa  P_gauge=-3.5 kPa  Air=LOW
2026-09-12T16:54:09.177	ADC=933  Voltage=805 mV  P_abs=93.9 kPa  P_gauge=-3.3 kPa  Air=LOW
2026-09-12T16:54:09.917	ADC=950  Voltage=815 mV  P_abs=93.9 kPa  P_gauge=-3.2 kPa  Air=LOW
2026-09-12T16:54:10.657	ADC=949  Voltage=814 mV  P_abs=93.5 kPa  P_gauge=-3.6 kPa  Air=LOW
2026-09-12T16:54:12.136	ADC=926  Voltage=815 mV  P_abs=93.5 kPa  P_gauge=-3.6 kPa  Air=LOW
2026-09-12T16:54:12.138	ADC=951  Voltage=820 mV  P_abs=93.6 kPa  P_gauge=-3.5 kPa  Air=LOW
2026-09-12T16:54:12.877	ADC=939  Voltage=822 mV  P_abs=93.2 kPa  P_gauge=-4.0 kPa  Air=LOW
2026-09-12T16:54:14.357	ADC=949  Voltage=816 mV  P_abs=94.5 kPa  P_gauge=-2.6 kPa  Air=LOW
2026-09-12T16:54:14.360	ADC=960  Voltage=816 mV  P_abs=93.6 kPa  P_gauge=-3.5 kPa  Air=LOW
2026-09-12T16:54:15.097	ADC=941  Voltage=815 mV  P_abs=94.2 kPa  P_gauge=-2.9 kPa  Air=LOW
2026-09-12T16:54:16.576	ADC=951  Voltage=816 mV  P_abs=94.1 kPa  P_gauge=-3.0 kPa  Air=LOW
2026-09-12T16:54:16.578	ADC=921  Voltage=809 mV  P_abs=93.6 kPa  P_gauge=-3.5 kPa  Air=LOW
2026-09-12T16:54:17.317	ADC=953  Voltage=814 mV  P_abs=93.9 kPa  P_gauge=-3.3 kPa  Air=LOW
2026-09-12T16:54:18.795	ADC=941  Voltage=818 mV  P_abs=93.6 kPa  P_gauge=-3.5 kPa  Air=LOW
2026-09-12T16:54:18.797	ADC=973  Voltage=824 mV  P_abs=97.3 kPa  P_gauge=0.2 kPa  Air=NORMAL
2026-09-12T16:54:20.276	ADC=983  Voltage=853 mV  P_abs=95.6 kPa  P_gauge=-1.6 kPa  Air=NORMAL
2026-09-12T16:54:20.279	ADC=954  Voltage=816 mV  P_abs=93.9 kPa  P_gauge=-3.2 kPa  Air=LOW
2026-09-12T16:54:21.017	ADC=939  Voltage=802 mV  P_abs=94.1 kPa  P_gauge=-3.1 kPa  Air=LOW
2026-09-12T16:54:21.756	ADC=935  Voltage=815 mV  P_abs=94.4 kPa  P_gauge=-2.8 kPa  Air=LOW
2026-09-12T16:54:23.237	ADC=950  Voltage=795 mV  P_abs=93.8 kPa  P_gauge=-3.3 kPa  Air=LOW
2026-09-12T16:54:23.240	ADC=942  Voltage=816 mV  P_abs=93.6 kPa  P_gauge=-3.5 kPa  Air=LOW
2026-09-12T16:54:23.977	ADC=948  Voltage=811 mV  P_abs=92.8 kPa  P_gauge=-4.4 kPa  Air=LOW
2026-09-12T16:54:25.457	ADC=955  Voltage=830 mV  P_abs=94.0 kPa  P_gauge=-3.2 kPa  Air=LOW
2026-09-12T16:54:25.460	ADC=946  Voltage=810 mV  P_abs=94.1 kPa  P_gauge=-3.0 kPa  Air=LOW
2026-09-12T16:54:26.196	ADC=935  Voltage=822 mV  P_abs=93.6 kPa  P_gauge=-3.5 kPa  Air=LOW
2026-09-12T16:54:26.936	ADC=935  Voltage=816 mV  P_abs=94.3 kPa  P_gauge=-2.8 kPa  Air=LOW
2026-09-12T16:54:27.676	ADC=957  Voltage=811 mV  P_abs=94.2 kPa  P_gauge=-3.0 kPa  Air=LOW
2026-09-12T16:54:28.417	ADC=926  Voltage=800 mV  P_abs=93.6 kPa  P_gauge=-3.6 kPa  Air=LOW
2026-09-12T16:54:29.897	ADC=955  Voltage=811 mV  P_abs=94.5 kPa  P_gauge=-2.6 kPa  Air=LOW
2026-09-12T16:54:29.900	ADC=926  Voltage=794 mV  P_abs=93.8 kPa  P_gauge=-3.4 kPa  Air=LOW
2026-09-12T16:54:30.636	ADC=959  Voltage=820 mV  P_abs=94.6 kPa  P_gauge=-2.6 kPa  Air=LOW
2026-09-12T16:54:31.377	ADC=951  Voltage=811 mV  P_abs=93.2 kPa  P_gauge=-4.0 kPa  Air=LOW
2026-09-12T16:54:32.856	ADC=936  Voltage=828 mV  P_abs=93.7 kPa  P_gauge=-3.4 kPa  Air=LOW
2026-09-12T16:54:32.859	ADC=943  Voltage=809 mV  P_abs=93.5 kPa  P_gauge=-3.6 kPa  Air=LOW
2026-09-12T16:54:33.596	ADC=927  Voltage=830 mV  P_abs=94.2 kPa  P_gauge=-2.9 kPa  Air=LOW
2026-09-12T16:54:34.334	ADC=953  Voltage=810 mV  P_abs=93.5 kPa  P_gauge=-3.6 kPa  Air=LOW
2026-09-12T16:54:35.076	ADC=821  Voltage=722 mV  P_abs=79.6 kPa  P_gauge=-17.6 kPa  Air=LOW
2026-09-12T16:54:35.817	ADC=830  Voltage=711 mV  P_abs=78.9 kPa  P_gauge=-18.2 kPa  Air=LOW
2026-09-12T16:54:36.556	ADC=805  Voltage=715 mV  P_abs=78.1 kPa  P_gauge=-19.0 kPa  Air=LOW
2026-09-12T16:54:37.296	ADC=821  Voltage=710 mV  P_abs=78.6 kPa  P_gauge=-18.5 kPa  Air=LOW
2026-09-12T16:54:38.036	ADC=832  Voltage=710 mV  P_abs=79.1 kPa  P_gauge=-18.0 kPa  Air=LOW
2026-09-12T16:54:38.777	ADC=822  Voltage=725 mV  P_abs=78.7 kPa  P_gauge=-18.5 kPa  Air=LOW
2026-09-12T16:54:39.516	ADC=853  Voltage=722 mV  P_abs=79.3 kPa  P_gauge=-17.8 kPa  Air=LOW
2026-09-12T16:54:40.256	ADC=835  Voltage=715 mV  P_abs=79.4 kPa  P_gauge=-17.8 kPa  Air=LOW
2026-09-12T16:54:40.996	ADC=843  Voltage=712 mV  P_abs=79.1 kPa  P_gauge=-18.1 kPa  Air=LOW
2026-09-12T16:54:41.736	ADC=838  Voltage=710 mV  P_abs=79.0 kPa  P_gauge=-18.1 kPa  Air=LOW
2026-09-12T16:54:42.476	ADC=851  Voltage=716 mV  P_abs=91.8 kPa  P_gauge=-5.3 kPa  Air=LOW
2026-09-12T16:54:43.955	ADC=975  Voltage=858 mV  P_abs=96.9 kPa  P_gauge=-0.2 kPa  Air=NORMAL
2026-09-12T16:54:43.958	ADC=955  Voltage=853 mV  P_abs=97.0 kPa  P_gauge=-0.1 kPa  Air=NORMAL
2026-09-12T16:54:44.696	ADC=983  Voltage=846 mV  P_abs=97.2 kPa  P_gauge=0.0 kPa  Air=NORMAL
2026-09-12T16:54:45.436	ADC=969  Voltage=844 mV  P_abs=97.8 kPa  P_gauge=0.6 kPa  Air=NORMAL
2026-09-12T16:54:46.916	ADC=949  Voltage=822 mV  P_abs=94.5 kPa  P_gauge=-2.6 kPa  Air=LOW
2026-09-12T16:54:46.919	ADC=957  Voltage=814 mV  P_abs=94.2 kPa  P_gauge=-2.9 kPa  Air=LOW
2026-09-12T16:54:47.656	ADC=949  Voltage=830 mV  P_abs=92.5 kPa  P_gauge=-4.7 kPa  Air=LOW
2026-09-12T16:54:48.395	ADC=919  Voltage=815 mV  P_abs=94.7 kPa  P_gauge=-2.4 kPa  Air=LOW
2026-09-12T16:54:49.136	ADC=943  Voltage=811 mV  P_abs=94.1 kPa  P_gauge=-3.1 kPa  Air=LOW
2026-09-12T16:54:49.877	ADC=819  Voltage=708 mV  P_abs=79.4 kPa  P_gauge=-17.8 kPa  Air=LOW
2026-09-12T16:54:50.616	ADC=820  Voltage=724 mV  P_abs=79.0 kPa  P_gauge=-18.1 kPa  Air=LOW
2026-09-12T16:54:51.357	ADC=839  Voltage=728 mV  P_abs=79.7 kPa  P_gauge=-17.4 kPa  Air=LOW
2026-09-12T16:54:52.097	ADC=837  Voltage=715 mV  P_abs=78.4 kPa  P_gauge=-18.7 kPa  Air=LOW
2026-09-12T16:54:52.836	ADC=810  Voltage=722 mV  P_abs=79.0 kPa  P_gauge=-18.2 kPa  Air=LOW
2026-09-12T16:54:53.576	ADC=827  Voltage=710 mV  P_abs=79.1 kPa  P_gauge=-18.0 kPa  Air=LOW
2026-09-12T16:54:54.316	ADC=822  Voltage=722 mV  P_abs=78.6 kPa  P_gauge=-18.5 kPa  Air=LOW
2026-09-12T16:54:55.056	ADC=820  Voltage=726 mV  P_abs=78.7 kPa  P_gauge=-18.4 kPa  Air=LOW
2026-09-12T16:54:55.796	ADC=805  Voltage=710 mV  P_abs=78.7 kPa  P_gauge=-18.5 kPa  Air=LOW
2026-09-12T16:54:56.536	ADC=831  Voltage=729 mV  P_abs=78.7 kPa  P_gauge=-18.4 kPa  Air=LOW
2026-09-12T16:54:57.276	ADC=807  Voltage=726 mV  P_abs=79.8 kPa  P_gauge=-17.4 kPa  Air=LOW
2026-09-12T16:54:58.016	ADC=825  Voltage=711 mV  P_abs=79.1 kPa  P_gauge=-18.1 kPa  Air=LOW
2026-09-12T16:54:58.756	ADC=822  Voltage=714 mV  P_abs=78.3 kPa  P_gauge=-18.8 kPa  Air=LOW
2026-09-12T16:54:59.495	ADC=829  Voltage=698 mV  P_abs=79.2 kPa  P_gauge=-17.9 kPa  Air=LOW
2026-09-12T16:55:00.237	ADC=845  Voltage=713 mV  P_abs=79.5 kPa  P_gauge=-17.6 kPa  Air=LOW
2026-09-12T16:55:00.975	ADC=825  Voltage=725 mV  P_abs=79.1 kPa  P_gauge=-18.1 kPa  Air=LOW
2026-09-12T16:55:01.716	ADC=839  Voltage=717 mV  P_abs=78.4 kPa  P_gauge=-18.8 kPa  Air=LOW
2026-09-12T16:55:02.455	ADC=827  Voltage=725 mV  P_abs=78.8 kPa  P_gauge=-18.4 kPa  Air=LOW
2026-09-12T16:55:03.196	ADC=827  Voltage=715 mV  P_abs=79.0 kPa  P_gauge=-18.2 kPa  Air=LOW
2026-09-12T16:55:03.936	ADC=822  Voltage=700 mV  P_abs=78.9 kPa  P_gauge=-18.3 kPa  Air=LOW
2026-09-12T16:55:04.676	ADC=840  Voltage=713 mV  P_abs=82.9 kPa  P_gauge=-14.2 kPa  Air=LOW
2026-09-12T16:55:05.413	ADC=974  Voltage=846 mV  P_abs=96.9 kPa  P_gauge=-0.2 kPa  Air=NORMAL
2026-09-12T16:55:06.895	ADC=951  Voltage=835 mV  P_abs=97.0 kPa  P_gauge=-0.1 kPa  Air=NORMAL
2026-09-12T16:55:06.898	ADC=973  Voltage=823 mV  P_abs=97.5 kPa  P_gauge=0.4 kPa  Air=NORMAL
2026-09-12T16:55:07.636	ADC=975  Voltage=835 mV  P_abs=97.2 kPa  P_gauge=0.0 kPa  Air=NORMAL
2026-09-12T16:55:08.376	ADC=981  Voltage=834 mV  P_abs=97.6 kPa  P_gauge=0.5 kPa  Air=NORMAL
2026-09-12T16:55:09.115	ADC=979  Voltage=834 mV  P_abs=97.5 kPa  P_gauge=0.4 kPa  Air=NORMAL
2026-09-12T16:55:09.855	ADC=980  Voltage=855 mV  P_abs=96.8 kPa  P_gauge=-0.3 kPa  Air=NORMAL
2026-09-12T16:55:10.598	ADC=985  Voltage=844 mV  P_abs=97.2 kPa  P_gauge=0.0 kPa  Air=NORMAL
2026-09-12T16:55:11.335	ADC=983  Voltage=837 mV  P_abs=97.7 kPa  P_gauge=0.5 kPa  Air=NORMAL
2026-09-12T16:55:12.075	ADC=989  Voltage=830 mV  P_abs=97.9 kPa  P_gauge=0.7 kPa  Air=NORMAL
2026-09-12T16:55:12.816	ADC=985  Voltage=846 mV  P_abs=97.8 kPa  P_gauge=0.7 kPa  Air=NORMAL
2026-09-12T16:55:13.556	ADC=969  Voltage=832 mV  P_abs=97.6 kPa  P_gauge=0.4 kPa  Air=NORMAL
2026-09-12T16:55:14.295	ADC=977  Voltage=848 mV  P_abs=97.5 kPa  P_gauge=0.3 kPa  Air=NORMAL
2026-09-12T16:55:15.035	ADC=979  Voltage=835 mV  P_abs=97.2 kPa  P_gauge=0.1 kPa  Air=NORMAL
2026-09-12T16:55:15.775	ADC=972  Voltage=823 mV  P_abs=96.5 kPa  P_gauge=-0.6 kPa  Air=NORMAL
2026-09-12T16:55:16.515	ADC=988  Voltage=835 mV  P_abs=98.2 kPa  P_gauge=1.0 kPa  Air=NORMAL
2026-09-12T16:55:17.255	ADC=971  Voltage=843 mV  P_abs=97.2 kPa  P_gauge=0.1 kPa  Air=NORMAL
2026-09-12T16:55:17.996	ADC=991  Voltage=841 mV  P_abs=97.7 kPa  P_gauge=0.6 kPa  Air=NORMAL
2026-09-12T16:55:18.735	ADC=973  Voltage=846 mV  P_abs=98.2 kPa  P_gauge=1.0 kPa  Air=NORMAL
2026-09-12T16:55:19.476	ADC=985  Voltage=846 mV  P_abs=97.3 kPa  P_gauge=0.1 kPa  Air=NORMAL
2026-09-12T16:55:20.217	ADC=971  Voltage=846 mV  P_abs=97.1 kPa  P_gauge=-0.0 kPa  Air=NORMAL
2026-09-12T16:55:20.955	ADC=977  Voltage=835 mV  P_abs=99.0 kPa  P_gauge=1.9 kPa  Air=NORMAL
2026-09-12T16:55:21.696	ADC=965  Voltage=833 mV  P_abs=97.3 kPa  P_gauge=0.2 kPa  Air=NORMAL
2026-09-12T16:55:22.436	ADC=981  Voltage=841 mV  P_abs=97.1 kPa  P_gauge=-0.0 kPa  Air=NORMAL
2026-09-12T16:55:23.176	ADC=975  Voltage=846 mV  P_abs=97.7 kPa  P_gauge=0.6 kPa  Air=NORMAL
2026-09-12T16:55:23.914	ADC=991  Voltage=846 mV  P_abs=97.8 kPa  P_gauge=0.6 kPa  Air=NORMAL
2026-09-12T16:55:24.656	ADC=983  Voltage=834 mV  P_abs=97.7 kPa  P_gauge=0.5 kPa  Air=NORMAL
2026-09-12T16:55:25.396	ADC=987  Voltage=838 mV  P_abs=98.4 kPa  P_gauge=1.3 kPa  Air=NORMAL
2026-09-12T16:55:26.876	ADC=973  Voltage=829 mV  P_abs=98.1 kPa  P_gauge=0.9 kPa  Air=NORMAL
2026-09-12T16:55:26.878	ADC=968  Voltage=844 mV  P_abs=97.4 kPa  P_gauge=0.2 kPa  Air=NORMAL
2026-09-12T16:55:27.616	ADC=981  Voltage=838 mV  P_abs=97.4 kPa  P_gauge=0.2 kPa  Air=NORMAL
2026-09-12T16:55:28.356	ADC=981  Voltage=846 mV  P_abs=97.8 kPa  P_gauge=0.7 kPa  Air=NORMAL
2026-09-12T16:55:29.095	ADC=971  Voltage=816 mV  P_abs=98.1 kPa  P_gauge=0.9 kPa  Air=NORMAL
2026-09-12T16:55:29.836	ADC=982  Voltage=841 mV  P_abs=97.3 kPa  P_gauge=0.1 kPa  Air=NORMAL
2026-09-12T16:55:30.574	ADC=949  Voltage=816 mV  P_abs=97.6 kPa  P_gauge=0.5 kPa  Air=NORMAL
2026-09-12T16:55:31.315	ADC=991  Voltage=830 mV  P_abs=98.1 kPa  P_gauge=0.9 kPa  Air=NORMAL
2026-09-12T16:55:32.055	ADC=965  Voltage=818 mV  P_abs=96.4 kPa  P_gauge=-0.7 kPa  Air=NORMAL
2026-09-12T16:55:32.796	ADC=983  Voltage=840 mV  P_abs=97.9 kPa  P_gauge=0.8 kPa  Air=NORMAL
2026-09-12T16:55:33.535	ADC=967  Voltage=846 mV  P_abs=97.8 kPa  P_gauge=0.6 kPa  Air=NORMAL
2026-09-12T16:55:34.275	ADC=981  Voltage=809 mV  P_abs=97.6 kPa  P_gauge=0.5 kPa  Air=NORMAL
2026-09-12T16:55:35.016	ADC=982  Voltage=835 mV  P_abs=97.8 kPa  P_gauge=0.6 kPa  Air=NORMAL
2026-09-12T16:55:35.755	ADC=981  Voltage=847 mV  P_abs=98.0 kPa  P_gauge=0.9 kPa  Air=NORMAL
2026-09-12T16:55:36.495	ADC=984  Voltage=848 mV  P_abs=96.8 kPa  P_gauge=-0.3 kPa  Air=NORMAL
2026-09-12T16:55:37.235	ADC=979  Voltage=833 mV  P_abs=98.3 kPa  P_gauge=1.2 kPa  Air=NORMAL
2026-09-12T16:55:37.975	ADC=967  Voltage=842 mV  P_abs=98.1 kPa  P_gauge=1.0 kPa  Air=NORMAL
2026-09-12T16:55:38.715	ADC=968  Voltage=830 mV  P_abs=97.9 kPa  P_gauge=0.8 kPa  Air=NORMAL
2026-09-12T16:55:39.455	ADC=987  Voltage=844 mV  P_abs=97.3 kPa  P_gauge=0.2 kPa  Air=NORMAL
2026-09-12T16:55:40.195	ADC=983  Voltage=841 mV  P_abs=98.0 kPa  P_gauge=0.9 kPa  Air=NORMAL
2026-09-12T16:55:40.933	ADC=978  Voltage=835 mV  P_abs=85.6 kPa  P_gauge=-11.5 kPa  Air=LOW
2026-09-12T16:55:41.675	ADC=850  Voltage=730 mV  P_abs=79.6 kPa  P_gauge=-17.6 kPa  Air=LOW
2026-09-12T16:55:42.415	ADC=843  Voltage=717 mV  P_abs=79.9 kPa  P_gauge=-17.3 kPa  Air=LOW
2026-09-12T16:55:43.155	ADC=825  Voltage=726 mV  P_abs=80.1 kPa  P_gauge=-17.0 kPa  Air=LOW
2026-09-12T16:55:43.895	ADC=842  Voltage=700 mV  P_abs=80.6 kPa  P_gauge=-16.5 kPa  Air=LOW
2026-09-12T16:55:44.635	ADC=840  Voltage=733 mV  P_abs=80.4 kPa  P_gauge=-16.8 kPa  Air=LOW
2026-09-12T16:55:45.375	ADC=829  Voltage=724 mV  P_abs=80.6 kPa  P_gauge=-16.5 kPa  Air=LOW
2026-09-12T16:55:46.116	ADC=843  Voltage=718 mV  P_abs=80.4 kPa  P_gauge=-16.8 kPa  Air=LOW
2026-09-12T16:55:46.855	ADC=843  Voltage=725 mV  P_abs=79.8 kPa  P_gauge=-17.4 kPa  Air=LOW
2026-09-12T16:55:47.594	ADC=851  Voltage=735 mV  P_abs=81.0 kPa  P_gauge=-16.1 kPa  Air=LOW
2026-09-12T16:55:48.334	ADC=848  Voltage=739 mV  P_abs=80.1 kPa  P_gauge=-17.0 kPa  Air=LOW
2026-09-12T16:55:49.074	ADC=853  Voltage=729 mV  P_abs=80.3 kPa  P_gauge=-16.9 kPa  Air=LOW
2026-09-12T16:55:49.815	ADC=829  Voltage=721 mV  P_abs=80.5 kPa  P_gauge=-16.6 kPa  Air=LOW
2026-09-12T16:55:50.554	ADC=849  Voltage=726 mV  P_abs=80.1 kPa  P_gauge=-17.0 kPa  Air=LOW
2026-09-12T16:55:51.293	ADC=843  Voltage=739 mV  P_abs=80.9 kPa  P_gauge=-16.3 kPa  Air=LOW
2026-09-12T16:55:52.035	ADC=841  Voltage=738 mV  P_abs=80.8 kPa  P_gauge=-16.3 kPa  Air=LOW
2026-09-12T16:55:52.775	ADC=845  Voltage=715 mV  P_abs=80.9 kPa  P_gauge=-16.2 kPa  Air=LOW
2026-09-12T16:55:53.514	ADC=841  Voltage=734 mV  P_abs=80.0 kPa  P_gauge=-17.1 kPa  Air=LOW
2026-09-12T16:55:54.254	ADC=823  Voltage=749 mV  P_abs=80.6 kPa  P_gauge=-16.6 kPa  Air=LOW
2026-09-12T16:55:54.995	ADC=827  Voltage=736 mV  P_abs=79.5 kPa  P_gauge=-17.6 kPa  Air=LOW
2026-09-12T16:55:55.735	ADC=824  Voltage=704 mV  P_abs=80.4 kPa  P_gauge=-16.7 kPa  Air=LOW
2026-09-12T16:55:56.474	ADC=829  Voltage=712 mV  P_abs=79.0 kPa  P_gauge=-18.1 kPa  Air=LOW
2026-09-12T16:55:57.215	ADC=840  Voltage=729 mV  P_abs=79.5 kPa  P_gauge=-17.6 kPa  Air=LOW
2026-09-12T16:55:57.955	ADC=828  Voltage=714 mV  P_abs=78.7 kPa  P_gauge=-18.4 kPa  Air=LOW
2026-09-12T16:55:58.695	ADC=829  Voltage=710 mV  P_abs=78.6 kPa  P_gauge=-18.5 kPa  Air=LOW
2026-09-12T16:55:59.435	ADC=855  Voltage=725 mV  P_abs=79.3 kPa  P_gauge=-17.8 kPa  Air=LOW
2026-09-12T16:56:00.175	ADC=827  Voltage=707 mV  P_abs=79.1 kPa  P_gauge=-18.0 kPa  Air=LOW
2026-09-12T16:56:00.914	ADC=826  Voltage=722 mV  P_abs=79.0 kPa  P_gauge=-18.1 kPa  Air=LOW
2026-09-12T16:56:01.654	ADC=828  Voltage=714 mV  P_abs=78.6 kPa  P_gauge=-18.5 kPa  Air=LOW
2026-09-12T16:56:02.395	ADC=830  Voltage=731 mV  P_abs=78.7 kPa  P_gauge=-18.4 kPa  Air=LOW
2026-09-12T16:56:03.135	ADC=825  Voltage=707 mV  P_abs=77.7 kPa  P_gauge=-19.4 kPa  Air=LOW
2026-09-12T16:56:03.875	ADC=809  Voltage=708 mV  P_abs=78.2 kPa  P_gauge=-19.0 kPa  Air=LOW
2026-09-12T16:56:04.615	ADC=831  Voltage=724 mV  P_abs=78.9 kPa  P_gauge=-18.2 kPa  Air=LOW
2026-09-12T16:56:05.355	ADC=830  Voltage=712 mV  P_abs=78.6 kPa  P_gauge=-18.6 kPa  Air=LOW
2026-09-12T16:56:06.094	ADC=807  Voltage=689 mV  P_abs=77.2 kPa  P_gauge=-20.0 kPa  Air=LOW
2026-09-12T16:56:06.834	ADC=838  Voltage=708 mV  P_abs=78.0 kPa  P_gauge=-19.2 kPa  Air=LOW
2026-09-12T16:56:07.575	ADC=828  Voltage=710 mV  P_abs=79.5 kPa  P_gauge=-17.6 kPa  Air=LOW
2026-09-12T16:56:08.314	ADC=823  Voltage=710 mV  P_abs=78.8 kPa  P_gauge=-18.4 kPa  Air=LOW
2026-09-12T16:56:09.054	ADC=829  Voltage=698 mV  P_abs=79.9 kPa  P_gauge=-17.3 kPa  Air=LOW
2026-09-12T16:56:09.794	ADC=841  Voltage=710 mV  P_abs=79.0 kPa  P_gauge=-18.1 kPa  Air=LOW
2026-09-12T16:56:10.534	ADC=827  Voltage=698 mV  P_abs=79.2 kPa  P_gauge=-18.0 kPa  Air=LOW
2026-09-12T16:56:11.274	ADC=840  Voltage=710 mV  P_abs=78.2 kPa  P_gauge=-18.9 kPa  Air=LOW
2026-09-12T16:56:12.015	ADC=816  Voltage=698 mV  P_abs=79.7 kPa  P_gauge=-17.4 kPa  Air=LOW
2026-09-12T16:56:12.755	ADC=837  Voltage=711 mV  P_abs=79.4 kPa  P_gauge=-17.8 kPa  Air=LOW
2026-09-12T16:56:13.493	ADC=836  Voltage=711 mV  P_abs=79.2 kPa  P_gauge=-18.0 kPa  Air=LOW
2026-09-12T16:56:14.234	ADC=825  Voltage=695 mV  P_abs=78.9 kPa  P_gauge=-18.2 kPa  Air=LOW
2026-09-12T16:56:14.974	ADC=970  Voltage=833 mV  P_abs=97.7 kPa  P_gauge=0.6 kPa  Air=NORMAL
2026-09-12T16:56:15.714	ADC=974  Voltage=829 mV  P_abs=98.1 kPa  P_gauge=1.0 kPa  Air=NORMAL
2026-09-12T16:56:16.454	ADC=978  Voltage=841 mV  P_abs=98.0 kPa  P_gauge=0.9 kPa  Air=NORMAL
2026-09-12T16:56:17.195	ADC=972  Voltage=835 mV  P_abs=97.8 kPa  P_gauge=0.7 kPa  Air=NORMAL
2026-09-12T16:56:17.934	ADC=968  Voltage=823 mV  P_abs=98.0 kPa  P_gauge=0.8 kPa  Air=NORMAL
2026-09-12T16:56:18.674	ADC=979  Voltage=842 mV  P_abs=97.8 kPa  P_gauge=0.7 kPa  Air=NORMAL
2026-09-12T16:56:19.413	ADC=983  Voltage=846 mV  P_abs=98.2 kPa  P_gauge=1.1 kPa  Air=NORMAL
2026-09-12T16:56:20.155	ADC=987  Voltage=841 mV  P_abs=98.0 kPa  P_gauge=0.8 kPa  Air=NORMAL
2026-09-12T16:56:20.895	ADC=972  Voltage=822 mV  P_abs=97.6 kPa  P_gauge=0.4 kPa  Air=NORMAL
2026-09-12T16:56:21.634	ADC=979  Voltage=841 mV  P_abs=98.2 kPa  P_gauge=1.1 kPa  Air=NORMAL
2026-09-12T16:56:22.374	ADC=978  Voltage=846 mV  P_abs=97.6 kPa  P_gauge=0.5 kPa  Air=NORMAL
2026-09-12T16:56:23.114	ADC=984  Voltage=840 mV  P_abs=97.9 kPa  P_gauge=0.8 kPa  Air=NORMAL
2026-09-12T16:56:23.854	ADC=977  Voltage=844 mV  P_abs=97.7 kPa  P_gauge=0.5 kPa  Air=NORMAL
2026-09-12T16:56:24.594	ADC=1000  Voltage=834 mV  P_abs=97.8 kPa  P_gauge=0.6 kPa  Air=NORMAL
2026-09-12T16:56:25.335	ADC=981  Voltage=838 mV  P_abs=98.3 kPa  P_gauge=1.2 kPa  Air=NORMAL
2026-09-12T16:56:26.074	ADC=985  Voltage=846 mV  P_abs=97.9 kPa  P_gauge=0.8 kPa  Air=NORMAL
2026-09-12T16:56:26.814	ADC=981  Voltage=830 mV  P_abs=97.9 kPa  P_gauge=0.7 kPa  Air=NORMAL
2026-09-12T16:56:27.554	ADC=982  Voltage=816 mV  P_abs=98.0 kPa  P_gauge=0.9 kPa  Air=NORMAL
2026-09-12T16:56:28.295	ADC=975  Voltage=832 mV  P_abs=98.9 kPa  P_gauge=1.7 kPa  Air=NORMAL
2026-09-12T16:56:29.035	ADC=982  Voltage=835 mV  P_abs=98.1 kPa  P_gauge=1.0 kPa  Air=NORMAL
2026-09-12T16:56:29.774	ADC=977  Voltage=834 mV  P_abs=97.8 kPa  P_gauge=0.6 kPa  Air=NORMAL
2026-09-12T16:56:31.254	ADC=990  Voltage=835 mV  P_abs=97.1 kPa  P_gauge=-0.0 kPa  Air=NORMAL
2026-09-12T16:56:31.257	ADC=987  Voltage=834 mV  P_abs=98.0 kPa  P_gauge=0.9 kPa  Air=NORMAL
2026-09-12T16:56:31.995	ADC=959  Voltage=841 mV  P_abs=97.6 kPa  P_gauge=0.5 kPa  Air=NORMAL
2026-09-12T16:56:32.734	ADC=988  Voltage=842 mV  P_abs=97.7 kPa  P_gauge=0.5 kPa  Air=NORMAL
2026-09-12T16:56:33.474	ADC=983  Voltage=832 mV  P_abs=97.9 kPa  P_gauge=0.8 kPa  Air=NORMAL
2026-09-12T16:56:34.214	ADC=984  Voltage=845 mV  P_abs=97.8 kPa  P_gauge=0.7 kPa  Air=NORMAL
2026-09-12T16:56:34.954	ADC=981  Voltage=835 mV  P_abs=98.3 kPa  P_gauge=1.1 kPa  Air=NORMAL
2026-09-12T16:56:35.695	ADC=973  Voltage=835 mV  P_abs=97.5 kPa  P_gauge=0.4 kPa  Air=NORMAL
2026-09-12T16:56:36.432	ADC=977  Voltage=843 mV  P_abs=98.5 kPa  P_gauge=1.3 kPa  Air=NORMAL
2026-09-12T16:56:37.174	ADC=989  Voltage=837 mV  P_abs=97.5 kPa  P_gauge=0.4 kPa  Air=NORMAL
2026-09-12T16:56:37.914	ADC=959  Voltage=832 mV  P_abs=97.7 kPa  P_gauge=0.6 kPa  Air=NORMAL
2026-09-12T16:56:38.654	ADC=951  Voltage=818 mV  P_abs=97.0 kPa  P_gauge=-0.1 kPa  Air=NORMAL
2026-09-12T16:56:39.394	ADC=967  Voltage=835 mV  P_abs=96.9 kPa  P_gauge=-0.3 kPa  Air=NORMAL
2026-09-12T16:56:40.134	ADC=989  Voltage=846 mV  P_abs=97.3 kPa  P_gauge=0.1 kPa  Air=NORMAL
2026-09-12T16:56:40.874	ADC=987  Voltage=830 mV  P_abs=97.8 kPa  P_gauge=0.7 kPa  Air=NORMAL
2026-09-12T16:56:41.614	ADC=973  Voltage=830 mV  P_abs=98.4 kPa  P_gauge=1.2 kPa  Air=NORMAL
2026-09-12T16:56:42.354	ADC=990  Voltage=848 mV  P_abs=97.8 kPa  P_gauge=0.7 kPa  Air=NORMAL
2026-09-12T16:56:43.094	ADC=975  Voltage=846 mV  P_abs=97.7 kPa  P_gauge=0.5 kPa  Air=NORMAL
2026-09-12T16:56:43.833	ADC=987  Voltage=841 mV  P_abs=97.7 kPa  P_gauge=0.5 kPa  Air=NORMAL
2026-09-12T16:56:44.574	ADC=981  Voltage=837 mV  P_abs=98.0 kPa  P_gauge=0.9 kPa  Air=NORMAL
2026-09-12T16:56:45.314	ADC=967  Voltage=844 mV  P_abs=98.1 kPa  P_gauge=1.0 kPa  Air=NORMAL
2026-09-12T16:56:46.054	ADC=980  Voltage=841 mV  P_abs=97.8 kPa  P_gauge=0.6 kPa  Air=NORMAL
2026-09-12T16:56:46.794	ADC=984  Voltage=842 mV  P_abs=97.6 kPa  P_gauge=0.5 kPa  Air=NORMAL
2026-09-12T16:56:47.534	ADC=981  Voltage=856 mV  P_abs=98.8 kPa  P_gauge=1.6 kPa  Air=NORMAL
2026-09-12T16:56:48.274	ADC=953  Voltage=834 mV  P_abs=97.5 kPa  P_gauge=0.4 kPa  Air=NORMAL
2026-09-12T16:56:49.014	ADC=978  Voltage=844 mV  P_abs=97.9 kPa  P_gauge=0.7 kPa  Air=NORMAL
2026-09-12T16:56:49.755	ADC=957  Voltage=848 mV  P_abs=97.1 kPa  P_gauge=0.0 kPa  Air=NORMAL
2026-09-12T16:56:50.493	ADC=974  Voltage=849 mV  P_abs=97.5 kPa  P_gauge=0.3 kPa  Air=NORMAL
2026-09-12T16:56:51.234	ADC=971  Voltage=840 mV  P_abs=97.5 kPa  P_gauge=0.4 kPa  Air=NORMAL
2026-09-12T16:56:51.974	ADC=982  Voltage=847 mV  P_abs=97.0 kPa  P_gauge=-0.2 kPa  Air=NORMAL
2026-09-12T16:56:52.713	ADC=959  Voltage=820 mV  P_abs=97.9 kPa  P_gauge=0.8 kPa  Air=NORMAL
2026-09-12T16:56:53.453	ADC=973  Voltage=854 mV  P_abs=98.5 kPa  P_gauge=1.4 kPa  Air=NORMAL
2026-09-12T16:56:54.194	ADC=991  Voltage=845 mV  P_abs=97.3 kPa  P_gauge=0.2 kPa  Air=NORMAL
2026-09-12T16:56:54.934	ADC=980  Voltage=847 mV  P_abs=98.4 kPa  P_gauge=1.3 kPa  Air=NORMAL
2026-09-12T16:56:55.674	ADC=987  Voltage=816 mV  P_abs=97.8 kPa  P_gauge=0.7 kPa  Air=NORMAL
2026-09-12T16:56:56.414	ADC=975  Voltage=840 mV  P_abs=97.6 kPa  P_gauge=0.5 kPa  Air=NORMAL
2026-09-12T16:56:57.154	ADC=955  Voltage=848 mV  P_abs=98.4 kPa  P_gauge=1.3 kPa  Air=NORMAL
2026-09-12T16:56:57.894	ADC=971  Voltage=840 mV  P_abs=97.6 kPa  P_gauge=0.5 kPa  Air=NORMAL
2026-09-12T16:56:58.632	ADC=953  Voltage=847 mV  P_abs=97.1 kPa  P_gauge=-0.0 kPa  Air=NORMAL
2026-09-12T16:56:59.373	ADC=984  Voltage=830 mV  P_abs=98.3 kPa  P_gauge=1.1 kPa  Air=NORMAL
2026-09-12T16:57:00.113	ADC=981  Voltage=840 mV  P_abs=97.8 kPa  P_gauge=0.7 kPa  Air=NORMAL
2026-09-12T16:57:00.854	ADC=985  Voltage=843 mV  P_abs=98.4 kPa  P_gauge=1.3 kPa  Air=NORMAL
2026-09-12T16:57:01.593	ADC=983  Voltage=830 mV  P_abs=98.1 kPa  P_gauge=1.0 kPa  Air=NORMAL
2026-09-12T16:57:02.333	ADC=984  Voltage=820 mV  P_abs=98.1 kPa  P_gauge=0.9 kPa  Air=NORMAL
2026-09-12T16:57:03.073	ADC=966  Voltage=843 mV  P_abs=98.8 kPa  P_gauge=1.7 kPa  Air=NORMAL
2026-09-12T16:57:03.813	ADC=976  Voltage=849 mV  P_abs=97.1 kPa  P_gauge=-0.0 kPa  Air=NORMAL
2026-09-12T16:57:04.552	ADC=981  Voltage=846 mV  P_abs=96.3 kPa  P_gauge=-0.9 kPa  Air=NORMAL
2026-09-12T16:57:05.293	ADC=973  Voltage=835 mV  P_abs=97.7 kPa  P_gauge=0.6 kPa  Air=NORMAL
2026-09-12T16:57:06.033	ADC=981  Voltage=834 mV  P_abs=97.4 kPa  P_gauge=0.3 kPa  Air=NORMAL
2026-09-12T16:57:06.773	ADC=975  Voltage=846 mV  P_abs=97.8 kPa  P_gauge=0.7 kPa  Air=NORMAL
2026-09-12T16:57:07.514	ADC=987  Voltage=840 mV  P_abs=98.2 kPa  P_gauge=1.1 kPa  Air=NORMAL
2026-09-12T16:57:08.253	ADC=971  Voltage=835 mV  P_abs=98.3 kPa  P_gauge=1.2 kPa  Air=NORMAL
2026-09-12T16:57:08.993	ADC=977  Voltage=834 mV  P_abs=97.6 kPa  P_gauge=0.5 kPa  Air=NORMAL
2026-09-12T16:57:09.733	ADC=975  Voltage=842 mV  P_abs=97.2 kPa  P_gauge=0.0 kPa  Air=NORMAL
2026-09-12T16:57:10.473	ADC=971  Voltage=844 mV  P_abs=98.6 kPa  P_gauge=1.5 kPa  Air=NORMAL
2026-09-12T16:57:11.215	ADC=988  Voltage=842 mV  P_abs=97.6 kPa  P_gauge=0.5 kPa  Air=NORMAL
2026-09-12T16:57:11.953	ADC=980  Voltage=846 mV  P_abs=97.4 kPa  P_gauge=0.3 kPa  Air=NORMAL
2026-09-12T16:57:12.693	ADC=975  Voltage=854 mV  P_abs=97.9 kPa  P_gauge=0.7 kPa  Air=NORMAL
2026-09-12T16:57:13.433	ADC=981  Voltage=835 mV  P_abs=97.5 kPa  P_gauge=0.4 kPa  Air=NORMAL
2026-09-12T16:57:14.173	ADC=979  Voltage=841 mV  P_abs=97.6 kPa  P_gauge=0.4 kPa  Air=NORMAL
2026-09-12T16:57:14.913	ADC=989  Voltage=830 mV  P_abs=97.7 kPa  P_gauge=0.6 kPa  Air=NORMAL
2026-09-12T16:57:15.653	ADC=983  Voltage=846 mV  P_abs=98.1 kPa  P_gauge=1.0 kPa  Air=NORMAL
2026-09-12T16:57:16.393	ADC=981  Voltage=841 mV  P_abs=97.6 kPa  P_gauge=0.4 kPa  Air=NORMAL
2026-09-12T16:57:17.132	ADC=975  Voltage=845 mV  P_abs=97.4 kPa  P_gauge=0.2 kPa  Air=NORMAL
2026-09-12T16:57:17.873	ADC=985  Voltage=841 mV  P_abs=97.8 kPa  P_gauge=0.7 kPa  Air=NORMAL
2026-09-12T16:57:18.614	ADC=987  Voltage=835 mV  P_abs=97.1 kPa  P_gauge=-0.0 kPa  Air=NORMAL
2026-09-12T16:57:19.354	ADC=976  Voltage=835 mV  P_abs=98.0 kPa  P_gauge=0.9 kPa  Air=NORMAL
2026-09-12T16:57:20.092	ADC=978  Voltage=830 mV  P_abs=97.9 kPa  P_gauge=0.8 kPa  Air=NORMAL
2026-09-12T16:57:20.833	ADC=992  Voltage=848 mV  P_abs=97.6 kPa  P_gauge=0.5 kPa  Air=NORMAL
2026-09-12T16:57:21.573	ADC=986  Voltage=841 mV  P_abs=97.3 kPa  P_gauge=0.1 kPa  Air=NORMAL
2026-09-12T16:57:22.312	ADC=971  Voltage=846 mV  P_abs=98.4 kPa  P_gauge=1.2 kPa  Air=NORMAL
2026-09-12T16:57:23.053	ADC=973  Voltage=835 mV  P_abs=97.8 kPa  P_gauge=0.7 kPa  Air=NORMAL
2026-09-12T16:57:23.793	ADC=957  Voltage=844 mV  P_abs=98.8 kPa  P_gauge=1.7 kPa  Air=NORMAL
2026-09-12T16:57:24.534	ADC=968  Voltage=845 mV  P_abs=97.6 kPa  P_gauge=0.5 kPa  Air=NORMAL
2026-09-12T16:57:25.272	ADC=984  Voltage=840 mV  P_abs=97.1 kPa  P_gauge=-0.1 kPa  Air=NORMAL
2026-09-12T16:57:26.012	ADC=985  Voltage=834 mV  P_abs=98.6 kPa  P_gauge=1.5 kPa  Air=NORMAL
2026-09-12T16:57:26.752	ADC=979  Voltage=841 mV  P_abs=97.8 kPa  P_gauge=0.7 kPa  Air=NORMAL
2026-09-12T16:57:27.492	ADC=976  Voltage=845 mV  P_abs=97.5 kPa  P_gauge=0.3 kPa  Air=NORMAL
2026-09-12T16:57:28.233	ADC=981  Voltage=846 mV  P_abs=98.0 kPa  P_gauge=0.8 kPa  Air=NORMAL
2026-09-12T16:57:28.971	ADC=958  Voltage=840 mV  P_abs=97.5 kPa  P_gauge=0.4 kPa  Air=NORMAL
2026-09-12T16:57:29.713	ADC=987  Voltage=835 mV  P_abs=97.9 kPa  P_gauge=0.8 kPa  Air=NORMAL
2026-09-12T16:57:30.454	ADC=977  Voltage=840 mV  P_abs=98.2 kPa  P_gauge=1.0 kPa  Air=NORMAL
2026-09-12T16:57:31.192	ADC=983  Voltage=837 mV  P_abs=98.2 kPa  P_gauge=1.0 kPa  Air=NORMAL
2026-09-12T16:57:31.932	ADC=968  Voltage=823 mV  P_abs=98.2 kPa  P_gauge=1.1 kPa  Air=NORMAL
2026-09-12T16:57:32.672	ADC=973  Voltage=841 mV  P_abs=97.4 kPa  P_gauge=0.3 kPa  Air=NORMAL
2026-09-12T16:57:33.412	ADC=979  Voltage=849 mV  P_abs=97.3 kPa  P_gauge=0.1 kPa  Air=NORMAL
2026-09-12T16:57:34.153	ADC=995  Voltage=848 mV  P_abs=98.5 kPa  P_gauge=1.4 kPa  Air=NORMAL
2026-09-12T16:57:34.893	ADC=982  Voltage=845 mV  P_abs=99.1 kPa  P_gauge=1.9 kPa  Air=NORMAL
2026-09-12T16:57:35.631	ADC=941  Voltage=847 mV  P_abs=98.0 kPa  P_gauge=0.9 kPa  Air=NORMAL
2026-09-12T16:57:36.373	ADC=958  Voltage=840 mV  P_abs=97.5 kPa  P_gauge=0.4 kPa  Air=NORMAL
2026-09-12T16:57:37.112	ADC=982  Voltage=834 mV  P_abs=98.4 kPa  P_gauge=1.2 kPa  Air=NORMAL
2026-09-12T16:57:37.853	ADC=985  Voltage=835 mV  P_abs=97.1 kPa  P_gauge=-0.0 kPa  Air=NORMAL
2026-09-12T16:57:38.593	ADC=949  Voltage=840 mV  P_abs=98.7 kPa  P_gauge=1.5 kPa  Air=NORMAL
2026-09-12T16:57:39.333	ADC=987  Voltage=840 mV  P_abs=98.2 kPa  P_gauge=1.1 kPa  Air=NORMAL
2026-09-12T16:57:40.072	ADC=983  Voltage=834 mV  P_abs=97.7 kPa  P_gauge=0.5 kPa  Air=NORMAL
2026-09-12T16:57:40.812	ADC=979  Voltage=846 mV  P_abs=98.4 kPa  P_gauge=1.2 kPa  Air=NORMAL
2026-09-12T16:57:41.553	ADC=958  Voltage=837 mV  P_abs=97.7 kPa  P_gauge=0.5 kPa  Air=NORMAL
2026-09-12T16:57:42.292	ADC=984  Voltage=841 mV  P_abs=97.4 kPa  P_gauge=0.2 kPa  Air=NORMAL
2026-09-12T16:57:43.032	ADC=989  Voltage=846 mV  P_abs=97.8 kPa  P_gauge=0.6 kPa  Air=NORMAL
2026-09-12T16:57:43.773	ADC=970  Voltage=835 mV  P_abs=97.6 kPa  P_gauge=0.5 kPa  Air=NORMAL
2026-09-12T16:57:44.512	ADC=971  Voltage=816 mV  P_abs=97.3 kPa  P_gauge=0.1 kPa  Air=NORMAL
2026-09-12T16:57:45.250	ADC=980  Voltage=846 mV  P_abs=97.9 kPa  P_gauge=0.8 kPa  Air=NORMAL
2026-09-12T16:57:45.992	ADC=983  Voltage=841 mV  P_abs=97.3 kPa  P_gauge=0.2 kPa  Air=NORMAL
2026-09-12T16:57:46.732	ADC=982  Voltage=837 mV  P_abs=98.1 kPa  P_gauge=1.0 kPa  Air=NORMAL
2026-09-12T16:57:48.212	ADC=987  Voltage=840 mV  P_abs=96.9 kPa  P_gauge=-0.2 kPa  Air=NORMAL
2026-09-12T16:57:48.952	ADC=973  Voltage=846 mV  P_abs=97.1 kPa  P_gauge=-0.0 kPa  Air=NORMAL
2026-09-12T16:57:48.955	ADC=963  Voltage=843 mV  P_abs=97.6 kPa  P_gauge=0.5 kPa  Air=NORMAL
2026-09-12T16:57:49.692	ADC=947  Voltage=829 mV  P_abs=97.7 kPa  P_gauge=0.6 kPa  Air=NORMAL
2026-09-12T16:57:50.433	ADC=998  Voltage=818 mV  P_abs=97.6 kPa  P_gauge=0.5 kPa  Air=NORMAL
2026-09-12T16:57:51.173	ADC=973  Voltage=844 mV  P_abs=97.2 kPa  P_gauge=0.1 kPa  Air=NORMAL
2026-09-12T16:57:51.913	ADC=969  Voltage=842 mV  P_abs=98.1 kPa  P_gauge=1.0 kPa  Air=NORMAL
2026-09-12T16:57:52.653	ADC=987  Voltage=841 mV  P_abs=98.2 kPa  P_gauge=1.1 kPa  Air=NORMAL
2026-09-12T16:57:53.393	ADC=981  Voltage=837 mV  P_abs=98.0 kPa  P_gauge=0.9 kPa  Air=NORMAL
2026-09-12T16:57:54.131	ADC=980  Voltage=832 mV  P_abs=98.4 kPa  P_gauge=1.3 kPa  Air=NORMAL
2026-09-12T16:57:54.872	ADC=987  Voltage=846 mV  P_abs=97.9 kPa  P_gauge=0.7 kPa  Air=NORMAL
2026-09-12T16:57:55.612	ADC=985  Voltage=841 mV  P_abs=97.3 kPa  P_gauge=0.2 kPa  Air=NORMAL
2026-09-12T16:57:57.092	ADC=972  Voltage=847 mV  P_abs=97.1 kPa  P_gauge=-0.1 kPa  Air=NORMAL
2026-09-12T16:57:57.095	ADC=979  Voltage=838 mV  P_abs=97.8 kPa  P_gauge=0.7 kPa  Air=NORMAL
2026-09-12T16:57:57.832	ADC=970  Voltage=840 mV  P_abs=98.0 kPa  P_gauge=0.9 kPa  Air=NORMAL
2026-09-12T16:57:58.572	ADC=973  Voltage=818 mV  P_abs=97.4 kPa  P_gauge=0.3 kPa  Air=NORMAL
2026-09-12T16:57:59.313	ADC=989  Voltage=841 mV  P_abs=98.1 kPa  P_gauge=0.9 kPa  Air=NORMAL
2026-09-12T16:58:00.052	ADC=972  Voltage=846 mV  P_abs=98.3 kPa  P_gauge=1.1 kPa  Air=NORMAL
2026-09-12T16:58:00.790	ADC=953  Voltage=845 mV  P_abs=97.8 kPa  P_gauge=0.7 kPa  Air=NORMAL
2026-09-12T16:58:01.531	ADC=984  Voltage=841 mV  P_abs=97.8 kPa  P_gauge=0.7 kPa  Air=NORMAL
2026-09-12T16:58:02.272	ADC=987  Voltage=842 mV  P_abs=97.5 kPa  P_gauge=0.4 kPa  Air=NORMAL
2026-09-12T16:58:03.012	ADC=981  Voltage=849 mV  P_abs=98.4 kPa  P_gauge=1.3 kPa  Air=NORMAL
2026-09-12T16:58:03.752	ADC=971  Voltage=835 mV  P_abs=98.2 kPa  P_gauge=1.1 kPa  Air=NORMAL
2026-09-12T16:58:04.492	ADC=973  Voltage=830 mV  P_abs=97.9 kPa  P_gauge=0.8 kPa  Air=NORMAL
2026-09-12T16:58:05.232	ADC=969  Voltage=840 mV  P_abs=98.2 kPa  P_gauge=1.0 kPa  Air=NORMAL
2026-09-12T16:58:05.972	ADC=973  Voltage=846 mV  P_abs=97.8 kPa  P_gauge=0.7 kPa  Air=NORMAL
2026-09-12T16:58:06.710	ADC=968  Voltage=846 mV  P_abs=97.1 kPa  P_gauge=-0.1 kPa  Air=NORMAL
2026-09-12T16:58:07.451	ADC=943  Voltage=835 mV  P_abs=96.5 kPa  P_gauge=-0.6 kPa  Air=NORMAL
2026-09-12T16:58:08.192	ADC=979  Voltage=845 mV  P_abs=97.3 kPa  P_gauge=0.2 kPa  Air=NORMAL
2026-09-12T16:58:08.932	ADC=970  Voltage=842 mV  P_abs=97.8 kPa  P_gauge=0.7 kPa  Air=NORMAL
2026-09-12T16:58:09.672	ADC=957  Voltage=842 mV  P_abs=97.7 kPa  P_gauge=0.6 kPa  Air=NORMAL
2026-09-12T16:58:10.412	ADC=983  Voltage=846 mV  P_abs=97.5 kPa  P_gauge=0.3 kPa  Air=NORMAL
2026-09-12T16:58:11.152	ADC=977  Voltage=846 mV  P_abs=99.0 kPa  P_gauge=1.9 kPa  Air=NORMAL
2026-09-12T16:58:11.890	ADC=968  Voltage=808 mV  P_abs=98.4 kPa  P_gauge=1.2 kPa  Air=NORMAL
2026-09-12T16:58:12.632	ADC=969  Voltage=841 mV  P_abs=98.6 kPa  P_gauge=1.5 kPa  Air=NORMAL
2026-09-12T16:58:13.371	ADC=981  Voltage=841 mV  P_abs=97.8 kPa  P_gauge=0.7 kPa  Air=NORMAL
2026-09-12T16:58:14.112	ADC=991  Voltage=847 mV  P_abs=97.2 kPa  P_gauge=0.1 kPa  Air=NORMAL
2026-09-12T16:58:14.852	ADC=973  Voltage=846 mV  P_abs=98.8 kPa  P_gauge=1.6 kPa  Air=NORMAL
2026-09-12T16:58:15.591	ADC=979  Voltage=841 mV  P_abs=97.5 kPa  P_gauge=0.4 kPa  Air=NORMAL
2026-09-12T16:58:16.330	ADC=972  Voltage=835 mV  P_abs=97.6 kPa  P_gauge=0.5 kPa  Air=NORMAL
2026-09-12T16:58:17.071	ADC=988  Voltage=841 mV  P_abs=98.3 kPa  P_gauge=1.1 kPa  Air=NORMAL
2026-09-12T16:58:17.812	ADC=978  Voltage=830 mV  P_abs=98.8 kPa  P_gauge=1.7 kPa  Air=NORMAL
2026-09-12T16:58:18.552	ADC=997  Voltage=845 mV  P_abs=98.4 kPa  P_gauge=1.3 kPa  Air=NORMAL
2026-09-12T16:58:19.292	ADC=973  Voltage=846 mV  P_abs=98.6 kPa  P_gauge=1.5 kPa  Air=NORMAL
2026-09-12T16:58:20.032	ADC=959  Voltage=848 mV  P_abs=98.6 kPa  P_gauge=1.5 kPa  Air=NORMAL
2026-09-12T16:58:20.772	ADC=975  Voltage=835 mV  P_abs=98.3 kPa  P_gauge=1.1 kPa  Air=NORMAL
2026-09-12T16:58:21.512	ADC=989  Voltage=842 mV  P_abs=98.0 kPa  P_gauge=0.9 kPa  Air=NORMAL
2026-09-12T16:58:22.253	ADC=995  Voltage=852 mV  P_abs=98.1 kPa  P_gauge=0.9 kPa  Air=NORMAL
2026-09-12T16:58:22.992	ADC=985  Voltage=835 mV  P_abs=97.2 kPa  P_gauge=0.0 kPa  Air=NORMAL
2026-09-12T16:58:23.732	ADC=986  Voltage=832 mV  P_abs=97.5 kPa  P_gauge=0.4 kPa  Air=NORMAL
2026-09-12T16:58:24.472	ADC=980  Voltage=828 mV  P_abs=97.9 kPa  P_gauge=0.7 kPa  Air=NORMAL
2026-09-12T16:58:25.212	ADC=951  Voltage=805 mV  P_abs=92.5 kPa  P_gauge=-4.7 kPa  Air=LOW
2026-09-12T16:58:25.951	ADC=921  Voltage=816 mV  P_abs=92.3 kPa  P_gauge=-4.8 kPa  Air=LOW
2026-09-12T16:58:27.431	ADC=937  Voltage=814 mV  P_abs=92.6 kPa  P_gauge=-4.6 kPa  Air=LOW
2026-09-12T16:58:27.433	ADC=951  Voltage=809 mV  P_abs=91.8 kPa  P_gauge=-5.3 kPa  Air=LOW
2026-09-12T16:58:28.171	ADC=917  Voltage=781 mV  P_abs=92.2 kPa  P_gauge=-5.0 kPa  Air=LOW
2026-09-12T16:58:29.651	ADC=915  Voltage=802 mV  P_abs=92.4 kPa  P_gauge=-4.7 kPa  Air=LOW
2026-09-12T16:58:29.654	ADC=932  Voltage=808 mV  P_abs=92.0 kPa  P_gauge=-5.1 kPa  Air=LOW
2026-09-12T16:58:30.392	ADC=412  Voltage=361 mV  P_abs=23.9 kPa  P_gauge=-73.2 kPa  Air=LOW
2026-09-12T16:58:31.131	ADC=395  Voltage=338 mV  P_abs=21.4 kPa  P_gauge=-75.7 kPa  Air=LOW
2026-09-12T16:58:31.872	ADC=366  Voltage=345 mV  P_abs=21.5 kPa  P_gauge=-75.6 kPa  Air=LOW
2026-09-12T16:58:32.612	ADC=392  Voltage=345 mV  P_abs=21.2 kPa  P_gauge=-75.9 kPa  Air=LOW
2026-09-12T16:58:33.351	ADC=382  Voltage=338 mV  P_abs=21.7 kPa  P_gauge=-75.4 kPa  Air=LOW
2026-09-12T16:58:34.092	ADC=393  Voltage=356 mV  P_abs=21.9 kPa  P_gauge=-75.2 kPa  Air=LOW
2026-09-12T16:58:34.834	ADC=489  Voltage=426 mV  P_abs=33.3 kPa  P_gauge=-63.8 kPa  Air=LOW
2026-09-12T16:58:35.571	ADC=480  Voltage=433 mV  P_abs=33.9 kPa  P_gauge=-63.2 kPa  Air=LOW
2026-09-12T16:58:36.311	ADC=495  Voltage=415 mV  P_abs=34.3 kPa  P_gauge=-62.9 kPa  Air=LOW
2026-09-12T16:58:37.052	ADC=471  Voltage=414 mV  P_abs=33.6 kPa  P_gauge=-63.5 kPa  Air=LOW
2026-09-12T16:58:37.792	ADC=479  Voltage=424 mV  P_abs=34.2 kPa  P_gauge=-62.9 kPa  Air=LOW
2026-09-12T16:58:38.531	ADC=483  Voltage=421 mV  P_abs=34.0 kPa  P_gauge=-63.1 kPa  Air=LOW
2026-09-12T16:58:39.272	ADC=491  Voltage=430 mV  P_abs=34.3 kPa  P_gauge=-62.8 kPa  Air=LOW
2026-09-12T16:58:40.011	ADC=485  Voltage=421 mV  P_abs=32.6 kPa  P_gauge=-64.5 kPa  Air=LOW
2026-09-12T16:58:40.751	ADC=491  Voltage=419 mV  P_abs=33.8 kPa  P_gauge=-63.3 kPa  Air=LOW
2026-09-12T16:58:41.491	ADC=478  Voltage=430 mV  P_abs=34.4 kPa  P_gauge=-62.7 kPa  Air=LOW
2026-09-12T16:58:42.231	ADC=463  Voltage=431 mV  P_abs=33.8 kPa  P_gauge=-63.3 kPa  Air=LOW
2026-09-12T16:58:42.971	ADC=476  Voltage=430 mV  P_abs=33.2 kPa  P_gauge=-63.9 kPa  Air=LOW
2026-09-12T16:58:43.712	ADC=499  Voltage=430 mV  P_abs=33.7 kPa  P_gauge=-63.5 kPa  Air=LOW
2026-09-12T16:58:44.451	ADC=467  Voltage=415 mV  P_abs=34.1 kPa  P_gauge=-63.0 kPa  Air=LOW
2026-09-12T16:58:45.191	ADC=488  Voltage=425 mV  P_abs=34.2 kPa  P_gauge=-62.9 kPa  Air=LOW
2026-09-12T16:58:45.931	ADC=486  Voltage=418 mV  P_abs=34.2 kPa  P_gauge=-62.9 kPa  Air=LOW
2026-09-12T16:58:46.671	ADC=457  Voltage=426 mV  P_abs=33.9 kPa  P_gauge=-63.2 kPa  Air=LOW
2026-09-12T16:58:47.411	ADC=484  Voltage=415 mV  P_abs=34.3 kPa  P_gauge=-62.9 kPa  Air=LOW
2026-09-12T16:58:48.151	ADC=502  Voltage=418 mV  P_abs=34.1 kPa  P_gauge=-63.0 kPa  Air=LOW
2026-09-12T16:58:48.891	ADC=475  Voltage=418 mV  P_abs=33.9 kPa  P_gauge=-63.2 kPa  Air=LOW
2026-09-12T16:58:49.631	ADC=487  Voltage=423 mV  P_abs=35.2 kPa  P_gauge=-61.9 kPa  Air=LOW
2026-09-12T16:58:50.371	ADC=485  Voltage=411 mV  P_abs=34.3 kPa  P_gauge=-62.8 kPa  Air=LOW
2026-09-12T16:58:51.111	ADC=494  Voltage=424 mV  P_abs=34.5 kPa  P_gauge=-62.6 kPa  Air=LOW
2026-09-12T16:58:51.849	ADC=482  Voltage=406 mV  P_abs=34.3 kPa  P_gauge=-62.9 kPa  Air=LOW
2026-09-12T16:58:52.591	ADC=493  Voltage=426 mV  P_abs=34.4 kPa  P_gauge=-62.7 kPa  Air=LOW
2026-09-12T16:58:53.331	ADC=473  Voltage=423 mV  P_abs=34.0 kPa  P_gauge=-63.2 kPa  Air=LOW
2026-09-12T16:58:54.071	ADC=458  Voltage=431 mV  P_abs=33.4 kPa  P_gauge=-63.7 kPa  Air=LOW
2026-09-12T16:58:54.811	ADC=487  Voltage=431 mV  P_abs=34.5 kPa  P_gauge=-62.6 kPa  Air=LOW
2026-09-12T16:58:55.551	ADC=471  Voltage=426 mV  P_abs=34.9 kPa  P_gauge=-62.3 kPa  Air=LOW
2026-09-12T16:58:56.292	ADC=485  Voltage=432 mV  P_abs=34.2 kPa  P_gauge=-62.9 kPa  Air=LOW
2026-09-12T16:58:57.031	ADC=470  Voltage=428 mV  P_abs=33.7 kPa  P_gauge=-63.4 kPa  Air=LOW
2026-09-12T16:58:57.771	ADC=471  Voltage=430 mV  P_abs=34.3 kPa  P_gauge=-62.8 kPa  Air=LOW
2026-09-12T16:58:58.511	ADC=482  Voltage=414 mV  P_abs=34.4 kPa  P_gauge=-62.7 kPa  Air=LOW
2026-09-12T16:58:59.248	ADC=458  Voltage=430 mV  P_abs=34.5 kPa  P_gauge=-62.6 kPa  Air=LOW
2026-09-12T16:58:59.991	ADC=486  Voltage=418 mV  P_abs=34.6 kPa  P_gauge=-62.6 kPa  Air=LOW
2026-09-12T16:59:00.730	ADC=488  Voltage=435 mV  P_abs=35.5 kPa  P_gauge=-61.6 kPa  Air=LOW
2026-09-12T16:59:01.470	ADC=490  Voltage=427 mV  P_abs=34.6 kPa  P_gauge=-62.5 kPa  Air=LOW
2026-09-12T16:59:02.211	ADC=491  Voltage=438 mV  P_abs=33.7 kPa  P_gauge=-63.4 kPa  Air=LOW
2026-09-12T16:59:02.951	ADC=457  Voltage=426 mV  P_abs=34.8 kPa  P_gauge=-62.4 kPa  Air=LOW
2026-09-12T16:59:03.690	ADC=477  Voltage=428 mV  P_abs=34.6 kPa  P_gauge=-62.6 kPa  Air=LOW
2026-09-12T16:59:04.432	ADC=502  Voltage=438 mV  P_abs=34.9 kPa  P_gauge=-62.2 kPa  Air=LOW
2026-09-12T16:59:05.171	ADC=485  Voltage=435 mV  P_abs=34.8 kPa  P_gauge=-62.3 kPa  Air=LOW
2026-09-12T16:59:05.911	ADC=471  Voltage=431 mV  P_abs=35.5 kPa  P_gauge=-61.6 kPa  Air=LOW
2026-09-12T16:59:06.651	ADC=477  Voltage=419 mV  P_abs=34.4 kPa  P_gauge=-62.7 kPa  Air=LOW
2026-09-12T16:59:07.388	ADC=487  Voltage=421 mV  P_abs=34.3 kPa  P_gauge=-62.8 kPa  Air=LOW
2026-09-12T16:59:08.132	ADC=489  Voltage=424 mV  P_abs=35.3 kPa  P_gauge=-61.8 kPa  Air=LOW
2026-09-12T16:59:08.871	ADC=475  Voltage=430 mV  P_abs=34.9 kPa  P_gauge=-62.2 kPa  Air=LOW
2026-09-12T16:59:09.610	ADC=486  Voltage=436 mV  P_abs=34.9 kPa  P_gauge=-62.3 kPa  Air=LOW
2026-09-12T16:59:10.351	ADC=491  Voltage=432 mV  P_abs=34.4 kPa  P_gauge=-62.7 kPa  Air=LOW
2026-09-12T16:59:11.091	ADC=486  Voltage=416 mV  P_abs=34.3 kPa  P_gauge=-62.8 kPa  Air=LOW
2026-09-12T16:59:11.830	ADC=502  Voltage=431 mV  P_abs=34.5 kPa  P_gauge=-62.6 kPa  Air=LOW
2026-09-12T16:59:12.570	ADC=491  Voltage=427 mV  P_abs=34.4 kPa  P_gauge=-62.8 kPa  Air=LOW
2026-09-12T16:59:13.310	ADC=495  Voltage=435 mV  P_abs=35.3 kPa  P_gauge=-61.8 kPa  Air=LOW
2026-09-12T16:59:14.049	ADC=483  Voltage=428 mV  P_abs=35.6 kPa  P_gauge=-61.5 kPa  Air=LOW
2026-09-12T16:59:14.790	ADC=501  Voltage=430 mV  P_abs=35.1 kPa  P_gauge=-62.0 kPa  Air=LOW
2026-09-12T16:59:15.530	ADC=482  Voltage=434 mV  P_abs=35.6 kPa  P_gauge=-61.5 kPa  Air=LOW
2026-09-12T16:59:16.272	ADC=503  Voltage=424 mV  P_abs=35.6 kPa  P_gauge=-61.5 kPa  Air=LOW
2026-09-12T16:59:17.011	ADC=487  Voltage=425 mV  P_abs=35.0 kPa  P_gauge=-62.2 kPa  Air=LOW
2026-09-12T16:59:17.751	ADC=460  Voltage=439 mV  P_abs=34.7 kPa  P_gauge=-62.4 kPa  Air=LOW
2026-09-12T16:59:18.491	ADC=488  Voltage=439 mV  P_abs=35.1 kPa  P_gauge=-62.0 kPa  Air=LOW
2026-09-12T16:59:19.230	ADC=496  Voltage=441 mV  P_abs=34.4 kPa  P_gauge=-62.7 kPa  Air=LOW
2026-09-12T16:59:19.971	ADC=490  Voltage=436 mV  P_abs=35.2 kPa  P_gauge=-61.9 kPa  Air=LOW
2026-09-12T16:59:20.711	ADC=476  Voltage=425 mV  P_abs=34.7 kPa  P_gauge=-62.4 kPa  Air=LOW
2026-09-12T16:59:21.451	ADC=501  Voltage=430 mV  P_abs=34.9 kPa  P_gauge=-62.2 kPa  Air=LOW
2026-09-12T16:59:22.190	ADC=489  Voltage=411 mV  P_abs=34.8 kPa  P_gauge=-62.4 kPa  Air=LOW
2026-09-12T16:59:22.929	ADC=481  Voltage=426 mV  P_abs=35.2 kPa  P_gauge=-61.9 kPa  Air=LOW
2026-09-12T16:59:23.670	ADC=491  Voltage=428 mV  P_abs=35.7 kPa  P_gauge=-61.5 kPa  Air=LOW
2026-09-12T16:59:24.410	ADC=490  Voltage=437 mV  P_abs=34.9 kPa  P_gauge=-62.3 kPa  Air=LOW
2026-09-12T16:59:25.148	ADC=520  Voltage=433 mV  P_abs=34.8 kPa  P_gauge=-62.3 kPa  Air=LOW
2026-09-12T16:59:25.891	ADC=490  Voltage=439 mV  P_abs=34.7 kPa  P_gauge=-62.4 kPa  Air=LOW
2026-09-12T16:59:26.629	ADC=491  Voltage=438 mV  P_abs=34.5 kPa  P_gauge=-62.6 kPa  Air=LOW
2026-09-12T16:59:27.370	ADC=486  Voltage=414 mV  P_abs=34.7 kPa  P_gauge=-62.4 kPa  Air=LOW
2026-09-12T16:59:28.108	ADC=488  Voltage=430 mV  P_abs=35.7 kPa  P_gauge=-61.4 kPa  Air=LOW
2026-09-12T16:59:28.850	ADC=494  Voltage=430 mV  P_abs=35.1 kPa  P_gauge=-62.0 kPa  Air=LOW
2026-09-12T16:59:29.588	ADC=457  Voltage=426 mV  P_abs=35.6 kPa  P_gauge=-61.6 kPa  Air=LOW
2026-09-12T16:59:30.331	ADC=499  Voltage=431 mV  P_abs=35.4 kPa  P_gauge=-61.8 kPa  Air=LOW
2026-09-12T16:59:31.070	ADC=492  Voltage=431 mV  P_abs=35.7 kPa  P_gauge=-61.5 kPa  Air=LOW
2026-09-12T16:59:31.810	ADC=501  Voltage=430 mV  P_abs=35.4 kPa  P_gauge=-61.8 kPa  Air=LOW
2026-09-12T16:59:32.550	ADC=501  Voltage=433 mV  P_abs=35.5 kPa  P_gauge=-61.6 kPa  Air=LOW
2026-09-12T16:59:33.290	ADC=469  Voltage=413 mV  P_abs=35.9 kPa  P_gauge=-61.2 kPa  Air=LOW
2026-09-12T16:59:34.030	ADC=488  Voltage=430 mV  P_abs=36.2 kPa  P_gauge=-61.0 kPa  Air=LOW
2026-09-12T16:59:34.770	ADC=496  Voltage=436 mV  P_abs=35.4 kPa  P_gauge=-61.7 kPa  Air=LOW
2026-09-12T16:59:35.510	ADC=477  Voltage=435 mV  P_abs=35.3 kPa  P_gauge=-61.8 kPa  Air=LOW
2026-09-12T16:59:36.250	ADC=492  Voltage=430 mV  P_abs=35.6 kPa  P_gauge=-61.5 kPa  Air=LOW
2026-09-12T16:59:36.993	ADC=501  Voltage=428 mV  P_abs=35.6 kPa  P_gauge=-61.5 kPa  Air=LOW
2026-09-12T16:59:37.730	ADC=491  Voltage=444 mV  P_abs=35.0 kPa  P_gauge=-62.1 kPa  Air=LOW
2026-09-12T16:59:38.470	ADC=502  Voltage=435 mV  P_abs=35.6 kPa  P_gauge=-61.6 kPa  Air=LOW
2026-09-12T16:59:39.210	ADC=499  Voltage=438 mV  P_abs=35.4 kPa  P_gauge=-61.8 kPa  Air=LOW
2026-09-12T16:59:39.950	ADC=500  Voltage=433 mV  P_abs=36.2 kPa  P_gauge=-60.9 kPa  Air=LOW
2026-09-12T16:59:40.689	ADC=485  Voltage=440 mV  P_abs=36.2 kPa  P_gauge=-60.9 kPa  Air=LOW
2026-09-12T16:59:41.430	ADC=473  Voltage=428 mV  P_abs=35.6 kPa  P_gauge=-61.5 kPa  Air=LOW
2026-09-12T16:59:42.170	ADC=492  Voltage=434 mV  P_abs=35.5 kPa  P_gauge=-61.6 kPa  Air=LOW
2026-09-12T16:59:42.910	ADC=499  Voltage=439 mV  P_abs=35.7 kPa  P_gauge=-61.4 kPa  Air=LOW
2026-09-12T16:59:43.650	ADC=487  Voltage=434 mV  P_abs=35.3 kPa  P_gauge=-61.8 kPa  Air=LOW
2026-09-12T16:59:44.389	ADC=502  Voltage=442 mV  P_abs=36.0 kPa  P_gauge=-61.1 kPa  Air=LOW
2026-09-12T16:59:45.128	ADC=499  Voltage=439 mV  P_abs=35.1 kPa  P_gauge=-62.0 kPa  Air=LOW
2026-09-12T16:59:45.869	ADC=490  Voltage=439 mV  P_abs=35.6 kPa  P_gauge=-61.6 kPa  Air=LOW
2026-09-12T16:59:46.610	ADC=477  Voltage=435 mV  P_abs=35.5 kPa  P_gauge=-61.7 kPa  Air=LOW
2026-09-12T16:59:47.350	ADC=497  Voltage=438 mV  P_abs=35.6 kPa  P_gauge=-61.5 kPa  Air=LOW
2026-09-12T16:59:48.089	ADC=477  Voltage=442 mV  P_abs=36.1 kPa  P_gauge=-61.0 kPa  Air=LOW
2026-09-12T16:59:48.829	ADC=493  Voltage=426 mV  P_abs=36.1 kPa  P_gauge=-61.1 kPa  Air=LOW
2026-09-12T16:59:49.568	ADC=473  Voltage=432 mV  P_abs=35.8 kPa  P_gauge=-61.4 kPa  Air=LOW
2026-09-12T16:59:50.309	ADC=485  Voltage=430 mV  P_abs=35.3 kPa  P_gauge=-61.9 kPa  Air=LOW
2026-09-12T16:59:51.050	ADC=493  Voltage=424 mV  P_abs=35.9 kPa  P_gauge=-61.2 kPa  Air=LOW
2026-09-12T16:59:51.789	ADC=493  Voltage=435 mV  P_abs=35.8 kPa  P_gauge=-61.4 kPa  Air=LOW
2026-09-12T16:59:52.530	ADC=496  Voltage=440 mV  P_abs=36.6 kPa  P_gauge=-60.5 kPa  Air=LOW
2026-09-12T16:59:53.270	ADC=508  Voltage=438 mV  P_abs=35.0 kPa  P_gauge=-62.2 kPa  Air=LOW
2026-09-12T16:59:54.007	ADC=492  Voltage=419 mV  P_abs=35.7 kPa  P_gauge=-61.4 kPa  Air=LOW
2026-09-12T16:59:54.749	ADC=475  Voltage=432 mV  P_abs=36.3 kPa  P_gauge=-60.9 kPa  Air=LOW
2026-09-12T16:59:55.490	ADC=493  Voltage=440 mV  P_abs=36.0 kPa  P_gauge=-61.2 kPa  Air=LOW
2026-09-12T16:59:56.230	ADC=499  Voltage=431 mV  P_abs=36.4 kPa  P_gauge=-60.7 kPa  Air=LOW
2026-09-12T16:59:56.969	ADC=505  Voltage=435 mV  P_abs=36.3 kPa  P_gauge=-60.8 kPa  Air=LOW
2026-09-12T16:59:57.708	ADC=509  Voltage=434 mV  P_abs=35.4 kPa  P_gauge=-61.7 kPa  Air=LOW
2026-09-12T16:59:58.449	ADC=495  Voltage=419 mV  P_abs=36.1 kPa  P_gauge=-61.1 kPa  Air=LOW
2026-09-12T16:59:59.190	ADC=501  Voltage=438 mV  P_abs=35.3 kPa  P_gauge=-61.9 kPa  Air=LOW
2026-09-12T16:59:59.930	ADC=495  Voltage=433 mV  P_abs=35.6 kPa  P_gauge=-61.6 kPa  Air=LOW
2026-09-12T17:00:00.670	ADC=663  Voltage=578 mV  P_abs=77.7 kPa  P_gauge=-19.4 kPa  Air=LOW
2026-09-12T17:00:01.409	ADC=983  Voltage=847 mV  P_abs=97.5 kPa  P_gauge=0.4 kPa  Air=NORMAL
2026-09-12T17:00:02.150	ADC=952  Voltage=815 mV  P_abs=97.8 kPa  P_gauge=0.7 kPa  Air=NORMAL
2026-09-12T17:00:02.889	ADC=975  Voltage=829 mV  P_abs=98.5 kPa  P_gauge=1.4 kPa  Air=NORMAL
2026-09-12T17:00:03.629	ADC=987  Voltage=846 mV  P_abs=98.3 kPa  P_gauge=1.1 kPa  Air=NORMAL
2026-09-12T17:00:04.368	ADC=972  Voltage=843 mV  P_abs=97.2 kPa  P_gauge=0.1 kPa  Air=NORMAL
2026-09-12T17:00:05.109	ADC=974  Voltage=847 mV  P_abs=98.2 kPa  P_gauge=1.1 kPa  Air=NORMAL
2026-09-12T17:00:05.850	ADC=973  Voltage=846 mV  P_abs=97.7 kPa  P_gauge=0.6 kPa  Air=NORMAL
2026-09-12T17:00:06.587	ADC=973  Voltage=832 mV  P_abs=98.4 kPa  P_gauge=1.2 kPa  Air=NORMAL
2026-09-12T17:00:07.328	ADC=973  Voltage=835 mV  P_abs=97.6 kPa  P_gauge=0.4 kPa  Air=NORMAL
2026-09-12T17:00:08.069	ADC=973  Voltage=822 mV  P_abs=97.0 kPa  P_gauge=-0.1 kPa  Air=NORMAL
2026-09-12T17:00:08.808	ADC=969  Voltage=847 mV  P_abs=97.6 kPa  P_gauge=0.5 kPa  Air=NORMAL
2026-09-12T17:00:09.549	ADC=948  Voltage=830 mV  P_abs=97.3 kPa  P_gauge=0.1 kPa  Air=NORMAL
2026-09-12T17:00:10.288	ADC=973  Voltage=840 mV  P_abs=97.6 kPa  P_gauge=0.5 kPa  Air=NORMAL
2026-09-12T17:00:11.028	ADC=989  Voltage=844 mV  P_abs=97.3 kPa  P_gauge=0.2 kPa  Air=NORMAL
2026-09-12T17:00:11.768	ADC=975  Voltage=834 mV  P_abs=97.9 kPa  P_gauge=0.8 kPa  Air=NORMAL
2026-09-12T17:00:12.508	ADC=947  Voltage=841 mV  P_abs=97.5 kPa  P_gauge=0.3 kPa  Air=NORMAL
2026-09-12T17:00:13.248	ADC=975  Voltage=838 mV  P_abs=98.4 kPa  P_gauge=1.2 kPa  Air=NORMAL
2026-09-12T17:00:13.988	ADC=959  Voltage=846 mV  P_abs=97.4 kPa  P_gauge=0.3 kPa  Air=NORMAL
2026-09-12T17:00:14.728	ADC=969  Voltage=814 mV  P_abs=97.8 kPa  P_gauge=0.7 kPa  Air=NORMAL
2026-09-12T17:00:15.468	ADC=983  Voltage=843 mV  P_abs=97.3 kPa  P_gauge=0.2 kPa  Air=NORMAL
2026-09-12T17:00:16.208	ADC=985  Voltage=834 mV  P_abs=98.0 kPa  P_gauge=0.8 kPa  Air=NORMAL
2026-09-12T17:00:16.947	ADC=973  Voltage=837 mV  P_abs=96.3 kPa  P_gauge=-0.8 kPa  Air=NORMAL
2026-09-12T17:00:17.688	ADC=959  Voltage=815 mV  P_abs=97.8 kPa  P_gauge=0.7 kPa  Air=NORMAL
2026-09-12T17:00:18.430	ADC=970  Voltage=816 mV  P_abs=97.6 kPa  P_gauge=0.5 kPa  Air=NORMAL
2026-09-12T17:00:19.908	ADC=975  Voltage=845 mV  P_abs=96.8 kPa  P_gauge=-0.3 kPa  Air=NORMAL
2026-09-12T17:00:19.911	ADC=987  Voltage=835 mV  P_abs=98.3 kPa  P_gauge=1.1 kPa  Air=NORMAL
2026-09-12T17:00:20.649	ADC=970  Voltage=822 mV  P_abs=98.4 kPa  P_gauge=1.2 kPa  Air=NORMAL
2026-09-12T17:00:21.389	ADC=979  Voltage=841 mV  P_abs=97.2 kPa  P_gauge=0.1 kPa  Air=NORMAL
2026-09-12T17:00:22.128	ADC=973  Voltage=846 mV  P_abs=98.4 kPa  P_gauge=1.2 kPa  Air=NORMAL
2026-09-12T17:00:22.867	ADC=971  Voltage=840 mV  P_abs=98.0 kPa  P_gauge=0.9 kPa  Air=NORMAL
2026-09-12T17:00:23.609	ADC=973  Voltage=835 mV  P_abs=97.3 kPa  P_gauge=0.2 kPa  Air=NORMAL
2026-09-12T17:00:24.349	ADC=971  Voltage=842 mV  P_abs=97.9 kPa  P_gauge=0.8 kPa  Air=NORMAL
2026-09-12T17:00:25.089	ADC=981  Voltage=846 mV  P_abs=97.7 kPa  P_gauge=0.6 kPa  Air=NORMAL
2026-09-12T17:00:26.569	ADC=990  Voltage=834 mV  P_abs=96.8 kPa  P_gauge=-0.3 kPa  Air=NORMAL
2026-09-12T17:00:26.572	ADC=960  Voltage=829 mV  P_abs=97.7 kPa  P_gauge=0.5 kPa  Air=NORMAL
2026-09-12T17:00:27.309	ADC=987  Voltage=830 mV  P_abs=98.4 kPa  P_gauge=1.3 kPa  Air=NORMAL
2026-09-12T17:00:28.048	ADC=973  Voltage=842 mV  P_abs=98.1 kPa  P_gauge=0.9 kPa  Air=NORMAL
2026-09-12T17:00:28.789	ADC=975  Voltage=844 mV  P_abs=97.9 kPa  P_gauge=0.8 kPa  Air=NORMAL
2026-09-12T17:00:29.529	ADC=965  Voltage=822 mV  P_abs=98.3 kPa  P_gauge=1.2 kPa  Air=NORMAL
2026-09-12T17:00:30.269	ADC=975  Voltage=841 mV  P_abs=97.2 kPa  P_gauge=0.0 kPa  Air=NORMAL
2026-09-12T17:00:31.009	ADC=985  Voltage=838 mV  P_abs=96.7 kPa  P_gauge=-0.4 kPa  Air=NORMAL
2026-09-12T17:00:31.748	ADC=985  Voltage=835 mV  P_abs=97.8 kPa  P_gauge=0.7 kPa  Air=NORMAL
2026-09-12T17:00:32.488	ADC=958  Voltage=840 mV  P_abs=97.8 kPa  P_gauge=0.7 kPa  Air=NORMAL
2026-09-12T17:00:33.229	ADC=958  Voltage=846 mV  P_abs=97.7 kPa  P_gauge=0.6 kPa  Air=NORMAL
2026-09-12T17:00:33.969	ADC=973  Voltage=844 mV  P_abs=97.9 kPa  P_gauge=0.8 kPa  Air=NORMAL
2026-09-12T17:00:34.709	ADC=984  Voltage=844 mV  P_abs=97.3 kPa  P_gauge=0.2 kPa  Air=NORMAL
2026-09-12T17:00:35.449	ADC=968  Voltage=834 mV  P_abs=97.9 kPa  P_gauge=0.8 kPa  Air=NORMAL
2026-09-12T17:00:36.188	ADC=991  Voltage=840 mV  P_abs=98.2 kPa  P_gauge=1.1 kPa  Air=NORMAL
2026-09-12T17:00:36.928	ADC=975  Voltage=830 mV  P_abs=98.6 kPa  P_gauge=1.4 kPa  Air=NORMAL
2026-09-12T17:00:37.670	ADC=991  Voltage=846 mV  P_abs=98.3 kPa  P_gauge=1.2 kPa  Air=NORMAL
2026-09-12T17:00:38.409	ADC=953  Voltage=829 mV  P_abs=98.1 kPa  P_gauge=1.0 kPa  Air=NORMAL
2026-09-12T17:00:39.148	ADC=987  Voltage=835 mV  P_abs=97.8 kPa  P_gauge=0.7 kPa  Air=NORMAL
2026-09-12T17:00:39.887	ADC=979  Voltage=852 mV  P_abs=98.0 kPa  P_gauge=0.8 kPa  Air=NORMAL
2026-09-12T17:00:40.628	ADC=985  Voltage=837 mV  P_abs=97.9 kPa  P_gauge=0.7 kPa  Air=NORMAL
2026-09-12T17:00:41.369	ADC=974  Voltage=849 mV  P_abs=97.9 kPa  P_gauge=0.7 kPa  Air=NORMAL
2026-09-12T17:00:42.109	ADC=976  Voltage=847 mV  P_abs=97.9 kPa  P_gauge=0.8 kPa  Air=NORMAL
2026-09-12T17:00:42.849	ADC=971  Voltage=840 mV  P_abs=98.3 kPa  P_gauge=1.2 kPa  Air=NORMAL
2026-09-12T17:00:43.589	ADC=971  Voltage=829 mV  P_abs=97.3 kPa  P_gauge=0.2 kPa  Air=NORMAL
2026-09-12T17:00:44.328	ADC=973  Voltage=823 mV  P_abs=98.0 kPa  P_gauge=0.9 kPa  Air=NORMAL
2026-09-12T17:00:45.069	ADC=984  Voltage=838 mV  P_abs=97.7 kPa  P_gauge=0.6 kPa  Air=NORMAL
2026-09-12T17:00:45.808	ADC=983  Voltage=858 mV  P_abs=97.9 kPa  P_gauge=0.8 kPa  Air=NORMAL
2026-09-12T17:00:46.549	ADC=985  Voltage=833 mV  P_abs=97.5 kPa  P_gauge=0.4 kPa  Air=NORMAL
2026-09-12T17:00:47.288	ADC=947  Voltage=834 mV  P_abs=98.6 kPa  P_gauge=1.4 kPa  Air=NORMAL
2026-09-12T17:00:48.027	ADC=974  Voltage=841 mV  P_abs=98.1 kPa  P_gauge=1.0 kPa  Air=NORMAL
2026-09-12T17:00:49.508	ADC=979  Voltage=829 mV  P_abs=95.9 kPa  P_gauge=-1.3 kPa  Air=NORMAL
2026-09-12T17:00:49.510	ADC=981  Voltage=840 mV  P_abs=98.3 kPa  P_gauge=1.1 kPa  Air=NORMAL
2026-09-12T17:00:50.249	ADC=981  Voltage=835 mV  P_abs=97.9 kPa  P_gauge=0.8 kPa  Air=NORMAL
2026-09-12T17:00:50.987	ADC=975  Voltage=841 mV  P_abs=98.2 kPa  P_gauge=1.1 kPa  Air=NORMAL
2026-09-12T17:00:51.728	ADC=948  Voltage=822 mV  P_abs=97.2 kPa  P_gauge=0.1 kPa  Air=NORMAL
2026-09-12T17:00:52.468	ADC=992  Voltage=846 mV  P_abs=98.1 kPa  P_gauge=1.0 kPa  Air=NORMAL
2026-09-12T17:00:53.208	ADC=977  Voltage=835 mV  P_abs=97.4 kPa  P_gauge=0.2 kPa  Air=NORMAL
2026-09-12T17:00:53.948	ADC=975  Voltage=834 mV  P_abs=97.3 kPa  P_gauge=0.2 kPa  Air=NORMAL
2026-09-12T17:00:54.689	ADC=953  Voltage=848 mV  P_abs=97.9 kPa  P_gauge=0.7 kPa  Air=NORMAL
2026-09-12T17:00:55.428	ADC=989  Voltage=837 mV  P_abs=98.6 kPa  P_gauge=1.5 kPa  Air=NORMAL
2026-09-12T17:00:56.168	ADC=980  Voltage=835 mV  P_abs=98.4 kPa  P_gauge=1.2 kPa  Air=NORMAL
2026-09-12T17:00:57.647	ADC=987  Voltage=846 mV  P_abs=97.1 kPa  P_gauge=-0.0 kPa  Air=NORMAL
2026-09-12T17:00:57.648	ADC=974  Voltage=842 mV  P_abs=98.6 kPa  P_gauge=1.5 kPa  Air=NORMAL
2026-09-12T17:00:58.389	ADC=987  Voltage=842 mV  P_abs=97.9 kPa  P_gauge=0.8 kPa  Air=NORMAL
2026-09-12T17:00:59.128	ADC=985  Voltage=858 mV  P_abs=98.9 kPa  P_gauge=1.8 kPa  Air=NORMAL
2026-09-12T17:00:59.869	ADC=998  Voltage=845 mV  P_abs=98.4 kPa  P_gauge=1.3 kPa  Air=NORMAL
2026-09-12T17:01:00.608	ADC=955  Voltage=841 mV  P_abs=97.5 kPa  P_gauge=0.4 kPa  Air=NORMAL
2026-09-12T17:01:01.349	ADC=959  Voltage=846 mV  P_abs=97.2 kPa  P_gauge=0.1 kPa  Air=NORMAL
2026-09-12T17:01:02.090	ADC=982  Voltage=835 mV  P_abs=97.6 kPa  P_gauge=0.5 kPa  Air=NORMAL
2026-09-12T17:01:02.828	ADC=971  Voltage=834 mV  P_abs=97.9 kPa  P_gauge=0.7 kPa  Air=NORMAL
2026-09-12T17:01:03.568	ADC=982  Voltage=844 mV  P_abs=97.1 kPa  P_gauge=0.0 kPa  Air=NORMAL
2026-09-12T17:01:04.308	ADC=957  Voltage=842 mV  P_abs=97.3 kPa  P_gauge=0.2 kPa  Air=NORMAL
2026-09-12T17:01:05.048	ADC=967  Voltage=840 mV  P_abs=97.4 kPa  P_gauge=0.3 kPa  Air=NORMAL
2026-09-12T17:01:05.788	ADC=981  Voltage=842 mV  P_abs=97.7 kPa  P_gauge=0.6 kPa  Air=NORMAL
2026-09-12T17:01:06.528	ADC=973  Voltage=834 mV  P_abs=98.5 kPa  P_gauge=1.4 kPa  Air=NORMAL
2026-09-12T17:01:07.268	ADC=947  Voltage=842 mV  P_abs=97.8 kPa  P_gauge=0.7 kPa  Air=NORMAL
2026-09-12T17:01:08.007	ADC=980  Voltage=848 mV  P_abs=97.8 kPa  P_gauge=0.7 kPa  Air=NORMAL
2026-09-12T17:01:08.748	ADC=956  Voltage=847 mV  P_abs=96.9 kPa  P_gauge=-0.2 kPa  Air=NORMAL
2026-09-12T17:01:09.487	ADC=970  Voltage=828 mV  P_abs=97.9 kPa  P_gauge=0.8 kPa  Air=NORMAL
2026-09-12T17:01:10.228	ADC=949  Voltage=846 mV  P_abs=97.4 kPa  P_gauge=0.3 kPa  Air=NORMAL
2026-09-12T17:01:10.969	ADC=981  Voltage=849 mV  P_abs=98.3 kPa  P_gauge=1.2 kPa  Air=NORMAL
2026-09-12T17:01:11.708	ADC=991  Voltage=834 mV  P_abs=98.0 kPa  P_gauge=0.9 kPa  Air=NORMAL
2026-09-12T17:01:12.449	ADC=978  Voltage=846 mV  P_abs=97.9 kPa  P_gauge=0.8 kPa  Air=NORMAL
2026-09-12T17:01:13.188	ADC=953  Voltage=841 mV  P_abs=97.6 kPa  P_gauge=0.4 kPa  Air=NORMAL
2026-09-12T17:01:13.927	ADC=971  Voltage=835 mV  P_abs=97.7 kPa  P_gauge=0.6 kPa  Air=NORMAL
2026-09-12T17:01:14.668	ADC=987  Voltage=846 mV  P_abs=97.4 kPa  P_gauge=0.3 kPa  Air=NORMAL
2026-09-12T17:01:15.408	ADC=947  Voltage=820 mV  P_abs=97.5 kPa  P_gauge=0.3 kPa  Air=NORMAL
2026-09-12T17:01:16.148	ADC=977  Voltage=834 mV  P_abs=97.8 kPa  P_gauge=0.7 kPa  Air=NORMAL
2026-09-12T17:01:16.888	ADC=975  Voltage=841 mV  P_abs=98.8 kPa  P_gauge=1.6 kPa  Air=NORMAL
2026-09-12T17:01:17.628	ADC=958  Voltage=822 mV  P_abs=97.7 kPa  P_gauge=0.6 kPa  Air=NORMAL
2026-09-12T17:01:18.369	ADC=980  Voltage=844 mV  P_abs=97.3 kPa  P_gauge=0.2 kPa  Air=NORMAL
2026-09-12T17:01:19.108	ADC=981  Voltage=829 mV  P_abs=97.7 kPa  P_gauge=0.6 kPa  Air=NORMAL
2026-09-12T17:01:19.848	ADC=971  Voltage=837 mV  P_abs=97.3 kPa  P_gauge=0.2 kPa  Air=NORMAL
2026-09-12T17:01:20.587	ADC=977  Voltage=846 mV  P_abs=97.6 kPa  P_gauge=0.5 kPa  Air=NORMAL
2026-09-12T17:01:21.328	ADC=971  Voltage=841 mV  P_abs=98.2 kPa  P_gauge=1.0 kPa  Air=NORMAL
2026-09-12T17:01:22.068	ADC=978  Voltage=835 mV  P_abs=98.1 kPa  P_gauge=1.0 kPa  Air=NORMAL
2026-09-12T17:01:22.808	ADC=979  Voltage=847 mV  P_abs=96.7 kPa  P_gauge=-0.5 kPa  Air=NORMAL
2026-09-12T17:01:23.548	ADC=969  Voltage=835 mV  P_abs=97.4 kPa  P_gauge=0.2 kPa  Air=NORMAL
2026-09-12T17:01:24.288	ADC=952  Voltage=815 mV  P_abs=97.3 kPa  P_gauge=0.1 kPa  Air=NORMAL
2026-09-12T17:01:25.027	ADC=952  Voltage=840 mV  P_abs=98.0 kPa  P_gauge=0.9 kPa  Air=NORMAL
2026-09-12T17:01:25.768	ADC=971  Voltage=830 mV  P_abs=97.5 kPa  P_gauge=0.4 kPa  Air=NORMAL
2026-09-12T17:01:26.508	ADC=965  Voltage=835 mV  P_abs=98.2 kPa  P_gauge=1.1 kPa  Air=NORMAL
2026-09-12T17:01:27.248	ADC=979  Voltage=846 mV  P_abs=97.9 kPa  P_gauge=0.7 kPa  Air=NORMAL
2026-09-12T17:01:27.988	ADC=959  Voltage=835 mV  P_abs=98.1 kPa  P_gauge=1.0 kPa  Air=NORMAL
2026-09-12T17:01:28.727	ADC=968  Voltage=832 mV  P_abs=97.2 kPa  P_gauge=0.0 kPa  Air=NORMAL
2026-09-12T17:01:29.467	ADC=959  Voltage=846 mV  P_abs=98.0 kPa  P_gauge=0.8 kPa  Air=NORMAL
2026-09-12T17:01:30.208	ADC=967  Voltage=835 mV  P_abs=97.9 kPa  P_gauge=0.8 kPa  Air=NORMAL
2026-09-12T17:01:30.947	ADC=980  Voltage=847 mV  P_abs=98.0 kPa  P_gauge=0.9 kPa  Air=NORMAL
2026-09-12T17:01:31.688	ADC=971  Voltage=835 mV  P_abs=97.6 kPa  P_gauge=0.4 kPa  Air=NORMAL
2026-09-12T17:01:32.427	ADC=975  Voltage=822 mV  P_abs=97.5 kPa  P_gauge=0.4 kPa  Air=NORMAL
2026-09-12T17:01:33.168	ADC=976  Voltage=843 mV  P_abs=97.9 kPa  P_gauge=0.8 kPa  Air=NORMAL
2026-09-12T17:01:33.907	ADC=981  Voltage=835 mV  P_abs=97.3 kPa  P_gauge=0.2 kPa  Air=NORMAL
2026-09-12T17:01:34.648	ADC=977  Voltage=846 mV  P_abs=97.2 kPa  P_gauge=0.1 kPa  Air=NORMAL
2026-09-12T17:01:35.387	ADC=956  Voltage=841 mV  P_abs=97.1 kPa  P_gauge=-0.0 kPa  Air=NORMAL
2026-09-12T17:01:36.127	ADC=970  Voltage=853 mV  P_abs=98.1 kPa  P_gauge=0.9 kPa  Air=NORMAL
2026-09-12T17:01:36.867	ADC=957  Voltage=841 mV  P_abs=97.8 kPa  P_gauge=0.6 kPa  Air=NORMAL
2026-09-12T17:01:37.608	ADC=976  Voltage=848 mV  P_abs=98.1 kPa  P_gauge=0.9 kPa  Air=NORMAL
2026-09-12T17:01:38.347	ADC=971  Voltage=833 mV  P_abs=97.4 kPa  P_gauge=0.2 kPa  Air=NORMAL
2026-09-12T17:01:39.085	ADC=971  Voltage=814 mV  P_abs=98.4 kPa  P_gauge=1.3 kPa  Air=NORMAL
2026-09-12T17:01:39.827	ADC=981  Voltage=837 mV  P_abs=97.7 kPa  P_gauge=0.6 kPa  Air=NORMAL
2026-09-12T17:01:40.567	ADC=981  Voltage=846 mV  P_abs=97.9 kPa  P_gauge=0.8 kPa  Air=NORMAL
2026-09-12T17:01:41.307	ADC=990  Voltage=820 mV  P_abs=97.1 kPa  P_gauge=-0.1 kPa  Air=NORMAL
2026-09-12T17:01:42.048	ADC=981  Voltage=841 mV  P_abs=97.7 kPa  P_gauge=0.5 kPa  Air=NORMAL
2026-09-12T17:01:42.787	ADC=989  Voltage=846 mV  P_abs=96.8 kPa  P_gauge=-0.3 kPa  Air=NORMAL
2026-09-12T17:01:43.527	ADC=967  Voltage=844 mV  P_abs=98.1 kPa  P_gauge=1.0 kPa  Air=NORMAL
2026-09-12T17:01:44.266	ADC=986  Voltage=835 mV  P_abs=98.2 kPa  P_gauge=1.1 kPa  Air=NORMAL
2026-09-12T17:01:45.007	ADC=979  Voltage=846 mV  P_abs=98.0 kPa  P_gauge=0.9 kPa  Air=NORMAL
2026-09-12T17:01:45.747	ADC=986  Voltage=846 mV  P_abs=97.7 kPa  P_gauge=0.5 kPa  Air=NORMAL
2026-09-12T17:01:46.488	ADC=969  Voltage=837 mV  P_abs=97.2 kPa  P_gauge=0.1 kPa  Air=NORMAL
2026-09-12T17:01:47.226	ADC=978  Voltage=841 mV  P_abs=97.8 kPa  P_gauge=0.6 kPa  Air=NORMAL
2026-09-12T17:01:47.967	ADC=979  Voltage=841 mV  P_abs=97.3 kPa  P_gauge=0.1 kPa  Air=NORMAL
2026-09-12T17:01:48.707	ADC=953  Voltage=841 mV  P_abs=97.6 kPa  P_gauge=0.5 kPa  Air=NORMAL
2026-09-12T17:01:49.445	ADC=977  Voltage=835 mV  P_abs=97.4 kPa  P_gauge=0.2 kPa  Air=NORMAL
2026-09-12T17:01:50.187	ADC=979  Voltage=841 mV  P_abs=97.2 kPa  P_gauge=0.1 kPa  Air=NORMAL
2026-09-12T17:01:50.927	ADC=972  Voltage=845 mV  P_abs=97.9 kPa  P_gauge=0.8 kPa  Air=NORMAL
2026-09-12T17:01:51.667	ADC=979  Voltage=834 mV  P_abs=97.5 kPa  P_gauge=0.4 kPa  Air=NORMAL
2026-09-12T17:01:52.407	ADC=984  Voltage=837 mV  P_abs=97.7 kPa  P_gauge=0.6 kPa  Air=NORMAL
2026-09-12T17:01:53.147	ADC=987  Voltage=837 mV  P_abs=97.8 kPa  P_gauge=0.6 kPa  Air=NORMAL
2026-09-12T17:01:53.887	ADC=973  Voltage=842 mV  P_abs=97.9 kPa  P_gauge=0.8 kPa  Air=NORMAL
2026-09-12T17:01:54.628	ADC=981  Voltage=846 mV  P_abs=98.1 kPa  P_gauge=0.9 kPa  Air=NORMAL
2026-09-12T17:01:55.367	ADC=973  Voltage=843 mV  P_abs=97.7 kPa  P_gauge=0.5 kPa  Air=NORMAL
2026-09-12T17:01:56.107	ADC=992  Voltage=830 mV  P_abs=97.1 kPa  P_gauge=0.0 kPa  Air=NORMAL
2026-09-12T17:01:56.848	ADC=972  Voltage=840 mV  P_abs=97.7 kPa  P_gauge=0.6 kPa  Air=NORMAL
2026-09-12T17:01:57.586	ADC=965  Voltage=848 mV  P_abs=98.4 kPa  P_gauge=1.3 kPa  Air=NORMAL
2026-09-12T17:01:58.327	ADC=980  Voltage=848 mV  P_abs=97.9 kPa  P_gauge=0.8 kPa  Air=NORMAL
2026-09-12T17:01:59.066	ADC=978  Voltage=844 mV  P_abs=97.3 kPa  P_gauge=0.1 kPa  Air=NORMAL
2026-09-12T17:01:59.807	ADC=971  Voltage=818 mV  P_abs=97.7 kPa  P_gauge=0.6 kPa  Air=NORMAL
2026-09-12T17:02:00.545	ADC=983  Voltage=840 mV  P_abs=97.1 kPa  P_gauge=-0.1 kPa  Air=NORMAL
2026-09-12T17:02:01.287	ADC=947  Voltage=837 mV  P_abs=97.2 kPa  P_gauge=0.0 kPa  Air=NORMAL
2026-09-12T17:02:02.028	ADC=958  Voltage=846 mV  P_abs=97.8 kPa  P_gauge=0.7 kPa  Air=NORMAL
2026-09-12T17:02:02.767	ADC=965  Voltage=835 mV  P_abs=97.3 kPa  P_gauge=0.2 kPa  Air=NORMAL
2026-09-12T17:02:03.506	ADC=955  Voltage=846 mV  P_abs=97.8 kPa  P_gauge=0.6 kPa  Air=NORMAL
2026-09-12T17:02:04.247	ADC=979  Voltage=827 mV  P_abs=97.5 kPa  P_gauge=0.4 kPa  Air=NORMAL
2026-09-12T17:02:04.987	ADC=984  Voltage=822 mV  P_abs=98.1 kPa  P_gauge=1.0 kPa  Air=NORMAL
2026-09-12T17:02:05.727	ADC=986  Voltage=845 mV  P_abs=97.7 kPa  P_gauge=0.6 kPa  Air=NORMAL
2026-09-12T17:02:06.466	ADC=985  Voltage=835 mV  P_abs=97.8 kPa  P_gauge=0.6 kPa  Air=NORMAL
2026-09-12T17:02:07.207	ADC=981  Voltage=845 mV  P_abs=97.8 kPa  P_gauge=0.6 kPa  Air=NORMAL
2026-09-12T17:02:07.947	ADC=967  Voltage=840 mV  P_abs=97.1 kPa  P_gauge=-0.1 kPa  Air=NORMAL
2026-09-12T17:02:08.685	ADC=965  Voltage=822 mV  P_abs=97.5 kPa  P_gauge=0.4 kPa  Air=NORMAL
2026-09-12T17:02:09.427	ADC=958  Voltage=842 mV  P_abs=97.4 kPa  P_gauge=0.2 kPa  Air=NORMAL
2026-09-12T17:02:10.167	ADC=972  Voltage=830 mV  P_abs=98.8 kPa  P_gauge=1.7 kPa  Air=NORMAL
2026-09-12T17:02:10.907	ADC=980  Voltage=841 mV  P_abs=97.8 kPa  P_gauge=0.6 kPa  Air=NORMAL
2026-09-12T17:02:11.647	ADC=975  Voltage=837 mV  P_abs=98.3 kPa  P_gauge=1.2 kPa  Air=NORMAL
2026-09-12T17:02:12.386	ADC=984  Voltage=828 mV  P_abs=97.9 kPa  P_gauge=0.8 kPa  Air=NORMAL
2026-09-12T17:02:13.127	ADC=971  Voltage=834 mV  P_abs=97.8 kPa  P_gauge=0.7 kPa  Air=NORMAL
2026-09-12T17:02:13.866	ADC=979  Voltage=846 mV  P_abs=97.5 kPa  P_gauge=0.3 kPa  Air=NORMAL
2026-09-12T17:02:14.606	ADC=971  Voltage=848 mV  P_abs=97.6 kPa  P_gauge=0.4 kPa  Air=NORMAL
2026-09-12T17:02:15.347	ADC=969  Voltage=846 mV  P_abs=98.5 kPa  P_gauge=1.3 kPa  Air=NORMAL
2026-09-12T17:02:16.086	ADC=975  Voltage=842 mV  P_abs=97.5 kPa  P_gauge=0.4 kPa  Air=NORMAL
2026-09-12T17:02:16.826	ADC=988  Voltage=832 mV  P_abs=97.8 kPa  P_gauge=0.7 kPa  Air=NORMAL
2026-09-12T17:02:17.565	ADC=969  Voltage=841 mV  P_abs=97.9 kPa  P_gauge=0.7 kPa  Air=NORMAL
2026-09-12T17:02:19.046	ADC=984  Voltage=841 mV  P_abs=97.0 kPa  P_gauge=-0.1 kPa  Air=NORMAL
2026-09-12T17:02:19.050	ADC=969  Voltage=846 mV  P_abs=97.9 kPa  P_gauge=0.8 kPa  Air=NORMAL
2026-09-12T17:02:19.787	ADC=965  Voltage=842 mV  P_abs=96.8 kPa  P_gauge=-0.3 kPa  Air=NORMAL
2026-09-12T17:02:20.526	ADC=976  Voltage=848 mV  P_abs=98.0 kPa  P_gauge=0.9 kPa  Air=NORMAL
2026-09-12T17:02:21.266	ADC=949  Voltage=852 mV  P_abs=98.0 kPa  P_gauge=0.9 kPa  Air=NORMAL
2026-09-12T17:02:22.007	ADC=971  Voltage=845 mV  P_abs=97.7 kPa  P_gauge=0.6 kPa  Air=NORMAL
2026-09-12T17:02:22.746	ADC=983  Voltage=845 mV  P_abs=98.4 kPa  P_gauge=1.3 kPa  Air=NORMAL
2026-09-12T17:02:23.485	ADC=974  Voltage=841 mV  P_abs=98.1 kPa  P_gauge=1.0 kPa  Air=NORMAL
2026-09-12T17:02:24.227	ADC=967  Voltage=837 mV  P_abs=98.0 kPa  P_gauge=0.8 kPa  Air=NORMAL
2026-09-12T17:02:24.967	ADC=972  Voltage=829 mV  P_abs=97.5 kPa  P_gauge=0.3 kPa  Air=NORMAL
2026-09-12T17:02:25.704	ADC=969  Voltage=844 mV  P_abs=98.7 kPa  P_gauge=1.5 kPa  Air=NORMAL
2026-09-12T17:02:26.444	ADC=969  Voltage=848 mV  P_abs=97.2 kPa  P_gauge=0.1 kPa  Air=NORMAL
2026-09-12T17:02:27.184	ADC=968  Voltage=849 mV  P_abs=96.7 kPa  P_gauge=-0.4 kPa  Air=NORMAL
2026-09-12T17:02:27.924	ADC=967  Voltage=837 mV  P_abs=96.6 kPa  P_gauge=-0.5 kPa  Air=NORMAL
2026-09-12T17:02:28.667	ADC=979  Voltage=835 mV  P_abs=97.0 kPa  P_gauge=-0.1 kPa  Air=NORMAL
2026-09-12T17:02:29.406	ADC=973  Voltage=845 mV  P_abs=97.3 kPa  P_gauge=0.2 kPa  Air=NORMAL
2026-09-12T17:02:30.147	ADC=980  Voltage=835 mV  P_abs=97.3 kPa  P_gauge=0.2 kPa  Air=NORMAL
2026-09-12T17:02:30.885	ADC=979  Voltage=845 mV  P_abs=95.5 kPa  P_gauge=-1.7 kPa  Air=NORMAL
2026-09-12T17:02:31.624	ADC=969  Voltage=844 mV  P_abs=98.3 kPa  P_gauge=1.2 kPa  Air=NORMAL
2026-09-12T17:02:32.364	ADC=971  Voltage=820 mV  P_abs=97.8 kPa  P_gauge=0.6 kPa  Air=NORMAL
2026-09-12T17:02:33.106	ADC=947  Voltage=830 mV  P_abs=98.1 kPa  P_gauge=1.0 kPa  Air=NORMAL
2026-09-12T17:02:33.845	ADC=997  Voltage=845 mV  P_abs=96.6 kPa  P_gauge=-0.5 kPa  Air=NORMAL
2026-09-12T17:02:34.586	ADC=979  Voltage=835 mV  P_abs=96.9 kPa  P_gauge=-0.3 kPa  Air=NORMAL
2026-09-12T17:02:35.327	ADC=973  Voltage=841 mV  P_abs=97.7 kPa  P_gauge=0.5 kPa  Air=NORMAL
2026-09-12T17:02:36.066	ADC=989  Voltage=845 mV  P_abs=97.9 kPa  P_gauge=0.8 kPa  Air=NORMAL
2026-09-12T17:02:36.806	ADC=970  Voltage=837 mV  P_abs=97.7 kPa  P_gauge=0.5 kPa  Air=NORMAL
2026-09-12T17:02:37.545	ADC=959  Voltage=841 mV  P_abs=98.4 kPa  P_gauge=1.2 kPa  Air=NORMAL
2026-09-12T17:02:38.286	ADC=964  Voltage=841 mV  P_abs=97.2 kPa  P_gauge=0.1 kPa  Air=NORMAL
2026-09-12T17:02:39.027	ADC=987  Voltage=835 mV  P_abs=97.6 kPa  P_gauge=0.5 kPa  Air=NORMAL
2026-09-12T17:02:39.765	ADC=970  Voltage=842 mV  P_abs=97.5 kPa  P_gauge=0.4 kPa  Air=NORMAL
2026-09-12T17:02:40.505	ADC=967  Voltage=846 mV  P_abs=96.9 kPa  P_gauge=-0.2 kPa  Air=NORMAL
2026-09-12T17:02:41.245	ADC=977  Voltage=842 mV  P_abs=97.3 kPa  P_gauge=0.2 kPa  Air=NORMAL
2026-09-12T17:02:41.986	ADC=985  Voltage=846 mV  P_abs=97.5 kPa  P_gauge=0.4 kPa  Air=NORMAL
2026-09-12T17:02:42.726	ADC=973  Voltage=842 mV  P_abs=97.0 kPa  P_gauge=-0.1 kPa  Air=NORMAL
2026-09-12T17:02:43.468	ADC=965  Voltage=835 mV  P_abs=98.5 kPa  P_gauge=1.4 kPa  Air=NORMAL
2026-09-12T17:02:44.206	ADC=981  Voltage=841 mV  P_abs=98.8 kPa  P_gauge=1.7 kPa  Air=NORMAL
2026-09-12T17:02:44.945	ADC=991  Voltage=846 mV  P_abs=98.3 kPa  P_gauge=1.2 kPa  Air=NORMAL
2026-09-12T17:02:45.686	ADC=985  Voltage=834 mV  P_abs=98.5 kPa  P_gauge=1.3 kPa  Air=NORMAL
2026-09-12T17:02:46.426	ADC=977  Voltage=846 mV  P_abs=98.3 kPa  P_gauge=1.1 kPa  Air=NORMAL
2026-09-12T17:02:47.166	ADC=981  Voltage=855 mV  P_abs=97.4 kPa  P_gauge=0.3 kPa  Air=NORMAL
2026-09-12T17:02:47.906	ADC=983  Voltage=837 mV  P_abs=98.2 kPa  P_gauge=1.0 kPa  Air=NORMAL
2026-09-12T17:02:48.645	ADC=975  Voltage=830 mV  P_abs=98.1 kPa  P_gauge=1.0 kPa  Air=NORMAL
2026-09-12T17:02:49.384	ADC=978  Voltage=834 mV  P_abs=97.0 kPa  P_gauge=-0.1 kPa  Air=NORMAL
2026-09-12T17:02:50.125	ADC=975  Voltage=837 mV  P_abs=97.4 kPa  P_gauge=0.2 kPa  Air=NORMAL
2026-09-12T17:02:50.866	ADC=967  Voltage=844 mV  P_abs=98.5 kPa  P_gauge=1.4 kPa  Air=NORMAL
2026-09-12T17:02:51.606	ADC=973  Voltage=829 mV  P_abs=98.2 kPa  P_gauge=1.1 kPa  Air=NORMAL
2026-09-12T17:02:52.346	ADC=951  Voltage=834 mV  P_abs=97.7 kPa  P_gauge=0.6 kPa  Air=NORMAL
2026-09-12T17:02:53.085	ADC=971  Voltage=820 mV  P_abs=97.5 kPa  P_gauge=0.4 kPa  Air=NORMAL
2026-09-12T17:02:53.824	ADC=959  Voltage=834 mV  P_abs=97.7 kPa  P_gauge=0.5 kPa  Air=NORMAL
2026-09-12T17:02:54.566	ADC=978  Voltage=845 mV  P_abs=97.2 kPa  P_gauge=0.1 kPa  Air=NORMAL
2026-09-12T17:02:55.305	ADC=991  Voltage=841 mV  P_abs=97.9 kPa  P_gauge=0.8 kPa  Air=NORMAL
2026-09-12T17:02:56.046	ADC=988  Voltage=837 mV  P_abs=98.1 kPa  P_gauge=0.9 kPa  Air=NORMAL
2026-09-12T17:02:56.786	ADC=988  Voltage=837 mV  P_abs=97.8 kPa  P_gauge=0.7 kPa  Air=NORMAL
2026-09-12T17:02:57.524	ADC=977  Voltage=853 mV  P_abs=97.5 kPa  P_gauge=0.4 kPa  Air=NORMAL
2026-09-12T17:02:58.266	ADC=937  Voltage=846 mV  P_abs=97.8 kPa  P_gauge=0.7 kPa  Air=NORMAL
2026-09-12T17:02:59.006	ADC=977  Voltage=855 mV  P_abs=97.6 kPa  P_gauge=0.4 kPa  Air=NORMAL
2026-09-12T17:02:59.746	ADC=983  Voltage=846 mV  P_abs=98.0 kPa  P_gauge=0.9 kPa  Air=NORMAL
2026-09-12T17:03:00.486	ADC=970  Voltage=841 mV  P_abs=97.7 kPa  P_gauge=0.6 kPa  Air=NORMAL
2026-09-12T17:03:01.225	ADC=987  Voltage=835 mV  P_abs=97.2 kPa  P_gauge=0.1 kPa  Air=NORMAL
2026-09-12T17:03:01.966	ADC=976  Voltage=846 mV  P_abs=97.9 kPa  P_gauge=0.8 kPa  Air=NORMAL
2026-09-12T17:03:02.703	ADC=979  Voltage=841 mV  P_abs=97.3 kPa  P_gauge=0.2 kPa  Air=NORMAL
2026-09-12T17:03:03.443	ADC=987  Voltage=856 mV  P_abs=97.5 kPa  P_gauge=0.4 kPa  Air=NORMAL
2026-09-12T17:03:04.185	ADC=963  Voltage=834 mV  P_abs=97.8 kPa  P_gauge=0.6 kPa  Air=NORMAL
2026-09-12T17:03:04.924	ADC=951  Voltage=822 mV  P_abs=97.2 kPa  P_gauge=0.0 kPa  Air=NORMAL
2026-09-12T17:03:05.664	ADC=973  Voltage=845 mV  P_abs=97.1 kPa  P_gauge=-0.0 kPa  Air=NORMAL
2026-09-12T17:03:06.405	ADC=983  Voltage=854 mV  P_abs=98.4 kPa  P_gauge=1.3 kPa  Air=NORMAL
2026-09-12T17:03:07.143	ADC=968  Voltage=833 mV  P_abs=97.7 kPa  P_gauge=0.6 kPa  Air=NORMAL
2026-09-12T17:03:07.883	ADC=973  Voltage=835 mV  P_abs=97.7 kPa  P_gauge=0.6 kPa  Air=NORMAL
2026-09-12T17:03:08.626	ADC=973  Voltage=809 mV  P_abs=97.6 kPa  P_gauge=0.5 kPa  Air=NORMAL
2026-09-12T17:03:09.365	ADC=966  Voltage=846 mV  P_abs=96.7 kPa  P_gauge=-0.4 kPa  Air=NORMAL
2026-09-12T17:03:10.106	ADC=989  Voltage=844 mV  P_abs=97.7 kPa  P_gauge=0.6 kPa  Air=NORMAL
2026-09-12T17:03:10.844	ADC=981  Voltage=845 mV  P_abs=97.4 kPa  P_gauge=0.3 kPa  Air=NORMAL
2026-09-12T17:03:11.586	ADC=943  Voltage=848 mV  P_abs=97.0 kPa  P_gauge=-0.1 kPa  Air=NORMAL
2026-09-12T17:03:12.328	ADC=973  Voltage=834 mV  P_abs=97.8 kPa  P_gauge=0.7 kPa  Air=NORMAL
2026-09-12T17:03:13.064	ADC=956  Voltage=834 mV  P_abs=97.4 kPa  P_gauge=0.2 kPa  Air=NORMAL
2026-09-12T17:03:13.806	ADC=978  Voltage=838 mV  P_abs=98.1 kPa  P_gauge=0.9 kPa  Air=NORMAL
2026-09-12T17:03:14.545	ADC=979  Voltage=837 mV  P_abs=97.3 kPa  P_gauge=0.2 kPa  Air=NORMAL
2026-09-12T17:03:15.286	ADC=984  Voltage=841 mV  P_abs=97.4 kPa  P_gauge=0.2 kPa  Air=NORMAL
2026-09-12T17:03:16.024	ADC=955  Voltage=822 mV  P_abs=98.0 kPa  P_gauge=0.9 kPa  Air=NORMAL
2026-09-12T17:03:16.763	ADC=979  Voltage=837 mV  P_abs=98.3 kPa  P_gauge=1.2 kPa  Air=NORMAL
2026-09-12T17:03:17.505	ADC=967  Voltage=841 mV  P_abs=97.7 kPa  P_gauge=0.6 kPa  Air=NORMAL
2026-09-12T17:03:18.245	ADC=976  Voltage=846 mV  P_abs=98.2 kPa  P_gauge=1.0 kPa  Air=NORMAL
2026-09-12T17:03:18.984	ADC=984  Voltage=835 mV  P_abs=97.7 kPa  P_gauge=0.5 kPa  Air=NORMAL
2026-09-12T17:03:19.725	ADC=983  Voltage=834 mV  P_abs=98.1 kPa  P_gauge=1.0 kPa  Air=NORMAL
2026-09-12T17:03:20.464	ADC=988  Voltage=846 mV  P_abs=98.5 kPa  P_gauge=1.4 kPa  Air=NORMAL
2026-09-12T17:03:21.203	ADC=971  Voltage=820 mV  P_abs=96.8 kPa  P_gauge=-0.3 kPa  Air=NORMAL
2026-09-12T17:03:21.945	ADC=989  Voltage=846 mV  P_abs=97.2 kPa  P_gauge=0.1 kPa  Air=NORMAL
2026-09-12T17:03:22.683	ADC=968  Voltage=842 mV  P_abs=97.0 kPa  P_gauge=-0.1 kPa  Air=NORMAL
2026-09-12T17:03:23.423	ADC=943  Voltage=828 mV  P_abs=97.3 kPa  P_gauge=0.2 kPa  Air=NORMAL
2026-09-12T17:03:24.165	ADC=970  Voltage=844 mV  P_abs=97.3 kPa  P_gauge=0.2 kPa  Air=NORMAL
2026-09-12T17:03:24.906	ADC=989  Voltage=847 mV  P_abs=98.2 kPa  P_gauge=1.1 kPa  Air=NORMAL
2026-09-12T17:03:25.645	ADC=955  Voltage=816 mV  P_abs=97.7 kPa  P_gauge=0.6 kPa  Air=NORMAL
2026-09-12T17:03:26.385	ADC=974  Voltage=830 mV  P_abs=98.4 kPa  P_gauge=1.2 kPa  Air=NORMAL
2026-09-12T17:03:27.124	ADC=943  Voltage=828 mV  P_abs=96.9 kPa  P_gauge=-0.2 kPa  Air=NORMAL
2026-09-12T17:03:27.864	ADC=973  Voltage=829 mV  P_abs=97.0 kPa  P_gauge=-0.1 kPa  Air=NORMAL
2026-09-12T17:03:28.607	ADC=978  Voltage=823 mV  P_abs=97.5 kPa  P_gauge=0.4 kPa  Air=NORMAL
2026-09-12T17:03:29.343	ADC=957  Voltage=846 mV  P_abs=97.8 kPa  P_gauge=0.7 kPa  Air=NORMAL
2026-09-12T17:03:30.083	ADC=953  Voltage=841 mV  P_abs=97.0 kPa  P_gauge=-0.2 kPa  Air=NORMAL
2026-09-12T17:03:30.824	ADC=990  Voltage=835 mV  P_abs=97.2 kPa  P_gauge=0.1 kPa  Air=NORMAL
2026-09-12T17:03:31.565	ADC=975  Voltage=830 mV  P_abs=97.0 kPa  P_gauge=-0.2 kPa  Air=NORMAL
2026-09-12T17:03:32.305	ADC=985  Voltage=837 mV  P_abs=97.7 kPa  P_gauge=0.5 kPa  Air=NORMAL
2026-09-12T17:03:33.044	ADC=974  Voltage=846 mV  P_abs=98.1 kPa  P_gauge=0.9 kPa  Air=NORMAL
2026-09-12T17:03:33.783	ADC=964  Voltage=835 mV  P_abs=96.9 kPa  P_gauge=-0.3 kPa  Air=NORMAL
2026-09-12T17:03:34.524	ADC=959  Voltage=822 mV  P_abs=96.5 kPa  P_gauge=-0.6 kPa  Air=NORMAL
2026-09-12T17:03:35.264	ADC=959  Voltage=845 mV  P_abs=98.4 kPa  P_gauge=1.3 kPa  Air=NORMAL
2026-09-12T17:03:36.005	ADC=978  Voltage=841 mV  P_abs=97.6 kPa  P_gauge=0.5 kPa  Air=NORMAL
2026-09-12T17:03:36.743	ADC=987  Voltage=835 mV  P_abs=97.2 kPa  P_gauge=0.1 kPa  Air=NORMAL
2026-09-12T17:03:37.485	ADC=971  Voltage=830 mV  P_abs=96.7 kPa  P_gauge=-0.4 kPa  Air=NORMAL
2026-09-12T17:03:38.225	ADC=970  Voltage=830 mV  P_abs=97.1 kPa  P_gauge=-0.0 kPa  Air=NORMAL
2026-09-12T17:03:38.965	ADC=975  Voltage=845 mV  P_abs=98.3 kPa  P_gauge=1.1 kPa  Air=NORMAL
2026-09-12T17:03:39.705	ADC=979  Voltage=834 mV  P_abs=97.5 kPa  P_gauge=0.4 kPa  Air=NORMAL
2026-09-12T17:03:40.444	ADC=973  Voltage=844 mV  P_abs=98.1 kPa  P_gauge=1.0 kPa  Air=NORMAL
2026-09-12T17:03:41.185	ADC=999  Voltage=844 mV  P_abs=97.7 kPa  P_gauge=0.5 kPa  Air=NORMAL
2026-09-12T17:03:41.923	ADC=971  Voltage=833 mV  P_abs=97.2 kPa  P_gauge=0.1 kPa  Air=NORMAL
2026-09-12T17:03:42.663	ADC=971  Voltage=818 mV  P_abs=96.4 kPa  P_gauge=-0.7 kPa  Air=NORMAL
2026-09-12T17:03:43.404	ADC=973  Voltage=818 mV  P_abs=97.4 kPa  P_gauge=0.3 kPa  Air=NORMAL
2026-09-12T17:03:44.144	ADC=973  Voltage=830 mV  P_abs=97.7 kPa  P_gauge=0.6 kPa  Air=NORMAL
2026-09-12T17:03:44.883	ADC=956  Voltage=846 mV  P_abs=98.3 kPa  P_gauge=1.1 kPa  Air=NORMAL
2026-09-12T17:03:45.623	ADC=996  Voltage=848 mV  P_abs=97.8 kPa  P_gauge=0.6 kPa  Air=NORMAL
2026-09-12T17:03:46.365	ADC=973  Voltage=818 mV  P_abs=97.7 kPa  P_gauge=0.5 kPa  Air=NORMAL
2026-09-12T17:03:47.109	ADC=972  Voltage=837 mV  P_abs=97.5 kPa  P_gauge=0.4 kPa  Air=NORMAL
2026-09-12T17:03:47.843	ADC=981  Voltage=843 mV  P_abs=98.4 kPa  P_gauge=1.3 kPa  Air=NORMAL
2026-09-12T17:03:48.584	ADC=971  Voltage=841 mV  P_abs=97.7 kPa  P_gauge=0.5 kPa  Air=NORMAL
2026-09-12T17:03:49.323	ADC=984  Voltage=841 mV  P_abs=97.8 kPa  P_gauge=0.7 kPa  Air=NORMAL
2026-09-12T17:03:50.063	ADC=977  Voltage=834 mV  P_abs=96.1 kPa  P_gauge=-1.0 kPa  Air=NORMAL
2026-09-12T17:03:50.804	ADC=973  Voltage=852 mV  P_abs=97.7 kPa  P_gauge=0.6 kPa  Air=NORMAL
2026-09-12T17:03:51.543	ADC=955  Voltage=806 mV  P_abs=97.8 kPa  P_gauge=0.7 kPa  Air=NORMAL
2026-09-12T17:03:52.285	ADC=975  Voltage=835 mV  P_abs=98.0 kPa  P_gauge=0.9 kPa  Air=NORMAL
2026-09-12T17:03:53.024	ADC=978  Voltage=833 mV  P_abs=96.3 kPa  P_gauge=-0.9 kPa  Air=NORMAL
2026-09-12T17:03:53.762	ADC=972  Voltage=844 mV  P_abs=97.2 kPa  P_gauge=0.1 kPa  Air=NORMAL
2026-09-12T17:03:54.503	ADC=984  Voltage=841 mV  P_abs=97.9 kPa  P_gauge=0.7 kPa  Air=NORMAL
2026-09-12T17:03:55.245	ADC=989  Voltage=830 mV  P_abs=97.3 kPa  P_gauge=0.2 kPa  Air=NORMAL
2026-09-12T17:03:55.984	ADC=951  Voltage=835 mV  P_abs=97.8 kPa  P_gauge=0.7 kPa  Air=NORMAL
2026-09-12T17:03:56.724	ADC=987  Voltage=837 mV  P_abs=97.3 kPa  P_gauge=0.2 kPa  Air=NORMAL
2026-09-12T17:03:57.466	ADC=981  Voltage=837 mV  P_abs=98.2 kPa  P_gauge=1.1 kPa  Air=NORMAL
2026-09-12T17:03:58.204	ADC=967  Voltage=832 mV  P_abs=98.1 kPa  P_gauge=1.0 kPa  Air=NORMAL
2026-09-12T17:03:58.944	ADC=965  Voltage=843 mV  P_abs=97.2 kPa  P_gauge=0.0 kPa  Air=NORMAL
2026-09-12T17:03:59.683	ADC=967  Voltage=820 mV  P_abs=96.8 kPa  P_gauge=-0.3 kPa  Air=NORMAL
2026-09-12T17:04:00.423	ADC=964  Voltage=832 mV  P_abs=98.0 kPa  P_gauge=0.9 kPa  Air=NORMAL
2026-09-12T17:04:01.165	ADC=979  Voltage=841 mV  P_abs=98.3 kPa  P_gauge=1.2 kPa  Air=NORMAL
2026-09-12T17:04:01.904	ADC=983  Voltage=841 mV  P_abs=97.4 kPa  P_gauge=0.3 kPa  Air=NORMAL
2026-09-12T17:04:02.644	ADC=956  Voltage=840 mV  P_abs=97.4 kPa  P_gauge=0.3 kPa  Air=NORMAL
2026-09-12T17:04:03.387	ADC=977  Voltage=833 mV  P_abs=96.2 kPa  P_gauge=-0.9 kPa  Air=NORMAL
2026-09-12T17:04:04.124	ADC=953  Voltage=822 mV  P_abs=98.4 kPa  P_gauge=1.3 kPa  Air=NORMAL
2026-09-12T17:04:04.864	ADC=969  Voltage=834 mV  P_abs=97.3 kPa  P_gauge=0.1 kPa  Air=NORMAL
2026-09-12T17:04:05.604	ADC=975  Voltage=845 mV  P_abs=97.3 kPa  P_gauge=0.2 kPa  Air=NORMAL
2026-09-12T17:04:06.342	ADC=967  Voltage=845 mV  P_abs=97.2 kPa  P_gauge=0.1 kPa  Air=NORMAL
2026-09-12T17:04:07.823	ADC=967  Voltage=842 mV  P_abs=97.1 kPa  P_gauge=-0.1 kPa  Air=NORMAL
2026-09-12T17:04:07.826	ADC=943  Voltage=841 mV  P_abs=98.3 kPa  P_gauge=1.1 kPa  Air=NORMAL
2026-09-12T17:04:08.562	ADC=963  Voltage=815 mV  P_abs=96.1 kPa  P_gauge=-1.0 kPa  Air=NORMAL
2026-09-12T17:04:09.303	ADC=989  Voltage=835 mV  P_abs=96.8 kPa  P_gauge=-0.3 kPa  Air=NORMAL
2026-09-12T17:04:10.043	ADC=997  Voltage=849 mV  P_abs=97.3 kPa  P_gauge=0.2 kPa  Air=NORMAL
2026-09-12T17:04:10.782	ADC=966  Voltage=829 mV  P_abs=97.5 kPa  P_gauge=0.4 kPa  Air=NORMAL
2026-09-12T17:04:11.523	ADC=971  Voltage=822 mV  P_abs=97.5 kPa  P_gauge=0.4 kPa  Air=NORMAL
2026-09-12T17:04:12.264	ADC=965  Voltage=835 mV  P_abs=97.6 kPa  P_gauge=0.5 kPa  Air=NORMAL
2026-09-12T17:04:13.002	ADC=985  Voltage=841 mV  P_abs=98.0 kPa  P_gauge=0.8 kPa  Air=NORMAL
2026-09-12T17:04:13.745	ADC=987  Voltage=849 mV  P_abs=98.8 kPa  P_gauge=1.7 kPa  Air=NORMAL
2026-09-12T17:04:14.482	ADC=952  Voltage=848 mV  P_abs=96.4 kPa  P_gauge=-0.7 kPa  Air=NORMAL
2026-09-12T17:04:15.224	ADC=985  Voltage=835 mV  P_abs=98.4 kPa  P_gauge=1.2 kPa  Air=NORMAL
2026-09-12T17:04:15.964	ADC=967  Voltage=852 mV  P_abs=97.7 kPa  P_gauge=0.6 kPa  Air=NORMAL
2026-09-12T17:04:16.704	ADC=948  Voltage=841 mV  P_abs=98.2 kPa  P_gauge=1.0 kPa  Air=NORMAL
2026-09-12T17:04:17.443	ADC=974  Voltage=835 mV  P_abs=96.8 kPa  P_gauge=-0.4 kPa  Air=NORMAL
2026-09-12T17:04:18.923	ADC=977  Voltage=833 mV  P_abs=96.6 kPa  P_gauge=-0.6 kPa  Air=NORMAL
2026-09-12T17:04:18.924	ADC=975  Voltage=841 mV  P_abs=96.1 kPa  P_gauge=-1.0 kPa  Air=NORMAL
2026-09-12T17:04:19.664	ADC=971  Voltage=822 mV  P_abs=97.2 kPa  P_gauge=0.0 kPa  Air=NORMAL
2026-09-12T17:04:20.401	ADC=965  Voltage=816 mV  P_abs=97.5 kPa  P_gauge=0.3 kPa  Air=NORMAL
2026-09-12T17:04:21.142	ADC=978  Voltage=837 mV  P_abs=97.5 kPa  P_gauge=0.3 kPa  Air=NORMAL
2026-09-12T17:04:21.882	ADC=979  Voltage=848 mV  P_abs=96.2 kPa  P_gauge=-1.0 kPa  Air=NORMAL
2026-09-12T17:04:22.622	ADC=954  Voltage=816 mV  P_abs=97.7 kPa  P_gauge=0.5 kPa  Air=NORMAL
2026-09-12T17:04:23.363	ADC=977  Voltage=842 mV  P_abs=97.2 kPa  P_gauge=0.0 kPa  Air=NORMAL
2026-09-12T17:04:24.103	ADC=969  Voltage=835 mV  P_abs=97.2 kPa  P_gauge=0.0 kPa  Air=NORMAL
2026-09-12T17:04:24.844	ADC=984  Voltage=842 mV  P_abs=97.6 kPa  P_gauge=0.4 kPa  Air=NORMAL
2026-09-12T17:04:25.583	ADC=968  Voltage=835 mV  P_abs=96.3 kPa  P_gauge=-0.8 kPa  Air=NORMAL
2026-09-12T17:04:26.322	ADC=973  Voltage=837 mV  P_abs=96.9 kPa  P_gauge=-0.2 kPa  Air=NORMAL
2026-09-12T17:04:27.804	ADC=971  Voltage=823 mV  P_abs=96.7 kPa  P_gauge=-0.4 kPa  Air=NORMAL
2026-09-12T17:04:27.806	ADC=975  Voltage=835 mV  P_abs=97.6 kPa  P_gauge=0.4 kPa  Air=NORMAL
2026-09-12T17:04:28.543	ADC=972  Voltage=837 mV  P_abs=97.5 kPa  P_gauge=0.4 kPa  Air=NORMAL
2026-09-12T17:04:29.282	ADC=965  Voltage=830 mV  P_abs=97.6 kPa  P_gauge=0.5 kPa  Air=NORMAL
2026-09-12T17:04:30.022	ADC=987  Voltage=846 mV  P_abs=97.2 kPa  P_gauge=0.0 kPa  Air=NORMAL
2026-09-12T17:04:30.761	ADC=947  Voltage=816 mV  P_abs=97.8 kPa  P_gauge=0.7 kPa  Air=NORMAL
2026-09-12T17:04:31.504	ADC=982  Voltage=838 mV  P_abs=97.1 kPa  P_gauge=0.0 kPa  Air=NORMAL
2026-09-12T17:04:32.242	ADC=978  Voltage=816 mV  P_abs=97.8 kPa  P_gauge=0.6 kPa  Air=NORMAL
2026-09-12T17:04:32.982	ADC=973  Voltage=830 mV  P_abs=96.7 kPa  P_gauge=-0.5 kPa  Air=NORMAL
2026-09-12T17:04:33.725	ADC=977  Voltage=849 mV  P_abs=97.8 kPa  P_gauge=0.6 kPa  Air=NORMAL
2026-09-12T17:04:34.463	ADC=955  Voltage=840 mV  P_abs=97.1 kPa  P_gauge=0.0 kPa  Air=NORMAL
2026-09-12T17:04:35.205	ADC=987  Voltage=816 mV  P_abs=98.4 kPa  P_gauge=1.3 kPa  Air=NORMAL
2026-09-12T17:04:35.946	ADC=981  Voltage=835 mV  P_abs=97.4 kPa  P_gauge=0.2 kPa  Air=NORMAL
2026-09-12T17:04:36.685	ADC=970  Voltage=830 mV  P_abs=97.0 kPa  P_gauge=-0.1 kPa  Air=NORMAL
2026-09-12T17:04:37.425	ADC=971  Voltage=837 mV  P_abs=97.3 kPa  P_gauge=0.1 kPa  Air=NORMAL
2026-09-12T17:04:38.162	ADC=979  Voltage=815 mV  P_abs=96.4 kPa  P_gauge=-0.7 kPa  Air=NORMAL
2026-09-12T17:04:38.902	ADC=965  Voltage=846 mV  P_abs=96.2 kPa  P_gauge=-0.9 kPa  Air=NORMAL
2026-09-12T17:04:39.642	ADC=975  Voltage=823 mV  P_abs=96.5 kPa  P_gauge=-0.7 kPa  Air=NORMAL
2026-09-12T17:04:40.382	ADC=988  Voltage=816 mV  P_abs=97.5 kPa  P_gauge=0.4 kPa  Air=NORMAL
2026-09-12T17:04:41.122	ADC=953  Voltage=835 mV  P_abs=98.5 kPa  P_gauge=1.3 kPa  Air=NORMAL
2026-09-12T17:04:41.862	ADC=986  Voltage=843 mV  P_abs=97.6 kPa  P_gauge=0.4 kPa  Air=NORMAL
2026-09-12T17:04:42.602	ADC=963  Voltage=820 mV  P_abs=97.6 kPa  P_gauge=0.5 kPa  Air=NORMAL
2026-09-12T17:04:43.342	ADC=954  Voltage=846 mV  P_abs=97.9 kPa  P_gauge=0.7 kPa  Air=NORMAL
2026-09-12T17:04:44.082	ADC=959  Voltage=848 mV  P_abs=97.7 kPa  P_gauge=0.6 kPa  Air=NORMAL
2026-09-12T17:04:44.822	ADC=970  Voltage=809 mV  P_abs=95.2 kPa  P_gauge=-1.9 kPa  Air=NORMAL
2026-09-12T17:04:45.562	ADC=937  Voltage=811 mV  P_abs=92.1 kPa  P_gauge=-5.1 kPa  Air=LOW
2026-09-12T17:04:46.302	ADC=921  Voltage=795 mV  P_abs=91.5 kPa  P_gauge=-5.6 kPa  Air=LOW
2026-09-12T17:04:47.042	ADC=896  Voltage=782 mV  P_abs=91.6 kPa  P_gauge=-5.5 kPa  Air=LOW
2026-09-12T17:04:47.782	ADC=940  Voltage=801 mV  P_abs=91.8 kPa  P_gauge=-5.4 kPa  Air=LOW
2026-09-12T17:04:48.522	ADC=933  Voltage=811 mV  P_abs=92.1 kPa  P_gauge=-5.0 kPa  Air=LOW
2026-09-12T17:04:49.262	ADC=927  Voltage=794 mV  P_abs=92.0 kPa  P_gauge=-5.1 kPa  Air=LOW
2026-09-12T17:04:50.002	ADC=927  Voltage=799 mV  P_abs=92.5 kPa  P_gauge=-4.7 kPa  Air=LOW
2026-09-12T17:04:51.481	ADC=943  Voltage=806 mV  P_abs=91.4 kPa  P_gauge=-5.8 kPa  Air=LOW
2026-09-12T17:04:51.483	ADC=935  Voltage=806 mV  P_abs=91.8 kPa  P_gauge=-5.3 kPa  Air=LOW
2026-09-12T17:04:52.221	ADC=931  Voltage=797 mV  P_abs=91.1 kPa  P_gauge=-6.0 kPa  Air=LOW
2026-09-12T17:04:52.963	ADC=745  Voltage=647 mV  P_abs=48.1 kPa  P_gauge=-49.0 kPa  Air=LOW
2026-09-12T17:04:53.703	ADC=381  Voltage=364 mV  P_abs=23.0 kPa  P_gauge=-74.2 kPa  Air=LOW
2026-09-12T17:04:54.443	ADC=381  Voltage=349 mV  P_abs=21.2 kPa  P_gauge=-76.0 kPa  Air=LOW
2026-09-12T17:04:55.183	ADC=396  Voltage=347 mV  P_abs=20.9 kPa  P_gauge=-76.2 kPa  Air=LOW
2026-09-12T17:04:55.924	ADC=391  Voltage=337 mV  P_abs=22.0 kPa  P_gauge=-75.1 kPa  Air=LOW
2026-09-12T17:04:56.663	ADC=393  Voltage=336 mV  P_abs=21.3 kPa  P_gauge=-75.9 kPa  Air=LOW
2026-09-12T17:04:57.404	ADC=484  Voltage=418 mV  P_abs=33.3 kPa  P_gauge=-63.8 kPa  Air=LOW
2026-09-12T17:04:58.141	ADC=475  Voltage=424 mV  P_abs=33.7 kPa  P_gauge=-63.5 kPa  Air=LOW
2026-09-12T17:04:58.883	ADC=489  Voltage=410 mV  P_abs=33.4 kPa  P_gauge=-63.7 kPa  Air=LOW
2026-09-12T17:04:59.621	ADC=486  Voltage=415 mV  P_abs=32.9 kPa  P_gauge=-64.2 kPa  Air=LOW
2026-09-12T17:05:00.361	ADC=472  Voltage=431 mV  P_abs=32.1 kPa  P_gauge=-65.1 kPa  Air=LOW
2026-09-12T17:05:01.101	ADC=472  Voltage=402 mV  P_abs=33.5 kPa  P_gauge=-63.7 kPa  Air=LOW
2026-09-12T17:05:01.841	ADC=484  Voltage=415 mV  P_abs=32.7 kPa  P_gauge=-64.4 kPa  Air=LOW
2026-09-12T17:05:02.581	ADC=479  Voltage=420 mV  P_abs=32.8 kPa  P_gauge=-64.3 kPa  Air=LOW
2026-09-12T17:05:03.321	ADC=443  Voltage=425 mV  P_abs=33.4 kPa  P_gauge=-63.7 kPa  Air=LOW
2026-09-12T17:05:04.061	ADC=477  Voltage=418 mV  P_abs=32.8 kPa  P_gauge=-64.3 kPa  Air=LOW
2026-09-12T17:05:04.801	ADC=477  Voltage=424 mV  P_abs=33.5 kPa  P_gauge=-63.6 kPa  Air=LOW
2026-09-12T17:05:05.541	ADC=477  Voltage=414 mV  P_abs=33.3 kPa  P_gauge=-63.9 kPa  Air=LOW
2026-09-12T17:05:06.281	ADC=473  Voltage=400 mV  P_abs=33.6 kPa  P_gauge=-63.5 kPa  Air=LOW
2026-09-12T17:05:07.021	ADC=476  Voltage=414 mV  P_abs=33.1 kPa  P_gauge=-64.0 kPa  Air=LOW
2026-09-12T17:05:07.761	ADC=488  Voltage=419 mV  P_abs=33.2 kPa  P_gauge=-63.9 kPa  Air=LOW
2026-09-12T17:05:08.505	ADC=489  Voltage=427 mV  P_abs=33.7 kPa  P_gauge=-63.4 kPa  Air=LOW
2026-09-12T17:05:09.243	ADC=487  Voltage=418 mV  P_abs=33.5 kPa  P_gauge=-63.7 kPa  Air=LOW
2026-09-12T17:05:09.981	ADC=475  Voltage=418 mV  P_abs=33.6 kPa  P_gauge=-63.5 kPa  Air=LOW
2026-09-12T17:05:10.723	ADC=474  Voltage=423 mV  P_abs=33.1 kPa  P_gauge=-64.0 kPa  Air=LOW
2026-09-12T17:05:11.463	ADC=488  Voltage=426 mV  P_abs=33.5 kPa  P_gauge=-63.6 kPa  Air=LOW
2026-09-12T17:05:12.202	ADC=484  Voltage=421 mV  P_abs=34.3 kPa  P_gauge=-62.9 kPa  Air=LOW
2026-09-12T17:05:12.942	ADC=486  Voltage=391 mV  P_abs=34.3 kPa  P_gauge=-62.9 kPa  Air=LOW
2026-09-12T17:05:13.683	ADC=479  Voltage=420 mV  P_abs=33.8 kPa  P_gauge=-63.3 kPa  Air=LOW
2026-09-12T17:05:14.424	ADC=475  Voltage=433 mV  P_abs=35.1 kPa  P_gauge=-62.0 kPa  Air=LOW
2026-09-12T17:05:15.163	ADC=487  Voltage=419 mV  P_abs=33.7 kPa  P_gauge=-63.5 kPa  Air=LOW
2026-09-12T17:05:15.901	ADC=491  Voltage=420 mV  P_abs=33.8 kPa  P_gauge=-63.3 kPa  Air=LOW
2026-09-12T17:05:16.645	ADC=478  Voltage=411 mV  P_abs=34.3 kPa  P_gauge=-62.8 kPa  Air=LOW
2026-09-12T17:05:17.383	ADC=481  Voltage=414 mV  P_abs=34.7 kPa  P_gauge=-62.4 kPa  Air=LOW
2026-09-12T17:05:18.123	ADC=461  Voltage=415 mV  P_abs=33.8 kPa  P_gauge=-63.3 kPa  Air=LOW
2026-09-12T17:05:18.865	ADC=496  Voltage=430 mV  P_abs=34.3 kPa  P_gauge=-62.9 kPa  Air=LOW
2026-09-12T17:05:19.601	ADC=482  Voltage=420 mV  P_abs=33.2 kPa  P_gauge=-63.9 kPa  Air=LOW
2026-09-12T17:05:20.343	ADC=493  Voltage=424 mV  P_abs=33.8 kPa  P_gauge=-63.4 kPa  Air=LOW
2026-09-12T17:05:21.082	ADC=486  Voltage=428 mV  P_abs=34.0 kPa  P_gauge=-63.1 kPa  Air=LOW
2026-09-12T17:05:21.823	ADC=484  Voltage=414 mV  P_abs=33.4 kPa  P_gauge=-63.7 kPa  Air=LOW
2026-09-12T17:05:22.565	ADC=488  Voltage=419 mV  P_abs=34.6 kPa  P_gauge=-62.5 kPa  Air=LOW
2026-09-12T17:05:23.300	ADC=486  Voltage=421 mV  P_abs=34.0 kPa  P_gauge=-63.1 kPa  Air=LOW
2026-09-12T17:05:24.040	ADC=493  Voltage=424 mV  P_abs=33.9 kPa  P_gauge=-63.3 kPa  Air=LOW
2026-09-12T17:05:24.782	ADC=485  Voltage=419 mV  P_abs=33.6 kPa  P_gauge=-63.5 kPa  Air=LOW
2026-09-12T17:05:25.524	ADC=487  Voltage=426 mV  P_abs=34.1 kPa  P_gauge=-63.1 kPa  Air=LOW
2026-09-12T17:05:26.261	ADC=487  Voltage=421 mV  P_abs=34.5 kPa  P_gauge=-62.6 kPa  Air=LOW
2026-09-12T17:05:27.001	ADC=483  Voltage=404 mV  P_abs=34.0 kPa  P_gauge=-63.1 kPa  Air=LOW
2026-09-12T17:05:27.743	ADC=485  Voltage=420 mV  P_abs=33.7 kPa  P_gauge=-63.4 kPa  Air=LOW
2026-09-12T17:05:28.483	ADC=485  Voltage=433 mV  P_abs=34.5 kPa  P_gauge=-62.6 kPa  Air=LOW
2026-09-12T17:05:29.221	ADC=485  Voltage=424 mV  P_abs=33.9 kPa  P_gauge=-63.2 kPa  Air=LOW
2026-09-12T17:05:29.962	ADC=494  Voltage=428 mV  P_abs=34.5 kPa  P_gauge=-62.6 kPa  Air=LOW
2026-09-12T17:05:30.700	ADC=473  Voltage=438 mV  P_abs=33.9 kPa  P_gauge=-63.2 kPa  Air=LOW
2026-09-12T17:05:31.442	ADC=487  Voltage=434 mV  P_abs=34.7 kPa  P_gauge=-62.5 kPa  Air=LOW
2026-09-12T17:05:32.181	ADC=488  Voltage=421 mV  P_abs=34.0 kPa  P_gauge=-63.1 kPa  Air=LOW
2026-09-12T17:05:32.924	ADC=477  Voltage=427 mV  P_abs=33.6 kPa  P_gauge=-63.6 kPa  Air=LOW
2026-09-12T17:05:33.662	ADC=460  Voltage=428 mV  P_abs=34.6 kPa  P_gauge=-62.5 kPa  Air=LOW
2026-09-12T17:05:34.401	ADC=455  Voltage=426 mV  P_abs=33.6 kPa  P_gauge=-63.6 kPa  Air=LOW
2026-09-12T17:05:35.142	ADC=476  Voltage=430 mV  P_abs=33.7 kPa  P_gauge=-63.4 kPa  Air=LOW
2026-09-12T17:05:35.883	ADC=486  Voltage=434 mV  P_abs=33.6 kPa  P_gauge=-63.6 kPa  Air=LOW
2026-09-12T17:05:36.621	ADC=495  Voltage=439 mV  P_abs=33.8 kPa  P_gauge=-63.4 kPa  Air=LOW
2026-09-12T17:05:37.363	ADC=478  Voltage=433 mV  P_abs=33.4 kPa  P_gauge=-63.7 kPa  Air=LOW
2026-09-12T17:05:38.102	ADC=491  Voltage=432 mV  P_abs=35.2 kPa  P_gauge=-62.0 kPa  Air=LOW
2026-09-12T17:05:38.848	ADC=485  Voltage=430 mV  P_abs=33.4 kPa  P_gauge=-63.7 kPa  Air=LOW
2026-09-12T17:05:39.582	ADC=485  Voltage=430 mV  P_abs=34.7 kPa  P_gauge=-62.4 kPa  Air=LOW
2026-09-12T17:05:40.320	ADC=521  Voltage=420 mV  P_abs=34.2 kPa  P_gauge=-62.9 kPa  Air=LOW
2026-09-12T17:05:41.063	ADC=485  Voltage=431 mV  P_abs=34.3 kPa  P_gauge=-62.9 kPa  Air=LOW
2026-09-12T17:05:41.801	ADC=488  Voltage=424 mV  P_abs=34.9 kPa  P_gauge=-62.2 kPa  Air=LOW
2026-09-12T17:05:42.540	ADC=493  Voltage=430 mV  P_abs=34.4 kPa  P_gauge=-62.8 kPa  Air=LOW
2026-09-12T17:05:43.282	ADC=491  Voltage=418 mV  P_abs=33.6 kPa  P_gauge=-63.6 kPa  Air=LOW
2026-09-12T17:05:44.021	ADC=469  Voltage=420 mV  P_abs=34.2 kPa  P_gauge=-63.0 kPa  Air=LOW
2026-09-12T17:05:44.763	ADC=479  Voltage=423 mV  P_abs=35.2 kPa  P_gauge=-62.0 kPa  Air=LOW
2026-09-12T17:05:45.501	ADC=487  Voltage=442 mV  P_abs=33.6 kPa  P_gauge=-63.5 kPa  Air=LOW
2026-09-12T17:05:46.242	ADC=489  Voltage=425 mV  P_abs=34.9 kPa  P_gauge=-62.2 kPa  Air=LOW
2026-09-12T17:05:46.984	ADC=483  Voltage=424 mV  P_abs=34.9 kPa  P_gauge=-62.2 kPa  Air=LOW
2026-09-12T17:05:47.721	ADC=483  Voltage=418 mV  P_abs=34.3 kPa  P_gauge=-62.9 kPa  Air=LOW
2026-09-12T17:05:48.462	ADC=477  Voltage=438 mV  P_abs=34.7 kPa  P_gauge=-62.4 kPa  Air=LOW
2026-09-12T17:05:49.200	ADC=487  Voltage=415 mV  P_abs=33.8 kPa  P_gauge=-63.4 kPa  Air=LOW
2026-09-12T17:05:49.942	ADC=493  Voltage=425 mV  P_abs=34.6 kPa  P_gauge=-62.6 kPa  Air=LOW
2026-09-12T17:05:50.682	ADC=488  Voltage=433 mV  P_abs=34.8 kPa  P_gauge=-62.4 kPa  Air=LOW
2026-09-12T17:05:51.421	ADC=495  Voltage=431 mV  P_abs=34.8 kPa  P_gauge=-62.3 kPa  Air=LOW
2026-09-12T17:05:52.161	ADC=468  Voltage=430 mV  P_abs=34.5 kPa  P_gauge=-62.6 kPa  Air=LOW
2026-09-12T17:05:52.902	ADC=491  Voltage=406 mV  P_abs=35.3 kPa  P_gauge=-61.9 kPa  Air=LOW
2026-09-12T17:05:53.640	ADC=483  Voltage=430 mV  P_abs=34.5 kPa  P_gauge=-62.6 kPa  Air=LOW
2026-09-12T17:05:54.382	ADC=469  Voltage=427 mV  P_abs=35.0 kPa  P_gauge=-62.1 kPa  Air=LOW
2026-09-12T17:05:55.121	ADC=485  Voltage=428 mV  P_abs=34.7 kPa  P_gauge=-62.4 kPa  Air=LOW
2026-09-12T17:05:55.861	ADC=467  Voltage=431 mV  P_abs=35.0 kPa  P_gauge=-62.2 kPa  Air=LOW
2026-09-12T17:05:56.600	ADC=483  Voltage=430 mV  P_abs=35.1 kPa  P_gauge=-62.0 kPa  Air=LOW
2026-09-12T17:05:57.340	ADC=503  Voltage=430 mV  P_abs=33.6 kPa  P_gauge=-63.5 kPa  Air=LOW
2026-09-12T17:05:58.081	ADC=484  Voltage=419 mV  P_abs=35.4 kPa  P_gauge=-61.8 kPa  Air=LOW
2026-09-12T17:05:58.821	ADC=476  Voltage=441 mV  P_abs=33.6 kPa  P_gauge=-63.6 kPa  Air=LOW
2026-09-12T17:05:59.561	ADC=483  Voltage=424 mV  P_abs=34.7 kPa  P_gauge=-62.4 kPa  Air=LOW
2026-09-12T17:06:00.300	ADC=487  Voltage=420 mV  P_abs=35.2 kPa  P_gauge=-61.9 kPa  Air=LOW
2026-09-12T17:06:01.041	ADC=483  Voltage=411 mV  P_abs=34.8 kPa  P_gauge=-62.3 kPa  Air=LOW
2026-09-12T17:06:01.781	ADC=502  Voltage=439 mV  P_abs=34.1 kPa  P_gauge=-63.0 kPa  Air=LOW
2026-09-12T17:06:02.522	ADC=492  Voltage=442 mV  P_abs=35.4 kPa  P_gauge=-61.7 kPa  Air=LOW
2026-09-12T17:06:03.259	ADC=503  Voltage=434 mV  P_abs=34.4 kPa  P_gauge=-62.7 kPa  Air=LOW
2026-09-12T17:06:04.001	ADC=484  Voltage=430 mV  P_abs=34.8 kPa  P_gauge=-62.4 kPa  Air=LOW
2026-09-12T17:06:04.739	ADC=504  Voltage=441 mV  P_abs=35.2 kPa  P_gauge=-62.0 kPa  Air=LOW
2026-09-12T17:06:05.480	ADC=487  Voltage=430 mV  P_abs=35.0 kPa  P_gauge=-62.1 kPa  Air=LOW
2026-09-12T17:06:06.221	ADC=494  Voltage=434 mV  P_abs=35.1 kPa  P_gauge=-62.0 kPa  Air=LOW
2026-09-12T17:06:06.961	ADC=493  Voltage=430 mV  P_abs=34.1 kPa  P_gauge=-63.0 kPa  Air=LOW
2026-09-12T17:06:07.701	ADC=499  Voltage=430 mV  P_abs=34.8 kPa  P_gauge=-62.3 kPa  Air=LOW
2026-09-12T17:06:08.439	ADC=469  Voltage=430 mV  P_abs=34.6 kPa  P_gauge=-62.5 kPa  Air=LOW
2026-09-12T17:06:09.180	ADC=601  Voltage=501 mV  P_abs=67.2 kPa  P_gauge=-30.0 kPa  Air=LOW
2026-09-12T17:06:09.921	ADC=965  Voltage=830 mV  P_abs=97.3 kPa  P_gauge=0.2 kPa  Air=NORMAL
2026-09-12T17:06:11.402	ADC=973  Voltage=835 mV  P_abs=96.7 kPa  P_gauge=-0.5 kPa  Air=NORMAL
2026-09-12T17:06:11.404	ADC=980  Voltage=835 mV  P_abs=97.8 kPa  P_gauge=0.7 kPa  Air=NORMAL
2026-09-12T17:06:12.141	ADC=979  Voltage=835 mV  P_abs=97.7 kPa  P_gauge=0.6 kPa  Air=NORMAL
2026-09-12T17:06:12.881	ADC=949  Voltage=832 mV  P_abs=97.2 kPa  P_gauge=0.1 kPa  Air=NORMAL
2026-09-12T17:06:13.621	ADC=981  Voltage=841 mV  P_abs=97.2 kPa  P_gauge=0.1 kPa  Air=NORMAL
2026-09-12T17:06:14.360	ADC=959  Voltage=829 mV  P_abs=96.9 kPa  P_gauge=-0.3 kPa  Air=NORMAL
2026-09-12T17:06:15.099	ADC=967  Voltage=845 mV  P_abs=97.5 kPa  P_gauge=0.4 kPa  Air=NORMAL
2026-09-12T17:06:15.839	ADC=989  Voltage=832 mV  P_abs=96.9 kPa  P_gauge=-0.3 kPa  Air=NORMAL
2026-09-12T17:06:16.579	ADC=903  Voltage=790 mV  P_abs=92.5 kPa  P_gauge=-4.6 kPa  Air=LOW
2026-09-12T17:06:17.319	ADC=935  Voltage=805 mV  P_abs=92.1 kPa  P_gauge=-5.1 kPa  Air=LOW
2026-09-12T17:06:18.060	ADC=909  Voltage=810 mV  P_abs=92.1 kPa  P_gauge=-5.0 kPa  Air=LOW
2026-09-12T17:06:18.800	ADC=923  Voltage=809 mV  P_abs=91.5 kPa  P_gauge=-5.6 kPa  Air=LOW
2026-09-12T17:06:19.539	ADC=915  Voltage=800 mV  P_abs=92.1 kPa  P_gauge=-5.0 kPa  Air=LOW
2026-09-12T17:06:20.279	ADC=925  Voltage=790 mV  P_abs=91.5 kPa  P_gauge=-5.7 kPa  Air=LOW
2026-09-12T17:06:21.019	ADC=935  Voltage=802 mV  P_abs=91.2 kPa  P_gauge=-5.9 kPa  Air=LOW
2026-09-12T17:06:21.760	ADC=925  Voltage=800 mV  P_abs=90.5 kPa  P_gauge=-6.7 kPa  Air=LOW
2026-09-12T17:06:22.500	ADC=951  Voltage=810 mV  P_abs=92.2 kPa  P_gauge=-5.0 kPa  Air=LOW
2026-09-12T17:06:23.241	ADC=939  Voltage=816 mV  P_abs=91.9 kPa  P_gauge=-5.2 kPa  Air=LOW
2026-09-12T17:06:23.981	ADC=927  Voltage=786 mV  P_abs=92.1 kPa  P_gauge=-5.1 kPa  Air=LOW
2026-09-12T17:06:24.719	ADC=918  Voltage=793 mV  P_abs=92.3 kPa  P_gauge=-4.8 kPa  Air=LOW
2026-09-12T17:06:26.201	ADC=923  Voltage=805 mV  P_abs=92.2 kPa  P_gauge=-5.0 kPa  Air=LOW
2026-09-12T17:06:26.204	ADC=927  Voltage=795 mV  P_abs=92.3 kPa  P_gauge=-4.8 kPa  Air=LOW
2026-09-12T17:06:26.941	ADC=942  Voltage=803 mV  P_abs=92.1 kPa  P_gauge=-5.1 kPa  Air=LOW
2026-09-12T17:06:28.420	ADC=937  Voltage=805 mV  P_abs=91.4 kPa  P_gauge=-5.7 kPa  Air=LOW
2026-09-12T17:06:28.422	ADC=431  Voltage=411 mV  P_abs=27.2 kPa  P_gauge=-70.0 kPa  Air=LOW
2026-09-12T17:06:29.161	ADC=383  Voltage=337 mV  P_abs=21.8 kPa  P_gauge=-75.3 kPa  Air=LOW
2026-09-12T17:06:29.901	ADC=360  Voltage=338 mV  P_abs=21.2 kPa  P_gauge=-75.9 kPa  Air=LOW
2026-09-12T17:06:30.641	ADC=376  Voltage=345 mV  P_abs=20.6 kPa  P_gauge=-76.6 kPa  Air=LOW
2026-09-12T17:06:31.381	ADC=364  Voltage=347 mV  P_abs=21.5 kPa  P_gauge=-75.7 kPa  Air=LOW
2026-09-12T17:06:32.121	ADC=383  Voltage=356 mV  P_abs=21.0 kPa  P_gauge=-76.1 kPa  Air=LOW
2026-09-12T17:06:32.862	ADC=376  Voltage=333 mV  P_abs=21.2 kPa  P_gauge=-75.9 kPa  Air=LOW
2026-09-12T17:06:33.601	ADC=381  Voltage=343 mV  P_abs=21.9 kPa  P_gauge=-75.3 kPa  Air=LOW
2026-09-12T17:06:34.341	ADC=448  Voltage=391 mV  P_abs=28.8 kPa  P_gauge=-68.4 kPa  Air=LOW
2026-09-12T17:06:35.081	ADC=365  Voltage=352 mV  P_abs=22.7 kPa  P_gauge=-74.4 kPa  Air=LOW
2026-09-12T17:06:35.822	ADC=378  Voltage=336 mV  P_abs=21.5 kPa  P_gauge=-75.7 kPa  Air=LOW
2026-09-12T17:06:36.561	ADC=407  Voltage=346 mV  P_abs=21.6 kPa  P_gauge=-75.5 kPa  Air=LOW
2026-09-12T17:06:37.301	ADC=397  Voltage=337 mV  P_abs=21.7 kPa  P_gauge=-75.4 kPa  Air=LOW
2026-09-12T17:06:38.040	ADC=459  Voltage=404 mV  P_abs=33.1 kPa  P_gauge=-64.1 kPa  Air=LOW
2026-09-12T17:06:38.781	ADC=487  Voltage=426 mV  P_abs=32.4 kPa  P_gauge=-64.7 kPa  Air=LOW
2026-09-12T17:06:39.521	ADC=472  Voltage=418 mV  P_abs=33.8 kPa  P_gauge=-63.4 kPa  Air=LOW
2026-09-12T17:06:40.260	ADC=499  Voltage=427 mV  P_abs=33.8 kPa  P_gauge=-63.3 kPa  Air=LOW
2026-09-12T17:06:41.001	ADC=484  Voltage=432 mV  P_abs=37.5 kPa  P_gauge=-59.6 kPa  Air=LOW
2026-09-12T17:06:41.740	ADC=982  Voltage=838 mV  P_abs=98.1 kPa  P_gauge=1.0 kPa  Air=NORMAL
2026-09-12T17:06:42.481	ADC=981  Voltage=858 mV  P_abs=98.3 kPa  P_gauge=1.2 kPa  Air=NORMAL
2026-09-12T17:06:43.961	ADC=926  Voltage=800 mV  P_abs=92.1 kPa  P_gauge=-5.0 kPa  Air=LOW
2026-09-12T17:06:44.701	ADC=927  Voltage=793 mV  P_abs=92.3 kPa  P_gauge=-4.8 kPa  Air=LOW
2026-09-12T17:06:44.704	ADC=933  Voltage=799 mV  P_abs=92.0 kPa  P_gauge=-5.1 kPa  Air=LOW
2026-09-12T17:06:45.441	ADC=938  Voltage=806 mV  P_abs=91.8 kPa  P_gauge=-5.3 kPa  Air=LOW
2026-09-12T17:06:46.181	ADC=429  Voltage=373 mV  P_abs=24.7 kPa  P_gauge=-72.4 kPa  Air=LOW
2026-09-12T17:06:46.920	ADC=389  Voltage=348 mV  P_abs=20.8 kPa  P_gauge=-76.3 kPa  Air=LOW
2026-09-12T17:06:47.661	ADC=365  Voltage=346 mV  P_abs=21.7 kPa  P_gauge=-75.4 kPa  Air=LOW
2026-09-12T17:06:48.400	ADC=382  Voltage=338 mV  P_abs=21.9 kPa  P_gauge=-75.2 kPa  Air=LOW
2026-09-12T17:06:49.140	ADC=396  Voltage=338 mV  P_abs=21.9 kPa  P_gauge=-75.2 kPa  Air=LOW
2026-09-12T17:06:49.881	ADC=384  Voltage=349 mV  P_abs=22.0 kPa  P_gauge=-75.2 kPa  Air=LOW
2026-09-12T17:06:50.620	ADC=401  Voltage=357 mV  P_abs=22.2 kPa  P_gauge=-75.0 kPa  Air=LOW
2026-09-12T17:06:51.360	ADC=396  Voltage=349 mV  P_abs=20.9 kPa  P_gauge=-76.2 kPa  Air=LOW
2026-09-12T17:06:52.100	ADC=391  Voltage=338 mV  P_abs=21.3 kPa  P_gauge=-75.9 kPa  Air=LOW
2026-09-12T17:06:52.840	ADC=394  Voltage=338 mV  P_abs=21.7 kPa  P_gauge=-75.4 kPa  Air=LOW
2026-09-12T17:06:53.580	ADC=359  Voltage=346 mV  P_abs=21.1 kPa  P_gauge=-76.0 kPa  Air=LOW
2026-09-12T17:06:54.321	ADC=407  Voltage=347 mV  P_abs=21.5 kPa  P_gauge=-75.6 kPa  Air=LOW
2026-09-12T17:06:55.061	ADC=391  Voltage=345 mV  P_abs=21.8 kPa  P_gauge=-75.3 kPa  Air=LOW
2026-09-12T17:06:55.801	ADC=403  Voltage=345 mV  P_abs=20.7 kPa  P_gauge=-76.4 kPa  Air=LOW
2026-09-12T17:06:56.541	ADC=373  Voltage=349 mV  P_abs=22.2 kPa  P_gauge=-74.9 kPa  Air=LOW
2026-09-12T17:06:57.280	ADC=397  Voltage=347 mV  P_abs=21.3 kPa  P_gauge=-75.8 kPa  Air=LOW
2026-09-12T17:06:58.021	ADC=371  Voltage=347 mV  P_abs=21.5 kPa  P_gauge=-75.7 kPa  Air=LOW
2026-09-12T17:06:58.760	ADC=395  Voltage=338 mV  P_abs=22.3 kPa  P_gauge=-74.8 kPa  Air=LOW
2026-09-12T17:06:59.500	ADC=378  Voltage=344 mV  P_abs=22.0 kPa  P_gauge=-75.1 kPa  Air=LOW
2026-09-12T17:07:00.241	ADC=391  Voltage=348 mV  P_abs=21.6 kPa  P_gauge=-75.6 kPa  Air=LOW
2026-09-12T17:07:00.980	ADC=405  Voltage=352 mV  P_abs=21.9 kPa  P_gauge=-75.2 kPa  Air=LOW
2026-09-12T17:07:01.720	ADC=379  Voltage=331 mV  P_abs=21.8 kPa  P_gauge=-75.4 kPa  Air=LOW
2026-09-12T17:07:02.460	ADC=399  Voltage=344 mV  P_abs=21.8 kPa  P_gauge=-75.3 kPa  Air=LOW
2026-09-12T17:07:03.200	ADC=397  Voltage=346 mV  P_abs=21.9 kPa  P_gauge=-75.3 kPa  Air=LOW
2026-09-12T17:07:03.941	ADC=357  Voltage=345 mV  P_abs=22.0 kPa  P_gauge=-75.1 kPa  Air=LOW
2026-09-12T17:07:04.681	ADC=379  Voltage=325 mV  P_abs=22.5 kPa  P_gauge=-74.6 kPa  Air=LOW
2026-09-12T17:07:05.421	ADC=393  Voltage=346 mV  P_abs=21.9 kPa  P_gauge=-75.2 kPa  Air=LOW
2026-09-12T17:07:06.161	ADC=381  Voltage=330 mV  P_abs=22.5 kPa  P_gauge=-74.7 kPa  Air=LOW
2026-09-12T17:07:06.901	ADC=389  Voltage=344 mV  P_abs=21.7 kPa  P_gauge=-75.4 kPa  Air=LOW
2026-09-12T17:07:07.639	ADC=396  Voltage=357 mV  P_abs=21.8 kPa  P_gauge=-75.3 kPa  Air=LOW
2026-09-12T17:07:08.380	ADC=393  Voltage=338 mV  P_abs=22.3 kPa  P_gauge=-74.9 kPa  Air=LOW
2026-09-12T17:07:09.120	ADC=399  Voltage=339 mV  P_abs=21.0 kPa  P_gauge=-76.1 kPa  Air=LOW
2026-09-12T17:07:09.860	ADC=399  Voltage=349 mV  P_abs=22.9 kPa  P_gauge=-74.2 kPa  Air=LOW
2026-09-12T17:07:10.598	ADC=379  Voltage=356 mV  P_abs=21.1 kPa  P_gauge=-76.0 kPa  Air=LOW
2026-09-12T17:07:11.340	ADC=396  Voltage=328 mV  P_abs=22.2 kPa  P_gauge=-74.9 kPa  Air=LOW
2026-09-12T17:07:12.080	ADC=377  Voltage=324 mV  P_abs=21.3 kPa  P_gauge=-75.8 kPa  Air=LOW
2026-09-12T17:07:12.820	ADC=393  Voltage=338 mV  P_abs=22.0 kPa  P_gauge=-75.1 kPa  Air=LOW
2026-09-12T17:07:13.560	ADC=392  Voltage=344 mV  P_abs=22.2 kPa  P_gauge=-74.9 kPa  Air=LOW
2026-09-12T17:07:14.300	ADC=404  Voltage=349 mV  P_abs=22.2 kPa  P_gauge=-74.9 kPa  Air=LOW
2026-09-12T17:07:15.038	ADC=395  Voltage=345 mV  P_abs=20.8 kPa  P_gauge=-76.3 kPa  Air=LOW
2026-09-12T17:07:15.780	ADC=405  Voltage=346 mV  P_abs=22.8 kPa  P_gauge=-74.3 kPa  Air=LOW
2026-09-12T17:07:16.519	ADC=384  Voltage=362 mV  P_abs=22.0 kPa  P_gauge=-75.2 kPa  Air=LOW
2026-09-12T17:07:17.260	ADC=379  Voltage=354 mV  P_abs=21.9 kPa  P_gauge=-75.3 kPa  Air=LOW
2026-09-12T17:07:18.000	ADC=398  Voltage=359 mV  P_abs=22.3 kPa  P_gauge=-74.8 kPa  Air=LOW
2026-09-12T17:07:18.740	ADC=397  Voltage=349 mV  P_abs=22.2 kPa  P_gauge=-74.9 kPa  Air=LOW
2026-09-12T17:07:19.480	ADC=395  Voltage=356 mV  P_abs=22.0 kPa  P_gauge=-75.1 kPa  Air=LOW
2026-09-12T17:07:20.219	ADC=394  Voltage=337 mV  P_abs=22.9 kPa  P_gauge=-74.3 kPa  Air=LOW
2026-09-12T17:07:20.959	ADC=393  Voltage=359 mV  P_abs=22.8 kPa  P_gauge=-74.3 kPa  Air=LOW
2026-09-12T17:07:21.700	ADC=391  Voltage=338 mV  P_abs=22.4 kPa  P_gauge=-74.7 kPa  Air=LOW
2026-09-12T17:07:22.440	ADC=390  Voltage=349 mV  P_abs=21.6 kPa  P_gauge=-75.6 kPa  Air=LOW
2026-09-12T17:07:23.179	ADC=394  Voltage=345 mV  P_abs=23.0 kPa  P_gauge=-74.1 kPa  Air=LOW
2026-09-12T17:07:23.920	ADC=395  Voltage=357 mV  P_abs=22.6 kPa  P_gauge=-74.5 kPa  Air=LOW
2026-09-12T17:07:24.660	ADC=375  Voltage=338 mV  P_abs=22.0 kPa  P_gauge=-75.1 kPa  Air=LOW
2026-09-12T17:07:25.399	ADC=402  Voltage=348 mV  P_abs=21.5 kPa  P_gauge=-75.6 kPa  Air=LOW
2026-09-12T17:07:26.140	ADC=383  Voltage=348 mV  P_abs=21.5 kPa  P_gauge=-75.7 kPa  Air=LOW
2026-09-12T17:07:27.620	ADC=389  Voltage=338 mV  P_abs=21.4 kPa  P_gauge=-75.7 kPa  Air=LOW
2026-09-12T17:07:27.624	ADC=397  Voltage=344 mV  P_abs=22.1 kPa  P_gauge=-75.1 kPa  Air=LOW
2026-09-12T17:07:28.360	ADC=363  Voltage=344 mV  P_abs=21.8 kPa  P_gauge=-75.4 kPa  Air=LOW
2026-09-12T17:07:29.099	ADC=392  Voltage=324 mV  P_abs=21.7 kPa  P_gauge=-75.4 kPa  Air=LOW
2026-09-12T17:07:29.840	ADC=380  Voltage=334 mV  P_abs=21.6 kPa  P_gauge=-75.5 kPa  Air=LOW
2026-09-12T17:07:30.579	ADC=405  Voltage=345 mV  P_abs=22.2 kPa  P_gauge=-74.9 kPa  Air=LOW
2026-09-12T17:07:31.320	ADC=383  Voltage=348 mV  P_abs=22.1 kPa  P_gauge=-75.0 kPa  Air=LOW
2026-09-12T17:07:32.060	ADC=396  Voltage=338 mV  P_abs=21.8 kPa  P_gauge=-75.4 kPa  Air=LOW
2026-09-12T17:07:32.799	ADC=406  Voltage=345 mV  P_abs=21.7 kPa  P_gauge=-75.4 kPa  Air=LOW
2026-09-12T17:07:33.539	ADC=368  Voltage=344 mV  P_abs=21.3 kPa  P_gauge=-75.8 kPa  Air=LOW
2026-09-12T17:07:34.280	ADC=389  Voltage=349 mV  P_abs=21.4 kPa  P_gauge=-75.7 kPa  Air=LOW
2026-09-12T17:07:35.018	ADC=379  Voltage=347 mV  P_abs=22.6 kPa  P_gauge=-74.6 kPa  Air=LOW
2026-09-12T17:07:35.760	ADC=393  Voltage=354 mV  P_abs=22.1 kPa  P_gauge=-75.1 kPa  Air=LOW
2026-09-12T17:07:36.500	ADC=380  Voltage=349 mV  P_abs=21.8 kPa  P_gauge=-75.3 kPa  Air=LOW
2026-09-12T17:07:37.239	ADC=382  Voltage=348 mV  P_abs=21.5 kPa  P_gauge=-75.6 kPa  Air=LOW
2026-09-12T17:07:37.977	ADC=393  Voltage=339 mV  P_abs=21.9 kPa  P_gauge=-75.2 kPa  Air=LOW
2026-09-12T17:07:38.719	ADC=392  Voltage=356 mV  P_abs=21.8 kPa  P_gauge=-75.3 kPa  Air=LOW
2026-09-12T17:07:39.459	ADC=391  Voltage=338 mV  P_abs=21.2 kPa  P_gauge=-76.0 kPa  Air=LOW
2026-09-12T17:07:40.200	ADC=355  Voltage=336 mV  P_abs=21.6 kPa  P_gauge=-75.6 kPa  Air=LOW
2026-09-12T17:07:40.940	ADC=405  Voltage=348 mV  P_abs=21.5 kPa  P_gauge=-75.6 kPa  Air=LOW
2026-09-12T17:07:41.678	ADC=393  Voltage=345 mV  P_abs=21.8 kPa  P_gauge=-75.3 kPa  Air=LOW
2026-09-12T17:07:42.420	ADC=403  Voltage=339 mV  P_abs=22.2 kPa  P_gauge=-74.9 kPa  Air=LOW
2026-09-12T17:07:43.159	ADC=374  Voltage=338 mV  P_abs=21.8 kPa  P_gauge=-75.3 kPa  Air=LOW
2026-09-12T17:07:43.899	ADC=399  Voltage=361 mV  P_abs=22.4 kPa  P_gauge=-74.7 kPa  Air=LOW
2026-09-12T17:07:44.639	ADC=397  Voltage=356 mV  P_abs=22.7 kPa  P_gauge=-74.4 kPa  Air=LOW
2026-09-12T17:07:45.379	ADC=365  Voltage=345 mV  P_abs=21.8 kPa  P_gauge=-75.4 kPa  Air=LOW
2026-09-12T17:07:46.118	ADC=405  Voltage=338 mV  P_abs=22.2 kPa  P_gauge=-75.0 kPa  Air=LOW
2026-09-12T17:07:46.859	ADC=398  Voltage=344 mV  P_abs=23.0 kPa  P_gauge=-74.1 kPa  Air=LOW
2026-09-12T17:07:47.600	ADC=389  Voltage=316 mV  P_abs=21.3 kPa  P_gauge=-75.9 kPa  Air=LOW
2026-09-12T17:07:48.339	ADC=403  Voltage=349 mV  P_abs=22.5 kPa  P_gauge=-74.6 kPa  Air=LOW
2026-09-12T17:07:49.079	ADC=399  Voltage=337 mV  P_abs=22.9 kPa  P_gauge=-74.3 kPa  Air=LOW
2026-09-12T17:07:49.820	ADC=407  Voltage=359 mV  P_abs=21.7 kPa  P_gauge=-75.4 kPa  Air=LOW
2026-09-12T17:07:50.559	ADC=377  Voltage=361 mV  P_abs=22.0 kPa  P_gauge=-75.1 kPa  Air=LOW
2026-09-12T17:07:51.299	ADC=397  Voltage=338 mV  P_abs=22.7 kPa  P_gauge=-74.4 kPa  Air=LOW
2026-09-12T17:07:52.039	ADC=396  Voltage=357 mV  P_abs=22.1 kPa  P_gauge=-75.1 kPa  Air=LOW
2026-09-12T17:07:52.779	ADC=396  Voltage=352 mV  P_abs=22.6 kPa  P_gauge=-74.5 kPa  Air=LOW
2026-09-12T17:07:53.519	ADC=371  Voltage=347 mV  P_abs=22.3 kPa  P_gauge=-74.8 kPa  Air=LOW
2026-09-12T17:07:54.259	ADC=409  Voltage=337 mV  P_abs=22.6 kPa  P_gauge=-74.5 kPa  Air=LOW
2026-09-12T17:07:54.999	ADC=373  Voltage=357 mV  P_abs=21.8 kPa  P_gauge=-75.3 kPa  Air=LOW
2026-09-12T17:07:55.739	ADC=405  Voltage=344 mV  P_abs=22.4 kPa  P_gauge=-74.7 kPa  Air=LOW
2026-09-12T17:07:56.479	ADC=409  Voltage=346 mV  P_abs=22.2 kPa  P_gauge=-74.9 kPa  Air=LOW
2026-09-12T17:07:57.219	ADC=405  Voltage=346 mV  P_abs=22.8 kPa  P_gauge=-74.4 kPa  Air=LOW
2026-09-12T17:07:57.960	ADC=380  Voltage=348 mV  P_abs=22.7 kPa  P_gauge=-74.4 kPa  Air=LOW
2026-09-12T17:07:58.699	ADC=401  Voltage=356 mV  P_abs=22.4 kPa  P_gauge=-74.7 kPa  Air=LOW
2026-09-12T17:07:59.439	ADC=403  Voltage=348 mV  P_abs=22.6 kPa  P_gauge=-74.6 kPa  Air=LOW
2026-09-12T17:08:00.178	ADC=409  Voltage=349 mV  P_abs=21.4 kPa  P_gauge=-75.7 kPa  Air=LOW
2026-09-12T17:08:00.919	ADC=396  Voltage=345 mV  P_abs=22.3 kPa  P_gauge=-74.9 kPa  Air=LOW
2026-09-12T17:08:01.659	ADC=397  Voltage=345 mV  P_abs=22.4 kPa  P_gauge=-74.7 kPa  Air=LOW
2026-09-12T17:08:02.399	ADC=393  Voltage=347 mV  P_abs=22.6 kPa  P_gauge=-74.5 kPa  Air=LOW
2026-09-12T17:08:03.139	ADC=393  Voltage=357 mV  P_abs=22.8 kPa  P_gauge=-74.3 kPa  Air=LOW
2026-09-12T17:08:03.879	ADC=368  Voltage=330 mV  P_abs=21.3 kPa  P_gauge=-75.8 kPa  Air=LOW
2026-09-12T17:08:04.618	ADC=383  Voltage=346 mV  P_abs=21.6 kPa  P_gauge=-75.6 kPa  Air=LOW
2026-09-12T17:08:05.358	ADC=374  Voltage=345 mV  P_abs=22.3 kPa  P_gauge=-74.8 kPa  Air=LOW
2026-09-12T17:08:06.099	ADC=391  Voltage=338 mV  P_abs=22.1 kPa  P_gauge=-75.1 kPa  Air=LOW
2026-09-12T17:08:06.839	ADC=391  Voltage=348 mV  P_abs=22.8 kPa  P_gauge=-74.4 kPa  Air=LOW
2026-09-12T17:08:07.578	ADC=405  Voltage=347 mV  P_abs=22.1 kPa  P_gauge=-75.0 kPa  Air=LOW
2026-09-12T17:08:08.319	ADC=405  Voltage=347 mV  P_abs=22.7 kPa  P_gauge=-74.4 kPa  Air=LOW
2026-09-12T17:08:09.059	ADC=413  Voltage=345 mV  P_abs=22.6 kPa  P_gauge=-74.6 kPa  Air=LOW
2026-09-12T17:08:09.798	ADC=391  Voltage=348 mV  P_abs=22.5 kPa  P_gauge=-74.7 kPa  Air=LOW
2026-09-12T17:08:10.539	ADC=407  Voltage=344 mV  P_abs=22.8 kPa  P_gauge=-74.3 kPa  Air=LOW
2026-09-12T17:08:11.277	ADC=384  Voltage=344 mV  P_abs=21.5 kPa  P_gauge=-75.6 kPa  Air=LOW
2026-09-12T17:08:12.019	ADC=403  Voltage=339 mV  P_abs=23.4 kPa  P_gauge=-73.7 kPa  Air=LOW
2026-09-12T17:08:12.759	ADC=390  Voltage=356 mV  P_abs=22.1 kPa  P_gauge=-75.0 kPa  Air=LOW
2026-09-12T17:08:13.498	ADC=410  Voltage=349 mV  P_abs=21.6 kPa  P_gauge=-75.5 kPa  Air=LOW
2026-09-12T17:08:14.239	ADC=397  Voltage=360 mV  P_abs=22.1 kPa  P_gauge=-75.0 kPa  Air=LOW
2026-09-12T17:08:14.978	ADC=405  Voltage=324 mV  P_abs=22.2 kPa  P_gauge=-75.0 kPa  Air=LOW
2026-09-12T17:08:15.718	ADC=393  Voltage=326 mV  P_abs=22.4 kPa  P_gauge=-74.7 kPa  Air=LOW
2026-09-12T17:08:16.459	ADC=388  Voltage=347 mV  P_abs=22.7 kPa  P_gauge=-74.4 kPa  Air=LOW
2026-09-12T17:08:17.199	ADC=399  Voltage=361 mV  P_abs=22.5 kPa  P_gauge=-74.6 kPa  Air=LOW
2026-09-12T17:08:17.939	ADC=407  Voltage=336 mV  P_abs=21.9 kPa  P_gauge=-75.2 kPa  Air=LOW
2026-09-12T17:08:18.677	ADC=401  Voltage=338 mV  P_abs=21.4 kPa  P_gauge=-75.7 kPa  Air=LOW
2026-09-12T17:08:19.419	ADC=411  Voltage=360 mV  P_abs=22.0 kPa  P_gauge=-75.2 kPa  Air=LOW
2026-09-12T17:08:20.158	ADC=389  Voltage=360 mV  P_abs=23.2 kPa  P_gauge=-74.0 kPa  Air=LOW
2026-09-12T17:08:20.899	ADC=399  Voltage=360 mV  P_abs=22.0 kPa  P_gauge=-75.2 kPa  Air=LOW
2026-09-12T17:08:21.639	ADC=396  Voltage=339 mV  P_abs=22.0 kPa  P_gauge=-75.1 kPa  Air=LOW
2026-09-12T17:08:22.379	ADC=392  Voltage=349 mV  P_abs=21.9 kPa  P_gauge=-75.2 kPa  Air=LOW
2026-09-12T17:08:23.118	ADC=391  Voltage=321 mV  P_abs=21.6 kPa  P_gauge=-75.5 kPa  Air=LOW
2026-09-12T17:08:23.858	ADC=380  Voltage=354 mV  P_abs=21.3 kPa  P_gauge=-75.8 kPa  Air=LOW
2026-09-12T17:08:24.598	ADC=384  Voltage=356 mV  P_abs=22.5 kPa  P_gauge=-74.7 kPa  Air=LOW
2026-09-12T17:08:25.338	ADC=381  Voltage=338 mV  P_abs=22.6 kPa  P_gauge=-74.6 kPa  Air=LOW
2026-09-12T17:08:26.078	ADC=393  Voltage=347 mV  P_abs=22.6 kPa  P_gauge=-74.5 kPa  Air=LOW
2026-09-12T17:08:26.818	ADC=390  Voltage=349 mV  P_abs=22.4 kPa  P_gauge=-74.7 kPa  Air=LOW
2026-09-12T17:08:27.558	ADC=403  Voltage=347 mV  P_abs=21.8 kPa  P_gauge=-75.3 kPa  Air=LOW
2026-09-12T17:08:28.298	ADC=395  Voltage=348 mV  P_abs=23.1 kPa  P_gauge=-74.1 kPa  Air=LOW
2026-09-12T17:08:29.038	ADC=391  Voltage=324 mV  P_abs=22.9 kPa  P_gauge=-74.2 kPa  Air=LOW
2026-09-12T17:08:29.778	ADC=406  Voltage=357 mV  P_abs=22.7 kPa  P_gauge=-74.4 kPa  Air=LOW
2026-09-12T17:08:30.519	ADC=376  Voltage=327 mV  P_abs=22.5 kPa  P_gauge=-74.6 kPa  Air=LOW
2026-09-12T17:08:31.258	ADC=404  Voltage=348 mV  P_abs=22.5 kPa  P_gauge=-74.6 kPa  Air=LOW
2026-09-12T17:08:31.999	ADC=407  Voltage=348 mV  P_abs=22.7 kPa  P_gauge=-74.4 kPa  Air=LOW
2026-09-12T17:08:32.739	ADC=380  Voltage=347 mV  P_abs=22.4 kPa  P_gauge=-74.8 kPa  Air=LOW
2026-09-12T17:08:33.479	ADC=399  Voltage=363 mV  P_abs=22.4 kPa  P_gauge=-74.7 kPa  Air=LOW
2026-09-12T17:08:34.218	ADC=400  Voltage=354 mV  P_abs=22.6 kPa  P_gauge=-74.6 kPa  Air=LOW
2026-09-12T17:08:34.959	ADC=395  Voltage=352 mV  P_abs=23.3 kPa  P_gauge=-73.8 kPa  Air=LOW
2026-09-12T17:08:35.699	ADC=392  Voltage=334 mV  P_abs=22.4 kPa  P_gauge=-74.7 kPa  Air=LOW
2026-09-12T17:08:36.438	ADC=381  Voltage=336 mV  P_abs=22.2 kPa  P_gauge=-74.9 kPa  Air=LOW
2026-09-12T17:08:37.178	ADC=413  Voltage=357 mV  P_abs=23.0 kPa  P_gauge=-74.1 kPa  Air=LOW
2026-09-12T17:08:37.918	ADC=393  Voltage=339 mV  P_abs=22.6 kPa  P_gauge=-74.6 kPa  Air=LOW
2026-09-12T17:08:38.658	ADC=394  Voltage=330 mV  P_abs=21.9 kPa  P_gauge=-75.2 kPa  Air=LOW
2026-09-12T17:08:39.398	ADC=371  Voltage=345 mV  P_abs=22.2 kPa  P_gauge=-74.9 kPa  Air=LOW
2026-09-12T17:08:40.138	ADC=402  Voltage=349 mV  P_abs=22.4 kPa  P_gauge=-74.7 kPa  Air=LOW
2026-09-12T17:08:40.878	ADC=393  Voltage=346 mV  P_abs=22.6 kPa  P_gauge=-74.5 kPa  Air=LOW
2026-09-12T17:08:41.618	ADC=401  Voltage=338 mV  P_abs=22.3 kPa  P_gauge=-74.8 kPa  Air=LOW
2026-09-12T17:08:42.358	ADC=389  Voltage=330 mV  P_abs=21.8 kPa  P_gauge=-75.3 kPa  Air=LOW
2026-09-12T17:08:43.098	ADC=410  Voltage=360 mV  P_abs=22.8 kPa  P_gauge=-74.3 kPa  Air=LOW
2026-09-12T17:08:43.839	ADC=392  Voltage=362 mV  P_abs=23.1 kPa  P_gauge=-74.0 kPa  Air=LOW
2026-09-12T17:08:44.578	ADC=492  Voltage=418 mV  P_abs=34.0 kPa  P_gauge=-63.2 kPa  Air=LOW
2026-09-12T17:08:45.318	ADC=491  Voltage=424 mV  P_abs=34.3 kPa  P_gauge=-62.8 kPa  Air=LOW
2026-09-12T17:08:46.058	ADC=466  Voltage=427 mV  P_abs=33.0 kPa  P_gauge=-64.1 kPa  Air=LOW
2026-09-12T17:08:46.798	ADC=481  Voltage=411 mV  P_abs=35.4 kPa  P_gauge=-61.7 kPa  Air=LOW
2026-09-12T17:08:47.538	ADC=496  Voltage=430 mV  P_abs=34.1 kPa  P_gauge=-63.1 kPa  Air=LOW
2026-09-12T17:08:48.277	ADC=482  Voltage=411 mV  P_abs=34.8 kPa  P_gauge=-62.4 kPa  Air=LOW
2026-09-12T17:08:49.018	ADC=486  Voltage=424 mV  P_abs=33.7 kPa  P_gauge=-63.5 kPa  Air=LOW
2026-09-12T17:08:49.757	ADC=480  Voltage=428 mV  P_abs=33.8 kPa  P_gauge=-63.3 kPa  Air=LOW
2026-09-12T17:08:50.497	ADC=458  Voltage=424 mV  P_abs=34.4 kPa  P_gauge=-62.7 kPa  Air=LOW
2026-09-12T17:08:51.237	ADC=493  Voltage=425 mV  P_abs=34.3 kPa  P_gauge=-62.8 kPa  Air=LOW
2026-09-12T17:08:51.978	ADC=491  Voltage=426 mV  P_abs=33.8 kPa  P_gauge=-63.3 kPa  Air=LOW
2026-09-12T17:08:52.717	ADC=474  Voltage=404 mV  P_abs=34.1 kPa  P_gauge=-63.0 kPa  Air=LOW
2026-09-12T17:08:53.458	ADC=483  Voltage=411 mV  P_abs=34.1 kPa  P_gauge=-63.0 kPa  Air=LOW
2026-09-12T17:08:54.198	ADC=485  Voltage=433 mV  P_abs=33.9 kPa  P_gauge=-63.2 kPa  Air=LOW
2026-09-12T17:08:54.938	ADC=475  Voltage=433 mV  P_abs=34.6 kPa  P_gauge=-62.5 kPa  Air=LOW
2026-09-12T17:08:55.678	ADC=486  Voltage=426 mV  P_abs=34.1 kPa  P_gauge=-63.0 kPa  Air=LOW
2026-09-12T17:08:56.418	ADC=483  Voltage=430 mV  P_abs=33.6 kPa  P_gauge=-63.5 kPa  Air=LOW
2026-09-12T17:08:57.157	ADC=481  Voltage=433 mV  P_abs=33.8 kPa  P_gauge=-63.3 kPa  Air=LOW
2026-09-12T17:08:57.898	ADC=481  Voltage=418 mV  P_abs=34.5 kPa  P_gauge=-62.7 kPa  Air=LOW
2026-09-12T17:08:58.639	ADC=483  Voltage=428 mV  P_abs=34.3 kPa  P_gauge=-62.8 kPa  Air=LOW
2026-09-12T17:08:59.378	ADC=503  Voltage=430 mV  P_abs=34.5 kPa  P_gauge=-62.7 kPa  Air=LOW
2026-09-12T17:09:00.117	ADC=491  Voltage=426 mV  P_abs=34.4 kPa  P_gauge=-62.7 kPa  Air=LOW
2026-09-12T17:09:00.858	ADC=491  Voltage=432 mV  P_abs=34.1 kPa  P_gauge=-63.0 kPa  Air=LOW
2026-09-12T17:09:01.598	ADC=485  Voltage=428 mV  P_abs=32.9 kPa  P_gauge=-64.3 kPa  Air=LOW
2026-09-12T17:09:02.338	ADC=475  Voltage=426 mV  P_abs=34.2 kPa  P_gauge=-62.9 kPa  Air=LOW
2026-09-12T17:09:03.078	ADC=478  Voltage=419 mV  P_abs=35.3 kPa  P_gauge=-61.9 kPa  Air=LOW
2026-09-12T17:09:03.817	ADC=489  Voltage=425 mV  P_abs=34.6 kPa  P_gauge=-62.6 kPa  Air=LOW
2026-09-12T17:09:04.558	ADC=487  Voltage=431 mV  P_abs=34.4 kPa  P_gauge=-62.8 kPa  Air=LOW
2026-09-12T17:09:05.298	ADC=501  Voltage=423 mV  P_abs=33.4 kPa  P_gauge=-63.7 kPa  Air=LOW
2026-09-12T17:09:06.037	ADC=484  Voltage=411 mV  P_abs=34.9 kPa  P_gauge=-62.3 kPa  Air=LOW
2026-09-12T17:09:06.776	ADC=468  Voltage=431 mV  P_abs=34.3 kPa  P_gauge=-62.8 kPa  Air=LOW
2026-09-12T17:09:07.516	ADC=489  Voltage=428 mV  P_abs=33.8 kPa  P_gauge=-63.4 kPa  Air=LOW
2026-09-12T17:09:08.257	ADC=500  Voltage=435 mV  P_abs=34.4 kPa  P_gauge=-62.7 kPa  Air=LOW
2026-09-12T17:09:08.997	ADC=485  Voltage=425 mV  P_abs=33.6 kPa  P_gauge=-63.5 kPa  Air=LOW
2026-09-12T17:09:09.737	ADC=492  Voltage=424 mV  P_abs=33.7 kPa  P_gauge=-63.4 kPa  Air=LOW
2026-09-12T17:09:10.476	ADC=487  Voltage=430 mV  P_abs=34.8 kPa  P_gauge=-62.3 kPa  Air=LOW
2026-09-12T17:09:11.216	ADC=495  Voltage=433 mV  P_abs=34.0 kPa  P_gauge=-63.1 kPa  Air=LOW
2026-09-12T17:09:11.955	ADC=478  Voltage=405 mV  P_abs=33.4 kPa  P_gauge=-63.7 kPa  Air=LOW
2026-09-12T17:09:12.696	ADC=475  Voltage=428 mV  P_abs=34.5 kPa  P_gauge=-62.6 kPa  Air=LOW
2026-09-12T17:09:13.437	ADC=483  Voltage=425 mV  P_abs=35.0 kPa  P_gauge=-62.2 kPa  Air=LOW
2026-09-12T17:09:14.177	ADC=483  Voltage=435 mV  P_abs=34.2 kPa  P_gauge=-62.9 kPa  Air=LOW
2026-09-12T17:09:14.916	ADC=489  Voltage=428 mV  P_abs=33.6 kPa  P_gauge=-63.5 kPa  Air=LOW
2026-09-12T17:09:15.658	ADC=490  Voltage=424 mV  P_abs=34.2 kPa  P_gauge=-62.9 kPa  Air=LOW
2026-09-12T17:09:16.396	ADC=486  Voltage=410 mV  P_abs=34.4 kPa  P_gauge=-62.7 kPa  Air=LOW
2026-09-12T17:09:17.136	ADC=495  Voltage=424 mV  P_abs=34.7 kPa  P_gauge=-62.4 kPa  Air=LOW
2026-09-12T17:09:17.876	ADC=483  Voltage=436 mV  P_abs=34.3 kPa  P_gauge=-62.8 kPa  Air=LOW
2026-09-12T17:09:18.616	ADC=494  Voltage=424 mV  P_abs=34.5 kPa  P_gauge=-62.6 kPa  Air=LOW
2026-09-12T17:09:19.357	ADC=493  Voltage=431 mV  P_abs=34.2 kPa  P_gauge=-63.0 kPa  Air=LOW
2026-09-12T17:09:20.096	ADC=496  Voltage=428 mV  P_abs=34.4 kPa  P_gauge=-62.7 kPa  Air=LOW
2026-09-12T17:09:20.836	ADC=492  Voltage=430 mV  P_abs=34.8 kPa  P_gauge=-62.3 kPa  Air=LOW
2026-09-12T17:09:21.576	ADC=495  Voltage=425 mV  P_abs=35.1 kPa  P_gauge=-62.1 kPa  Air=LOW
2026-09-12T17:09:22.316	ADC=487  Voltage=436 mV  P_abs=34.7 kPa  P_gauge=-62.5 kPa  Air=LOW
2026-09-12T17:09:23.057	ADC=483  Voltage=430 mV  P_abs=35.3 kPa  P_gauge=-61.9 kPa  Air=LOW
2026-09-12T17:09:23.796	ADC=484  Voltage=430 mV  P_abs=35.1 kPa  P_gauge=-62.1 kPa  Air=LOW
