; generated by PrusaSlicer 2.9.6 on 2026-09-11 at 15:25:57 UTC

; 

; external perimeters extrusion width = 0.45mm
; perimeters extrusion width = 0.45mm
; infill extrusion width = 0.45mm
; solid infill extrusion width = 0.45mm
; top infill extrusion width = 0.40mm
; first layer extrusion width = 0.70mm

; external perimeters extrusion width = 0.45mm
; perimeters extrusion width = 0.45mm
; infill extrusion width = 0.45mm
; solid infill extrusion width = 0.45mm
; top infill extrusion width = 0.40mm
; first layer extrusion width = 0.70mm

M104 S200 ; set temperature
;TYPE:Custom
G28 ; home all axes
G1 Z5 F5000 ; lift nozzle
M109 S200 ; set temperature and wait for it to be reached
G21 ; set units to millimeters
G90 ; use absolute coordinates
M82 ; use absolute distances for extrusion
G92 E0
; Filament gcode
M107
;LAYER_CHANGE
;Z:0.35
;HEIGHT:0.35
G1 E-2 F2400
G92 E0
G1 Z.35 F7800
G1 X70.225 Y70.871
G1 E2 F2400
;TYPE:Skirt/Brim
;WIDTH:0.7
G1 F1800
G1 X71.966 Y69.465 E2.20349
G1 X75 Y68.688 E2.48827
G1 X125 Y68.688 E7.03475
G1 X127.203 Y69.084 E7.23828
G1 X129.129 Y70.225 E7.44184
G1 X130.535 Y71.966 E7.64533
G1 X131.312 Y75 E7.93011
G1 X131.312 Y125 E12.47659
G1 X130.916 Y127.203 E12.68012
G1 X129.775 Y129.129 E12.88368
G1 X128.034 Y130.535 E13.08717
G1 X125 Y131.312 E13.37195
G1 X75 Y131.312 E17.91843
G1 X72.797 Y130.916 E18.12196
G1 X70.871 Y129.775 E18.32552
G1 X69.465 Y128.034 E18.52901
G1 X68.688 Y125 E18.81379
G1 X68.688 Y75 E23.36027
G1 X69.084 Y72.797 E23.5638
G1 X70.194 Y70.923 E23.76185
G1 E21.76185 F2400
G92 E0
G92 E0
G1 X118.794 Y110.644 F7800
G1 E2 F2400
;TYPE:Perimeter
;WIDTH:0.7
G1 F1800
G1 X118.103 Y111.784 E2.12122
G1 X117.311 Y112.92 E2.24714
G1 X116.448 Y114.002 E2.37299
G1 X115.517 Y115.027 E2.4989
G1 X114.522 Y115.99 E2.62481
G1 X113.468 Y116.888 E2.75072
G1 X112.358 Y117.716 E2.87664
G1 X111.198 Y118.472 E3.00254
G1 X109.991 Y119.151 E3.12847
G1 X108.744 Y119.752 E3.25434
G1 X107.46 Y120.271 E3.38027
G1 X106.146 Y120.708 E3.50619
G1 X104.807 Y121.059 E3.63206
G1 X103.447 Y121.324 E3.75805
G1 X102.074 Y121.501 E3.88393
G1 X100.692 Y121.59 E4.00985
G1 X99.308 Y121.59 E4.1357
G1 X97.926 Y121.501 E4.26162
G1 X96.553 Y121.324 E4.3875
G1 X95.193 Y121.059 E4.51349
G1 X93.854 Y120.708 E4.63936
G1 X92.54 Y120.271 E4.76528
G1 X91.256 Y119.752 E4.89121
G1 X90.009 Y119.151 E5.01708
G1 X88.802 Y118.472 E5.14301
G1 X87.642 Y117.716 E5.26891
G1 X86.532 Y116.888 E5.39483
G1 X85.478 Y115.99 E5.52074
G1 X84.483 Y115.027 E5.64665
G1 X83.552 Y114.002 E5.77256
G1 X82.689 Y112.92 E5.89841
G1 X81.897 Y111.784 E6.02433
G1 X81.179 Y110.6 E6.15024
G1 X80.539 Y109.372 E6.27616
G1 X79.987 Y108.127 E6.4
G1 X79.5 Y106.807 E6.52794
G1 X79.106 Y105.479 E6.6539
G1 X78.798 Y104.129 E6.77981
G1 X78.577 Y102.762 E6.90572
G1 X78.446 Y101.407 E7.0295
G1 X78.399 Y100.001 E7.15742
G1 X78.444 Y98.616 E7.28342
G1 X78.577 Y97.238 E7.4093
G1 X78.798 Y95.871 E7.53521
G1 X79.106 Y94.521 E7.66112
G1 X79.493 Y93.216 E7.78489
G1 X79.978 Y91.895 E7.91285
G1 X80.539 Y90.628 E8.03885
G1 X81.179 Y89.4 E8.16477
G1 X81.897 Y88.216 E8.29068
G1 X82.689 Y87.08 E8.4166
G1 X83.552 Y85.998 E8.54245
G1 X84.483 Y84.973 E8.66836
G1 X85.478 Y84.01 E8.79427
G1 X86.532 Y83.112 E8.92018
G1 X87.642 Y82.284 E9.0461
G1 X88.802 Y81.528 E9.172
G1 X90.009 Y80.849 E9.29793
G1 X91.256 Y80.248 E9.4238
G1 X92.54 Y79.729 E9.54973
G1 X93.832 Y79.3 E9.67352
G1 X95.193 Y78.941 E9.80151
G1 X96.553 Y78.676 E9.9275
G1 X97.926 Y78.499 E10.05338
G1 X99.308 Y78.41 E10.1793
G1 X100.692 Y78.41 E10.30515
G1 X102.074 Y78.499 E10.43107
G1 X103.447 Y78.676 E10.55695
G1 X104.807 Y78.941 E10.68294
G1 X106.146 Y79.292 E10.80881
G1 X107.46 Y79.729 E10.93473
G1 X108.744 Y80.248 E11.06066
G1 X109.991 Y80.849 E11.18653
G1 X111.198 Y81.528 E11.31246
G1 X112.358 Y82.284 E11.43836
G1 X113.468 Y83.112 E11.56428
G1 X114.522 Y84.01 E11.69019
G1 X115.517 Y84.973 E11.8161
G1 X116.448 Y85.998 E11.94201
G1 X117.296 Y87.062 E12.06573
G1 X118.103 Y88.215 E12.1937
G1 X118.821 Y89.4 E12.31969
G1 X119.461 Y90.628 E12.44561
G1 X120.022 Y91.894 E12.57152
G1 X120.5 Y93.193 E12.69738
G1 X120.894 Y94.521 E12.82334
G1 X121.202 Y95.871 E12.94925
G1 X121.423 Y97.238 E13.07516
G1 X121.556 Y98.616 E13.20104
G1 X121.601 Y100 E13.32695
G1 X121.556 Y101.384 E13.45286
G1 X121.423 Y102.762 E13.57874
G1 X121.202 Y104.129 E13.70465
G1 X120.894 Y105.479 E13.83056
G1 X120.5 Y106.807 E13.95652
G1 X120.022 Y108.106 E14.08238
G1 X119.461 Y109.372 E14.20829
G1 X118.825 Y110.592 E14.33339
G1 X118.26 Y110.32 F7800
G1 F1800
G1 X117.579 Y111.443 E14.45281
G1 X116.81 Y112.546 E14.57507
G1 X115.972 Y113.597 E14.6973
G1 X115.068 Y114.592 E14.81954
G1 X114.102 Y115.528 E14.94185
G1 X113.078 Y116.399 E15.06409
G1 X112 Y117.203 E15.18637
G1 X110.873 Y117.937 E15.30867
G1 X109.702 Y118.597 E15.4309
G1 X108.491 Y119.18 E15.55311
G1 X107.244 Y119.685 E15.67544
G1 X105.968 Y120.108 E15.79768
G1 X104.667 Y120.449 E15.91998
G1 X103.348 Y120.707 E16.04219
G1 X102.014 Y120.878 E16.16448
G1 X100.672 Y120.965 E16.28676
G1 X99.328 Y120.965 E16.40897
G1 X97.986 Y120.878 E16.53125
G1 X96.652 Y120.707 E16.65354
G1 X95.333 Y120.449 E16.77575
G1 X94.032 Y120.108 E16.89805
G1 X92.756 Y119.685 E17.02029
G1 X91.509 Y119.18 E17.14262
G1 X90.298 Y118.597 E17.26483
G1 X89.127 Y117.937 E17.38706
G1 X88 Y117.203 E17.50936
G1 X86.922 Y116.399 E17.63164
G1 X85.898 Y115.528 E17.75388
G1 X84.932 Y114.592 E17.87619
G1 X84.028 Y113.597 E17.99843
G1 X83.19 Y112.546 E18.12066
G1 X82.421 Y111.443 E18.24292
G1 X81.724 Y110.293 E18.3652
G1 X81.102 Y109.101 E18.48746
G1 X80.567 Y107.892 E18.60768
G1 X80.093 Y106.61 E18.73196
G1 X79.711 Y105.321 E18.85421
G1 X79.411 Y104.01 E18.9765
G1 X79.197 Y102.682 E19.09881
G1 X79.07 Y101.367 E19.21894
G1 X79.025 Y100.001 E19.34322
G1 X79.068 Y98.656 E19.46558
G1 X79.197 Y97.318 E19.58781
G1 X79.411 Y95.99 E19.71012
G1 X79.711 Y94.68 E19.83232
G1 X80.087 Y93.413 E19.95249
G1 X80.557 Y92.129 E20.07682
G1 X81.102 Y90.899 E20.19915
G1 X81.724 Y89.707 E20.32141
G1 X82.421 Y88.557 E20.44369
G1 X83.19 Y87.454 E20.56595
G1 X84.028 Y86.403 E20.68818
G1 X84.932 Y85.408 E20.81042
G1 X85.898 Y84.472 E20.93273
G1 X86.922 Y83.601 E21.05497
G1 X88 Y82.797 E21.17725
G1 X89.127 Y82.063 E21.29955
G1 X90.298 Y81.403 E21.42178
G1 X91.509 Y80.82 E21.54399
G1 X92.756 Y80.315 E21.66632
G1 X94.01 Y79.899 E21.78646
G1 X95.332 Y79.551 E21.91076
G1 X96.652 Y79.293 E22.03306
G1 X97.986 Y79.122 E22.15535
G1 X99.328 Y79.035 E22.27763
G1 X100.672 Y79.035 E22.39984
G1 X102.014 Y79.122 E22.52212
G1 X103.348 Y79.293 E22.64441
G1 X104.667 Y79.551 E22.76662
G1 X105.968 Y79.892 E22.88892
G1 X107.244 Y80.315 E23.01116
G1 X108.491 Y80.82 E23.13349
G1 X109.702 Y81.403 E23.2557
G1 X110.873 Y82.063 E23.37793
G1 X112 Y82.797 E23.50023
G1 X113.078 Y83.601 E23.62251
G1 X114.102 Y84.472 E23.74475
G1 X115.068 Y85.408 E23.86706
G1 X115.972 Y86.403 E23.9893
G1 X116.796 Y87.436 E24.10945
G1 X117.579 Y88.557 E24.23379
G1 X118.276 Y89.707 E24.35607
G1 X118.898 Y90.899 E24.47833
G1 X119.442 Y92.129 E24.60062
G1 X119.907 Y93.39 E24.72283
G1 X120.289 Y94.68 E24.84516
G1 X120.589 Y95.99 E24.96736
G1 X120.803 Y97.318 E25.08967
G1 X120.932 Y98.656 E25.2119
G1 X120.975 Y100 E25.33417
G1 X120.932 Y101.344 E25.45644
G1 X120.803 Y102.682 E25.57867
G1 X120.589 Y104.01 E25.70098
G1 X120.289 Y105.32 E25.82318
G1 X119.907 Y106.609 E25.94543
G1 X119.442 Y107.871 E26.06772
G1 X118.898 Y109.101 E26.19001
G1 X118.29 Y110.268 E26.30966
G1 X117.726 Y109.996 F7800
;TYPE:External perimeter
G1 F1800
G1 X117.055 Y111.102 E26.42729
G1 X116.309 Y112.172 E26.5459
G1 X115.496 Y113.192 E26.66451
G1 X114.619 Y114.157 E26.78308
G1 X113.681 Y115.065 E26.90179
G1 X112.688 Y115.91 E27.02035
G1 X111.643 Y116.691 E27.13898
G1 X110.549 Y117.402 E27.25762
G1 X109.413 Y118.042 E27.37618
G1 X108.237 Y118.608 E27.49485
G1 X107.028 Y119.098 E27.61347
G1 X105.79 Y119.509 E27.73208
G1 X104.528 Y119.84 E27.85071
G1 X103.248 Y120.089 E27.96928
G1 X101.954 Y120.256 E28.08792
G1 X100.652 Y120.34 E28.20656
G1 X99.348 Y120.34 E28.32513
G1 X98.046 Y120.256 E28.44377
G1 X96.752 Y120.089 E28.56241
G1 X95.472 Y119.84 E28.68098
G1 X94.21 Y119.509 E28.79961
G1 X92.972 Y119.098 E28.91822
G1 X91.763 Y118.608 E29.03684
G1 X90.587 Y118.042 E29.15551
G1 X89.451 Y117.402 E29.27407
G1 X88.357 Y116.691 E29.39271
G1 X87.312 Y115.91 E29.51134
G1 X86.319 Y115.065 E29.6299
G1 X85.381 Y114.157 E29.74861
G1 X84.504 Y113.192 E29.86718
G1 X83.691 Y112.172 E29.98579
G1 X82.945 Y111.102 E30.1044
G1 X82.269 Y109.986 E30.22304
G1 X81.665 Y108.83 E30.34164
G1 X81.146 Y107.657 E30.45827
G1 X80.687 Y106.413 E30.57884
G1 X80.315 Y105.162 E30.69752
G1 X80.025 Y103.89 E30.81615
G1 X79.817 Y102.602 E30.93478
G1 X79.694 Y101.326 E31.05134
G1 X79.65 Y100 E31.17198
G1 X79.692 Y98.696 E31.29061
G1 X79.817 Y97.398 E31.40918
G1 X80.025 Y96.11 E31.52781
G1 X80.315 Y94.838 E31.64644
G1 X80.68 Y93.609 E31.76302
G1 X81.137 Y92.363 E31.8837
G1 X81.665 Y91.17 E32.00233
G1 X82.269 Y90.014 E32.12093
G1 X82.945 Y88.898 E32.23957
G1 X83.691 Y87.828 E32.35818
G1 X84.504 Y86.808 E32.47679
G1 X85.381 Y85.843 E32.59536
G1 X86.319 Y84.935 E32.71407
G1 X87.312 Y84.09 E32.83263
G1 X88.357 Y83.309 E32.95126
G1 X89.451 Y82.598 E33.0699
G1 X90.587 Y81.958 E33.18846
G1 X91.763 Y81.392 E33.30713
G1 X92.972 Y80.902 E33.42575
G1 X94.188 Y80.498 E33.54226
G1 X95.471 Y80.16 E33.6629
G1 X96.752 Y79.911 E33.78156
G1 X98.046 Y79.744 E33.9002
G1 X99.348 Y79.66 E34.01884
G1 X100.652 Y79.66 E34.13741
G1 X101.954 Y79.744 E34.25605
G1 X103.248 Y79.911 E34.37469
G1 X104.528 Y80.16 E34.49326
G1 X105.79 Y80.491 E34.61189
G1 X107.028 Y80.902 E34.7305
G1 X108.237 Y81.392 E34.84912
G1 X109.413 Y81.958 E34.96779
G1 X110.549 Y82.598 E35.08635
G1 X111.643 Y83.309 E35.20499
G1 X112.688 Y84.09 E35.32362
G1 X113.681 Y84.935 E35.44218
G1 X114.619 Y85.843 E35.56089
G1 X115.496 Y86.808 E35.67946
G1 X116.295 Y87.811 E35.79606
G1 X117.055 Y88.898 E35.91666
G1 X117.731 Y90.014 E36.0353
G1 X118.335 Y91.17 E36.1539
G1 X118.863 Y92.363 E36.27253
G1 X119.313 Y93.587 E36.39111
G1 X119.685 Y94.838 E36.50979
G1 X119.975 Y96.11 E36.62842
G1 X120.183 Y97.398 E36.74705
G1 X120.308 Y98.696 E36.86562
G1 X120.35 Y100 E36.98425
G1 X120.308 Y101.304 E37.10288
G1 X120.183 Y102.602 E37.22145
G1 X119.975 Y103.89 E37.34008
G1 X119.685 Y105.162 E37.45871
G1 X119.313 Y106.412 E37.5773
G1 X118.863 Y107.637 E37.69597
G1 X118.335 Y108.83 E37.8146
G1 X117.754 Y109.943 E37.92876
G1 X117.549 Y110.286 F7800
G1 E35.92876 F2400
G92 E0
G1 X123.4 Y123.4 F7800
G1 E2 F2400
;TYPE:Perimeter
G1 F1800
G1 X76.6 Y123.4 E6.2555
G1 X76.6 Y76.6 E10.511
G1 X123.4 Y76.6 E14.7665
G1 X123.4 Y123.34 E19.01655
G1 X124.025 Y124.025 F7800
G1 F1800
G1 X75.975 Y124.025 E23.38571
G1 X75.975 Y75.975 E27.75487
G1 X124.025 Y75.975 E32.12403
G1 X124.025 Y123.965 E36.48774
G1 X124.65 Y124.65 F7800
;TYPE:External perimeter
G1 F1800
G1 X75.35 Y124.65 E40.97057
G1 X75.35 Y75.35 E45.4534
G1 X124.65 Y75.35 E49.93623
G1 X124.65 Y124.59 E54.4136
G1 X124.254 Y124.649 F7800
G1 E52.4136 F2400
G92 E0
G1 X121.947 Y76.787 F7800
G1 E2 F2400
;TYPE:Solid infill
;WIDTH:0.701243
G1 F1800
G1 X122.932 Y77.772 E2.12692
G1 X122.932 Y78.657 E2.20755
G1 X121.343 Y77.068 E2.41229
G1 X120.457 Y77.068 E2.49301
G1 X122.932 Y79.543 E2.81191
G1 X122.932 Y80.428 E2.89254
G1 X119.572 Y77.068 E3.32547
G1 X118.686 Y77.068 E3.40619
G1 X122.932 Y81.314 E3.95329
G1 X122.932 Y82.199 E4.03392
G1 X117.801 Y77.068 E4.69505
G1 X116.915 Y77.068 E4.77577
G1 X122.932 Y83.085 E5.55106
G1 X122.932 Y83.97 E5.63169
G1 X116.03 Y77.068 E6.52101
G1 X115.144 Y77.068 E6.60173
G1 X122.932 Y84.856 E7.60521
G1 X122.932 Y85.741 E7.68584
G1 X114.259 Y77.068 E8.80335
G1 X113.373 Y77.068 E8.88407
G1 X122.932 Y86.627 E10.11574
G1 X122.932 Y87.512 E10.19637
G1 X112.488 Y77.068 E11.54207
G1 X111.602 Y77.068 E11.62279
G1 X122.932 Y88.398 E13.08266
G1 X122.932 Y89.283 E13.16329
G1 X110.717 Y77.068 E14.73719
G1 X109.831 Y77.068 E14.81791
G1 X122.932 Y90.169 E16.50597
G1 X122.932 Y91.054 E16.5866
G1 X108.946 Y77.068 E18.38869
G1 X108.06 Y77.068 E18.46941
G1 X122.932 Y91.94 E20.38566
G1 X122.932 Y92.825 E20.46629
G1 X119.146 Y89.039 E20.95411
G1 X119.257 Y89.224 E20.97377
G1 X119.908 Y90.48 E21.10266
G1 X120.073 Y90.852 E21.13974
G1 X122.932 Y93.711 E21.50812
G1 X122.932 Y94.596 E21.58875
G1 X120.685 Y92.349 E21.87827
G1 X120.962 Y93.104 E21.95154
G1 X121.132 Y93.682 E22.00643
G1 X122.932 Y95.482 E22.23836
G1 X122.932 Y96.367 E22.31899
G1 X121.46 Y94.896 E22.50859
G1 X121.649 Y95.723 E22.58588
G1 X121.697 Y96.018 E22.61311
G1 X122.932 Y97.253 E22.77224
G1 X122.932 Y98.138 E22.85287
G1 X121.868 Y97.074 E22.98997
G1 X121.974 Y98.066 E23.08087
G1 X122.932 Y99.023 E23.20424
G1 X122.932 Y99.909 E23.28496
G1 X122.035 Y99.013 E23.40047
G1 X122.067 Y99.93 E23.48407
G1 X122.932 Y100.794 E23.59546
G1 X122.932 Y101.68 E23.67618
G1 X122.04 Y100.789 E23.79105
G1 X122.002 Y101.636 E23.8683
G1 X122.932 Y102.565 E23.98807
G1 X122.932 Y103.451 E24.06879
G1 X121.922 Y102.442 E24.19886
G1 X121.823 Y103.228 E24.27104
G1 X122.932 Y104.336 E24.41387
G1 X122.932 Y105.222 E24.49459
G1 X121.699 Y103.99 E24.6534
G1 X121.545 Y104.721 E24.72146
G1 X122.932 Y106.107 E24.90011
G1 X122.932 Y106.993 E24.98083
G1 X121.38 Y105.441 E25.1808
G1 X121.188 Y106.135 E25.24641
G1 X122.932 Y107.878 E25.47106
G1 X122.932 Y108.764 E25.55178
G1 X120.986 Y106.818 E25.80252
G1 X120.753 Y107.471 E25.86569
G1 X122.932 Y109.649 E26.14639
G1 X122.932 Y110.535 E26.22711
G1 X120.516 Y108.119 E26.53841
G1 X120.25 Y108.739 E26.59988
G1 X122.932 Y111.42 E26.94539
G1 X122.932 Y112.306 E27.02611
G1 X119.978 Y109.353 E27.40667
G1 X119.689 Y109.949 E27.46702
G1 X122.932 Y113.191 E27.88481
G1 X122.932 Y114.077 E27.96553
G1 X119.386 Y110.531 E28.42243
G1 X119.065 Y111.096 E28.48164
G1 X122.932 Y114.962 E28.97984
G1 X122.932 Y115.848 E29.06056
G1 X118.732 Y111.648 E29.60173
G1 X118.387 Y112.189 E29.66019
G1 X122.932 Y116.733 E30.24575
G1 X122.932 Y117.619 E30.32647
G1 X118.024 Y112.711 E30.95886
G1 X117.66 Y113.232 E31.01677
G1 X122.932 Y118.504 E31.69606
G1 X122.932 Y119.39 E31.77678
G1 X117.266 Y113.724 E32.50684
G1 X116.872 Y114.216 E32.56427
G1 X122.932 Y120.275 E33.34503
G1 X122.932 Y121.161 E33.42575
G1 X116.458 Y114.687 E34.25992
G1 X116.037 Y115.151 E34.317
G1 X122.932 Y122.046 E35.20542
G1 X122.932 Y122.932 E35.28614
G1 X115.597 Y115.597 E36.23125
G1 X115.147 Y116.032 E36.28827
G1 X122.046 Y122.932 E37.17727
G1 X121.161 Y122.932 E37.2579
G1 X114.691 Y116.462 E38.09156
G1 X114.211 Y116.868 E38.14884
G1 X120.275 Y122.932 E38.93018
G1 X119.39 Y122.932 E39.01081
G1 X113.732 Y117.274 E39.73984
G1 X113.226 Y117.653 E39.79744
G1 X118.504 Y122.932 E40.47757
G1 X117.619 Y122.932 E40.5582
G1 X112.719 Y118.032 E41.18956
G1 X112.185 Y118.383 E41.24778
G1 X116.733 Y122.932 E41.83385
G1 X115.848 Y122.932 E41.91448
G1 X111.649 Y118.733 E42.45552
G1 X111.096 Y119.066 E42.51433
G1 X114.962 Y122.932 E43.01246
G1 X114.077 Y122.932 E43.09309
G1 X110.528 Y119.383 E43.55038
G1 X109.95 Y119.69 E43.61001
G1 X113.191 Y122.932 E44.02768
G1 X112.306 Y122.932 E44.10831
G1 X109.351 Y119.977 E44.48906
G1 X108.745 Y120.257 E44.54988
G1 X111.42 Y122.932 E44.89455
G1 X110.535 Y122.932 E44.97518
G1 X108.115 Y120.512 E45.287
G1 X107.475 Y120.757 E45.34944
G1 X109.649 Y122.932 E45.62962
G1 X108.764 Y122.932 E45.71025
G1 X106.811 Y120.979 E45.96189
G1 X106.137 Y121.191 E46.02626
G1 X107.878 Y122.932 E46.25059
G1 X106.993 Y122.932 E46.33122
G1 X105.436 Y121.375 E46.53184
G1 X104.728 Y121.552 E46.59833
G1 X106.107 Y122.932 E46.77608
G1 X105.222 Y122.932 E46.85671
G1 X103.986 Y121.696 E47.01597
G1 X103.228 Y121.823 E47.08599
G1 X104.336 Y122.932 E47.22882
G1 X103.451 Y122.932 E47.30945
G1 X102.445 Y121.925 E47.43914
G1 X101.629 Y121.995 E47.51376
G1 X102.565 Y122.932 E47.63443
G1 X101.68 Y122.932 E47.71506
G1 X100.797 Y122.049 E47.82883
G1 X99.919 Y122.056 E47.90883
G1 X100.794 Y122.932 E48.02164
G1 X99.909 Y122.932 E48.10227
G1 X99.018 Y122.041 E48.21707
G1 X98.072 Y121.98 E48.30344
G1 X99.023 Y122.932 E48.42604
G1 X98.138 Y122.932 E48.50667
G1 X97.065 Y121.858 E48.64499
G1 X96.419 Y121.775 E48.70433
G1 X96.018 Y121.697 E48.74155
G1 X97.253 Y122.932 E48.90068
G1 X96.367 Y122.932 E48.9814
G1 X94.898 Y121.463 E49.17068
G1 X93.695 Y121.145 E49.28405
G1 X95.482 Y122.932 E49.5143
G1 X94.596 Y122.932 E49.59502
G1 X92.369 Y120.705 E49.88197
G1 X90.86 Y120.081 E50.03075
G1 X93.711 Y122.932 E50.3981
G1 X92.825 Y122.932 E50.47882
G1 X88.185 Y118.292 E51.07668
G1 E49.07668 F2400
G92 E0
G1 X111.809 Y81.703 F7800
G1 E2 F2400
G1 F1800
G1 X107.175 Y77.068 E2.59715
G1 X106.289 Y77.068 E2.67787
G1 X109.141 Y79.92 E3.04535
G1 X107.631 Y79.295 E3.19425
G1 X105.404 Y77.068 E3.4812
G1 X104.518 Y77.068 E3.56192
G1 X106.305 Y78.855 E3.79217
G1 X105.097 Y78.533 E3.90607
G1 X103.633 Y77.068 E4.09477
G1 X102.747 Y77.068 E4.17549
G1 X103.983 Y78.304 E4.33475
G1 X103.582 Y78.225 E4.37199
G1 X102.935 Y78.142 E4.43142
G1 X101.862 Y77.068 E4.56974
G1 X100.977 Y77.068 E4.65037
G1 X101.929 Y78.021 E4.7731
G1 X100.985 Y77.963 E4.85927
G1 X100.091 Y77.068 E4.97453
G1 X99.206 Y77.068 E5.05516
G1 X100.079 Y77.942 E5.16771
G1 X99.203 Y77.951 E5.24753
G1 X98.32 Y77.068 E5.3613
G1 X97.435 Y77.068 E5.44193
G1 X98.371 Y78.005 E5.5626
G1 X97.555 Y78.075 E5.63722
G1 X96.549 Y77.068 E5.76691
G1 X95.664 Y77.068 E5.84754
G1 X96.772 Y78.177 E5.99037
G1 X96.014 Y78.304 E6.06039
G1 X94.778 Y77.068 E6.21965
G1 X93.893 Y77.068 E6.30028
G1 X95.272 Y78.448 E6.47803
G1 X94.565 Y78.626 E6.54446
G1 X93.007 Y77.068 E6.74521
G1 X92.122 Y77.068 E6.82584
G1 X93.864 Y78.81 E7.0503
G1 X93.188 Y79.021 E7.11482
G1 X91.236 Y77.068 E7.3664
G1 X90.351 Y77.068 E7.44703
G1 X92.525 Y79.243 E7.72721
G1 X91.886 Y79.489 E7.78959
G1 X89.465 Y77.068 E8.10153
G1 X88.58 Y77.068 E8.18216
G1 X91.257 Y79.746 E8.52715
G1 X90.647 Y80.021 E8.58811
G1 X87.694 Y77.068 E8.9686
G1 X86.809 Y77.068 E9.04923
G1 X90.05 Y80.309 E9.46683
G1 X89.472 Y80.617 E9.5265
G1 X85.923 Y77.068 E9.98379
G1 X85.038 Y77.068 E10.06442
G1 X88.904 Y80.934 E10.56255
G1 X88.351 Y81.267 E10.62136
G1 X84.152 Y77.068 E11.1624
G1 X83.267 Y77.068 E11.24303
G1 X87.815 Y81.617 E11.8291
G1 X87.281 Y81.968 E11.88732
G1 X82.381 Y77.068 E12.51868
G1 X81.496 Y77.068 E12.59931
G1 X86.775 Y82.348 E13.27957
G1 X86.27 Y82.728 E13.33715
G1 X80.61 Y77.068 E14.06644
G1 X79.725 Y77.068 E14.14707
G1 X85.787 Y83.131 E14.92822
G1 X85.309 Y83.538 E14.98542
G1 X78.839 Y77.068 E15.81908
G1 X77.954 Y77.068 E15.89971
G1 X84.853 Y83.968 E16.78871
G1 X84.403 Y84.403 E16.84573
G1 X77.068 Y77.068 E17.79084
G1 X77.068 Y77.954 E17.87156
G1 X83.963 Y84.849 E18.75998
G1 X83.542 Y85.313 E18.81706
G1 X77.068 Y78.839 E19.65123
G1 X77.068 Y79.725 E19.73195
G1 X83.128 Y85.784 E20.51271
G1 X82.734 Y86.276 E20.57014
G1 X77.068 Y80.61 E21.3002
G1 X77.068 Y81.496 E21.38092
G1 X82.34 Y86.768 E22.06021
G1 X81.977 Y87.289 E22.11806
G1 X77.068 Y82.381 E22.75052
G1 X77.068 Y83.267 E22.83124
G1 X81.613 Y87.811 E23.4168
G1 X81.268 Y88.352 E23.47526
G1 X77.068 Y84.152 E24.01643
G1 X77.068 Y85.038 E24.09715
G1 X80.935 Y88.904 E24.59535
G1 X80.614 Y89.469 E24.65456
G1 X77.068 Y85.923 E25.11146
G1 X77.068 Y86.809 E25.19218
G1 X80.311 Y90.051 E25.60997
G1 X80.022 Y90.647 E25.67032
G1 X77.068 Y87.694 E26.05088
G1 X77.068 Y88.58 E26.1316
G1 X79.75 Y91.261 E26.47711
G1 X79.484 Y91.881 E26.53858
G1 X77.068 Y89.465 E26.84988
G1 X77.068 Y90.351 E26.9306
G1 X79.246 Y92.528 E27.21117
G1 X79.017 Y93.185 E27.27456
G1 X77.068 Y91.236 E27.52569
G1 X77.068 Y92.122 E27.60641
G1 X78.813 Y93.866 E27.83119
G1 X78.62 Y94.559 E27.89673
G1 X77.068 Y93.007 E28.0967
G1 X77.068 Y93.893 E28.17742
G1 X78.456 Y95.28 E28.3562
G1 X78.301 Y96.011 E28.42428
G1 X77.068 Y94.778 E28.58315
G1 X77.068 Y95.664 E28.66387
G1 X78.179 Y96.775 E28.80702
G1 X78.075 Y97.556 E28.87881
G1 X77.068 Y96.549 E29.00856
G1 X77.068 Y97.435 E29.08928
G1 X77.997 Y98.363 E29.20892
G1 X77.96 Y99.211 E29.28626
G1 X77.068 Y98.32 E29.40113
G1 X77.068 Y99.206 E29.48185
G1 X77.933 Y100.07 E29.59324
G1 X77.966 Y100.988 E29.67693
G1 X77.068 Y100.091 E29.79257
G1 X77.068 Y100.977 E29.87329
G1 X78.027 Y101.935 E29.99679
G1 X78.128 Y102.921 E30.08709
G1 X77.068 Y101.862 E30.22361
G1 X77.068 Y102.747 E30.30424
G1 X78.299 Y103.978 E30.46285
G1 X78.541 Y105.105 E30.56787
G1 X77.068 Y103.633 E30.7576
G1 X77.068 Y104.518 E30.83823
G1 X78.871 Y106.321 E31.07055
G1 X79.076 Y107.013 E31.13631
G1 X79.31 Y107.645 E31.19771
G1 X77.068 Y105.404 E31.48653
G1 X77.068 Y106.289 E31.56716
G1 X79.929 Y109.15 E31.9358
G1 X80.092 Y109.52 E31.97264
G1 X80.843 Y110.95 E32.1198
G1 X77.068 Y107.175 E32.60621
G1 X77.068 Y108.06 E32.68684
G1 X91.94 Y122.932 E34.60309
G1 X91.054 Y122.932 E34.68381
G1 X77.068 Y108.946 E36.4859
G1 X77.068 Y109.831 E36.56653
G1 X90.169 Y122.932 E38.25459
G1 X89.283 Y122.932 E38.33531
G1 X77.068 Y110.717 E39.90921
G1 X77.068 Y111.602 E39.98984
G1 X88.398 Y122.932 E41.44971
G1 X87.512 Y122.932 E41.53043
G1 X77.068 Y112.488 E42.87613
G1 X77.068 Y113.373 E42.95676
G1 X86.627 Y122.932 E44.18843
G1 X85.741 Y122.932 E44.26915
G1 X77.068 Y114.259 E45.38666
G1 X77.068 Y115.144 E45.46729
G1 X84.856 Y122.932 E46.47077
G1 X83.97 Y122.932 E46.55149
G1 X77.068 Y116.03 E47.44081
G1 X77.068 Y116.915 E47.52144
G1 X83.085 Y122.932 E48.29673
G1 X82.199 Y122.932 E48.37745
G1 X77.068 Y117.801 E49.03858
G1 X77.068 Y118.686 E49.11921
G1 X81.314 Y122.932 E49.66631
G1 X80.428 Y122.932 E49.74703
G1 X77.068 Y119.572 E50.17996
G1 X77.068 Y120.457 E50.26059
G1 X79.543 Y122.932 E50.57949
G1 X78.657 Y122.932 E50.66021
G1 X77.068 Y121.343 E50.86495
G1 X77.068 Y122.228 E50.94558
G1 X78.053 Y123.213 E51.0725
G1 E49.0725 F2400
G92 E0
G92 E0
G1 X100.561 Y81.611 F7800
G1 E2 F2400
;TYPE:Perimeter
;WIDTH:0.7
G1 F1800
G1 X100.611 Y81.611 E2.00455
G1 X101.767 Y81.686 E2.10989
G1 X102.937 Y81.836 E2.21715
G1 X104.094 Y82.062 E2.32434
G1 X105.235 Y82.361 E2.43159
G1 X106.355 Y82.733 E2.5389
G1 X107.448 Y83.175 E2.6461
G1 X108.51 Y83.687 E2.7533
G1 X109.556 Y84.278 E2.86254
G1 X110.527 Y84.909 E2.96784
G1 X111.472 Y85.615 E3.0751
G1 X112.37 Y86.379 E3.18231
G1 X113.217 Y87.2 E3.28957
G1 X114.01 Y88.073 E3.39681
G1 X114.746 Y88.995 E3.50408
G1 X115.42 Y89.963 E3.61133
G1 X116.031 Y90.97 E3.71843
G1 X116.586 Y92.037 E3.82779
G1 X117.055 Y93.095 E3.93302
G1 X117.462 Y94.202 E4.04027
G1 X117.798 Y95.333 E4.14755
G1 X118.06 Y96.483 E4.2548
G1 X118.248 Y97.646 E4.36192
G1 X118.362 Y98.843 E4.47126
G1 X118.399 Y100 E4.57652
G1 X118.362 Y101.179 E4.68378
G1 X118.248 Y102.353 E4.79103
G1 X118.06 Y103.517 E4.89824
G1 X117.798 Y104.666 E5.0054
G1 X117.455 Y105.818 E5.1147
G1 X117.055 Y106.905 E5.22002
G1 X116.578 Y107.982 E5.32713
G1 X116.021 Y109.047 E5.43641
G1 X115.42 Y110.038 E5.5418
G1 X114.746 Y111.005 E5.64898
G1 X114.01 Y111.927 E5.75625
G1 X113.217 Y112.8 E5.86349
G1 X112.37 Y113.621 E5.97075
G1 X111.472 Y114.385 E6.07796
G1 X110.527 Y115.091 E6.18522
G1 X109.538 Y115.734 E6.29248
G1 X108.51 Y116.313 E6.39976
G1 X107.448 Y116.825 E6.50696
G1 X106.355 Y117.267 E6.61416
G1 X105.235 Y117.639 E6.72147
G1 X104.094 Y117.938 E6.82872
G1 X102.937 Y118.164 E6.93591
G1 X101.767 Y118.314 E7.04317
G1 X100.59 Y118.39 E7.15042
G1 X99.41 Y118.39 E7.25772
G1 X98.233 Y118.314 E7.36497
G1 X97.063 Y118.164 E7.47223
G1 X95.906 Y117.938 E7.57942
G1 X94.765 Y117.639 E7.68667
G1 X93.645 Y117.267 E7.79398
G1 X92.552 Y116.825 E7.90118
G1 X91.49 Y116.313 E8.00838
G1 X90.462 Y115.734 E8.11566
G1 X89.473 Y115.091 E8.22292
G1 X88.528 Y114.385 E8.33018
G1 X87.63 Y113.621 E8.43739
G1 X86.783 Y112.8 E8.54465
G1 X85.99 Y111.927 E8.65189
G1 X85.254 Y111.005 E8.75916
G1 X84.58 Y110.038 E8.86634
G1 X83.968 Y109.029 E8.97365
G1 X83.423 Y107.984 E9.08082
G1 X82.938 Y106.884 E9.19013
G1 X82.538 Y105.798 E9.29536
G1 X82.202 Y104.667 E9.40264
G1 X81.94 Y103.517 E9.50989
G1 X81.752 Y102.354 E9.61701
G1 X81.638 Y101.157 E9.72635
G1 X81.601 Y100 E9.83161
G1 X81.638 Y98.821 E9.93887
G1 X81.752 Y97.647 E10.04612
G1 X81.94 Y96.483 E10.15333
G1 X82.202 Y95.333 E10.26058
G1 X82.538 Y94.202 E10.36786
G1 X82.945 Y93.095 E10.47511
G1 X83.422 Y92.018 E10.58222
G1 X83.979 Y90.953 E10.6915
G1 X84.58 Y89.963 E10.79681
G1 X85.254 Y88.996 E10.90399
G1 X86.004 Y88.057 E11.01327
G1 X86.783 Y87.2 E11.11858
G1 X87.63 Y86.379 E11.22584
G1 X88.528 Y85.615 E11.33305
G1 X89.473 Y84.909 E11.44031
G1 X90.461 Y84.266 E11.5475
G1 X91.509 Y83.678 E11.65677
G1 X92.552 Y83.175 E11.76206
G1 X93.645 Y82.733 E11.86926
G1 X94.765 Y82.361 E11.97657
G1 X95.906 Y82.062 E12.08382
G1 X97.063 Y81.836 E12.19101
G1 X98.233 Y81.686 E12.29827
G1 X99.409 Y81.61 E12.40543
G1 X100.501 Y81.611 E12.50473
G1 X100.601 Y80.987 F7800
G1 F1800
G1 X100.632 Y80.987 E12.50755
G1 X101.827 Y81.063 E12.61643
G1 X103.036 Y81.219 E12.72728
G1 X104.233 Y81.452 E12.83817
G1 X105.413 Y81.762 E12.94911
G1 X106.57 Y82.146 E13.05996
G1 X107.701 Y82.604 E13.17091
G1 X108.799 Y83.133 E13.28173
G1 X109.881 Y83.743 E13.39467
G1 X110.884 Y84.397 E13.50355
G1 X111.862 Y85.126 E13.61447
G1 X112.79 Y85.916 E13.72529
G1 X113.666 Y86.765 E13.83622
G1 X114.486 Y87.668 E13.94713
G1 X115.247 Y88.621 E14.05802
G1 X115.944 Y89.621 E14.16886
G1 X116.576 Y90.664 E14.27975
G1 X117.149 Y91.766 E14.39269
G1 X117.634 Y92.861 E14.50159
G1 X118.055 Y94.005 E14.61243
G1 X118.402 Y95.174 E14.72331
G1 X118.674 Y96.363 E14.83422
G1 X118.868 Y97.567 E14.94511
G1 X118.986 Y98.803 E15.05801
G1 X119.025 Y100 E15.16691
G1 X118.986 Y101.219 E15.27781
G1 X118.868 Y102.433 E15.38872
G1 X118.674 Y103.637 E15.49961
G1 X118.403 Y104.825 E15.61041
G1 X118.048 Y106.015 E15.72333
G1 X117.634 Y107.139 E15.83225
G1 X117.141 Y108.254 E15.9431
G1 X116.565 Y109.354 E16.05601
G1 X115.944 Y110.379 E16.16498
G1 X115.247 Y111.379 E16.27582
G1 X114.486 Y112.332 E16.38671
G1 X113.666 Y113.235 E16.49762
G1 X112.79 Y114.084 E16.60855
G1 X111.862 Y114.874 E16.71937
G1 X110.884 Y115.603 E16.83029
G1 X109.862 Y116.269 E16.94121
G1 X108.8 Y116.867 E17.05203
G1 X107.701 Y117.396 E17.16294
G1 X106.57 Y117.854 E17.27389
G1 X105.413 Y118.238 E17.38474
G1 X104.233 Y118.548 E17.49568
G1 X103.036 Y118.781 E17.60657
G1 X101.827 Y118.937 E17.71742
G1 X100.61 Y119.015 E17.82831
G1 X99.39 Y119.015 E17.93924
G1 X98.173 Y118.937 E18.05013
G1 X96.964 Y118.781 E18.16098
G1 X95.767 Y118.548 E18.27187
G1 X94.587 Y118.238 E18.38281
G1 X93.43 Y117.854 E18.49366
G1 X92.299 Y117.396 E18.60461
G1 X91.2 Y116.867 E18.71552
G1 X90.138 Y116.269 E18.82634
G1 X89.116 Y115.603 E18.93726
G1 X88.138 Y114.874 E19.04818
G1 X87.21 Y114.084 E19.159
G1 X86.334 Y113.235 E19.26993
G1 X85.514 Y112.332 E19.38084
G1 X84.753 Y111.379 E19.49173
G1 X84.056 Y110.379 E19.60257
G1 X83.424 Y109.336 E19.71346
G1 X82.86 Y108.255 E19.82433
G1 X82.358 Y107.119 E19.93726
G1 X81.945 Y105.995 E20.04615
G1 X81.598 Y104.826 E20.15703
G1 X81.326 Y103.637 E20.26794
G1 X81.132 Y102.433 E20.37883
G1 X81.014 Y101.197 E20.49173
G1 X80.975 Y100 E20.60063
G1 X81.014 Y98.781 E20.71153
G1 X81.132 Y97.567 E20.82244
G1 X81.326 Y96.363 E20.93333
G1 X81.598 Y95.174 E21.04424
G1 X81.945 Y94.005 E21.15512
G1 X82.366 Y92.861 E21.26596
G1 X82.859 Y91.746 E21.37681
G1 X83.435 Y90.646 E21.48972
G1 X84.056 Y89.621 E21.59869
G1 X84.753 Y88.622 E21.70945
G1 X85.529 Y87.651 E21.82247
G1 X86.334 Y86.765 E21.93132
G1 X87.21 Y85.916 E22.04225
G1 X88.138 Y85.126 E22.15307
G1 X89.116 Y84.397 E22.26399
G1 X90.137 Y83.732 E22.37478
G1 X91.22 Y83.123 E22.48776
G1 X92.299 Y82.604 E22.59663
G1 X93.43 Y82.146 E22.70758
G1 X94.587 Y81.762 E22.81843
G1 X95.767 Y81.452 E22.92937
G1 X96.964 Y81.219 E23.04026
G1 X98.173 Y81.063 E23.15111
G1 X99.39 Y80.985 E23.262
G1 X100.541 Y80.986 E23.36666
G1 X100.641 Y80.362 F7800
;TYPE:External perimeter
G1 F1800
G1 X100.652 Y80.362 E23.36766
G1 X101.887 Y80.441 E23.48019
G1 X103.136 Y80.602 E23.5947
G1 X104.373 Y80.843 E23.70929
G1 X105.591 Y81.162 E23.82378
G1 X106.786 Y81.559 E23.93828
G1 X107.954 Y82.032 E24.05286
G1 X109.089 Y82.578 E24.16739
G1 X110.205 Y83.209 E24.28396
G1 X111.242 Y83.884 E24.39647
G1 X112.251 Y84.637 E24.51095
G1 X113.211 Y85.454 E24.62557
G1 X114.115 Y86.33 E24.74003
G1 X114.962 Y87.262 E24.85454
G1 X115.748 Y88.247 E24.96913
G1 X116.468 Y89.28 E25.08363
G1 X117.121 Y90.357 E25.19816
G1 X117.713 Y91.495 E25.3148
G1 X118.214 Y92.626 E25.42728
G1 X118.649 Y93.808 E25.54181
G1 X119.007 Y95.016 E25.65637
G1 X119.287 Y96.244 E25.7709
G1 X119.488 Y97.487 E25.88539
G1 X119.61 Y98.763 E26.00195
G1 X119.65 Y100 E26.11449
G1 X119.609 Y101.259 E26.22903
G1 X119.489 Y102.513 E26.34358
G1 X119.287 Y103.756 E26.45809
G1 X119.007 Y104.984 E26.57262
G1 X118.641 Y106.213 E26.68922
G1 X118.214 Y107.374 E26.8017
G1 X117.704 Y108.526 E26.91626
G1 X117.11 Y109.662 E27.03282
G1 X116.468 Y110.72 E27.14535
G1 X115.748 Y111.753 E27.25985
G1 X114.962 Y112.738 E27.37444
G1 X114.115 Y113.67 E27.48895
G1 X113.211 Y114.546 E27.60341
G1 X112.251 Y115.363 E27.71803
G1 X111.242 Y116.116 E27.83251
G1 X110.186 Y116.803 E27.94706
G1 X109.089 Y117.422 E28.06159
G1 X107.954 Y117.968 E28.17612
G1 X106.786 Y118.441 E28.2907
G1 X105.591 Y118.838 E28.4052
G1 X104.373 Y119.157 E28.51969
G1 X103.136 Y119.398 E28.63428
G1 X101.887 Y119.559 E28.74879
G1 X100.63 Y119.64 E28.86333
G1 X99.37 Y119.64 E28.9779
G1 X98.113 Y119.559 E29.09244
G1 X96.864 Y119.398 E29.20695
G1 X95.627 Y119.157 E29.32154
G1 X94.409 Y118.838 E29.43603
G1 X93.214 Y118.441 E29.55053
G1 X92.046 Y117.968 E29.66511
G1 X90.911 Y117.422 E29.77964
G1 X89.814 Y116.803 E29.89417
G1 X88.758 Y116.116 E30.00872
G1 X87.749 Y115.363 E30.1232
G1 X86.789 Y114.546 E30.23782
G1 X85.885 Y113.67 E30.35228
G1 X85.038 Y112.738 E30.46679
G1 X84.252 Y111.753 E30.58138
G1 X83.532 Y110.72 E30.69588
G1 X82.879 Y109.643 E30.81041
G1 X82.296 Y108.526 E30.92498
G1 X81.779 Y107.353 E31.04154
G1 X81.351 Y106.192 E31.15405
G1 X80.993 Y104.984 E31.26861
G1 X80.713 Y103.756 E31.38314
G1 X80.512 Y102.513 E31.49763
G1 X80.39 Y101.237 E31.61419
G1 X80.35 Y100 E31.72673
G1 X80.391 Y98.741 E31.84127
G1 X80.512 Y97.487 E31.95583
G1 X80.713 Y96.244 E32.07032
G1 X80.993 Y95.016 E32.18485
G1 X81.351 Y93.808 E32.29941
G1 X81.786 Y92.626 E32.41394
G1 X82.296 Y91.474 E32.5285
G1 X82.89 Y90.338 E32.64506
G1 X83.532 Y89.28 E32.75759
G1 X84.252 Y88.247 E32.87209
G1 X85.053 Y87.246 E32.98866
G1 X85.885 Y86.33 E33.10118
G1 X86.789 Y85.454 E33.21564
G1 X87.749 Y84.637 E33.33026
G1 X88.758 Y83.884 E33.44474
G1 X89.814 Y83.197 E33.55929
G1 X90.931 Y82.569 E33.67581
G1 X92.046 Y82.032 E33.78834
G1 X93.214 Y81.559 E33.90292
G1 X94.409 Y81.162 E34.01742
G1 X95.627 Y80.843 E34.13191
G1 X96.864 Y80.602 E34.2465
G1 X98.113 Y80.441 E34.36101
G1 X99.37 Y80.36 E34.47555
G1 X100.581 Y80.362 E34.58567
G1 X100.98 Y80.383 F7800
G1 E32.58567 F2400
G92 E0
G1 X114.91 Y89.558 F7800
G1 E2 F2400
;TYPE:Solid infill
;WIDTH:0.704102
G1 F1800
G1 X112.055 Y86.726 E2.36806
G1 X111.179 Y85.981 E2.47331
G1 X110.258 Y85.294 E2.57847
G1 X109.313 Y84.678 E2.68172
G1 X108.917 Y84.455 E2.72332
G1 X115.562 Y91.1 E3.58343
G1 X116.163 Y92.24 E3.70138
G1 X116.442 Y92.87 E3.76444
G1 X107.121 Y83.549 E4.97093
G1 X106.193 Y83.173 E5.06257
G1 X105.688 Y83.005 E5.11128
G1 X117.008 Y94.325 E6.57652
G1 X117.373 Y95.58 E6.69615
G1 X104.427 Y82.634 E8.37185
G1 X103.99 Y82.519 E8.41321
G1 X103.286 Y82.382 E8.47885
G1 X117.624 Y96.72 E10.33473
G1 X117.79 Y97.775 E10.43248
G1 X102.233 Y82.218 E12.44615
G1 X101.722 Y82.152 E12.49331
G1 X101.247 Y82.122 E12.53687
G1 X117.883 Y98.759 E14.69026
G1 X117.92 Y99.685 E14.77508
G1 X100.315 Y82.08 E17.05383
G1 X99.425 Y82.079 E17.13529
G1 X117.912 Y100.567 E19.52827
G1 X117.868 Y101.412 E19.60571
G1 X98.589 Y82.132 E22.10121
G1 X97.783 Y82.216 E22.17538
G1 X117.79 Y102.223 E24.76504
G1 X117.67 Y102.993 E24.83637
G1 X97.003 Y82.326 E27.51146
G1 X96.258 Y82.471 E27.58093
G1 X117.528 Y103.741 E30.33407
G1 X117.363 Y104.465 E30.40203
G1 X95.54 Y82.642 E33.22675
G1 X94.839 Y82.83 E33.29318
G1 X117.163 Y105.155 E36.18282
G1 X116.95 Y105.831 E36.24769
G1 X94.171 Y83.052 E39.19616
G1 X93.519 Y83.29 E39.25969
G1 X116.711 Y106.482 E42.26161
G1 X116.451 Y107.111 E42.3239
G1 X92.886 Y83.546 E45.3741
G1 X92.278 Y83.828 E45.43544
G1 X116.178 Y107.727 E48.52894
G1 X115.875 Y108.314 E48.5894
G1 X91.68 Y84.119 E51.72115
G1 X91.111 Y84.439 E51.7809
G1 X115.565 Y108.894 E54.94624
G1 X115.23 Y109.448 E55.0055
G1 X90.55 Y84.768 E58.20003
G1 X90.011 Y85.119 E58.2589
G1 X114.882 Y109.99 E61.47815
G1 X114.517 Y110.514 E61.5366
G1 X89.487 Y85.484 E64.77643
G1 X88.978 Y85.864 E64.83457
G1 X114.134 Y111.02 E68.09071
G1 X113.739 Y111.515 E68.14867
G1 X88.488 Y86.264 E71.41711
G1 X88.008 Y86.673 E71.47483
G1 X113.322 Y111.988 E74.75149
G1 X112.899 Y112.454 E74.80909
G1 X87.552 Y87.107 E78.08995
G1 X87.12 Y87.526 E78.14503
G1 X87.101 Y87.546 E78.14755
G1 X112.448 Y112.893 E81.42841
G1 X111.992 Y113.327 E81.48603
G1 X86.678 Y88.012 E84.76269
G1 X86.262 Y88.486 E84.82041
G1 X111.512 Y113.736 E88.08872
G1 X111.022 Y114.136 E88.14661
G1 X85.867 Y88.98 E91.40269
G1 X85.483 Y89.486 E91.46083
G1 X110.513 Y114.516 E94.70066
G1 X109.989 Y114.881 E94.75911
G1 X85.118 Y90.01 E97.97836
G1 X84.77 Y90.552 E98.03731
G1 X109.45 Y115.232 E101.23184
G1 X108.89 Y115.561 E101.29129
G1 X84.435 Y91.106 E104.45669
G1 X84.125 Y91.686 E104.51688
G1 X108.321 Y115.882 E107.64876
G1 X107.722 Y116.172 E107.70967
G1 X83.822 Y92.273 E110.80317
G1 X83.549 Y92.889 E110.86484
G1 X107.114 Y116.454 E113.91504
G1 X106.481 Y116.71 E113.97753
G1 X83.289 Y93.519 E116.97939
G1 X83.05 Y94.169 E117.04278
G1 X105.829 Y116.948 E119.99125
G1 X105.161 Y117.17 E120.05568
G1 X82.836 Y94.845 E122.94538
G1 X82.637 Y95.535 E123.01111
G1 X104.46 Y117.358 E125.83583
G1 X103.742 Y117.529 E125.90338
G1 X82.472 Y96.259 E128.65652
G1 X82.33 Y97.007 E128.7262
G1 X102.997 Y117.674 E131.40129
G1 X102.217 Y117.784 E131.47339
G1 X82.21 Y97.777 E134.06305
G1 X82.132 Y98.588 E134.13762
G1 X101.411 Y117.868 E136.63312
G1 X100.575 Y117.921 E136.70979
G1 X82.088 Y99.434 E139.10271
G1 X82.07 Y100 E139.15454
G1 X82.08 Y100.315 E139.18339
G1 X99.686 Y117.921 E141.46227
G1 X98.753 Y117.878 E141.54775
G1 X82.117 Y101.241 E143.70114
G1 X82.21 Y102.225 E143.7916
G1 X97.767 Y117.782 E145.80527
G1 X97.138 Y117.701 E145.86332
G1 X96.714 Y117.618 E145.90286
G1 X82.376 Y103.28 E147.75874
G1 X82.627 Y104.42 E147.86558
G1 X95.573 Y117.366 E149.54128
G1 X94.898 Y117.189 E149.60515
G1 X94.312 Y116.995 E149.66165
G1 X82.992 Y105.675 E151.12689
G1 X83.373 Y106.709 E151.22775
G1 X83.559 Y107.132 E151.27004
G1 X92.879 Y116.451 E152.47634
G1 X91.706 Y115.897 E152.59507
G1 X91.085 Y115.547 E152.66031
G1 X84.439 Y108.901 E153.52055
G1 X84.973 Y109.782 E153.61484
G1 X85.63 Y110.724 E153.71996
G1 X86.347 Y111.623 E153.82521
G1 X87.093 Y112.445 E153.92681
G1 X89.594 Y114.945 E154.25047
;LAYER_CHANGE
;Z:0.65
;HEIGHT:0.3
G1 E152.25047 F2400
G92 E0
G1 Z.65 F7800
G92 E0
G1 X118.278 Y110.331
G1 E2 F2400
;TYPE:Perimeter
;WIDTH:0.45
G1 F3600
G1 X117.597 Y111.454 E2.06317
G1 X116.827 Y112.558 E2.12791
G1 X115.988 Y113.611 E2.19267
G1 X115.083 Y114.607 E2.2574
G1 X114.116 Y115.543 E2.32213
G1 X113.091 Y116.416 E2.38689
G1 X112.013 Y117.221 E2.4516
G1 X110.885 Y117.955 E2.51633
G1 X109.712 Y118.616 E2.58109
G1 X108.499 Y119.2 E2.64584
G1 X107.252 Y119.705 E2.71055
G1 X105.974 Y120.129 E2.77531
G1 X104.672 Y120.47 E2.84004
G1 X103.351 Y120.728 E2.90478
G1 X102.016 Y120.9 E2.96952
G1 X100.673 Y120.986 E3.03425
G1 X99.327 Y120.986 E3.09899
G1 X97.984 Y120.9 E3.16372
G1 X96.649 Y120.728 E3.22846
G1 X95.328 Y120.47 E3.2932
G1 X94.026 Y120.129 E3.35793
G1 X92.748 Y119.705 E3.42269
G1 X91.501 Y119.2 E3.4874
G1 X90.288 Y118.616 E3.55215
G1 X89.115 Y117.955 E3.61691
G1 X87.987 Y117.221 E3.68164
G1 X86.909 Y116.416 E3.74635
G1 X85.884 Y115.543 E3.81111
G1 X84.917 Y114.607 E3.87584
G1 X84.012 Y113.611 E3.94057
G1 X83.173 Y112.558 E4.00533
G1 X82.403 Y111.454 E4.07007
G1 X81.705 Y110.303 E4.13481
G1 X81.083 Y109.11 E4.19952
G1 X80.538 Y107.879 E4.26427
G1 X80.073 Y106.616 E4.329
G1 X79.69 Y105.326 E4.39372
G1 X79.39 Y104.014 E4.45845
G1 X79.176 Y102.685 E4.52319
G1 X79.046 Y101.345 E4.58794
G1 X79.005 Y100.066 E4.64949
G1 X79.046 Y98.656 E4.71733
G1 X79.176 Y97.315 E4.78213
G1 X79.39 Y95.986 E4.84687
G1 X79.69 Y94.674 E4.9116
G1 X80.054 Y93.447 E4.97316
G1 X80.537 Y92.122 E5.04099
G1 X81.083 Y90.89 E5.1058
G1 X81.675 Y89.755 E5.16737
G1 X82.402 Y88.547 E5.23518
G1 X83.173 Y87.442 E5.29998
G1 X83.971 Y86.441 E5.36155
G1 X84.916 Y85.394 E5.42939
G1 X85.884 Y84.457 E5.49419
G1 X86.909 Y83.584 E5.55895
G1 X87.987 Y82.779 E5.62366
G1 X89.115 Y82.045 E5.68839
G1 X90.288 Y81.384 E5.75315
G1 X91.501 Y80.8 E5.8179
G1 X92.748 Y80.295 E5.88261
G1 X94.026 Y79.871 E5.94737
G1 X95.328 Y79.53 E6.0121
G1 X96.649 Y79.272 E6.07684
G1 X97.984 Y79.1 E6.14158
G1 X99.327 Y79.014 E6.20631
G1 X100.673 Y79.014 E6.27105
G1 X102.016 Y79.1 E6.33578
G1 X103.351 Y79.272 E6.40052
G1 X104.672 Y79.53 E6.46526
G1 X105.974 Y79.871 E6.52999
G1 X107.252 Y80.295 E6.59475
G1 X108.499 Y80.8 E6.65946
G1 X109.712 Y81.384 E6.72421
G1 X110.885 Y82.045 E6.78897
G1 X112.013 Y82.779 E6.8537
G1 X113.091 Y83.584 E6.91841
G1 X114.116 Y84.457 E6.98317
G1 X115.083 Y85.393 E7.0479
G1 X115.988 Y86.389 E7.11263
G1 X116.786 Y87.39 E7.1742
G1 X117.596 Y88.544 E7.24201
G1 X118.295 Y89.697 E7.30686
G1 X118.917 Y90.89 E7.37157
G1 X119.462 Y92.121 E7.43632
G1 X119.927 Y93.384 E7.50105
G1 X120.31 Y94.674 E7.56577
G1 X120.61 Y95.986 E7.6305
G1 X120.824 Y97.315 E7.69524
G1 X120.954 Y98.655 E7.75999
G1 X120.997 Y100 E7.82471
G1 X120.954 Y101.345 E7.88943
G1 X120.824 Y102.685 E7.95418
G1 X120.61 Y104.014 E8.01892
G1 X120.31 Y105.326 E8.08365
G1 X119.927 Y106.616 E8.14837
G1 X119.462 Y107.879 E8.2131
G1 X118.917 Y109.11 E8.27785
G1 X118.308 Y110.279 E8.34125
G1 X117.949 Y110.131 F7800
G1 F3600
G1 X117.274 Y111.244 E8.40386
G1 X116.518 Y112.328 E8.46742
G1 X115.694 Y113.361 E8.53097
G1 X114.806 Y114.339 E8.59451
G1 X113.857 Y115.258 E8.65805
G1 X112.851 Y116.114 E8.72158
G1 X111.792 Y116.905 E8.78515
G1 X110.685 Y117.625 E8.84866
G1 X109.533 Y118.274 E8.91225
G1 X108.343 Y118.847 E8.97577
G1 X107.118 Y119.343 E9.03933
G1 X105.864 Y119.759 E9.10288
G1 X104.586 Y120.094 E9.16642
G1 X103.29 Y120.347 E9.22993
G1 X101.979 Y120.516 E9.29351
G1 X100.661 Y120.6 E9.35703
G1 X99.339 Y120.6 E9.42061
G1 X98.021 Y120.516 E9.48413
G1 X96.711 Y120.347 E9.54766
G1 X95.414 Y120.094 E9.61122
G1 X94.136 Y119.759 E9.67476
G1 X92.882 Y119.343 E9.73831
G1 X91.657 Y118.847 E9.80187
G1 X90.467 Y118.274 E9.86539
G1 X89.315 Y117.625 E9.92898
G1 X88.208 Y116.905 E9.99249
G1 X87.149 Y116.114 E10.05606
G1 X86.143 Y115.258 E10.11959
G1 X85.194 Y114.339 E10.18313
G1 X84.306 Y113.361 E10.24667
G1 X83.482 Y112.328 E10.31022
G1 X82.726 Y111.244 E10.37378
G1 X82.041 Y110.114 E10.43734
G1 X81.43 Y108.943 E10.50087
G1 X80.895 Y107.735 E10.56441
G1 X80.439 Y106.495 E10.62795
G1 X80.063 Y105.228 E10.69152
G1 X79.769 Y103.94 E10.75506
G1 X79.558 Y102.636 E10.81859
G1 X79.431 Y101.321 E10.88213
G1 X79.391 Y100.065 E10.94257
G1 X79.431 Y98.68 E11.00921
G1 X79.558 Y97.364 E11.0728
G1 X79.769 Y96.06 E11.13633
G1 X80.063 Y94.772 E11.19987
G1 X80.421 Y93.568 E11.26028
G1 X80.895 Y92.266 E11.32692
G1 X81.43 Y91.057 E11.39051
G1 X82.011 Y89.944 E11.4509
G1 X82.726 Y88.757 E11.51755
G1 X83.482 Y87.672 E11.58115
G1 X84.265 Y86.69 E11.64156
G1 X85.193 Y85.662 E11.70817
G1 X86.143 Y84.742 E11.77178
G1 X87.149 Y83.886 E11.83531
G1 X88.208 Y83.095 E11.89888
G1 X89.315 Y82.375 E11.96239
G1 X90.467 Y81.726 E12.02598
G1 X91.657 Y81.153 E12.0895
G1 X92.882 Y80.657 E12.15306
G1 X94.136 Y80.241 E12.21661
G1 X95.414 Y79.906 E12.28015
G1 X96.71 Y79.653 E12.34366
G1 X98.021 Y79.484 E12.40724
G1 X99.339 Y79.4 E12.47076
G1 X100.661 Y79.4 E12.53434
G1 X101.979 Y79.484 E12.59786
G1 X103.289 Y79.653 E12.66139
G1 X104.586 Y79.906 E12.72495
G1 X105.864 Y80.241 E12.78849
G1 X107.118 Y80.657 E12.85204
G1 X108.343 Y81.153 E12.9156
G1 X109.533 Y81.726 E12.97912
G1 X110.685 Y82.375 E13.04271
G1 X111.792 Y83.095 E13.10622
G1 X112.851 Y83.886 E13.16979
G1 X113.857 Y84.742 E13.23332
G1 X114.806 Y85.661 E13.29686
G1 X115.694 Y86.639 E13.3604
G1 X116.477 Y87.622 E13.42084
G1 X117.273 Y88.755 E13.48744
G1 X117.959 Y89.886 E13.55106
G1 X118.57 Y91.057 E13.61459
G1 X119.105 Y92.265 E13.67813
G1 X119.561 Y93.505 E13.74167
G1 X119.937 Y94.772 E13.80524
G1 X120.231 Y96.06 E13.86878
G1 X120.442 Y97.364 E13.93231
G1 X120.569 Y98.679 E13.99585
G1 X120.611 Y100 E14.05942
G1 X120.569 Y101.321 E14.12299
G1 X120.442 Y102.636 E14.18653
G1 X120.231 Y103.94 E14.25006
G1 X119.937 Y105.228 E14.3136
G1 X119.561 Y106.495 E14.37717
G1 X119.105 Y107.735 E14.44071
G1 X118.57 Y108.943 E14.50425
G1 X117.977 Y110.078 E14.56584
G1 X117.619 Y109.931 F7800
;TYPE:External perimeter
G1 F1800
G1 X116.95 Y111.033 E14.62784
G1 X116.209 Y112.097 E14.6902
G1 X115.4 Y113.11 E14.75255
G1 X114.529 Y114.07 E14.81489
G1 X113.597 Y114.972 E14.87727
G1 X112.61 Y115.813 E14.93964
G1 X111.571 Y116.588 E15.00198
G1 X110.485 Y117.295 E15.06431
G1 X109.355 Y117.932 E15.1267
G1 X108.187 Y118.494 E15.18904
G1 X106.985 Y118.981 E15.25142
G1 X105.755 Y119.389 E15.31375
G1 X104.501 Y119.718 E15.3761
G1 X103.228 Y119.966 E15.43848
G1 X101.942 Y120.132 E15.50085
G1 X100.648 Y120.215 E15.56321
G1 X99.352 Y120.215 E15.62554
G1 X98.058 Y120.132 E15.6879
G1 X96.772 Y119.966 E15.75027
G1 X95.499 Y119.718 E15.81265
G1 X94.245 Y119.389 E15.875
G1 X93.015 Y118.981 E15.93733
G1 X91.813 Y118.494 E15.99971
G1 X90.645 Y117.932 E16.06205
G1 X89.515 Y117.295 E16.12444
G1 X88.429 Y116.588 E16.18677
G1 X87.39 Y115.813 E16.24911
G1 X86.403 Y114.972 E16.31148
G1 X85.471 Y114.07 E16.37386
G1 X84.6 Y113.111 E16.43617
G1 X83.791 Y112.097 E16.49856
G1 X83.05 Y111.034 E16.56088
G1 X82.377 Y109.925 E16.62327
G1 X81.778 Y108.775 E16.68563
G1 X81.253 Y107.59 E16.74797
G1 X80.805 Y106.373 E16.81034
G1 X80.436 Y105.13 E16.8727
G1 X80.148 Y103.866 E16.93505
G1 X79.941 Y102.586 E16.99741
G1 X79.816 Y101.296 E17.05975
G1 X79.777 Y100.064 E17.11903
G1 X79.816 Y98.705 E17.18442
G1 X79.941 Y97.414 E17.2468
G1 X80.148 Y96.134 E17.30916
G1 X80.436 Y94.87 E17.37151
G1 X80.787 Y93.689 E17.43077
G1 X81.253 Y92.411 E17.4962
G1 X81.778 Y91.225 E17.55858
G1 X82.348 Y90.132 E17.61787
G1 X83.049 Y88.967 E17.68326
G1 X83.791 Y87.903 E17.74565
G1 X84.559 Y86.94 E17.80489
G1 X85.471 Y85.93 E17.87034
G1 X86.403 Y85.028 E17.93272
G1 X87.39 Y84.187 E17.99509
G1 X88.429 Y83.412 E18.05743
G1 X89.515 Y82.705 E18.11976
G1 X90.645 Y82.068 E18.18215
G1 X91.813 Y81.506 E18.24449
G1 X93.015 Y81.019 E18.30687
G1 X94.245 Y80.611 E18.3692
G1 X95.499 Y80.282 E18.43155
G1 X96.772 Y80.034 E18.49393
G1 X98.058 Y79.868 E18.5563
G1 X99.352 Y79.785 E18.61866
G1 X100.648 Y79.785 E18.68099
G1 X101.942 Y79.868 E18.74335
G1 X103.228 Y80.034 E18.80572
G1 X104.501 Y80.282 E18.8681
G1 X105.755 Y80.611 E18.93045
G1 X106.985 Y81.019 E18.99278
G1 X108.187 Y81.506 E19.05516
G1 X109.355 Y82.068 E19.1175
G1 X110.485 Y82.705 E19.17989
G1 X111.571 Y83.412 E19.24222
G1 X112.61 Y84.187 E19.30456
G1 X113.597 Y85.028 E19.36693
G1 X114.529 Y85.93 E19.42931
G1 X115.4 Y86.889 E19.49162
G1 X116.169 Y87.853 E19.55093
G1 X116.95 Y88.966 E19.61633
G1 X117.623 Y90.075 E19.67872
G1 X118.222 Y91.225 E19.74108
G1 X118.747 Y92.41 E19.80342
G1 X119.195 Y93.627 E19.86579
G1 X119.564 Y94.87 E19.92815
G1 X119.852 Y96.134 E19.9905
G1 X120.059 Y97.414 E20.05286
G1 X120.184 Y98.704 E20.1152
G1 X120.225 Y100 E20.17756
G1 X120.184 Y101.296 E20.23992
G1 X120.059 Y102.586 E20.30226
G1 X119.852 Y103.866 E20.36462
G1 X119.564 Y105.13 E20.42697
G1 X119.195 Y106.373 E20.48933
G1 X118.747 Y107.59 E20.5517
G1 X118.222 Y108.775 E20.61404
G1 X117.647 Y109.878 E20.67387
G1 X117.442 Y110.222 F7800
G1 E18.67387 F2400
G92 E0
G1 X124.004 Y124.004 F7800
G1 E2 F2400
;TYPE:Perimeter
G1 F3600
G1 X75.996 Y124.004 E4.30902
G1 X75.996 Y75.996 E6.61804
G1 X124.004 Y75.996 E8.92706
G1 X124.004 Y123.944 E11.23319
G1 X124.389 Y124.389 F7800
G1 F3600
G1 X75.611 Y124.389 E13.57924
G1 X75.611 Y75.611 E15.92529
G1 X124.389 Y75.611 E18.27134
G1 X124.389 Y124.329 E20.61451
G1 X124.775 Y124.775 F7800
;TYPE:External perimeter
G1 F1800
G1 X75.225 Y124.775 E22.99769
G1 X75.225 Y75.225 E25.38087
G1 X124.775 Y75.225 E27.76405
G1 X124.775 Y124.715 E30.14435
G1 X124.379 Y124.774 F7800
G1 E28.14435 F2400
G92 E0
G1 X76.39 Y76.317 F7800
G1 E2 F2400
;TYPE:Solid infill
;WIDTH:0.543559
G1 F1200
G1 X76.348 Y76.274 E2.00359
G1 X76.29 Y76.29 E2.00719
G1 X76.274 Y76.348 E2.01079
G1 X76.317 Y76.39 E2.01438
G1 X76.375 Y76.375 E2.01796
;WIDTH:0.45
G1 X76.285 Y76.991 E2.0479
G1 X76.991 Y76.285 E2.09592
G1 X77.536 Y76.285 E2.12213
G1 X76.285 Y77.536 E2.20722
G1 X76.285 Y78.081 E2.23343
G1 X78.081 Y76.285 E2.35559
G1 X78.627 Y76.285 E2.38185
G1 X76.285 Y78.627 E2.54115
G1 X76.285 Y79.172 E2.56736
G1 X79.172 Y76.285 E2.76373
G1 X79.717 Y76.285 E2.78994
G1 X76.285 Y79.717 E3.02338
G1 X76.285 Y80.263 E3.04964
G1 X80.263 Y76.285 E3.32022
G1 X80.808 Y76.285 E3.34643
G1 X76.285 Y80.808 E3.65408
G1 X76.285 Y81.353 E3.68029
G1 X81.353 Y76.285 E4.02501
G1 X81.899 Y76.285 E4.05127
G1 X76.285 Y81.899 E4.43313
G1 X76.285 Y82.444 E4.45934
G1 X82.444 Y76.285 E4.87827
G1 X82.989 Y76.285 E4.90448
G1 X76.285 Y82.989 E5.36048
G1 X76.285 Y83.535 E5.38674
G1 X83.535 Y76.285 E5.87988
G1 X84.08 Y76.285 E5.90609
G1 X76.285 Y84.08 E6.4363
G1 X76.285 Y84.625 E6.46251
G1 X84.625 Y76.285 E7.02979
G1 X85.171 Y76.285 E7.05605
G1 X76.285 Y85.171 E7.66046
G1 X76.285 Y85.716 E7.68667
G1 X85.716 Y76.285 E8.32815
G1 X86.261 Y76.285 E8.35436
G1 X76.285 Y86.261 E9.03292
G1 X76.285 Y86.807 E9.05918
G1 X86.807 Y76.285 E9.77487
G1 X87.352 Y76.285 E9.80108
G1 X76.285 Y87.352 E10.55384
G1 X76.285 Y87.897 E10.58005
G1 X87.897 Y76.285 E11.36988
G1 X88.443 Y76.285 E11.39614
G1 X76.285 Y88.443 E12.22311
G1 X76.285 Y88.988 E12.24932
G1 X88.988 Y76.285 E13.11336
G1 X89.534 Y76.285 E13.13962
G1 X76.285 Y89.534 E14.0408
G1 X76.285 Y90.079 E14.06701
G1 X90.079 Y76.285 E15.00526
G1 X90.624 Y76.285 E15.03147
G1 X76.285 Y90.624 E16.00679
G1 X76.285 Y91.17 E16.03305
G1 X91.17 Y76.285 E17.04551
G1 X91.715 Y76.285 E17.07172
G1 X76.285 Y91.715 E18.12125
G1 X76.285 Y92.26 E18.14746
G1 X92.26 Y76.285 E19.23406
G1 X92.806 Y76.285 E19.26032
G1 X76.285 Y92.806 E20.38406
G1 X76.214 Y93.613 F7800
;WIDTH:0.404381
G1 F1200
G1 X76.142 Y93.594 E20.38722
G1 X76.162 Y93.665 E20.39035
G1 X76.203 Y93.654 E20.39215
;WIDTH:0.45
G1 X76.285 Y93.351 E20.40725
G1 X93.351 Y76.285 E21.56806
G1 X93.896 Y76.285 E21.59427
G1 X87.098 Y83.084 E22.0567
G1 X86.825 Y83.32 E22.07406
;WIDTH:0.404381
G1 X85.776 Y84.283 E22.13445
G1 X84.752 Y85.29 E22.19535
G1 X83.823 Y86.268 E22.25255
;WIDTH:0.409559
G1 X83.296 Y86.857 E22.28658
;WIDTH:0.45
G1 X83.052 Y87.13 E22.30419
G1 X76.285 Y93.896 E22.76444
;WIDTH:0.492471
G1 X76.246 Y93.961 E22.76849
;WIDTH:0.534943
G1 X76.206 Y94.025 E22.77292
;WIDTH:0.577415
G1 X76.166 Y94.09 E22.7778
G1 X76.104 Y94.106 E22.7819
G1 X76.059 Y94.061 E22.78597
G1 X76.076 Y93.999 E22.79008
G1 X76.137 Y93.982 E22.79413
G1 X76.183 Y94.028 E22.79829
;WIDTH:0.45
G1 X76.285 Y94.442 E22.8188
G1 X82.132 Y88.595 E23.21651
;WIDTH:0.404381
G1 X82.091 Y88.606 E23.21831
G1 X82.072 Y88.535 E23.22143
G1 X82.143 Y88.554 E23.22455
G1 X81.408 Y89.822 F7800
G1 F1200
G1 X81.337 Y89.803 E23.22767
G1 X81.356 Y89.874 E23.23079
G1 X81.397 Y89.863 E23.23259
;WIDTH:0.45
G1 X76.285 Y94.987 E23.58071
G1 X76.285 Y95.532 E23.60692
G1 X80.643 Y91.175 E23.90331
G1 X80.86 Y90.932 E23.91898
;WIDTH:0.404381
G1 X80.819 Y90.943 E23.92078
G1 X80.8 Y90.872 E23.9239
G1 X80.871 Y90.891 E23.92702
G1 X80.444 Y91.857 F7800
G1 F1200
G1 X80.373 Y91.838 E23.93014
G1 X80.392 Y91.909 E23.93326
G1 X80.433 Y91.898 E23.93506
;WIDTH:0.45
G1 X80.223 Y92.141 E23.95051
G1 X76.285 Y96.078 E24.21833
G1 X76.285 Y96.623 E24.24454
G1 X79.91 Y92.999 E24.49107
G1 X80.11 Y92.756 E24.50621
;WIDTH:0.404381
G1 X80.069 Y92.767 E24.50801
G1 X80.05 Y92.696 E24.51113
G1 X80.121 Y92.715 E24.51425
G1 X79.85 Y93.523 F7800
G1 F1200
G1 X79.779 Y93.504 E24.51737
G1 X79.798 Y93.575 E24.52049
G1 X79.839 Y93.564 E24.52229
;WIDTH:0.45
G1 X79.647 Y93.807 E24.53719
G1 X76.285 Y97.168 E24.76584
G1 X76.285 Y97.714 E24.7921
G1 X79.417 Y94.583 E25.0051
G1 X79.604 Y94.34 E25.01985
;WIDTH:0.404381
G1 X79.563 Y94.351 E25.02165
G1 X79.544 Y94.28 E25.02477
G1 X79.615 Y94.299 E25.02789
G1 X79.255 Y95.289 F7800
;WIDTH:0.45
G1 F1200
G1 X76.285 Y98.259 E25.22991
G1 X76.285 Y98.804 E25.25612
G1 X79.096 Y95.994 E25.44729
G1 X78.991 Y96.644 E25.47896
G1 X76.285 Y99.35 E25.66302
G1 E23.66302 F2400
G92 E0
G1 X78.753 Y97.427 F7800
G1 E2 F2400
G1 F1200
G1 X76.422 Y99.759 E2.15859
G1 X76.285 Y99.759 E2.16518
G1 X76.285 Y106.439 E2.48646
G1 X78.989 Y103.736 E2.67035
G1 X79.053 Y103.736 E2.67343
G1 X78.896 Y102.765 E2.72074
G1 X78.761 Y101.395 E2.78695
G1 X78.717 Y100.101 E2.84922
G1 X78.761 Y98.599 E2.92149
G1 X78.89 Y97.291 E2.98471
G1 X78.401 Y98.325 F7800
G1 F1200
G1 X78.376 Y98.595 E2.99775
G1 X78.331 Y100.102 E3.07026
G1 X78.376 Y101.408 E3.13311
G1 X78.515 Y102.826 E3.20164
G1 X78.632 Y103.548 E3.23682
G1 X76.671 Y105.508 E3.37017
G1 X76.671 Y100.055 E3.63244
G1 X78.264 Y98.462 E3.74079
G1 X77.969 Y99.302 F7800
G1 F1200
G1 X77.947 Y100.134 E3.78082
G1 X77.99 Y101.421 E3.84275
G1 X78.134 Y102.888 E3.91365
G1 X78.219 Y103.415 E3.93932
G1 X77.057 Y104.577 E4.01836
G1 X77.057 Y100.215 E4.22816
G1 X77.833 Y99.439 E4.28094
G1 X77.506 Y100.401 F7800
;WIDTH:0.612529
G1 F1200
G1 X77.524 Y101.437 E4.35178
;WIDTH:0.627953
G1 X77.531 Y101.624 E4.36493
G1 X77.511 Y101.685 E4.36944
;WIDTH:0.587874
G1 X77.491 Y101.746 E4.37363
;WIDTH:0.547796
G1 X77.471 Y101.807 E4.3775
;WIDTH:0.507718
G1 X77.448 Y101.879 E4.38168
;WIDTH:0.460393
G1 X77.424 Y101.951 E4.38543
;WIDTH:0.413068
G1 X77.4 Y102.024 E4.38877
;WIDTH:0.407732
G1 X77.421 Y102.881 E4.42548
;WIDTH:0.433583
G1 X77.434 Y103.666 E4.46163
G1 X77.816 Y103.284 E4.48651
G1 X77.758 Y102.647 E4.51596
;WIDTH:0.399663
G1 X77.701 Y102.009 E4.54275
;WIDTH:0.409444
G1 X77.673 Y101.945 E4.54576
;WIDTH:0.453146
G1 X77.644 Y101.881 E4.54917
;WIDTH:0.496848
G1 X77.616 Y101.816 E4.55299
;WIDTH:0.540549
G1 X77.588 Y101.752 E4.55714
;WIDTH:0.584251
G1 X77.56 Y101.688 E4.56167
;WIDTH:0.627953
G1 X77.531 Y101.624 E4.56661
G1 E2.56661 F2400
G92 E0
G1 X79.125 Y104.145 F7800
G1 E2 F2400
;WIDTH:0.45
G1 F1200
G1 X76.285 Y106.985 E2.19317
G1 X76.285 Y107.53 E2.21938
G1 X79.226 Y104.589 E2.41942
G1 X79.327 Y105.034 E2.44137
G1 X76.285 Y108.075 E2.64825
G1 X76.285 Y108.621 E2.67451
G1 X79.434 Y105.472 E2.8887
G1 X79.559 Y105.893 E2.90982
G1 X76.285 Y109.166 E3.13248
G1 X76.285 Y109.711 E3.15869
G1 X79.684 Y106.313 E3.38985
G1 X79.809 Y106.734 E3.41097
G1 X76.285 Y110.257 E3.65063
G1 X76.285 Y110.802 E3.67684
G1 X79.955 Y107.132 E3.92647
G1 X80.103 Y107.53 E3.94689
G1 X76.285 Y111.347 E4.20655
G1 X76.285 Y111.893 E4.23281
G1 X80.25 Y107.928 E4.5025
G1 X80.413 Y108.311 E4.52252
G1 X76.285 Y112.438 E4.80327
G1 X76.285 Y112.983 E4.82948
G1 X80.58 Y108.689 E5.12159
G1 X80.747 Y109.067 E5.14147
G1 X76.285 Y113.529 E5.44497
G1 X76.285 Y114.074 E5.47118
G1 X80.927 Y109.432 E5.78692
G1 X81.114 Y109.791 E5.80639
G1 X76.285 Y114.62 E6.13485
G1 X76.285 Y115.165 E6.16106
G1 X81.301 Y110.149 E6.50224
G1 X81.49 Y110.506 E6.52167
G1 X76.285 Y115.71 E6.87567
G1 X76.285 Y116.256 E6.90193
G1 X81.696 Y110.845 E7.26998
G1 X81.902 Y111.184 E7.28906
G1 X76.285 Y116.801 E7.67112
G1 X76.285 Y117.346 E7.69733
G1 X82.109 Y111.523 E8.09344
G1 X82.327 Y111.851 E8.11238
G1 X76.285 Y117.892 E8.52332
G1 X76.285 Y118.437 E8.54953
G1 X82.551 Y112.172 E8.9757
G1 X82.775 Y112.493 E8.99453
G1 X76.285 Y118.982 E9.43594
G1 X76.285 Y119.528 E9.4622
G1 X83.005 Y112.808 E9.91929
G1 X83.247 Y113.111 E9.93794
G1 X76.285 Y120.073 E10.41149
G1 X76.285 Y120.618 E10.4377
G1 X83.489 Y113.415 E10.92767
G1 X83.731 Y113.718 E10.94632
G1 X76.285 Y121.164 E11.45279
G1 X76.285 Y121.709 E11.479
G1 X83.984 Y114.01 E12.00268
G1 X84.244 Y114.296 E12.02127
G1 X76.285 Y122.254 E12.5626
G1 X76.285 Y122.8 E12.58886
G1 X84.503 Y114.582 E13.14784
G1 X84.768 Y114.862 E13.16638
G1 X76.285 Y123.345 E13.74338
G1 X76.223 Y123.837 E13.76723
;WIDTH:0.404381
G1 X76.182 Y123.848 E13.76903
G1 X76.163 Y123.777 E13.77215
G1 X76.234 Y123.796 E13.77527
;WIDTH:0.45
G1 X76.461 Y123.715 E13.78686
G1 X85.045 Y115.131 E14.37073
G1 X85.321 Y115.4 E14.38927
G1 X77.007 Y123.715 E14.95481
G1 X77.552 Y123.715 E14.98102
G1 X85.598 Y115.669 E15.5283
G1 X85.888 Y115.924 E15.54687
G1 X78.097 Y123.715 E16.0768
G1 X78.643 Y123.715 E16.10306
G1 X86.183 Y116.175 E16.61592
G1 X86.477 Y116.425 E16.63448
G1 X79.188 Y123.715 E17.1303
G1 X79.733 Y123.715 E17.15651
G1 X86.773 Y116.675 E17.63536
G1 X87.085 Y116.908 E17.65409
G1 X80.279 Y123.715 E18.11706
G1 X80.824 Y123.715 E18.14327
G1 X87.397 Y117.141 E18.59039
G1 X87.71 Y117.374 E18.60916
G1 X81.369 Y123.715 E19.04047
G1 X81.915 Y123.715 E19.06673
G1 X88.035 Y117.595 E19.483
G1 X88.365 Y117.81 E19.50194
G1 X82.46 Y123.715 E19.90359
G1 X83.005 Y123.715 E19.9298
G1 X88.694 Y118.026 E20.31676
G1 X89.029 Y118.236 E20.33578
G1 X83.551 Y123.715 E20.70842
G1 X84.096 Y123.715 E20.73463
G1 X89.378 Y118.432 E21.09394
G1 X89.727 Y118.629 E21.11322
G1 X84.642 Y123.715 E21.45913
G1 X85.187 Y123.715 E21.48534
G1 X90.076 Y118.825 E21.81792
G1 X90.438 Y119.008 E21.83743
G1 X85.732 Y123.715 E22.15756
G1 X86.278 Y123.715 E22.18382
G1 X90.807 Y119.185 E22.49191
G1 X91.176 Y119.362 E22.51159
G1 X86.823 Y123.715 E22.80768
G1 X87.368 Y123.715 E22.83389
G1 X91.551 Y119.532 E23.11841
G1 X91.939 Y119.689 E23.13854
G1 X87.914 Y123.715 E23.41235
G1 X88.459 Y123.715 E23.43856
G1 X92.327 Y119.846 E23.70169
G1 X92.721 Y119.998 E23.722
G1 X89.004 Y123.715 E23.97483
G1 X89.55 Y123.715 E24.00109
G1 X93.13 Y120.134 E24.24463
G1 X93.54 Y120.27 E24.26541
G1 X90.095 Y123.715 E24.49973
G1 X90.64 Y123.715 E24.52594
G1 X93.949 Y120.406 E24.75101
G1 X94.38 Y120.521 E24.77246
G1 X91.186 Y123.715 E24.98971
G1 X91.731 Y123.715 E25.01592
G1 X94.812 Y120.634 E25.22549
G1 X95.245 Y120.746 E25.247
G1 X92.276 Y123.715 E25.44895
G1 X92.822 Y123.715 E25.47521
G1 X95.7 Y120.836 E25.671
G1 X96.156 Y120.926 E25.69336
G1 X93.367 Y123.715 E25.88306
G1 X93.794 Y123.909 E25.90562
;WIDTH:0.404381
G1 X93.753 Y123.92 E25.90742
G1 X93.734 Y123.849 E25.91054
G1 X93.805 Y123.868 E25.91366
;WIDTH:0.45
G1 X93.912 Y123.715 E25.92264
G1 X96.615 Y121.012 E26.10649
G1 X96.946 Y121.226 E26.12545
G1 X94.458 Y123.715 E26.29471
G1 X101.138 Y123.715 E26.61599
G1 X101.138 Y123.578 E26.62258
G1 X103.75 Y120.966 E26.80024
G1 X102.081 Y121.183 E26.88119
G1 X100.645 Y121.275 E26.9504
G1 X99.287 Y121.273 E27.01572
G1 X97.724 Y121.155 E27.09111
G1 X97.024 Y121.065 E27.12505
G1 X97.236 Y121.481 E27.14751
G1 X98.416 Y121.604 E27.20457
G1 X99.286 Y121.658 E27.24649
G1 X100.657 Y121.661 E27.31243
G1 X102.118 Y121.567 E27.38284
G1 X102.677 Y121.494 E27.40995
G1 X101.248 Y122.923 E27.50715
G1 X100.866 Y123.329 E27.53396
G1 X95.389 Y123.329 E27.79738
G1 X97.1 Y121.618 E27.91376
G1 X97.375 Y121.888 E27.9323
G1 X97.888 Y121.954 E27.95718
G1 X99.285 Y122.044 E28.02451
G1 X100.669 Y122.046 E28.09108
G1 X101.642 Y121.984 E28.13797
G1 X100.683 Y122.943 E28.2032
G1 X96.32 Y122.943 E28.41305
G1 X97.239 Y122.024 E28.47556
G1 X97.37 Y122.142 E28.48404
;WIDTH:0.417582
G1 X97.502 Y122.261 E28.49187
;WIDTH:0.385165
G1 X97.928 Y122.302 E28.50899
;WIDTH:0.408795
G1 X98 Y122.329 E28.51229
;WIDTH:0.453948
G1 X98.072 Y122.356 E28.51603
;WIDTH:0.499101
G1 X98.144 Y122.384 E28.52022
;WIDTH:0.544253
G1 X98.216 Y122.411 E28.52482
;WIDTH:0.589406
G1 X98.288 Y122.438 E28.52986
;WIDTH:0.634558
G1 X98.36 Y122.465 E28.53533
G1 X98.294 Y122.488 E28.5403
;WIDTH:0.58918
G1 X98.227 Y122.511 E28.54494
;WIDTH:0.543802
G1 X98.16 Y122.533 E28.54916
;WIDTH:0.498424
G1 X98.094 Y122.556 E28.55294
;WIDTH:0.453046
G1 X98.027 Y122.579 E28.55637
;WIDTH:0.407668
G1 X97.96 Y122.602 E28.5594
;WIDTH:0.368142
G1 X97.825 Y122.599 E28.56452
;WIDTH:0.385165
G1 X97.172 Y122.59 E28.59065
G1 X97.366 Y122.397 E28.6016
G1 X98.36 Y122.465 F7800
;WIDTH:0.634558
G1 F1200
G1 X98.8 Y122.48 E28.63291
;WIDTH:0.606295
G1 X99.24 Y122.494 E28.66266
;WIDTH:0.578031
G1 X100.497 Y122.495 E28.74319
G1 X101.547 Y123.715 F7800
;WIDTH:0.45
G1 F1200
G1 X104.455 Y120.807 E28.94099
G1 X105.171 Y120.636 E28.9764
G1 X102.093 Y123.715 E29.1858
G1 X102.638 Y123.715 E29.21201
G1 X105.91 Y120.442 E29.4346
G1 X106.21 Y120.311 E29.45034
;WIDTH:0.404381
G1 X106.169 Y120.322 E29.45214
G1 X106.15 Y120.25 E29.4553
G1 X106.221 Y120.269 E29.45842
;WIDTH:0.45
G1 X106.708 Y120.19 E29.48215
G1 X103.183 Y123.715 E29.72192
G1 X103.729 Y123.715 E29.74818
G1 X107.549 Y119.894 E30.00805
G1 X107.849 Y119.744 E30.02418
;WIDTH:0.404381
G1 X107.808 Y119.755 E30.02598
G1 X107.789 Y119.683 E30.02914
G1 X107.86 Y119.702 E30.03226
G1 X108.774 Y119.327 F7800
G1 F1200
G1 X108.703 Y119.308 E30.03538
G1 X108.722 Y119.379 E30.0385
G1 X108.763 Y119.368 E30.0403
;WIDTH:0.45
G1 X108.462 Y119.526 E30.05665
G1 X104.274 Y123.715 E30.34155
G1 X104.819 Y123.715 E30.36776
G1 X109.496 Y119.038 E30.68588
G1 X110.677 Y118.402 F7800
G1 F1200
G1 X105.365 Y123.715 E31.04723
G1 X105.807 Y123.924 E31.07075
;WIDTH:0.575909
G1 X105.746 Y123.941 E31.07479
G1 X105.7 Y123.896 E31.0789
G1 X105.717 Y123.834 E31.083
G1 X105.779 Y123.817 E31.0871
G1 X105.824 Y123.863 E31.09121
G1 X105.853 Y123.813 E31.0949
;WIDTH:0.533939
G1 X105.881 Y123.764 E31.09821
;WIDTH:0.491969
G1 X105.91 Y123.715 E31.10125
;WIDTH:0.45
G1 X112.144 Y117.48 E31.52531
G1 X112.417 Y117.244 E31.54267
;WIDTH:0.404381
G1 X113.237 Y116.535 E31.58864
G1 E29.58864 F2400
G92 E0
G1 X87.761 Y82.765 F7800
G1 E2 F2400
G1 F1200
G1 X88.582 Y82.093 E2.04499
;WIDTH:0.45
G1 X88.855 Y81.872 E2.06188
G1 X94.442 Y76.285 E2.4419
G1 X94.987 Y76.285 E2.46811
G1 X90.131 Y81.142 E2.79844
G1 X89.899 Y81.338 E2.81305
;WIDTH:0.404381
G1 X89.828 Y81.319 E2.81617
G1 X89.847 Y81.39 E2.81929
G1 X89.888 Y81.379 E2.82109
G1 X90.947 Y80.855 F7800
G1 F1200
G1 X90.906 Y80.866 E2.82289
G1 X90.887 Y80.795 E2.82601
G1 X90.958 Y80.814 E2.82913
;WIDTH:0.45
G1 X91.187 Y80.631 E2.84323
G1 X95.532 Y76.285 E3.13881
G1 X96.078 Y76.285 E3.16507
G1 X92.125 Y80.238 E3.43395
G1 X91.896 Y80.409 E3.4477
;WIDTH:0.404381
G1 X91.825 Y80.39 E3.45082
G1 X91.844 Y80.461 E3.45394
G1 X91.885 Y80.45 E3.45574
G1 X92.761 Y80.111 F7800
G1 F1200
G1 X92.72 Y80.122 E3.45754
G1 X92.701 Y80.051 E3.46066
G1 X92.772 Y80.07 E3.46378
;WIDTH:0.45
G1 X93.001 Y79.907 E3.4773
G1 X96.623 Y76.285 E3.72366
G1 X97.168 Y76.285 E3.74987
G1 X93.815 Y79.638 E3.97794
G1 X93.587 Y79.796 E3.99128
;WIDTH:0.404381
G1 X93.516 Y79.777 E3.9944
G1 X93.535 Y79.848 E3.99752
G1 X93.576 Y79.837 E3.99932
G1 X94.33 Y79.619 F7800
G1 F1200
G1 X94.289 Y79.63 E4.00112
G1 X94.27 Y79.559 E4.00424
G1 X94.341 Y79.578 E4.00736
;WIDTH:0.45
G1 X94.57 Y79.429 E4.0205
G1 X97.714 Y76.285 E4.23435
G1 X98.259 Y76.285 E4.26056
G1 X95.302 Y79.242 E4.46169
G1 X95.981 Y79.109 E4.49497
G1 X98.804 Y76.285 E4.68702
G1 X99.35 Y76.285 E4.71328
G1 X96.654 Y78.981 E4.89666
G1 E2.89666 F2400
G92 E0
G1 X99.719 Y76.462 F7800
G1 E2 F2400
G1 F1200
G1 X97.281 Y78.9 E2.16583
G1 X97.919 Y78.817 E2.19677
G1 X99.355 Y78.725 E2.26598
G1 X100.399 Y78.727 E2.31619
G1 X101.913 Y78.798 E2.38909
G1 X103.729 Y79.052 E2.47728
G1 X103.729 Y78.996 E2.47997
G1 X106.439 Y76.285 E2.66433
G1 X99.759 Y76.285 E2.98561
G1 X100.055 Y76.671 E3.00901
G1 X105.508 Y76.671 E3.27128
G1 X103.555 Y78.625 E3.40415
G1 X101.946 Y78.413 E3.48221
G1 X100.399 Y78.341 E3.5567
G1 X99.343 Y78.339 E3.60749
G1 X98.321 Y78.405 E3.65675
G1 X99.919 Y76.807 E3.76544
G1 X100.215 Y77.057 E3.78407
G1 X104.577 Y77.057 E3.99387
G1 X103.42 Y78.214 E4.07257
G1 X102.112 Y78.046 E4.136
G1 X101.609 Y78.012 E4.16025
G1 X100.4 Y77.955 E4.21846
G1 X99.318 Y77.954 E4.2705
G1 X100.078 Y77.193 E4.32223
G1 X100.401 Y77.506 E4.34386
;WIDTH:0.606018
G1 X101.02 Y77.52 E4.38569
;WIDTH:0.634558
G1 X101.64 Y77.535 E4.42979
G1 X101.7 Y77.557 E4.43433
;WIDTH:0.596813
G1 X101.76 Y77.58 E4.4386
;WIDTH:0.559068
G1 X101.82 Y77.603 E4.44256
;WIDTH:0.521323
G1 X101.881 Y77.626 E4.44628
;WIDTH:0.483027
G1 X101.942 Y77.649 E4.44968
;WIDTH:0.444732
G1 X102.003 Y77.672 E4.45277
;WIDTH:0.406436
G1 X102.064 Y77.695 E4.45555
;WIDTH:0.401586
G1 X102.629 Y77.75 E4.47943
;WIDTH:0.435032
G1 X103.284 Y77.816 E4.50986
G1 X103.651 Y77.449 E4.53385
G1 X102.913 Y77.425 E4.56799
;WIDTH:0.401586
G1 X102.175 Y77.401 E4.59905
;WIDTH:0.368141
G1 X102.04 Y77.398 E4.60417
;WIDTH:0.407667
G1 X101.973 Y77.421 E4.6072
;WIDTH:0.453045
G1 X101.906 Y77.444 E4.61063
;WIDTH:0.498424
G1 X101.84 Y77.467 E4.61441
;WIDTH:0.543802
G1 X101.773 Y77.489 E4.61863
;WIDTH:0.58918
G1 X101.706 Y77.512 E4.62327
;WIDTH:0.634558
G1 X101.64 Y77.535 E4.62824
G1 E2.62824 F2400
G92 E0
G1 X104.138 Y79.132 F7800
G1 E2 F2400
;WIDTH:0.45
G1 F1200
G1 X106.985 Y76.285 E2.19365
G1 X107.53 Y76.285 E2.21986
G1 X104.594 Y79.222 E2.4196
G1 X105.035 Y79.326 E2.44139
G1 X108.075 Y76.285 E2.6482
G1 X108.621 Y76.285 E2.67446
G1 X105.467 Y79.439 E2.88899
G1 X105.899 Y79.552 E2.91047
G1 X109.166 Y76.285 E3.13269
G1 X109.711 Y76.285 E3.1589
G1 X106.315 Y79.682 E3.38993
G1 X106.724 Y79.818 E3.41066
G1 X110.257 Y76.285 E3.65097
G1 X110.802 Y76.285 E3.67718
G1 X107.134 Y79.954 E3.92671
G1 X107.535 Y80.098 E3.9472
G1 X111.347 Y76.285 E4.20652
G1 X111.893 Y76.285 E4.23278
G1 X107.923 Y80.255 E4.50281
G1 X108.311 Y80.412 E4.52294
G1 X112.438 Y76.285 E4.80365
G1 X112.983 Y76.285 E4.82986
G1 X108.694 Y80.575 E5.12163
G1 X109.062 Y80.752 E5.14127
G1 X113.529 Y76.285 E5.44511
G1 X114.074 Y76.285 E5.47132
G1 X109.431 Y80.929 E5.78717
G1 X109.799 Y81.106 E5.80681
G1 X114.62 Y76.285 E6.13473
G1 X115.165 Y76.285 E6.16094
G1 X110.149 Y81.301 E6.50212
G1 X110.498 Y81.498 E6.5214
G1 X115.71 Y76.285 E6.87595
G1 X116.256 Y76.285 E6.90221
G1 X110.847 Y81.694 E7.27012
G1 X111.189 Y81.898 E7.28927
G1 X116.801 Y76.285 E7.67103
G1 X117.346 Y76.285 E7.69724
G1 X111.518 Y82.113 E8.09365
G1 X111.848 Y82.329 E8.11262
G1 X117.892 Y76.285 E8.52373
G1 X118.437 Y76.285 E8.54994
G1 X112.178 Y82.544 E8.97567
G1 X112.491 Y82.776 E8.99441
G1 X118.982 Y76.285 E9.43592
G1 X119.528 Y76.285 E9.46218
G1 X112.803 Y83.01 E9.91961
G1 X113.115 Y83.243 E9.93834
G1 X120.073 Y76.285 E10.41161
G1 X120.618 Y76.285 E10.43782
G1 X113.42 Y83.484 E10.92745
G1 X113.714 Y83.735 E10.94604
G1 X121.164 Y76.285 E11.45278
G1 X121.709 Y76.285 E11.47899
G1 X114.009 Y83.986 E12.00277
G1 X114.302 Y84.238 E12.02136
G1 X122.254 Y76.285 E12.56228
G1 X122.8 Y76.285 E12.58854
G1 X114.58 Y84.505 E13.14765
G1 X114.857 Y84.773 E13.16619
G1 X123.345 Y76.285 E13.74353
G1 X123.848 Y76.182 E13.76822
;WIDTH:0.404381
G1 X123.777 Y76.163 E13.77134
G1 X123.796 Y76.234 E13.77446
G1 X123.837 Y76.223 E13.77626
;WIDTH:0.45
G1 X123.715 Y76.461 E13.78912
G1 X115.135 Y85.041 E14.37272
G1 X115.403 Y85.318 E14.39126
G1 X123.715 Y77.007 E14.9566
G1 X123.715 Y77.552 E14.98281
G1 X115.662 Y85.604 E15.53053
G1 X115.922 Y85.89 E15.54912
G1 X123.715 Y78.097 E16.07919
G1 X123.715 Y78.643 E16.10545
G1 X116.181 Y86.176 E16.61787
G1 X116.426 Y86.476 E16.6365
G1 X123.715 Y79.188 E17.13225
G1 X123.715 Y79.733 E17.15846
G1 X116.668 Y86.78 E17.63779
G1 X116.909 Y87.084 E17.65645
G1 X123.715 Y80.279 E18.11935
G1 X123.715 Y80.824 E18.14556
G1 X117.143 Y87.395 E18.59255
G1 X117.368 Y87.716 E18.6114
G1 X123.715 Y81.369 E19.04312
G1 X123.715 Y81.915 E19.06938
G1 X117.593 Y88.036 E19.48576
G1 X117.818 Y88.357 E19.50461
G1 X123.715 Y82.46 E19.90572
G1 X123.715 Y83.006 E19.93198
G1 X118.024 Y88.696 E20.31904
G1 X118.23 Y89.036 E20.33816
G1 X123.715 Y83.551 E20.71124
G1 X123.715 Y84.096 E20.73745
G1 X118.435 Y89.375 E21.09656
G1 X118.634 Y89.722 E21.1158
G1 X123.715 Y84.642 E21.46137
G1 X123.715 Y85.187 E21.48758
G1 X118.821 Y90.08 E21.82043
G1 X119.008 Y90.439 E21.8399
G1 X123.715 Y85.732 E22.16006
G1 X123.715 Y86.278 E22.18632
G1 X119.192 Y90.8 E22.49393
G1 X119.36 Y91.178 E22.51383
G1 X123.715 Y86.823 E22.81005
G1 X123.715 Y87.368 E22.83626
G1 X119.527 Y91.555 E23.12109
G1 X119.695 Y91.933 E23.14099
G1 X123.715 Y87.914 E23.41439
G1 X123.715 Y88.459 E23.4406
G1 X119.845 Y92.329 E23.70383
G1 X119.991 Y92.728 E23.72426
G1 X123.715 Y89.004 E23.97756
G1 X123.715 Y89.55 E24.00382
G1 X120.138 Y93.126 E24.24709
G1 X120.274 Y93.536 E24.26787
G1 X123.715 Y90.095 E24.50192
G1 X123.715 Y90.64 E24.52813
G1 X120.398 Y93.957 E24.75375
G1 X120.522 Y94.378 E24.77486
G1 X123.715 Y91.186 E24.99201
G1 X123.715 Y91.731 E25.01822
G1 X120.637 Y94.808 E25.22755
G1 X120.739 Y95.252 E25.24946
G1 X123.715 Y92.276 E25.45188
G1 X123.715 Y92.822 E25.47814
G1 X120.84 Y95.696 E25.67366
G1 X120.927 Y96.154 E25.69608
G1 X123.715 Y93.367 E25.88568
G1 X123.92 Y93.753 E25.9067
;WIDTH:0.404381
G1 X123.849 Y93.734 E25.90982
G1 X123.868 Y93.805 E25.91294
G1 X123.909 Y93.794 E25.91474
;WIDTH:0.45
G1 X123.715 Y93.912 E25.92566
G1 X121.003 Y96.624 E26.11013
G1 E24.11013 F2400
G92 E0
G1 X123.578 Y94.594 F7800
G1 E2 F2400
G1 F1200
G1 X121.14 Y97.033 E2.16586
G1 X121.069 Y97.033 E2.16927
G1 X121.244 Y98.673 E2.2486
G1 X121.285 Y99.957 E2.31039
G1 X121.239 Y101.401 E2.37988
G1 X121.105 Y102.759 E2.44551
G1 X120.939 Y103.778 E2.49517
G1 X123.578 Y101.138 E2.67471
G1 X123.715 Y101.138 E2.6813
G1 X123.715 Y94.458 E3.00258
G1 X123.329 Y95.389 F7800
G1 F1200
G1 X123.329 Y100.842 E3.26485
G1 X121.502 Y102.67 E3.38915
G1 X121.624 Y101.426 E3.44927
G1 X121.67 Y99.944 E3.52058
G1 X121.629 Y98.649 E3.5829
G1 X121.491 Y97.226 E3.65166
G1 X123.193 Y95.525 E3.76739
G1 X122.943 Y96.32 F7800
G1 F1200
G1 X122.943 Y100.683 E3.97724
G1 X121.991 Y101.635 E4.04199
G1 X122.056 Y99.932 E4.12396
G1 X122.014 Y98.625 E4.18685
G1 X121.895 Y97.368 E4.24758
G1 X122.807 Y96.456 E4.30961
G1 X122.59 Y97.173 E4.34564
;WIDTH:0.385629
G1 X122.6 Y97.989 E4.37834
;WIDTH:0.409261
G1 X122.578 Y98.056 E4.38137
;WIDTH:0.453136
G1 X122.556 Y98.122 E4.38474
;WIDTH:0.497011
G1 X122.534 Y98.189 E4.38855
;WIDTH:0.540885
G1 X122.512 Y98.256 E4.39274
;WIDTH:0.58476
G1 X122.49 Y98.322 E4.39726
;WIDTH:0.628635
G1 X122.468 Y98.389 E4.40222
G1 X122.44 Y98.325 E4.40714
;WIDTH:0.58476
G1 X122.412 Y98.26 E4.41173
;WIDTH:0.540885
G1 X122.384 Y98.196 E4.41588
;WIDTH:0.497011
G1 X122.356 Y98.132 E4.41965
;WIDTH:0.453136
G1 X122.328 Y98.068 E4.42304
;WIDTH:0.409261
G1 X122.3 Y98.003 E4.42608
;WIDTH:0.385629
G1 X122.262 Y97.501 E4.44625
G1 X122.454 Y97.309 E4.45713
G1 X122.468 Y98.389 F7800
;WIDTH:0.628635
G1 F1200
G1 X122.479 Y98.64 E4.47481
;WIDTH:0.607709
G1 X122.499 Y99.918 E4.56143
;WIDTH:0.582359
G1 X122.492 Y100.495 E4.59871
G1 X123.715 Y101.547 F7800
;WIDTH:0.45
G1 F1200
G1 X120.804 Y104.458 E4.79671
G1 X120.479 Y105.433 F7800
;WIDTH:0.404381
G1 F1200
G1 X120.456 Y105.351 E4.80032
G1 X120.536 Y104.947 E4.81778
;WIDTH:0.45
G1 X120.643 Y105.164 E4.82942
G1 X123.715 Y102.093 E5.03834
G1 X123.715 Y102.638 E5.06455
G1 X120.435 Y105.918 E5.28765
G1 X120.317 Y106.18 E5.30147
;WIDTH:0.404381
G1 X120.246 Y106.161 E5.30459
G1 X120.265 Y106.232 E5.30771
G1 X120.306 Y106.221 E5.30951
G1 X120.063 Y106.996 F7800
G1 F1200
G1 X120.022 Y107.007 E5.31131
G1 X120.003 Y106.936 E5.31443
G1 X120.074 Y106.955 E5.31755
;WIDTH:0.45
G1 X120.204 Y106.694 E5.33157
G1 X123.715 Y103.183 E5.57038
G1 X123.715 Y103.729 E5.59664
G1 X119.887 Y107.557 E5.85702
G1 X119.752 Y107.818 E5.87115
;WIDTH:0.404381
G1 X119.681 Y107.799 E5.87427
G1 X119.7 Y107.87 E5.87739
G1 X119.741 Y107.859 E5.87919
G1 X119.37 Y108.736 F7800
G1 F1200
G1 X119.298 Y108.717 E5.88235
G1 X119.318 Y108.788 E5.88548
G1 X119.359 Y108.777 E5.88728
;WIDTH:0.45
G1 X119.514 Y108.474 E5.90365
G1 X123.715 Y104.274 E6.18936
G1 X123.715 Y104.819 E6.21557
G1 X119.047 Y109.487 E6.53308
G1 X118.878 Y109.79 E6.54977
;WIDTH:0.404381
G1 X118.837 Y109.801 E6.55157
G1 X118.818 Y109.729 E6.55473
G1 X118.889 Y109.749 E6.55786
G1 X118.222 Y110.976 F7800
G1 F1200
G1 X118.181 Y110.987 E6.55966
G1 X118.162 Y110.916 E6.56278
G1 X118.233 Y110.935 E6.5659
;WIDTH:0.45
G1 X118.406 Y110.673 E6.581
G1 X123.715 Y105.365 E6.94208
G1 X123.715 Y105.91 E6.96829
G1 X117.441 Y112.183 E7.39501
G1 X117.213 Y112.456 E7.41212
;WIDTH:0.404381
G1 X116.129 Y113.684 E7.48158
G1 E5.48158 F2400
G92 E0
G1 X123.715 Y106.455 F7800
G1 E2 F2400
;WIDTH:0.45
G1 F1200
G1 X106.455 Y123.715 E3.174
G1 X106.224 Y123.817 E3.18615
;WIDTH:0.404381
G1 X106.153 Y123.797 E3.18928
G1 X106.172 Y123.869 E3.19244
G1 X106.213 Y123.858 E3.19424
G1 X107.001 Y123.715 F7800
;WIDTH:0.45
G1 F1200
G1 X123.715 Y107.001 E4.33111
G1 X123.715 Y107.546 E4.35732
G1 X107.546 Y123.715 E5.45712
G1 X108.091 Y123.715 E5.48333
G1 X123.715 Y108.091 E6.54606
G1 X123.715 Y108.637 E6.57232
G1 X108.637 Y123.715 E7.59791
G1 X109.182 Y123.715 E7.62412
G1 X123.715 Y109.182 E8.61264
G1 X123.715 Y109.728 E8.6389
G1 X109.728 Y123.715 E9.59028
G1 X110.273 Y123.715 E9.61649
G1 X123.715 Y110.273 E10.5308
G1 X123.715 Y110.818 E10.55701
G1 X110.818 Y123.715 E11.43425
G1 X111.364 Y123.715 E11.46051
G1 X123.715 Y111.364 E12.30061
G1 X123.715 Y111.909 E12.32682
G1 X111.909 Y123.715 E13.12985
G1 X112.454 Y123.715 E13.15606
G1 X123.715 Y112.454 E13.92202
G1 X123.715 Y113 E13.94828
G1 X113 Y123.715 E14.6771
G1 X113.545 Y123.715 E14.70331
G1 X123.715 Y113.545 E15.39506
G1 X123.715 Y114.09 E15.42127
G1 X114.09 Y123.715 E16.07595
G1 X114.636 Y123.715 E16.10221
G1 X123.715 Y114.636 E16.71975
G1 X123.715 Y115.181 E16.74596
G1 X115.181 Y123.715 E17.32643
G1 X115.726 Y123.715 E17.35264
G1 X123.715 Y115.726 E17.89604
G1 X123.715 Y116.272 E17.9223
G1 X116.272 Y123.715 E18.42856
G1 X116.817 Y123.715 E18.45477
G1 X123.715 Y116.817 E18.92396
G1 X123.715 Y117.362 E18.95017
G1 X117.362 Y123.715 E19.38229
G1 X117.908 Y123.715 E19.40855
G1 X123.715 Y117.908 E19.80353
G1 X123.715 Y118.453 E19.82974
G1 X118.453 Y123.715 E20.18765
G1 X118.998 Y123.715 E20.21386
G1 X123.715 Y118.998 E20.5347
G1 X123.715 Y119.544 E20.56096
G1 X119.544 Y123.715 E20.84467
G1 X120.089 Y123.715 E20.87088
G1 X123.715 Y120.089 E21.11752
G1 X123.715 Y120.634 E21.14373
G1 X120.634 Y123.715 E21.3533
G1 X121.18 Y123.715 E21.37956
G1 X123.715 Y121.18 E21.55199
G1 X123.942 Y121.56 E21.57328
;WIDTH:0.582359
G1 X123.896 Y121.515 E21.57744
G1 X123.833 Y121.531 E21.58164
G1 X123.817 Y121.594 E21.58584
G1 X123.862 Y121.64 E21.59
G1 X123.925 Y121.623 E21.59422
G1 X123.855 Y121.657 E21.59925
;WIDTH:0.538239
G1 X123.785 Y121.691 E21.60385
;WIDTH:0.494119
G1 X123.715 Y121.725 E21.60802
;WIDTH:0.45
G1 X121.725 Y123.715 E21.74338
G1 X121.607 Y123.909 E21.7543
;WIDTH:0.404381
G1 X121.566 Y123.92 E21.7561
G1 X121.547 Y123.849 E21.75922
G1 X121.618 Y123.868 E21.76234
G1 E19.76234 F2400
G92 E0
G1 X123.578 Y122.407 F7800
G1 E2 F2400
;WIDTH:0.45
G1 F1200
G1 X122.271 Y123.715 E2.08893
G1 X123.715 Y123.715 E2.15838
G1 X123.715 Y122.271 E2.22783
G1 X123.347 Y123.277 F7800
;WIDTH:0.524639
G1 F1200
G1 X123.307 Y123.236 E2.23112
G1 X123.251 Y123.251 E2.23445
G1 X123.236 Y123.307 E2.23778
G1 X123.277 Y123.347 E2.24107
G1 X123.332 Y123.332 E2.24434
G1 E.24434 F2400
G92 E0
G92 E0
G1 X100.599 Y81.01 F7800
G1 E2 F2400
;TYPE:Perimeter
;WIDTH:0.45
G1 F3600
G1 X100.672 Y81.011 E2.00351
G1 X101.825 Y81.085 E2.05908
G1 X103.033 Y81.24 E2.11766
G1 X104.229 Y81.473 E2.17626
G1 X105.407 Y81.782 E2.23483
G1 X106.563 Y82.166 E2.29342
G1 X107.692 Y82.623 E2.352
G1 X108.79 Y83.152 E2.41062
G1 X109.851 Y83.75 E2.4692
G1 X110.872 Y84.414 E2.52778
G1 X111.848 Y85.143 E2.58637
G1 X112.776 Y85.932 E2.64496
G1 X113.651 Y86.78 E2.70357
G1 X114.47 Y87.682 E2.76217
G1 X115.229 Y88.634 E2.82073
G1 X115.926 Y89.633 E2.87932
G1 X116.558 Y90.675 E2.93793
G1 X117.121 Y91.755 E2.99651
G1 X117.614 Y92.869 E3.0551
G1 X118.035 Y94.012 E3.11368
G1 X118.382 Y95.18 E3.17228
G1 X118.653 Y96.367 E3.23084
G1 X118.847 Y97.568 E3.28935
G1 X118.966 Y98.845 E3.35104
G1 X119.003 Y100 E3.40662
G1 X118.964 Y101.218 E3.46523
G1 X118.847 Y102.43 E3.52379
G1 X118.653 Y103.633 E3.5824
G1 X118.382 Y104.82 E3.64096
G1 X118.035 Y105.988 E3.69956
G1 X117.614 Y107.131 E3.75814
G1 X117.121 Y108.245 E3.81673
G1 X116.558 Y109.325 E3.87531
G1 X115.926 Y110.367 E3.93392
G1 X115.229 Y111.366 E3.99251
G1 X114.47 Y112.318 E4.05107
G1 X113.651 Y113.22 E4.10967
G1 X112.776 Y114.068 E4.16828
G1 X111.848 Y114.857 E4.22687
G1 X110.872 Y115.586 E4.28546
G1 X109.851 Y116.25 E4.34404
G1 X108.79 Y116.848 E4.40262
G1 X107.692 Y117.377 E4.46124
G1 X106.563 Y117.834 E4.51982
G1 X105.407 Y118.218 E4.57841
G1 X104.229 Y118.527 E4.63698
G1 X103.033 Y118.76 E4.69558
G1 X101.825 Y118.915 E4.75416
G1 X100.609 Y118.993 E4.81277
G1 X99.391 Y118.993 E4.87135
G1 X98.175 Y118.915 E4.92996
G1 X96.967 Y118.76 E4.98854
G1 X95.771 Y118.527 E5.04714
G1 X94.593 Y118.218 E5.10571
G1 X93.437 Y117.834 E5.1643
G1 X92.308 Y117.377 E5.22288
G1 X91.21 Y116.848 E5.2815
G1 X90.149 Y116.25 E5.34008
G1 X89.128 Y115.586 E5.39866
G1 X88.152 Y114.857 E5.45725
G1 X87.225 Y114.069 E5.51577
G1 X86.307 Y113.174 E5.57743
G1 X85.53 Y112.318 E5.63303
G1 X84.771 Y111.366 E5.69159
G1 X84.074 Y110.367 E5.75018
G1 X83.442 Y109.325 E5.80879
G1 X82.879 Y108.245 E5.86737
G1 X82.386 Y107.131 E5.92596
G1 X81.965 Y105.988 E5.98454
G1 X81.618 Y104.82 E6.04314
G1 X81.347 Y103.633 E6.1017
G1 X81.153 Y102.432 E6.16021
G1 X81.034 Y101.155 E6.2219
G1 X80.997 Y100 E6.27748
G1 X81.036 Y98.782 E6.33609
G1 X81.153 Y97.57 E6.39465
G1 X81.347 Y96.367 E6.45326
G1 X81.618 Y95.18 E6.51182
G1 X81.965 Y94.012 E6.57042
G1 X82.386 Y92.869 E6.629
G1 X82.878 Y91.756 E6.68753
G1 X83.475 Y90.621 E6.74921
G1 X84.074 Y89.633 E6.80478
G1 X84.77 Y88.635 E6.8633
G1 X85.572 Y87.635 E6.92495
G1 X86.349 Y86.78 E6.98052
G1 X87.224 Y85.932 E7.03913
G1 X88.152 Y85.143 E7.09772
G1 X89.128 Y84.414 E7.15631
G1 X90.148 Y83.75 E7.21485
G1 X91.267 Y83.125 E7.2765
G1 X92.308 Y82.623 E7.33209
G1 X93.437 Y82.166 E7.39067
G1 X94.593 Y81.782 E7.44926
G1 X95.771 Y81.473 E7.50783
G1 X96.967 Y81.24 E7.56643
G1 X98.175 Y81.085 E7.62501
G1 X99.389 Y81.007 E7.68352
G1 X100.539 Y81.01 E7.73883
G1 X100.624 Y80.625 F7800
G1 F3600
G1 X100.685 Y80.625 E7.74176
G1 X101.862 Y80.701 E7.79849
G1 X103.094 Y80.859 E7.85823
G1 X104.315 Y81.097 E7.91806
G1 X105.517 Y81.412 E7.97782
G1 X106.696 Y81.804 E8.03758
G1 X107.848 Y82.27 E8.09735
G1 X108.968 Y82.81 E8.15715
G1 X110.051 Y83.42 E8.21693
G1 X111.093 Y84.098 E8.27672
G1 X112.089 Y84.841 E8.33648
G1 X113.035 Y85.647 E8.39625
G1 X113.928 Y86.511 E8.45601
G1 X114.764 Y87.431 E8.5158
G1 X115.539 Y88.403 E8.57559
G1 X116.25 Y89.423 E8.63539
G1 X116.894 Y90.485 E8.69513
G1 X117.469 Y91.587 E8.75491
G1 X117.972 Y92.724 E8.81471
G1 X118.401 Y93.89 E8.87447
G1 X118.755 Y95.082 E8.93428
G1 X119.032 Y96.294 E8.99408
G1 X119.23 Y97.52 E9.05381
G1 X119.351 Y98.821 E9.11665
G1 X119.389 Y100 E9.17339
G1 X119.349 Y101.242 E9.23316
G1 X119.23 Y102.479 E9.29293
G1 X119.032 Y103.706 E9.35271
G1 X118.755 Y104.918 E9.41251
G1 X118.401 Y106.11 E9.47232
G1 X117.972 Y107.276 E9.53208
G1 X117.469 Y108.413 E9.59188
G1 X116.894 Y109.515 E9.65166
G1 X116.25 Y110.577 E9.7114
G1 X115.539 Y111.597 E9.7712
G1 X114.764 Y112.569 E9.83099
G1 X113.928 Y113.489 E9.89078
G1 X113.035 Y114.353 E9.95054
G1 X112.089 Y115.159 E10.01031
G1 X111.093 Y115.902 E10.07007
G1 X110.051 Y116.58 E10.12986
G1 X108.968 Y117.19 E10.18964
G1 X107.848 Y117.73 E10.24944
G1 X106.696 Y118.196 E10.30921
G1 X105.517 Y118.588 E10.36897
G1 X104.314 Y118.903 E10.42878
G1 X103.094 Y119.141 E10.48856
G1 X101.862 Y119.299 E10.5483
G1 X100.621 Y119.379 E10.60811
G1 X99.379 Y119.379 E10.66785
G1 X98.138 Y119.299 E10.72766
G1 X96.906 Y119.141 E10.7874
G1 X95.686 Y118.903 E10.84718
G1 X94.483 Y118.588 E10.90699
G1 X93.304 Y118.196 E10.96675
G1 X92.152 Y117.73 E11.02652
G1 X91.032 Y117.19 E11.08632
G1 X89.949 Y116.58 E11.1461
G1 X88.907 Y115.902 E11.20589
G1 X87.911 Y115.159 E11.26565
G1 X86.965 Y114.354 E11.32539
G1 X86.029 Y113.442 E11.38824
G1 X85.236 Y112.569 E11.44496
G1 X84.461 Y111.597 E11.50475
G1 X83.75 Y110.577 E11.56455
G1 X83.106 Y109.515 E11.62429
G1 X82.531 Y108.413 E11.68407
G1 X82.028 Y107.276 E11.74387
G1 X81.599 Y106.11 E11.80363
G1 X81.245 Y104.918 E11.86344
G1 X80.968 Y103.706 E11.92324
G1 X80.77 Y102.48 E11.98297
G1 X80.649 Y101.179 E12.04581
G1 X80.611 Y100 E12.10255
G1 X80.651 Y98.758 E12.16232
G1 X80.77 Y97.521 E12.22209
G1 X80.968 Y96.294 E12.28187
G1 X81.245 Y95.082 E12.34167
G1 X81.599 Y93.89 E12.40148
G1 X82.028 Y92.724 E12.46124
G1 X82.531 Y91.588 E12.52099
G1 X83.139 Y90.431 E12.58385
G1 X83.75 Y89.423 E12.64054
G1 X84.461 Y88.404 E12.7003
G1 X85.279 Y87.385 E12.76315
G1 X86.072 Y86.511 E12.81991
G1 X86.965 Y85.647 E12.87967
G1 X87.911 Y84.841 E12.93944
G1 X88.907 Y84.098 E12.9992
G1 X89.948 Y83.42 E13.05895
G1 X91.089 Y82.782 E13.12182
G1 X92.152 Y82.27 E13.17857
G1 X93.304 Y81.804 E13.23834
G1 X94.483 Y81.412 E13.2981
G1 X95.686 Y81.097 E13.35791
G1 X96.906 Y80.859 E13.41769
G1 X98.138 Y80.701 E13.47743
G1 X99.378 Y80.621 E13.53719
G1 X100.564 Y80.625 E13.59423
G1 X100.649 Y80.239 F7800
;TYPE:External perimeter
G1 F1800
G1 X100.697 Y80.239 E13.59654
G1 X101.899 Y80.316 E13.65447
G1 X103.156 Y80.479 E13.71543
G1 X104.4 Y80.721 E13.77638
G1 X105.626 Y81.042 E13.83733
G1 X106.83 Y81.442 E13.89835
G1 X108.005 Y81.918 E13.95932
G1 X109.147 Y82.468 E14.02028
G1 X110.251 Y83.09 E14.08123
G1 X111.314 Y83.781 E14.14221
G1 X112.329 Y84.539 E14.20314
G1 X113.295 Y85.361 E14.26415
G1 X114.205 Y86.243 E14.3251
G1 X115.058 Y87.181 E14.38608
G1 X115.848 Y88.172 E14.44704
G1 X116.573 Y89.212 E14.50802
G1 X117.23 Y90.296 E14.56899
G1 X117.817 Y91.42 E14.62998
G1 X118.33 Y92.579 E14.69094
G1 X118.767 Y93.769 E14.75191
G1 X119.128 Y94.984 E14.81287
G1 X119.41 Y96.22 E14.87384
G1 X119.612 Y97.471 E14.93479
G1 X119.736 Y98.797 E14.99884
G1 X119.775 Y100 E15.05673
G1 X119.734 Y101.267 E15.1177
G1 X119.613 Y102.529 E15.17868
G1 X119.41 Y103.78 E15.23964
G1 X119.128 Y105.016 E15.30061
G1 X118.767 Y106.231 E15.36157
G1 X118.33 Y107.421 E15.42254
G1 X117.817 Y108.58 E15.4835
G1 X117.23 Y109.704 E15.54449
G1 X116.573 Y110.788 E15.60546
G1 X115.848 Y111.828 E15.66644
G1 X115.058 Y112.819 E15.7274
G1 X114.205 Y113.757 E15.78838
G1 X113.295 Y114.639 E15.84933
G1 X112.329 Y115.461 E15.91034
G1 X111.314 Y116.219 E15.97127
G1 X110.251 Y116.91 E16.03225
G1 X109.147 Y117.532 E16.0932
G1 X108.005 Y118.082 E16.15416
G1 X106.83 Y118.558 E16.21513
G1 X105.626 Y118.958 E16.27615
G1 X104.4 Y119.279 E16.3371
G1 X103.156 Y119.521 E16.39805
G1 X101.899 Y119.684 E16.45901
G1 X100.634 Y119.765 E16.51998
G1 X99.366 Y119.765 E16.58097
G1 X98.101 Y119.684 E16.64194
G1 X96.844 Y119.521 E16.7029
G1 X95.6 Y119.279 E16.76385
G1 X94.374 Y118.958 E16.8248
G1 X93.17 Y118.558 E16.88582
G1 X91.995 Y118.082 E16.94679
G1 X90.853 Y117.532 E17.00775
G1 X89.749 Y116.91 E17.0687
G1 X88.686 Y116.219 E17.12968
G1 X87.671 Y115.461 E17.19061
G1 X86.706 Y114.639 E17.25158
G1 X85.752 Y113.71 E17.31563
G1 X84.942 Y112.819 E17.37355
G1 X84.152 Y111.828 E17.43451
G1 X83.427 Y110.788 E17.49549
G1 X82.77 Y109.704 E17.55646
G1 X82.183 Y108.58 E17.61745
G1 X81.67 Y107.421 E17.67841
G1 X81.233 Y106.231 E17.73938
G1 X80.872 Y105.016 E17.80034
G1 X80.59 Y103.78 E17.86131
G1 X80.388 Y102.529 E17.92226
G1 X80.264 Y101.203 E17.98631
G1 X80.225 Y100 E18.0442
G1 X80.266 Y98.733 E18.10517
G1 X80.387 Y97.471 E18.16615
G1 X80.59 Y96.22 E18.22711
G1 X80.872 Y94.984 E18.28808
G1 X81.233 Y93.769 E18.34904
G1 X81.67 Y92.579 E18.41001
G1 X82.183 Y91.42 E18.47097
G1 X82.803 Y90.242 E18.535
G1 X83.427 Y89.212 E18.59292
G1 X84.152 Y88.173 E18.65386
G1 X84.985 Y87.134 E18.71791
G1 X85.795 Y86.243 E18.77583
G1 X86.705 Y85.361 E18.83678
G1 X87.671 Y84.539 E18.89779
G1 X88.686 Y83.781 E18.95872
G1 X89.749 Y83.09 E19.0197
G1 X90.911 Y82.44 E19.08374
G1 X91.995 Y81.918 E19.14161
G1 X93.17 Y81.442 E19.20258
G1 X94.374 Y81.042 E19.2636
G1 X95.6 Y80.721 E19.32455
G1 X96.844 Y80.479 E19.3855
G1 X98.101 Y80.316 E19.44646
G1 X99.366 Y80.235 E19.50743
G1 X100.589 Y80.239 E19.56625
G1 X100.988 Y80.259 F7800
G1 E17.56625 F2400
G92 E0
G1 X87.347 Y86.068 F7800
G1 E2 F2400
;TYPE:Solid infill
;WIDTH:0.404381
G1 F1200
G1 X86.488 Y86.914 E2.05113
G1 X87.21 Y86.203 E2.0941
G1 E.0941 F2400
G92 E0
G1 X89.266 Y84.612 F7800
G1 E2 F2400
G1 F1200
G1 X89.037 Y84.811 E2.01287
;WIDTH:0.45
G1 X88.764 Y85.047 E2.03023
G1 X85 Y88.811 E2.28625
G1 X84.813 Y89.072 E2.30169
;WIDTH:0.404381
G1 X84.742 Y89.053 E2.30481
G1 X84.761 Y89.124 E2.30793
G1 X84.802 Y89.113 E2.30973
G1 X83.749 Y90.726 F7800
G1 F1200
G1 X83.708 Y90.737 E2.31153
G1 X83.689 Y90.665 E2.31469
G1 X83.76 Y90.685 E2.31782
;WIDTH:0.45
G1 X83.933 Y90.423 E2.33292
G1 X90.435 Y83.921 E2.77518
G1 X91.943 Y83.065 F7800
;WIDTH:0.404381
G1 F1200
G1 X91.872 Y83.046 E2.7783
G1 X91.891 Y83.117 E2.78142
G1 X91.932 Y83.106 E2.78322
;WIDTH:0.45
G1 X91.631 Y83.27 E2.79971
G1 X83.271 Y91.63 E3.36835
G1 X83.114 Y91.892 E3.38304
;WIDTH:0.404381
G1 X83.043 Y91.873 E3.38616
G1 X83.062 Y91.944 E3.38928
G1 X83.103 Y91.933 E3.39108
G1 X82.654 Y92.908 F7800
G1 F1200
G1 X82.583 Y92.889 E3.3942
G1 X82.602 Y92.96 E3.39732
G1 X82.643 Y92.949 E3.39912
;WIDTH:0.45
G1 X82.8 Y92.646 E3.41553
G1 X92.65 Y82.797 E4.08548
G1 X92.95 Y82.646 E4.10163
;WIDTH:0.404381
G1 X92.909 Y82.657 E4.10343
G1 X92.89 Y82.586 E4.10655
G1 X92.961 Y82.605 E4.10967
;WIDTH:0.45
G1 X93.563 Y82.429 E4.13984
G1 X82.444 Y93.548 E4.89614
G1 X82.31 Y93.81 E4.91029
;WIDTH:0.404381
G1 X82.239 Y93.791 E4.91341
G1 X82.258 Y93.862 E4.91653
G1 X82.299 Y93.851 E4.91833
G1 X82.04 Y94.642 F7800
G1 F1200
G1 X81.969 Y94.623 E4.92145
G1 X81.988 Y94.694 E4.92457
G1 X82.029 Y94.683 E4.92637
;WIDTH:0.45
G1 X82.157 Y94.38 E4.94219
G1 X94.379 Y82.158 E5.77352
G1 X95.147 Y81.936 F7800
G1 F1200
G1 X81.927 Y95.155 E6.67269
G1 X81.757 Y95.871 E6.70808
G1 X95.882 Y81.746 E7.66884
G1 X96.559 Y81.614 E7.70201
G1 X81.608 Y96.565 E8.71896
G1 X81.503 Y97.216 E8.75068
G1 X97.219 Y81.499 E9.8197
G1 X97.845 Y81.419 E9.85005
G1 X81.417 Y97.847 E10.96746
G1 X81.358 Y98.451 E10.99665
G1 X98.453 Y81.357 E12.1594
G1 X99.036 Y81.319 E12.1875
G1 X81.317 Y99.038 E13.39272
G1 X81.299 Y99.601 E13.41981
G1 X99.604 Y81.296 E14.66489
G1 X100.147 Y81.298 E14.69101
G1 X81.291 Y100.154 E15.97357
G1 X81.308 Y100.683 E15.99903
G1 X100.689 Y81.301 E17.31734
G1 X101.202 Y81.334 E17.34206
G1 X81.329 Y101.207 E18.6938
G1 X81.376 Y101.706 E18.71791
G1 X101.714 Y81.367 E20.10131
G1 X102.202 Y81.425 E20.12495
G1 X81.422 Y102.205 E21.53838
G1 X81.487 Y102.685 E21.56168
G1 X102.685 Y81.487 E23.00354
G1 X103.158 Y81.559 E23.02655
G1 X81.563 Y103.155 E24.49545
G1 X81.641 Y103.622 E24.51822
G1 X103.615 Y81.648 E26.01286
G1 X104.071 Y81.737 E26.03521
G1 X81.743 Y104.066 E27.55397
G1 X81.844 Y104.51 E27.57587
G1 X104.508 Y81.845 E29.11748
G1 X104.94 Y81.959 E29.13897
G1 X81.956 Y104.943 E30.70231
G1 X82.081 Y105.363 E30.72339
G1 X105.37 Y82.075 E32.30744
G1 X105.779 Y82.21 E32.32816
G1 X82.206 Y105.784 E33.9316
G1 X82.347 Y106.188 E33.95218
G1 X106.189 Y82.346 E35.57388
G1 X106.591 Y82.489 E35.5944
G1 X82.493 Y106.587 E37.23352
G1 X82.64 Y106.986 E37.25397
G1 X106.979 Y82.647 E38.90948
G1 X107.367 Y82.804 E38.92961
G1 X82.806 Y107.365 E40.60022
G1 X82.973 Y107.743 E40.6201
G1 X107.746 Y82.97 E42.30513
G1 X108.114 Y83.147 E42.32477
G1 X83.14 Y108.121 E44.02347
G1 X83.327 Y108.48 E44.04294
G1 X108.482 Y83.325 E45.75395
G1 X108.84 Y83.512 E45.77338
G1 X83.514 Y108.838 E47.49602
G1 X83.702 Y109.196 E47.51547
G1 X109.189 Y83.709 E49.24906
G1 X109.538 Y83.905 E49.26831
G1 X83.908 Y109.535 E51.01163
G1 X84.114 Y109.875 E51.03075
G1 X109.877 Y84.111 E52.78315
G1 X110.207 Y84.326 E52.80209
G1 X84.32 Y110.214 E54.56293
G1 X84.544 Y110.535 E54.58176
G1 X110.538 Y84.541 E56.34984
G1 X110.859 Y84.765 E56.36867
G1 X84.768 Y110.857 E58.14338
G1 X84.992 Y111.178 E58.16221
G1 X111.171 Y84.998 E59.94291
G1 X111.484 Y85.231 E59.96168
G1 X85.233 Y111.482 E61.74724
G1 X85.475 Y111.786 E61.76593
G1 X111.789 Y85.472 E63.55578
G1 X112.083 Y85.723 E63.57437
G1 X85.717 Y112.089 E65.36775
G1 X85.974 Y112.377 E65.38632
G1 X112.378 Y85.973 E67.18229
G1 X112.667 Y86.229 E67.20086
G1 X86.234 Y112.663 E68.99883
G1 X86.493 Y112.949 E69.01739
G1 X112.944 Y86.498 E70.81655
G1 X113.221 Y86.766 E70.83509
G1 X86.768 Y113.219 E72.63439
G1 X87.044 Y113.488 E72.65293
G1 X113.495 Y87.038 E74.45206
G1 X113.754 Y87.324 E74.47062
G1 X87.32 Y113.758 E76.26863
G1 X87.608 Y114.015 E76.2872
G1 X114.014 Y87.609 E78.0833
G1 X114.272 Y87.897 E78.1019
G1 X87.903 Y114.266 E79.89549
G1 X88.197 Y114.517 E79.91408
G1 X114.514 Y88.2 E81.70413
G1 X114.756 Y88.504 E81.72282
G1 X88.502 Y114.758 E83.50858
G1 X88.814 Y114.991 E83.52731
G1 X114.998 Y88.807 E85.30831
G1 X115.222 Y89.128 E85.32714
G1 X89.126 Y115.224 E87.10216
G1 X89.447 Y115.448 E87.12099
G1 X115.446 Y89.45 E88.88938
G1 X115.67 Y89.771 E88.90821
G1 X89.777 Y115.663 E90.66939
G1 X90.108 Y115.879 E90.6884
G1 X115.877 Y90.109 E92.44121
G1 X116.083 Y90.449 E92.46033
G1 X90.446 Y116.086 E94.20413
G1 X90.795 Y116.282 E94.22338
G1 X116.288 Y90.788 E95.95742
G1 X116.477 Y91.145 E95.97685
G1 X91.143 Y116.479 E97.70004
G1 X91.5 Y116.667 E97.71945
G1 X116.664 Y91.503 E99.43107
G1 X116.851 Y91.862 E99.45054
G1 X91.869 Y116.844 E101.14978
G1 X92.237 Y117.022 E101.16944
G1 X117.019 Y92.239 E102.85511
G1 X117.187 Y92.617 E102.87501
G1 X92.615 Y117.189 E104.54637
G1 X93.003 Y117.346 E104.5665
G1 X117.353 Y92.996 E106.22276
G1 X117.5 Y93.394 E106.24317
G1 X93.391 Y117.503 E107.88303
G1 X93.792 Y117.647 E107.90352
G1 X117.646 Y93.793 E109.52604
G1 X117.788 Y94.197 E109.54664
G1 X94.202 Y117.783 E111.15093
G1 X94.611 Y117.919 E111.17166
G1 X117.913 Y94.617 E112.75663
G1 X118.038 Y95.038 E112.77775
G1 X95.04 Y118.036 E114.34205
G1 X95.472 Y118.149 E114.36353
G1 X118.151 Y95.47 E115.90613
G1 X118.253 Y95.914 E115.92804
G1 X95.908 Y118.259 E117.44792
G1 X96.364 Y118.348 E117.47027
G1 X118.354 Y96.358 E118.966
G1 X118.434 Y96.823 E118.98869
G1 X96.82 Y118.436 E120.45881
G1 X97.292 Y118.51 E120.48179
G1 X118.509 Y97.293 E121.92494
G1 X118.576 Y97.772 E121.9482
G1 X97.775 Y118.572 E123.36302
G1 X98.262 Y118.631 E123.38661
G1 X118.622 Y98.271 E124.77147
G1 X118.669 Y98.77 E124.79558
G1 X98.774 Y118.664 E126.14878
G1 X99.287 Y118.697 E126.1735
G1 X118.691 Y99.293 E127.49334
G1 X118.708 Y99.821 E127.51875
G1 X99.825 Y118.704 E128.80315
G1 X100.37 Y118.704 E128.82936
G1 X118.702 Y100.372 E130.07628
G1 X118.684 Y100.936 E130.10342
G1 X100.937 Y118.683 E131.31055
G1 X101.52 Y118.645 E131.33865
G1 X118.644 Y101.521 E132.5034
G1 X118.586 Y102.124 E132.53254
G1 X102.125 Y118.585 E133.6522
G1 X102.751 Y118.504 E133.68256
G1 X118.502 Y102.754 E134.75389
G1 X118.397 Y103.404 E134.78556
G1 X103.409 Y118.392 E135.80503
G1 X104.087 Y118.26 E135.83825
G1 X118.25 Y104.096 E136.80163
G1 X118.084 Y104.808 E136.83679
G1 X104.819 Y118.073 E137.73906
G1 X105.354 Y118.007 E137.76499
;WIDTH:0.404381
G1 X105.283 Y117.988 E137.76811
G1 X105.302 Y118.059 E137.77123
G1 X105.343 Y118.048 E137.77303
;WIDTH:0.45
G1 X105.582 Y117.855 E137.78781
G1 X117.853 Y105.584 E138.62247
G1 X118.042 Y105.341 E138.63728
;WIDTH:0.404381
G1 X118.001 Y105.352 E138.63908
G1 X117.982 Y105.281 E138.6422
G1 X118.053 Y105.3 E138.64532
G1 X117.781 Y106.128 F7800
G1 F1200
G1 X117.71 Y106.109 E138.64844
G1 X117.729 Y106.18 E138.65156
G1 X117.77 Y106.169 E138.65336
;WIDTH:0.45
G1 X117.571 Y106.411 E138.66843
G1 X106.399 Y117.584 E139.42837
G1 X106.159 Y117.783 E139.44337
;WIDTH:0.404381
G1 X106.118 Y117.794 E139.44517
G1 X106.099 Y117.723 E139.44829
G1 X106.17 Y117.742 E139.45141
G1 X107.067 Y117.432 F7800
G1 F1200
G1 X107.026 Y117.443 E139.45321
G1 X107.007 Y117.372 E139.45633
G1 X107.078 Y117.391 E139.45945
;WIDTH:0.45
G1 X107.307 Y117.221 E139.47317
G1 X117.22 Y107.308 E140.14744
G1 X117.436 Y107.065 E140.16308
;WIDTH:0.404381
G1 X117.395 Y107.076 E140.16488
G1 X117.376 Y107.005 E140.168
G1 X117.447 Y107.024 E140.17112
G1 X116.991 Y108.03 F7800
G1 F1200
G1 X116.919 Y108.011 E140.17428
G1 X116.939 Y108.082 E140.17741
G1 X116.98 Y108.071 E140.17921
;WIDTH:0.45
G1 X116.759 Y108.314 E140.19501
G1 X108.32 Y116.754 E140.76905
G1 X108.077 Y116.977 E140.78491
;WIDTH:0.404381
G1 X108.036 Y116.988 E140.78671
G1 X108.017 Y116.917 E140.78983
G1 X108.088 Y116.936 E140.79295
G1 X109.263 Y116.35 F7800
G1 F1200
G1 X109.221 Y116.361 E140.79479
G1 X109.202 Y116.29 E140.79791
G1 X109.274 Y116.309 E140.80107
;WIDTH:0.45
G1 X109.505 Y116.113 E140.81564
G1 X116.35 Y109.27 E141.28116
;WIDTH:0.404381
G1 X116.309 Y109.281 E141.28296
G1 X116.29 Y109.21 E141.28608
G1 X116.361 Y109.229 E141.2892
G1 X115.328 Y110.821 F7800
G1 F1200
G1 X115.257 Y110.802 E141.29232
G1 X115.276 Y110.873 E141.29544
G1 X115.317 Y110.862 E141.29724
;WIDTH:0.45
G1 X111.135 Y115.029 E141.58118
G1 X110.863 Y115.265 E141.5985
;WIDTH:0.404381
G1 X110.729 Y115.38 E141.60599
G1 E139.60599 F2400
G92 E0
G1 X113.368 Y113.215 F7800
G1 E2 F2400
G1 F1200
G1 X112.647 Y113.925 E2.04291
G1 X113.506 Y113.08 E2.09401
;LAYER_CHANGE
;Z:0.95
;HEIGHT:0.3
G1 E.09401 F2400
G92 E0
G1 Z.95 F7800
G92 E0
G1 X118.278 Y110.331
G1 E2 F2400
;TYPE:Perimeter
;WIDTH:0.45
G1 F3600
G1 X117.597 Y111.454 E2.06317
G1 X116.827 Y112.558 E2.12791
G1 X115.988 Y113.611 E2.19267
G1 X115.083 Y114.607 E2.2574
G1 X114.116 Y115.543 E2.32213
G1 X113.091 Y116.416 E2.38689
G1 X112.013 Y117.221 E2.4516
G1 X110.885 Y117.955 E2.51633
G1 X109.712 Y118.616 E2.58109
G1 X108.499 Y119.2 E2.64584
G1 X107.252 Y119.705 E2.71055
G1 X105.974 Y120.129 E2.77531
G1 X104.672 Y120.47 E2.84004
G1 X103.351 Y120.728 E2.90478
G1 X102.016 Y120.9 E2.96952
G1 X100.673 Y120.986 E3.03425
G1 X99.327 Y120.986 E3.09899
G1 X97.984 Y120.9 E3.16372
G1 X96.649 Y120.728 E3.22846
G1 X95.328 Y120.47 E3.2932
G1 X94.026 Y120.129 E3.35793
G1 X92.748 Y119.705 E3.42269
G1 X91.501 Y119.2 E3.4874
G1 X90.288 Y118.616 E3.55215
G1 X89.115 Y117.955 E3.61691
G1 X87.987 Y117.221 E3.68164
G1 X86.909 Y116.416 E3.74635
G1 X85.884 Y115.543 E3.81111
G1 X84.917 Y114.607 E3.87584
G1 X84.083 Y113.688 E3.93553
G1 X83.174 Y112.56 E4.00521
G1 X82.403 Y111.454 E4.07005
G1 X81.705 Y110.303 E4.13479
G1 X81.083 Y109.11 E4.1995
G1 X80.538 Y107.879 E4.26425
G1 X80.073 Y106.616 E4.32898
G1 X79.69 Y105.326 E4.3937
G1 X79.39 Y104.014 E4.45843
G1 X79.176 Y102.685 E4.52317
G1 X79.046 Y101.345 E4.58792
G1 X79.007 Y100.105 E4.64759
G1 X79.046 Y98.657 E4.71726
G1 X79.176 Y97.315 E4.78211
G1 X79.39 Y95.986 E4.84685
G1 X79.69 Y94.674 E4.91158
G1 X80.043 Y93.484 E4.97128
G1 X80.537 Y92.123 E5.04092
G1 X81.083 Y90.89 E5.10578
G1 X81.705 Y89.697 E5.17049
G1 X82.403 Y88.546 E5.23523
G1 X83.173 Y87.442 E5.29997
G1 X83.947 Y86.471 E5.35969
G1 X84.915 Y85.395 E5.4293
G1 X85.884 Y84.457 E5.49416
G1 X86.909 Y83.584 E5.55892
G1 X87.987 Y82.779 E5.62363
G1 X89.115 Y82.045 E5.68836
G1 X90.197 Y81.436 E5.74808
G1 X91.499 Y80.801 E5.81775
G1 X92.748 Y80.295 E5.88257
G1 X94.026 Y79.871 E5.94733
G1 X95.328 Y79.53 E6.01206
G1 X96.649 Y79.272 E6.0768
G1 X97.984 Y79.1 E6.14154
G1 X99.327 Y79.014 E6.20627
G1 X100.673 Y79.014 E6.27101
G1 X102.016 Y79.1 E6.33574
G1 X103.351 Y79.272 E6.40048
G1 X104.672 Y79.53 E6.46522
G1 X105.974 Y79.871 E6.52995
G1 X107.252 Y80.295 E6.59471
G1 X108.499 Y80.8 E6.65942
G1 X109.712 Y81.384 E6.72417
G1 X110.885 Y82.045 E6.78893
G1 X112.013 Y82.779 E6.85366
G1 X113.091 Y83.584 E6.91837
G1 X114.116 Y84.457 E6.98313
G1 X115.083 Y85.393 E7.04786
G1 X115.988 Y86.389 E7.11259
G1 X116.762 Y87.36 E7.17231
G1 X117.596 Y88.544 E7.24197
G1 X118.295 Y89.697 E7.30682
G1 X118.917 Y90.89 E7.37153
G1 X119.462 Y92.121 E7.43628
G1 X119.927 Y93.384 E7.50101
G1 X120.31 Y94.674 E7.56573
G1 X120.61 Y95.986 E7.63046
G1 X120.824 Y97.315 E7.6952
G1 X120.954 Y98.655 E7.75995
G1 X120.997 Y100 E7.82467
G1 X120.954 Y101.345 E7.88939
G1 X120.824 Y102.685 E7.95414
G1 X120.61 Y104.014 E8.01888
G1 X120.31 Y105.326 E8.08361
G1 X119.927 Y106.616 E8.14833
G1 X119.462 Y107.879 E8.21306
G1 X118.917 Y109.11 E8.27781
G1 X118.308 Y110.279 E8.34121
G1 X117.949 Y110.131 F7800
G1 F3600
G1 X117.274 Y111.244 E8.40382
G1 X116.518 Y112.328 E8.46738
G1 X115.694 Y113.361 E8.53093
G1 X114.806 Y114.339 E8.59447
G1 X113.857 Y115.258 E8.65801
G1 X112.851 Y116.114 E8.72154
G1 X111.792 Y116.905 E8.78511
G1 X110.685 Y117.625 E8.84862
G1 X109.533 Y118.274 E8.91221
G1 X108.343 Y118.847 E8.97573
G1 X107.118 Y119.343 E9.03929
G1 X105.864 Y119.759 E9.10284
G1 X104.586 Y120.094 E9.16638
G1 X103.29 Y120.347 E9.22989
G1 X101.979 Y120.516 E9.29347
G1 X100.661 Y120.6 E9.35699
G1 X99.339 Y120.6 E9.42057
G1 X98.021 Y120.516 E9.48409
G1 X96.711 Y120.347 E9.54762
G1 X95.414 Y120.094 E9.61118
G1 X94.136 Y119.759 E9.67472
G1 X92.882 Y119.343 E9.73827
G1 X91.657 Y118.847 E9.80183
G1 X90.467 Y118.274 E9.86535
G1 X89.315 Y117.625 E9.92894
G1 X88.208 Y116.905 E9.99245
G1 X87.149 Y116.114 E10.05602
G1 X86.143 Y115.258 E10.11955
G1 X85.194 Y114.339 E10.18309
G1 X84.376 Y113.438 E10.24162
G1 X83.483 Y112.329 E10.3101
G1 X82.726 Y111.244 E10.37373
G1 X82.041 Y110.114 E10.43729
G1 X81.43 Y108.943 E10.50082
G1 X80.895 Y107.735 E10.56436
G1 X80.439 Y106.495 E10.6279
G1 X80.063 Y105.228 E10.69147
G1 X79.769 Y103.94 E10.75501
G1 X79.558 Y102.636 E10.81854
G1 X79.431 Y101.321 E10.88208
G1 X79.392 Y100.104 E10.94064
G1 X79.431 Y98.681 E11.00911
G1 X79.558 Y97.364 E11.07275
G1 X79.769 Y96.06 E11.13628
G1 X80.063 Y94.772 E11.19982
G1 X80.409 Y93.605 E11.25836
G1 X80.895 Y92.267 E11.32683
G1 X81.43 Y91.057 E11.39046
G1 X82.041 Y89.886 E11.45399
G1 X82.726 Y88.756 E11.51755
G1 X83.482 Y87.672 E11.58111
G1 X84.241 Y86.721 E11.63963
G1 X85.193 Y85.662 E11.70812
G1 X86.143 Y84.742 E11.77173
G1 X87.149 Y83.886 E11.83526
G1 X88.208 Y83.095 E11.89883
G1 X89.315 Y82.375 E11.96234
G1 X90.376 Y81.777 E12.02092
G1 X91.656 Y81.154 E12.08939
G1 X92.882 Y80.657 E12.15302
G1 X94.136 Y80.241 E12.21657
G1 X95.414 Y79.906 E12.28011
G1 X96.71 Y79.653 E12.34362
G1 X98.021 Y79.484 E12.4072
G1 X99.339 Y79.4 E12.47072
G1 X100.661 Y79.4 E12.5343
G1 X101.979 Y79.484 E12.59782
G1 X103.29 Y79.653 E12.6614
G1 X104.586 Y79.906 E12.72491
G1 X105.864 Y80.241 E12.78845
G1 X107.118 Y80.657 E12.852
G1 X108.343 Y81.153 E12.91556
G1 X109.533 Y81.726 E12.97908
G1 X110.685 Y82.375 E13.04267
G1 X111.792 Y83.095 E13.10618
G1 X112.851 Y83.886 E13.16975
G1 X113.857 Y84.742 E13.23328
G1 X114.806 Y85.661 E13.29682
G1 X115.694 Y86.639 E13.36036
G1 X116.453 Y87.591 E13.41892
G1 X117.273 Y88.755 E13.4874
G1 X117.959 Y89.886 E13.55102
G1 X118.57 Y91.057 E13.61455
G1 X119.105 Y92.265 E13.67809
G1 X119.561 Y93.505 E13.74163
G1 X119.937 Y94.772 E13.8052
G1 X120.231 Y96.06 E13.86874
G1 X120.442 Y97.364 E13.93227
G1 X120.569 Y98.679 E13.99581
G1 X120.611 Y100 E14.05938
G1 X120.569 Y101.321 E14.12295
G1 X120.442 Y102.636 E14.18649
G1 X120.231 Y103.94 E14.25002
G1 X119.937 Y105.228 E14.31356
G1 X119.561 Y106.495 E14.37713
G1 X119.105 Y107.735 E14.44067
G1 X118.57 Y108.943 E14.50421
G1 X117.977 Y110.078 E14.5658
G1 X117.619 Y109.931 F7800
;TYPE:External perimeter
G1 F1800
G1 X116.95 Y111.033 E14.6278
G1 X116.209 Y112.097 E14.69016
G1 X115.4 Y113.11 E14.75251
G1 X114.529 Y114.07 E14.81485
G1 X113.597 Y114.972 E14.87723
G1 X112.61 Y115.813 E14.9396
G1 X111.571 Y116.588 E15.00194
G1 X110.485 Y117.295 E15.06427
G1 X109.355 Y117.932 E15.12666
G1 X108.187 Y118.494 E15.189
G1 X106.985 Y118.981 E15.25138
G1 X105.755 Y119.389 E15.31371
G1 X104.501 Y119.718 E15.37606
G1 X103.228 Y119.966 E15.43844
G1 X101.942 Y120.132 E15.50081
G1 X100.648 Y120.215 E15.56317
G1 X99.352 Y120.215 E15.6255
G1 X98.058 Y120.132 E15.68786
G1 X96.772 Y119.966 E15.75023
G1 X95.499 Y119.718 E15.81261
G1 X94.245 Y119.389 E15.87496
G1 X93.015 Y118.981 E15.93729
G1 X91.813 Y118.494 E15.99967
G1 X90.645 Y117.932 E16.06201
G1 X89.515 Y117.295 E16.1244
G1 X88.429 Y116.588 E16.18673
G1 X87.39 Y115.813 E16.24907
G1 X86.403 Y114.972 E16.31144
G1 X85.471 Y114.07 E16.37382
G1 X84.669 Y113.187 E16.43119
G1 X83.792 Y112.097 E16.49848
G1 X83.05 Y111.034 E16.56083
G1 X82.377 Y109.925 E16.62322
G1 X81.778 Y108.775 E16.68558
G1 X81.253 Y107.59 E16.74792
G1 X80.805 Y106.373 E16.81029
G1 X80.436 Y105.13 E16.87265
G1 X80.148 Y103.866 E16.935
G1 X79.941 Y102.586 E16.99736
G1 X79.816 Y101.296 E17.0597
G1 X79.778 Y100.103 E17.11711
G1 X79.816 Y98.705 E17.18437
G1 X79.941 Y97.414 E17.24675
G1 X80.148 Y96.134 E17.30911
G1 X80.436 Y94.87 E17.37146
G1 X80.776 Y93.726 E17.42886
G1 X81.253 Y92.411 E17.49614
G1 X81.778 Y91.225 E17.55852
G1 X82.377 Y90.075 E17.62088
G1 X83.05 Y88.967 E17.68323
G1 X83.791 Y87.903 E17.74559
G1 X84.535 Y86.97 E17.80298
G1 X85.471 Y85.93 E17.87028
G1 X86.403 Y85.028 E17.93266
G1 X87.39 Y84.187 E17.99503
G1 X88.429 Y83.412 E18.05737
G1 X89.515 Y82.705 E18.1197
G1 X90.555 Y82.119 E18.17711
G1 X91.813 Y81.506 E18.24442
G1 X93.015 Y81.019 E18.3068
G1 X94.245 Y80.611 E18.36913
G1 X95.499 Y80.282 E18.43148
G1 X96.772 Y80.034 E18.49386
G1 X98.058 Y79.868 E18.55623
G1 X99.352 Y79.785 E18.61859
G1 X100.648 Y79.785 E18.68092
G1 X101.942 Y79.868 E18.74328
G1 X103.228 Y80.034 E18.80565
G1 X104.501 Y80.282 E18.86803
G1 X105.755 Y80.611 E18.93038
G1 X106.985 Y81.019 E18.99271
G1 X108.187 Y81.506 E19.05509
G1 X109.355 Y82.068 E19.11743
G1 X110.485 Y82.705 E19.17982
G1 X111.571 Y83.412 E19.24215
G1 X112.61 Y84.187 E19.30449
G1 X113.597 Y85.028 E19.36686
G1 X114.529 Y85.93 E19.42924
G1 X115.4 Y86.889 E19.49155
G1 X116.144 Y87.823 E19.54898
G1 X116.95 Y88.966 E19.61625
G1 X117.623 Y90.075 E19.67864
G1 X118.222 Y91.225 E19.741
G1 X118.747 Y92.41 E19.80334
G1 X119.195 Y93.627 E19.86571
G1 X119.564 Y94.87 E19.92807
G1 X119.852 Y96.134 E19.99042
G1 X120.059 Y97.414 E20.05278
G1 X120.184 Y98.704 E20.11512
G1 X120.225 Y100 E20.17748
G1 X120.184 Y101.296 E20.23984
G1 X120.059 Y102.586 E20.30218
G1 X119.852 Y103.866 E20.36454
G1 X119.564 Y105.13 E20.42689
G1 X119.195 Y106.373 E20.48925
G1 X118.747 Y107.59 E20.55162
G1 X118.222 Y108.775 E20.61396
G1 X117.647 Y109.878 E20.67379
G1 X117.442 Y110.222 F7800
G1 E18.67379 F2400
G92 E0
G1 X124.004 Y124.004 F7800
G1 E2 F2400
;TYPE:Perimeter
G1 F3600
G1 X75.996 Y124.004 E4.30902
G1 X75.996 Y75.996 E6.61804
G1 X124.004 Y75.996 E8.92706
G1 X124.004 Y123.944 E11.23319
G1 X124.389 Y124.389 F7800
G1 F3600
G1 X75.611 Y124.389 E13.57924
G1 X75.611 Y75.611 E15.92529
G1 X124.389 Y75.611 E18.27134
G1 X124.389 Y124.329 E20.61451
G1 X124.775 Y124.775 F7800
;TYPE:External perimeter
G1 F1800
G1 X75.225 Y124.775 E22.99769
G1 X75.225 Y75.225 E25.38087
G1 X124.775 Y75.225 E27.76405
G1 X124.775 Y124.715 E30.14435
G1 X124.379 Y124.774 F7800
G1 E28.14435 F2400
G92 E0
G1 X76.317 Y123.61 F7800
G1 E2 F2400
;TYPE:Solid infill
;WIDTH:0.543559
G1 F1200
G1 X76.274 Y123.652 E2.00359
G1 X76.29 Y123.71 E2.00719
G1 X76.348 Y123.726 E2.01079
G1 X76.39 Y123.683 E2.01438
G1 X76.375 Y123.625 E2.01796
;WIDTH:0.45
G1 X76.285 Y123.009 E2.0479
G1 X76.991 Y123.715 E2.09592
G1 X77.536 Y123.715 E2.12213
G1 X76.285 Y122.464 E2.20722
G1 X76.285 Y121.919 E2.23343
G1 X78.081 Y123.715 E2.35559
G1 X78.627 Y123.715 E2.38185
G1 X76.285 Y121.373 E2.54115
G1 X76.285 Y120.828 E2.56736
G1 X79.172 Y123.715 E2.76373
G1 X79.717 Y123.715 E2.78994
G1 X76.285 Y120.283 E3.02338
G1 X76.285 Y119.737 E3.04964
G1 X80.263 Y123.715 E3.32022
G1 X80.808 Y123.715 E3.34643
G1 X76.285 Y119.192 E3.65408
G1 X76.285 Y118.647 E3.68029
G1 X81.353 Y123.715 E4.02501
G1 X81.899 Y123.715 E4.05127
G1 X76.285 Y118.101 E4.43313
G1 X76.285 Y117.556 E4.45934
G1 X82.444 Y123.715 E4.87827
G1 X82.989 Y123.715 E4.90448
G1 X76.285 Y117.011 E5.36048
G1 X76.285 Y116.465 E5.38674
G1 X83.535 Y123.715 E5.87988
G1 X84.08 Y123.715 E5.90609
G1 X76.285 Y115.92 E6.4363
G1 X76.285 Y115.375 E6.46251
G1 X84.625 Y123.715 E7.02979
G1 X85.171 Y123.715 E7.05605
G1 X76.285 Y114.829 E7.66046
G1 X76.285 Y114.284 E7.68667
G1 X85.716 Y123.715 E8.32815
G1 X86.261 Y123.715 E8.35436
G1 X76.285 Y113.739 E9.03292
G1 X76.285 Y113.193 E9.05918
G1 X86.807 Y123.715 E9.77487
G1 X87.352 Y123.715 E9.80108
G1 X76.285 Y112.648 E10.55384
G1 X76.285 Y112.103 E10.58005
G1 X87.897 Y123.715 E11.36988
G1 X88.443 Y123.715 E11.39614
G1 X76.285 Y111.557 E12.22311
G1 X76.285 Y111.012 E12.24932
G1 X88.988 Y123.715 E13.11336
G1 X89.534 Y123.715 E13.13962
G1 X76.285 Y110.466 E14.0408
G1 X76.285 Y109.921 E14.06701
G1 X90.079 Y123.715 E15.00526
G1 X90.624 Y123.715 E15.03147
G1 X76.285 Y109.376 E16.00679
G1 X76.285 Y108.83 E16.03305
G1 X91.17 Y123.715 E17.04551
G1 X91.715 Y123.715 E17.07172
G1 X76.285 Y108.285 E18.12125
G1 X76.285 Y107.74 E18.14746
G1 X92.26 Y123.715 E19.23406
G1 X92.806 Y123.715 E19.26032
G1 X76.285 Y107.194 E20.38406
G1 X76.285 Y106.649 E20.41027
G1 X93.351 Y123.715 E21.57108
G1 X93.613 Y123.786 E21.58414
;WIDTH:0.404381
G1 X93.594 Y123.858 E21.5873
G1 X93.665 Y123.839 E21.59042
G1 X93.654 Y123.797 E21.59226
G1 E19.59226 F2400
G92 E0
G1 X86.832 Y116.687 F7800
G1 E2 F2400
G1 F1200
G1 X85.722 Y115.666 E2.06396
G1 X84.807 Y114.765 E2.11842
G1 X83.939 Y113.856 E2.17172
;WIDTH:0.410469
G1 X83.317 Y113.163 E2.21192
;WIDTH:0.45
G1 X83.072 Y112.89 E2.22956
G1 X76.285 Y106.104 E2.69117
G1 X76.285 Y105.558 E2.71743
G1 X81.889 Y111.162 E3.09861
G1 X82.092 Y111.393 E3.1134
;WIDTH:0.404381
G1 X82.073 Y111.464 E3.11652
G1 X82.144 Y111.445 E3.11964
G1 X82.133 Y111.404 E3.12144
G1 X81.4 Y110.14 F7800
G1 F1200
G1 X81.411 Y110.181 E3.12324
G1 X81.34 Y110.2 E3.12636
G1 X81.359 Y110.129 E3.12948
;WIDTH:0.45
G1 X81.17 Y109.897 E3.14387
G1 X76.285 Y105.013 E3.47611
G1 X76.285 Y104.468 E3.50232
G1 X80.638 Y108.82 E3.79837
G1 X80.82 Y109.049 E3.81244
;WIDTH:0.404381
G1 X80.801 Y109.121 E3.8156
G1 X80.872 Y109.102 E3.81872
G1 X80.861 Y109.06 E3.82056
G1 X80.438 Y108.103 F7800
G1 F1200
G1 X80.449 Y108.144 E3.82236
G1 X80.378 Y108.163 E3.82548
G1 X80.397 Y108.092 E3.8286
;WIDTH:0.45
G1 X80.226 Y107.862 E3.84238
G1 X76.285 Y103.922 E4.11041
G1 X76.285 Y103.377 E4.13662
G1 X79.905 Y106.997 E4.38285
G1 X80.07 Y107.226 E4.39643
;WIDTH:0.404381
G1 X80.051 Y107.297 E4.39955
G1 X80.122 Y107.278 E4.40267
G1 X80.111 Y107.237 E4.40447
G1 X79.844 Y106.434 F7800
G1 F1200
G1 X79.855 Y106.476 E4.40631
G1 X79.784 Y106.495 E4.40943
G1 X79.803 Y106.423 E4.41259
;WIDTH:0.45
G1 X79.649 Y106.195 E4.42582
G1 X76.285 Y102.832 E4.6546
G1 X76.285 Y102.286 E4.68086
G1 X79.418 Y105.419 E4.89396
G1 X79.582 Y105.689 E4.90915
;WIDTH:0.404381
G1 X79.604 Y105.544 E4.91537
G1 X79.253 Y104.709 F7800
;WIDTH:0.45
G1 F1200
G1 X76.285 Y101.741 E5.11725
G1 X76.285 Y101.196 E5.14346
G1 X79.096 Y104.007 E5.33466
G1 X78.991 Y103.356 E5.36638
G1 X76.285 Y100.65 E5.55044
G1 X76.285 Y93.561 E5.8914
G1 X78.99 Y96.265 E6.07536
G1 X79.053 Y96.265 E6.07839
G1 X78.884 Y97.321 E6.12983
G1 X78.761 Y98.606 E6.19192
G1 X78.719 Y100.146 E6.26602
G1 X78.761 Y101.401 E6.32641
G1 X78.89 Y102.709 E6.38963
G1 X76.462 Y100.281 E6.55478
G1 X76.671 Y99.969 E6.57284
G1 X76.671 Y94.492 E6.83626
G1 X78.632 Y96.453 E6.96964
G1 X78.501 Y97.284 E7.0101
G1 X78.376 Y98.595 E7.07344
G1 X78.333 Y100.159 E7.14869
G1 X78.384 Y101.658 E7.22083
G1 X76.81 Y100.102 E7.32728
G1 X77.057 Y99.785 E7.34661
G1 X77.057 Y95.423 E7.55641
G1 X78.221 Y96.586 E7.63555
G1 X78.117 Y97.247 E7.66773
G1 X77.99 Y98.585 E7.73237
G1 X77.948 Y100.172 E7.80873
G1 X77.966 Y100.694 E7.83385
G1 X77.193 Y99.922 E7.88639
G1 X77.509 Y99.598 E7.90816
;WIDTH:0.612283
G1 X77.523 Y98.572 E7.97828
;WIDTH:0.628295
G1 X77.531 Y98.371 E7.99243
G1 X77.557 Y98.312 E7.99696
;WIDTH:0.588146
G1 X77.583 Y98.253 E8.00117
;WIDTH:0.547997
G1 X77.609 Y98.194 E8.00506
;WIDTH:0.507848
G1 X77.64 Y98.125 E8.00924
;WIDTH:0.46042
G1 X77.67 Y98.055 E8.013
;WIDTH:0.412992
G1 X77.701 Y97.985 E8.01633
;WIDTH:0.402863
G1 X77.756 Y97.212 E8.04905
;WIDTH:0.434338
G1 X77.817 Y96.717 E8.07206
G1 X77.434 Y96.335 E8.09702
G1 X77.422 Y97.103 E8.13246
;WIDTH:0.408822
G1 X77.4 Y97.971 E8.16976
;WIDTH:0.409352
G1 X77.422 Y98.038 E8.17279
;WIDTH:0.453141
G1 X77.444 Y98.104 E8.17616
;WIDTH:0.496929
G1 X77.466 Y98.171 E8.17996
;WIDTH:0.540718
G1 X77.488 Y98.237 E8.18409
;WIDTH:0.584506
G1 X77.51 Y98.304 E8.18866
;WIDTH:0.628295
G1 X77.531 Y98.371 E8.1936
G1 E6.1936 F2400
G92 E0
G1 X79.126 Y95.856 F7800
G1 E2 F2400
;WIDTH:0.45
G1 F1200
G1 X76.285 Y93.015 E2.19324
G1 X76.285 Y92.47 E2.21945
G1 X79.227 Y95.412 E2.41956
G1 X79.329 Y94.968 E2.44147
G1 X76.285 Y91.925 E2.64849
G1 X76.285 Y91.379 E2.67475
G1 X79.432 Y94.526 E2.88881
G1 X79.558 Y94.106 E2.9099
G1 X76.285 Y90.834 E3.13249
G1 X76.285 Y90.289 E3.1587
G1 X79.683 Y93.686 E3.38979
G1 X79.813 Y93.271 E3.41071
G1 X76.285 Y89.743 E3.65068
G1 X76.285 Y89.198 E3.67689
G1 X79.958 Y92.87 E3.92669
G1 X80.103 Y92.47 E3.94715
G1 X76.285 Y88.653 E4.20681
G1 X76.285 Y88.107 E4.23307
G1 X80.248 Y92.07 E4.50263
G1 X80.415 Y91.691 E4.52255
G1 X76.285 Y87.562 E4.80343
G1 X76.285 Y87.017 E4.82964
G1 X80.582 Y91.313 E5.12188
G1 X80.749 Y90.935 E5.14176
G1 X76.285 Y86.471 E5.4454
G1 X76.285 Y85.926 E5.47161
G1 X80.925 Y90.566 E5.78722
G1 X81.112 Y90.207 E5.80669
G1 X76.285 Y85.38 E6.13502
G1 X76.285 Y84.835 E6.16123
G1 X81.299 Y89.849 E6.50228
G1 X81.491 Y89.496 E6.52161
G1 X76.285 Y84.29 E6.87572
G1 X76.285 Y83.744 E6.90198
G1 X81.697 Y89.156 E7.2701
G1 X81.902 Y88.816 E7.2892
G1 X76.285 Y83.199 E7.67126
G1 X76.285 Y82.654 E7.69747
G1 X82.107 Y88.476 E8.09348
G1 X82.328 Y88.151 E8.11238
G1 X76.285 Y82.108 E8.52342
G1 X76.285 Y81.563 E8.54963
G1 X82.552 Y87.83 E8.9759
G1 X82.776 Y87.509 E8.99473
G1 X76.285 Y81.018 E9.43624
G1 X76.285 Y80.472 E9.4625
G1 X83.003 Y87.19 E9.91945
G1 X83.246 Y86.887 E9.93813
G1 X76.285 Y79.927 E10.41157
G1 X76.285 Y79.382 E10.43778
G1 X83.488 Y86.584 E10.92769
G1 X83.731 Y86.282 E10.94633
G1 X76.285 Y78.836 E11.4528
G1 X76.285 Y78.291 E11.47901
G1 X83.988 Y85.993 E12.00292
G1 X84.246 Y85.706 E12.02148
G1 X76.285 Y77.746 E12.56294
G1 X76.285 Y77.2 E12.5892
G1 X84.504 Y85.419 E13.14825
G1 X84.768 Y85.138 E13.16679
G1 X76.285 Y76.655 E13.74379
G1 X76.182 Y76.152 E13.76848
;WIDTH:0.404381
G1 X76.163 Y76.223 E13.7716
G1 X76.234 Y76.204 E13.77472
G1 X76.223 Y76.163 E13.77652
;WIDTH:0.45
G1 X76.461 Y76.285 E13.78938
G1 X85.045 Y84.87 E14.37329
G1 X85.322 Y84.601 E14.39186
G1 X77.007 Y76.285 E14.95747
G1 X77.552 Y76.285 E14.98368
G1 X85.599 Y84.333 E15.53106
G1 X85.886 Y84.075 E15.54962
G1 X78.097 Y76.285 E16.07945
G1 X78.643 Y76.285 E16.10571
G1 X86.181 Y83.824 E16.61847
G1 X86.476 Y83.573 E16.6371
G1 X79.188 Y76.285 E17.13282
G1 X79.733 Y76.285 E17.15903
G1 X86.774 Y83.326 E17.63795
G1 X87.086 Y83.093 E17.65668
G1 X80.279 Y76.285 E18.11972
G1 X80.824 Y76.285 E18.14593
G1 X87.398 Y82.859 E18.59309
G1 X87.71 Y82.626 E18.61182
G1 X81.369 Y76.285 E19.04313
G1 X81.915 Y76.285 E19.06939
G1 X88.035 Y82.406 E19.4857
G1 X88.365 Y82.191 E19.50464
G1 X82.46 Y76.285 E19.90632
G1 X83.006 Y76.285 E19.93258
G1 X88.696 Y81.976 E20.31964
G1 X89.028 Y81.762 E20.33864
G1 X83.551 Y76.285 E20.71118
G1 X84.096 Y76.285 E20.73739
G1 X89.377 Y81.566 E21.0966
G1 X89.726 Y81.37 E21.11585
G1 X84.642 Y76.285 E21.46169
G1 X85.187 Y76.285 E21.4879
G1 X90.076 Y81.174 E21.82044
G1 X90.442 Y80.995 E21.84004
G1 X85.732 Y76.285 E22.16041
G1 X86.278 Y76.285 E22.18667
G1 X90.809 Y80.817 E22.4949
G1 X91.176 Y80.639 E22.51452
G1 X86.823 Y76.285 E22.81064
G1 X87.368 Y76.285 E22.83685
G1 X91.551 Y80.468 E23.12137
G1 X91.939 Y80.311 E23.1415
G1 X87.914 Y76.285 E23.41531
G1 X88.459 Y76.285 E23.44152
G1 X92.327 Y80.154 E23.70465
G1 X92.721 Y80.002 E23.72496
G1 X89.004 Y76.285 E23.97779
G1 X89.55 Y76.285 E24.00405
G1 X93.13 Y79.865 E24.24756
G1 X93.538 Y79.729 E24.26824
G1 X90.095 Y76.285 E24.50246
G1 X90.64 Y76.285 E24.52867
G1 X93.949 Y79.595 E24.75378
G1 X94.382 Y79.481 E24.77532
G1 X91.186 Y76.285 E24.99271
G1 X91.731 Y76.285 E25.01892
G1 X94.814 Y79.368 E25.22862
G1 X95.246 Y79.255 E25.2501
G1 X92.276 Y76.285 E25.45212
G1 X92.822 Y76.285 E25.47838
G1 X95.699 Y79.163 E25.6741
G1 X96.156 Y79.074 E25.69649
G1 X93.367 Y76.285 E25.88619
G1 X93.753 Y76.08 E25.90721
;WIDTH:0.404381
G1 X93.734 Y76.151 E25.91033
G1 X93.805 Y76.132 E25.91345
G1 X93.794 Y76.091 E25.91525
;WIDTH:0.45
G1 X93.912 Y76.285 E25.92617
G1 X96.614 Y78.987 E26.10996
G1 E24.10996 F2400
G92 E0
G1 X94.594 Y76.422 F7800
G1 E2 F2400
G1 F1200
G1 X97.023 Y78.85 E2.16518
G1 X97.023 Y78.933 E2.16917
G1 X97.913 Y78.818 E2.21233
G1 X99.355 Y78.725 E2.28183
G1 X100.719 Y78.727 E2.34743
G1 X102.007 Y78.81 E2.40951
G1 X103.427 Y78.993 E2.47837
G1 X103.77 Y79.054 E2.49513
G1 X101.138 Y76.422 E2.67416
G1 X101.138 Y76.285 E2.68075
G1 X94.458 Y76.285 E3.00203
G1 X95.389 Y76.671 F7800
G1 F1200
G1 X100.842 Y76.671 E3.2643
G1 X102.679 Y78.508 E3.38925
G1 X102.025 Y78.425 E3.42096
G1 X100.732 Y78.342 E3.48328
G1 X99.343 Y78.339 E3.55009
G1 X97.863 Y78.435 E3.62142
G1 X97.235 Y78.517 E3.65188
G1 X95.525 Y76.807 E3.76819
G1 X96.32 Y77.057 F7800
G1 F1200
G1 X100.683 Y77.057 E3.97804
G1 X101.639 Y78.013 E4.04307
G1 X100.496 Y77.956 E4.09811
G1 X99.331 Y77.954 E4.15414
G1 X97.876 Y78.047 E4.22426
G1 X97.373 Y78.11 E4.24864
G1 X96.456 Y77.193 E4.31101
G1 X97.171 Y77.409 E4.34693
;WIDTH:0.384206
G1 X97.998 Y77.398 E4.37992
;WIDTH:0.407667
G1 X98.064 Y77.421 E4.38291
;WIDTH:0.453045
G1 X98.131 Y77.444 E4.38634
;WIDTH:0.498424
G1 X98.197 Y77.467 E4.39012
;WIDTH:0.543802
G1 X98.264 Y77.489 E4.39434
;WIDTH:0.58918
G1 X98.331 Y77.512 E4.39898
;WIDTH:0.634558
G1 X98.397 Y77.535 E4.40395
G1 X98.332 Y77.562 E4.40896
;WIDTH:0.58918
G1 X98.267 Y77.588 E4.41354
;WIDTH:0.543802
G1 X98.202 Y77.615 E4.41775
;WIDTH:0.498424
G1 X98.137 Y77.642 E4.42156
;WIDTH:0.453045
G1 X98.072 Y77.669 E4.42497
;WIDTH:0.407667
G1 X98.007 Y77.696 E4.42798
;WIDTH:0.384206
G1 X97.5 Y77.738 E4.44827
G1 X97.308 Y77.546 E4.4591
G1 X98.397 Y77.535 F7800
;WIDTH:0.634558
G1 F1200
G1 X98.857 Y77.52 E4.49183
;WIDTH:0.605111
G1 X99.317 Y77.505 E4.52287
;WIDTH:0.577643
G1 X100.496 Y77.506 E4.59835
G1 X101.547 Y76.285 F7800
;WIDTH:0.45
G1 F1200
G1 X104.457 Y79.195 E4.79628
G1 X105.323 Y79.513 F7800
;WIDTH:0.404381
G1 F1200
G1 X105.334 Y79.554 E4.79808
G1 X105.263 Y79.573 E4.8012
G1 X105.282 Y79.502 E4.80432
;WIDTH:0.45
G1 X105.168 Y79.361 E4.81304
G1 X102.093 Y76.285 E5.02223
G1 X102.638 Y76.285 E5.04844
G1 X105.907 Y79.555 E5.27083
G1 X106.21 Y79.685 E5.28669
;WIDTH:0.404381
G1 X106.221 Y79.726 E5.28849
G1 X106.15 Y79.745 E5.29161
G1 X106.169 Y79.674 E5.29473
G1 X106.973 Y79.938 F7800
G1 F1200
G1 X106.954 Y80.009 E5.29785
G1 X107.025 Y79.99 E5.30097
G1 X107.014 Y79.949 E5.30277
;WIDTH:0.45
G1 X106.712 Y79.814 E5.31868
G1 X103.183 Y76.285 E5.55872
G1 X103.729 Y76.285 E5.58498
G1 X107.545 Y80.102 E5.84457
G1 X107.848 Y80.25 E5.86079
;WIDTH:0.404381
G1 X107.859 Y80.291 E5.86259
G1 X107.788 Y80.31 E5.86571
G1 X107.807 Y80.239 E5.86883
G1 X108.764 Y80.629 F7800
G1 F1200
G1 X108.775 Y80.67 E5.87063
G1 X108.704 Y80.689 E5.87375
G1 X108.723 Y80.618 E5.87687
;WIDTH:0.45
G1 X108.462 Y80.473 E5.89123
G1 X104.274 Y76.285 E6.17609
G1 X104.819 Y76.285 E6.2023
G1 X109.492 Y80.958 E6.52015
G1 X109.795 Y81.121 E6.5367
;WIDTH:0.404381
G1 X109.806 Y81.162 E6.5385
G1 X109.735 Y81.181 E6.54162
G1 X109.754 Y81.11 E6.54474
G1 X110.982 Y81.777 F7800
G1 F1200
G1 X110.993 Y81.818 E6.54654
G1 X110.922 Y81.837 E6.54966
G1 X110.941 Y81.766 E6.55278
;WIDTH:0.45
G1 X110.679 Y81.6 E6.5677
G1 X105.365 Y76.285 E6.92919
G1 X105.91 Y76.285 E6.9554
G1 X112.152 Y82.528 E7.38001
G1 X112.425 Y82.761 E7.39727
;WIDTH:0.404381
G1 X113.237 Y83.465 E7.44284
G1 E5.44284 F2400
G92 E0
G1 X87.105 Y116.923 F7800
G1 E2 F2400
;WIDTH:0.45
G1 F1200
G1 X93.896 Y123.715 E2.46195
G1 X94.442 Y123.715 E2.48821
G1 X88.62 Y117.884 E2.88452
;WIDTH:0.404381
G1 X88.631 Y117.925 E2.88632
G1 X88.56 Y117.944 E2.88944
G1 X88.579 Y117.873 E2.89256
G1 X89.842 Y118.606 F7800
G1 F1200
G1 X89.823 Y118.677 E2.89568
G1 X89.894 Y118.658 E2.8988
G1 X89.883 Y118.617 E2.9006
;WIDTH:0.45
G1 X94.987 Y123.715 E3.24756
G1 X95.532 Y123.715 E3.27377
G1 X91.184 Y119.366 E3.56955
G1 X90.941 Y119.145 E3.58535
;WIDTH:0.404381
G1 X90.952 Y119.186 E3.58715
G1 X90.881 Y119.205 E3.59027
G1 X90.9 Y119.134 E3.59339
G1 X91.846 Y119.546 F7800
G1 F1200
G1 X91.827 Y119.617 E3.59651
G1 X91.898 Y119.598 E3.59963
G1 X91.887 Y119.557 E3.60143
;WIDTH:0.45
G1 X92.129 Y119.766 E3.61681
G1 X96.078 Y123.715 E3.88542
G1 X96.623 Y123.715 E3.91163
G1 X92.999 Y120.09 E4.15816
G1 X92.756 Y119.89 E4.1733
;WIDTH:0.404381
G1 X92.767 Y119.932 E4.17514
G1 X92.696 Y119.951 E4.17826
G1 X92.715 Y119.879 E4.18142
G1 X93.531 Y120.155 F7800
G1 F1200
G1 X93.512 Y120.226 E4.18454
G1 X93.583 Y120.207 E4.18766
G1 X93.572 Y120.166 E4.18946
;WIDTH:0.45
G1 X93.815 Y120.361 E4.20445
G1 X97.168 Y123.715 E4.43255
G1 X97.714 Y123.715 E4.45881
G1 X94.568 Y120.569 E4.6728
G1 X94.329 Y120.38 E4.68746
;WIDTH:0.404381
G1 X94.34 Y120.421 E4.68926
G1 X94.269 Y120.44 E4.69238
G1 X94.288 Y120.369 E4.6955
G1 X95.305 Y120.761 F7800
;WIDTH:0.45
G1 F1200
G1 X98.259 Y123.715 E4.89643
G1 X98.804 Y123.715 E4.92264
G1 X95.982 Y120.892 E5.11462
G1 X96.653 Y121.017 E5.14745
G1 X99.35 Y123.715 E5.33093
G1 E3.33093 F2400
G92 E0
G1 X97.415 Y121.234 F7800
G1 E2 F2400
G1 F1200
G1 X99.759 Y123.578 E2.15944
G1 X99.759 Y123.715 E2.16603
G1 X106.439 Y123.715 E2.48731
G1 X103.73 Y121.005 E2.67161
G1 X103.73 Y120.948 E2.67435
G1 X102.087 Y121.182 E2.75417
G1 X100.645 Y121.275 E2.82367
G1 X99.281 Y121.273 E2.88927
G1 X97.999 Y121.191 E2.95106
G1 X97.279 Y121.098 E2.98598
G1 X98.324 Y121.598 F7800
G1 F1200
G1 X99.286 Y121.658 E3.03234
G1 X100.657 Y121.661 E3.09828
G1 X102.137 Y121.565 E3.16961
G1 X103.555 Y121.375 E3.23842
G1 X105.508 Y123.329 E3.37129
G1 X100.637 Y123.329 E3.60557
G1 X100.031 Y123.306 E3.63474
G1 X98.46 Y121.734 E3.74163
G1 X99.315 Y122.044 F7800
G1 F1200
G1 X100.669 Y122.046 E3.80675
G1 X102.186 Y121.947 E3.87987
G1 X103.421 Y121.787 E3.93977
G1 X104.577 Y122.943 E4.0184
G1 X100.215 Y122.943 E4.2282
G1 X99.452 Y122.18 E4.2801
G1 X100.4 Y122.495 F7800
;WIDTH:0.605319
G1 F1200
G1 X101.002 Y122.48 E4.32073
;WIDTH:0.634558
G1 X101.603 Y122.465 E4.36348
G1 X101.663 Y122.486 E4.368
;WIDTH:0.593126
G1 X101.724 Y122.507 E4.37225
;WIDTH:0.551693
G1 X101.785 Y122.528 E4.37617
;WIDTH:0.51026
G1 X101.858 Y122.552 E4.38044
;WIDTH:0.460937
G1 X101.93 Y122.577 E4.38421
;WIDTH:0.411614
G1 X102.002 Y122.602 E4.38751
;WIDTH:0.398333
G1 X102.611 Y122.584 E4.41289
;WIDTH:0.434376
G1 X103.665 Y122.566 E4.46154
G1 X103.285 Y122.185 E4.48637
G1 X102.758 Y122.238 E4.51081
;WIDTH:0.403088
G1 X102.231 Y122.291 E4.53319
;WIDTH:0.3718
G1 X101.993 Y122.304 E4.54233
;WIDTH:0.407669
G1 X101.928 Y122.331 E4.54534
;WIDTH:0.453047
G1 X101.863 Y122.358 E4.54875
;WIDTH:0.498425
G1 X101.798 Y122.385 E4.55256
;WIDTH:0.543803
G1 X101.733 Y122.412 E4.55677
;WIDTH:0.589181
G1 X101.668 Y122.439 E4.56138
;WIDTH:0.634558
G1 X101.603 Y122.465 E4.56636
G1 E2.56636 F2400
G92 E0
G1 X104.139 Y120.869 F7800
G1 E2 F2400
;WIDTH:0.45
G1 F1200
G1 X106.985 Y123.715 E2.19358
G1 X107.53 Y123.715 E2.21979
G1 X104.595 Y120.78 E2.41943
G1 X105.033 Y120.672 E2.44113
G1 X108.075 Y123.715 E2.64808
G1 X108.621 Y123.715 E2.67434
G1 X105.465 Y120.559 E2.88901
G1 X105.897 Y120.446 E2.91049
G1 X109.166 Y123.715 E3.13284
G1 X109.711 Y123.715 E3.15905
G1 X106.317 Y120.32 E3.38994
G1 X106.726 Y120.184 E3.41067
G1 X110.257 Y123.715 E3.65084
G1 X110.802 Y123.715 E3.67705
G1 X107.136 Y120.048 E3.92644
G1 X107.533 Y119.901 E3.9468
G1 X111.347 Y123.715 E4.20622
G1 X111.893 Y123.715 E4.23248
G1 X107.922 Y119.744 E4.50258
G1 X108.311 Y119.587 E4.52276
G1 X112.438 Y123.715 E4.80351
G1 X112.983 Y123.715 E4.82972
G1 X108.693 Y119.424 E5.12155
G1 X109.062 Y119.247 E5.14123
G1 X113.529 Y123.715 E5.4451
G1 X114.074 Y123.715 E5.47131
G1 X109.43 Y119.07 E5.78722
G1 X109.798 Y118.893 E5.80686
G1 X114.62 Y123.715 E6.13485
G1 X115.165 Y123.715 E6.16106
G1 X110.151 Y118.7 E6.50214
G1 X110.5 Y118.504 E6.52139
G1 X115.71 Y123.715 E6.8758
G1 X116.256 Y123.715 E6.90206
G1 X110.848 Y118.307 E7.26991
G1 X111.187 Y118.101 E7.28899
G1 X116.801 Y123.715 E7.67085
G1 X117.346 Y123.715 E7.69706
G1 X111.518 Y117.886 E8.09351
G1 X111.849 Y117.672 E8.11247
G1 X117.892 Y123.715 E8.52351
G1 X118.437 Y123.715 E8.54972
G1 X112.178 Y117.455 E8.97548
G1 X112.49 Y117.222 E8.99421
G1 X118.982 Y123.715 E9.43582
G1 X119.528 Y123.715 E9.46208
G1 X112.802 Y116.989 E9.91957
G1 X113.115 Y116.756 E9.93834
G1 X120.073 Y123.715 E10.41165
G1 X120.618 Y123.715 E10.43786
G1 X113.42 Y116.516 E10.92749
G1 X113.714 Y116.265 E10.94608
G1 X121.164 Y123.715 E11.45282
G1 X121.709 Y123.715 E11.47903
G1 X114.008 Y116.013 E12.00288
G1 X114.302 Y115.762 E12.02147
G1 X122.254 Y123.715 E12.56239
G1 X122.8 Y123.715 E12.58865
G1 X114.581 Y115.495 E13.14773
G1 X114.857 Y115.227 E13.16623
G1 X123.345 Y123.715 E13.74357
G1 X123.837 Y123.777 E13.76742
;WIDTH:0.404381
G1 X123.848 Y123.818 E13.76922
G1 X123.777 Y123.837 E13.77234
G1 X123.796 Y123.766 E13.77546
;WIDTH:0.45
G1 X123.715 Y123.539 E13.78705
G1 X115.134 Y114.958 E14.37072
G1 X115.404 Y114.683 E14.38926
G1 X123.715 Y122.993 E14.95453
G1 X123.715 Y122.448 E14.98074
G1 X115.663 Y114.397 E15.52839
G1 X115.922 Y114.111 E15.54695
G1 X123.715 Y121.903 E16.07699
G1 X123.715 Y121.357 E16.10325
G1 X116.182 Y113.824 E16.61564
G1 X116.427 Y113.524 E16.63427
G1 X123.715 Y120.812 E17.12999
G1 X123.715 Y120.267 E17.1562
G1 X116.669 Y113.221 E17.63546
G1 X116.911 Y112.917 E17.65415
G1 X123.715 Y119.721 E18.11695
G1 X123.715 Y119.176 E18.14316
G1 X117.144 Y112.605 E18.59011
G1 X117.368 Y112.284 E18.60894
G1 X123.715 Y118.631 E19.04066
G1 X123.715 Y118.085 E19.06692
G1 X117.592 Y111.963 E19.48336
G1 X117.816 Y111.642 E19.50219
G1 X123.715 Y117.54 E19.9034
G1 X123.715 Y116.995 E19.92961
G1 X118.026 Y111.306 E20.31657
G1 X118.231 Y110.966 E20.33567
G1 X123.715 Y116.449 E20.70865
G1 X123.715 Y115.904 E20.73486
G1 X118.437 Y110.627 E21.09383
G1 X118.633 Y110.277 E21.11312
G1 X123.715 Y115.358 E21.45876
G1 X123.715 Y114.813 E21.48497
G1 X118.82 Y109.919 E21.81789
G1 X119.008 Y109.561 E21.83734
G1 X123.715 Y114.268 E22.1575
G1 X123.715 Y113.722 E22.18376
G1 X119.192 Y109.199 E22.49141
G1 X119.359 Y108.821 E22.51129
G1 X123.715 Y113.177 E22.80758
G1 X123.715 Y112.632 E22.83379
G1 X119.526 Y108.443 E23.11872
G1 X119.694 Y108.065 E23.13862
G1 X123.715 Y112.086 E23.41212
G1 X123.715 Y111.541 E23.43833
G1 X119.846 Y107.673 E23.70146
G1 X119.993 Y107.274 E23.72191
G1 X123.715 Y110.996 E23.97508
G1 X123.715 Y110.45 E24.00134
G1 X120.14 Y106.876 E24.24447
G1 X120.272 Y106.463 E24.26532
G1 X123.715 Y109.905 E24.49947
G1 X123.715 Y109.36 E24.52568
G1 X120.398 Y106.043 E24.7513
G1 X120.523 Y105.623 E24.77238
G1 X123.715 Y108.814 E24.98946
G1 X123.715 Y108.269 E25.01567
G1 X120.635 Y105.19 E25.22513
G1 X120.737 Y104.746 E25.24704
G1 X123.715 Y107.724 E25.4496
G1 X123.715 Y107.178 E25.47586
G1 X120.839 Y104.302 E25.67148
G1 X120.929 Y103.848 E25.69374
G1 X123.715 Y106.633 E25.88321
G1 X123.909 Y106.206 E25.90577
;WIDTH:0.404381
G1 X123.92 Y106.247 E25.90757
G1 X123.849 Y106.266 E25.91069
G1 X123.868 Y106.195 E25.91381
;WIDTH:0.45
G1 X123.715 Y106.088 E25.92279
G1 X121.005 Y103.378 E26.10712
G1 X121.235 Y103.063 E26.12588
G1 X123.715 Y105.542 E26.29453
G1 X123.715 Y98.862 E26.61581
G1 X123.578 Y98.862 E26.6224
G1 X120.938 Y96.222 E26.80197
G1 X121.115 Y97.315 E26.85522
G1 X121.243 Y98.667 E26.92054
G1 X121.285 Y99.96 E26.98276
G1 X121.239 Y101.394 E27.05177
G1 X121.071 Y102.969 E27.12795
G1 X121.491 Y102.774 E27.15022
G1 X121.624 Y101.407 E27.21628
G1 X121.671 Y99.955 E27.28615
G1 X121.627 Y98.631 E27.34986
G1 X121.504 Y97.333 E27.41257
G1 X123.329 Y99.134 E27.53589
G1 X123.329 Y104.611 E27.79931
G1 X121.628 Y102.91 E27.91501
G1 X121.893 Y102.63 E27.93355
G1 X122.01 Y101.419 E27.99207
G1 X122.059 Y99.882 E28.06603
G1 X121.989 Y98.363 E28.13917
G1 X122.943 Y99.318 E28.20409
G1 X122.943 Y103.68 E28.41389
G1 X122.029 Y102.766 E28.47606
G1 X122.145 Y102.632 E28.48458
;WIDTH:0.41803
G1 X122.261 Y102.498 E28.4924
;WIDTH:0.38606
G1 X122.299 Y102.009 E28.51208
;WIDTH:0.409444
G1 X122.327 Y101.945 E28.51509
;WIDTH:0.453146
G1 X122.356 Y101.881 E28.5185
;WIDTH:0.496848
G1 X122.384 Y101.816 E28.52232
;WIDTH:0.540549
G1 X122.412 Y101.752 E28.52647
;WIDTH:0.584251
G1 X122.44 Y101.688 E28.531
;WIDTH:0.627953
G1 X122.469 Y101.624 E28.53594
G1 X122.491 Y101.691 E28.5409
;WIDTH:0.584251
G1 X122.512 Y101.757 E28.54539
;WIDTH:0.540549
G1 X122.534 Y101.824 E28.54958
;WIDTH:0.496848
G1 X122.556 Y101.89 E28.55333
;WIDTH:0.453146
G1 X122.578 Y101.957 E28.55675
;WIDTH:0.409444
G1 X122.6 Y102.024 E28.55979
;WIDTH:0.38606
G1 X122.59 Y102.826 E28.59197
G1 X122.398 Y102.634 E28.60286
G1 X122.469 Y101.624 F7800
;WIDTH:0.627953
G1 F1200
G1 X122.476 Y101.434 E28.61622
;WIDTH:0.612457
G1 X122.499 Y100.008 E28.71371
;WIDTH:0.579994
G1 X122.493 Y99.504 E28.74612
G1 X123.715 Y98.453 F7800
;WIDTH:0.45
G1 F1200
G1 X120.804 Y95.542 E28.94412
G1 X120.648 Y95.362 E28.95558
;WIDTH:0.404381
G1 X120.659 Y95.403 E28.95738
G1 X120.588 Y95.422 E28.9605
G1 X120.607 Y95.351 E28.96362
G1 X120.478 Y94.523 F7800
G1 F1200
G1 X120.458 Y94.594 E28.96675
G1 X120.53 Y94.575 E28.96991
G1 X120.519 Y94.534 E28.97171
;WIDTH:0.45
G1 X120.641 Y94.834 E28.98729
G1 X123.715 Y97.907 E29.19635
G1 X123.715 Y97.362 E29.22256
G1 X120.437 Y94.084 E29.44553
G1 X120.204 Y93.306 F7800
G1 F1200
G1 X123.715 Y96.817 E29.68434
G1 X123.715 Y96.271 E29.7106
G1 X119.887 Y92.443 E29.97098
G1 X119.738 Y92.143 E29.98709
;WIDTH:0.404381
G1 X119.749 Y92.184 E29.98889
G1 X119.678 Y92.203 E29.99201
G1 X119.697 Y92.132 E29.99513
G1 X119.315 Y91.214 F7800
G1 F1200
G1 X119.296 Y91.285 E29.99825
G1 X119.367 Y91.266 E30.00137
G1 X119.356 Y91.225 E30.00317
;WIDTH:0.45
G1 X119.514 Y91.526 E30.01952
G1 X123.715 Y95.726 E30.30523
G1 X123.715 Y95.181 E30.33144
G1 X119.047 Y90.513 E30.64895
G1 E28.64895 F2400
G92 E0
G1 X117.651 Y88.371 F7800
G1 E2 F2400
;WIDTH:0.404381
G1 F1200
G1 X118.194 Y89.056 E2.03707
;WIDTH:0.45
G1 X118.408 Y89.329 E2.05375
G1 X123.715 Y94.635 E2.41469
G1 X123.925 Y94.192 E2.43827
;WIDTH:0.579994
G1 X123.941 Y94.255 E2.44245
G1 X123.896 Y94.3 E2.44654
G1 X123.834 Y94.284 E2.45066
G1 X123.817 Y94.221 E2.45486
G1 X123.862 Y94.176 E2.45895
G1 X123.813 Y94.147 E2.46261
;WIDTH:0.536663
G1 X123.764 Y94.118 E2.46596
;WIDTH:0.493331
G1 X123.715 Y94.09 E2.46898
;WIDTH:0.45
G1 X117.423 Y87.798 E2.89695
G1 X117.194 Y87.526 E2.91405
;WIDTH:0.404381
G1 X116.129 Y86.316 E2.98241
G1 E.98241 F2400
G92 E0
G1 X123.858 Y93.787 F7800
G1 E2 F2400
G1 F1200
G1 X123.869 Y93.828 E2.0018
G1 X123.797 Y93.847 E2.00496
G1 X123.817 Y93.776 E2.00809
;WIDTH:0.45
G1 X123.715 Y93.545 E2.02024
G1 X106.455 Y76.285 E3.19424
G1 X107.001 Y76.285 E3.2205
G1 X123.715 Y92.999 E4.35737
G1 X123.715 Y92.454 E4.38358
G1 X107.546 Y76.285 E5.48338
G1 X108.091 Y76.285 E5.50959
G1 X123.715 Y91.909 E6.57232
G1 X123.715 Y91.363 E6.59858
G1 X108.637 Y76.285 E7.62417
G1 X109.182 Y76.285 E7.65038
G1 X123.715 Y90.818 E8.6389
G1 X123.715 Y90.272 E8.66516
G1 X109.728 Y76.285 E9.61654
G1 X110.273 Y76.285 E9.64275
G1 X123.715 Y89.727 E10.55706
G1 X123.715 Y89.182 E10.58327
G1 X110.818 Y76.285 E11.46051
G1 X111.364 Y76.285 E11.48677
G1 X123.715 Y88.636 E12.32687
G1 X123.715 Y88.091 E12.35308
G1 X111.909 Y76.285 E13.15611
G1 X112.454 Y76.285 E13.18232
G1 X123.715 Y87.546 E13.94828
G1 X123.715 Y87 E13.97454
G1 X113 Y76.285 E14.70336
G1 X113.545 Y76.285 E14.72957
G1 X123.715 Y86.455 E15.42132
G1 X123.715 Y85.91 E15.44753
G1 X114.09 Y76.285 E16.10221
G1 X114.636 Y76.285 E16.12847
G1 X123.715 Y85.364 E16.74601
G1 X123.715 Y84.819 E16.77222
G1 X115.181 Y76.285 E17.35269
G1 X115.726 Y76.285 E17.3789
G1 X123.715 Y84.274 E17.9223
G1 X123.715 Y83.728 E17.94856
G1 X116.272 Y76.285 E18.45482
G1 X116.817 Y76.285 E18.48103
G1 X123.715 Y83.183 E18.95022
G1 X123.715 Y82.638 E18.97643
G1 X117.362 Y76.285 E19.40855
G1 X117.908 Y76.285 E19.43481
G1 X123.715 Y82.092 E19.82979
G1 X123.715 Y81.547 E19.856
G1 X118.453 Y76.285 E20.21391
G1 X118.998 Y76.285 E20.24012
G1 X123.715 Y81.002 E20.56096
G1 X123.715 Y80.456 E20.58722
G1 X119.544 Y76.285 E20.87093
G1 X120.089 Y76.285 E20.89714
G1 X123.715 Y79.911 E21.14378
G1 X123.715 Y79.366 E21.16999
G1 X120.634 Y76.285 E21.37956
G1 X121.18 Y76.285 E21.40582
G1 X123.715 Y78.82 E21.57825
G1 X123.909 Y78.393 E21.60081
;WIDTH:0.404381
G1 X123.92 Y78.434 E21.60261
G1 X123.849 Y78.453 E21.60573
G1 X123.868 Y78.382 E21.60885
;WIDTH:0.45
G1 X123.715 Y78.275 E21.61783
G1 X121.725 Y76.285 E21.75319
G1 X123.715 Y76.285 E21.8489
G1 X123.715 Y77.729 E21.91835
G1 X122.407 Y76.422 E22.00728
G1 X123.277 Y76.653 F7800
;WIDTH:0.524639
G1 F1200
G1 X123.236 Y76.694 E22.01061
G1 X123.251 Y76.749 E22.01388
G1 X123.307 Y76.764 E22.01721
G1 X123.347 Y76.723 E22.0205
G1 X123.332 Y76.668 E22.02377
G1 E20.02377 F2400
G92 E0
G92 E0
G1 X100.599 Y81.012 F7800
G1 E2 F2400
;TYPE:Perimeter
;WIDTH:0.45
G1 F3600
G1 X100.709 Y81.013 E2.00529
G1 X101.825 Y81.085 E2.05908
G1 X103.033 Y81.24 E2.11766
G1 X104.229 Y81.473 E2.17626
G1 X105.407 Y81.782 E2.23483
G1 X106.563 Y82.166 E2.29342
G1 X107.692 Y82.623 E2.352
G1 X108.79 Y83.152 E2.41062
G1 X109.851 Y83.75 E2.4692
G1 X110.872 Y84.414 E2.52778
G1 X111.848 Y85.143 E2.58637
G1 X112.776 Y85.932 E2.64496
G1 X113.651 Y86.78 E2.70357
G1 X114.47 Y87.682 E2.76217
G1 X115.229 Y88.634 E2.82073
G1 X115.926 Y89.633 E2.87932
G1 X116.558 Y90.675 E2.93793
G1 X117.121 Y91.755 E2.99651
G1 X117.614 Y92.869 E3.0551
G1 X118.035 Y94.012 E3.11368
G1 X118.382 Y95.18 E3.17228
G1 X118.653 Y96.367 E3.23084
G1 X118.847 Y97.568 E3.28935
G1 X118.967 Y98.883 E3.35286
G1 X119.003 Y100 E3.40661
G1 X118.964 Y101.218 E3.46522
G1 X118.847 Y102.43 E3.52378
G1 X118.653 Y103.633 E3.58239
G1 X118.382 Y104.82 E3.64095
G1 X118.035 Y105.988 E3.69955
G1 X117.614 Y107.131 E3.75813
G1 X117.121 Y108.245 E3.81672
G1 X116.558 Y109.325 E3.8753
G1 X115.926 Y110.367 E3.93391
G1 X115.229 Y111.366 E3.9925
G1 X114.47 Y112.318 E4.05106
G1 X113.651 Y113.22 E4.10966
G1 X112.776 Y114.068 E4.16827
G1 X111.848 Y114.857 E4.22686
G1 X110.872 Y115.586 E4.28545
G1 X109.851 Y116.25 E4.34403
G1 X108.79 Y116.848 E4.40261
G1 X107.692 Y117.377 E4.46123
G1 X106.563 Y117.834 E4.51981
G1 X105.407 Y118.218 E4.5784
G1 X104.229 Y118.527 E4.63697
G1 X103.033 Y118.76 E4.69557
G1 X101.825 Y118.915 E4.75415
G1 X100.609 Y118.993 E4.81276
G1 X99.391 Y118.993 E4.87134
G1 X98.175 Y118.915 E4.92995
G1 X96.967 Y118.76 E4.98853
G1 X95.771 Y118.527 E5.04713
G1 X94.593 Y118.218 E5.1057
G1 X93.437 Y117.834 E5.16429
G1 X92.308 Y117.377 E5.22287
G1 X91.21 Y116.848 E5.28149
G1 X90.149 Y116.25 E5.34007
G1 X89.128 Y115.586 E5.39865
G1 X88.152 Y114.857 E5.45724
G1 X87.226 Y114.069 E5.51572
G1 X86.282 Y113.146 E5.57922
G1 X85.53 Y112.318 E5.63302
G1 X84.771 Y111.366 E5.69158
G1 X84.074 Y110.367 E5.75017
G1 X83.442 Y109.325 E5.80878
G1 X82.879 Y108.245 E5.86736
G1 X82.386 Y107.131 E5.92595
G1 X81.965 Y105.988 E5.98453
G1 X81.618 Y104.82 E6.04313
G1 X81.347 Y103.633 E6.10169
G1 X81.153 Y102.432 E6.1602
G1 X81.033 Y101.117 E6.22371
G1 X80.997 Y100 E6.27746
G1 X81.036 Y98.782 E6.33607
G1 X81.153 Y97.57 E6.39463
G1 X81.347 Y96.367 E6.45324
G1 X81.618 Y95.18 E6.5118
G1 X81.965 Y94.012 E6.5704
G1 X82.386 Y92.869 E6.62898
G1 X82.879 Y91.755 E6.68757
G1 X83.442 Y90.675 E6.74615
G1 X84.074 Y89.633 E6.80476
G1 X84.769 Y88.636 E6.86321
G1 X85.597 Y87.607 E6.92673
G1 X86.349 Y86.78 E6.98049
G1 X87.222 Y85.934 E7.03896
G1 X88.232 Y85.083 E7.10248
G1 X89.128 Y84.414 E7.15626
G1 X90.147 Y83.751 E7.21473
G1 X91.301 Y83.108 E7.27827
G1 X92.308 Y82.623 E7.33203
G1 X93.437 Y82.166 E7.39061
G1 X94.593 Y81.782 E7.4492
G1 X95.771 Y81.473 E7.50777
G1 X96.967 Y81.24 E7.56637
G1 X98.175 Y81.085 E7.62495
G1 X99.389 Y81.007 E7.68346
G1 X100.539 Y81.012 E7.73877
G1 X100.624 Y80.627 F7800
G1 F3600
G1 X100.722 Y80.627 E7.74348
G1 X101.862 Y80.701 E7.79843
G1 X103.094 Y80.859 E7.85817
G1 X104.314 Y81.097 E7.91795
G1 X105.517 Y81.412 E7.97776
G1 X106.696 Y81.804 E8.03752
G1 X107.848 Y82.27 E8.09729
G1 X108.968 Y82.81 E8.15709
G1 X110.051 Y83.42 E8.21687
G1 X111.093 Y84.098 E8.27666
G1 X112.089 Y84.841 E8.33642
G1 X113.035 Y85.647 E8.39619
G1 X113.928 Y86.511 E8.45595
G1 X114.764 Y87.431 E8.51574
G1 X115.539 Y88.403 E8.57553
G1 X116.25 Y89.423 E8.63533
G1 X116.894 Y90.485 E8.69507
G1 X117.469 Y91.587 E8.75485
G1 X117.972 Y92.724 E8.81465
G1 X118.401 Y93.89 E8.87441
G1 X118.755 Y95.082 E8.93422
G1 X119.032 Y96.294 E8.99402
G1 X119.23 Y97.519 E9.0537
G1 X119.352 Y98.859 E9.11842
G1 X119.389 Y100 E9.17333
G1 X119.349 Y101.242 E9.2331
G1 X119.23 Y102.479 E9.29287
G1 X119.032 Y103.706 E9.35265
G1 X118.755 Y104.918 E9.41245
G1 X118.401 Y106.11 E9.47226
G1 X117.972 Y107.276 E9.53202
G1 X117.469 Y108.413 E9.59182
G1 X116.894 Y109.515 E9.6516
G1 X116.25 Y110.577 E9.71134
G1 X115.539 Y111.597 E9.77114
G1 X114.764 Y112.569 E9.83093
G1 X113.928 Y113.489 E9.89072
G1 X113.035 Y114.353 E9.95048
G1 X112.089 Y115.159 E10.01025
G1 X111.093 Y115.902 E10.07001
G1 X110.051 Y116.58 E10.1298
G1 X108.968 Y117.19 E10.18958
G1 X107.848 Y117.73 E10.24938
G1 X106.696 Y118.196 E10.30915
G1 X105.517 Y118.588 E10.36891
G1 X104.314 Y118.903 E10.42872
G1 X103.094 Y119.141 E10.4885
G1 X101.862 Y119.299 E10.54824
G1 X100.621 Y119.379 E10.60805
G1 X99.379 Y119.379 E10.66779
G1 X98.138 Y119.299 E10.7276
G1 X96.906 Y119.141 E10.78734
G1 X95.686 Y118.903 E10.84712
G1 X94.483 Y118.588 E10.90693
G1 X93.304 Y118.196 E10.96669
G1 X92.152 Y117.73 E11.02646
G1 X91.032 Y117.19 E11.08626
G1 X89.949 Y116.58 E11.14604
G1 X88.907 Y115.902 E11.20583
G1 X87.911 Y115.159 E11.26559
G1 X86.966 Y114.354 E11.3253
G1 X86.004 Y113.414 E11.38999
G1 X85.236 Y112.569 E11.44491
G1 X84.461 Y111.597 E11.5047
G1 X83.75 Y110.577 E11.5645
G1 X83.106 Y109.515 E11.62424
G1 X82.531 Y108.413 E11.68402
G1 X82.028 Y107.276 E11.74382
G1 X81.599 Y106.11 E11.80358
G1 X81.245 Y104.918 E11.86339
G1 X80.968 Y103.706 E11.92319
G1 X80.77 Y102.481 E11.98287
G1 X80.648 Y101.141 E12.04759
G1 X80.611 Y100 E12.1025
G1 X80.651 Y98.758 E12.16227
G1 X80.77 Y97.521 E12.22204
G1 X80.968 Y96.294 E12.28182
G1 X81.245 Y95.082 E12.34162
G1 X81.599 Y93.89 E12.40143
G1 X82.028 Y92.724 E12.46119
G1 X82.531 Y91.587 E12.52099
G1 X83.106 Y90.485 E12.58077
G1 X83.75 Y89.423 E12.64051
G1 X84.461 Y88.404 E12.70027
G1 X85.304 Y87.357 E12.76492
G1 X86.072 Y86.511 E12.81988
G1 X86.964 Y85.648 E12.87957
G1 X87.992 Y84.781 E12.94425
G1 X88.907 Y84.098 E12.99917
G1 X89.948 Y83.42 E13.05892
G1 X91.123 Y82.766 E13.1236
G1 X92.152 Y82.27 E13.17854
G1 X93.304 Y81.804 E13.23831
G1 X94.483 Y81.412 E13.29807
G1 X95.686 Y81.097 E13.35788
G1 X96.906 Y80.859 E13.41766
G1 X98.138 Y80.701 E13.4774
G1 X99.377 Y80.621 E13.53712
G1 X100.564 Y80.627 E13.59421
G1 X100.649 Y80.241 F7800
;TYPE:External perimeter
G1 F1800
G1 X100.736 Y80.242 E13.59839
G1 X101.899 Y80.316 E13.65444
G1 X103.156 Y80.479 E13.7154
G1 X104.4 Y80.721 E13.77635
G1 X105.626 Y81.042 E13.8373
G1 X106.83 Y81.442 E13.89832
G1 X108.005 Y81.918 E13.95929
G1 X109.147 Y82.468 E14.02025
G1 X110.251 Y83.09 E14.0812
G1 X111.314 Y83.781 E14.14218
G1 X112.329 Y84.539 E14.20311
G1 X113.295 Y85.361 E14.26412
G1 X114.205 Y86.243 E14.32507
G1 X115.058 Y87.181 E14.38605
G1 X115.848 Y88.172 E14.44701
G1 X116.573 Y89.212 E14.50799
G1 X117.23 Y90.296 E14.56896
G1 X117.817 Y91.42 E14.62995
G1 X118.33 Y92.579 E14.69091
G1 X118.767 Y93.769 E14.75188
G1 X119.128 Y94.984 E14.81284
G1 X119.41 Y96.22 E14.87381
G1 X119.612 Y97.471 E14.93476
G1 X119.738 Y98.835 E15.00064
G1 X119.775 Y100 E15.0567
G1 X119.734 Y101.267 E15.11767
G1 X119.613 Y102.529 E15.17865
G1 X119.41 Y103.78 E15.23961
G1 X119.128 Y105.016 E15.30058
G1 X118.767 Y106.231 E15.36154
G1 X118.33 Y107.421 E15.42251
G1 X117.817 Y108.58 E15.48347
G1 X117.23 Y109.704 E15.54446
G1 X116.573 Y110.788 E15.60543
G1 X115.848 Y111.828 E15.66641
G1 X115.058 Y112.819 E15.72737
G1 X114.205 Y113.757 E15.78835
G1 X113.295 Y114.639 E15.8493
G1 X112.329 Y115.461 E15.91031
G1 X111.314 Y116.219 E15.97124
G1 X110.251 Y116.91 E16.03222
G1 X109.147 Y117.532 E16.09317
G1 X108.005 Y118.082 E16.15413
G1 X106.83 Y118.558 E16.2151
G1 X105.626 Y118.958 E16.27612
G1 X104.4 Y119.279 E16.33707
G1 X103.156 Y119.521 E16.39802
G1 X101.899 Y119.684 E16.45898
G1 X100.634 Y119.765 E16.51995
G1 X99.366 Y119.765 E16.58094
G1 X98.101 Y119.684 E16.64191
G1 X96.844 Y119.521 E16.70287
G1 X95.6 Y119.279 E16.76382
G1 X94.374 Y118.958 E16.82477
G1 X93.17 Y118.558 E16.88579
G1 X91.995 Y118.082 E16.94676
G1 X90.853 Y117.532 E17.00772
G1 X89.749 Y116.91 E17.06867
G1 X88.686 Y116.219 E17.12965
G1 X87.671 Y115.461 E17.19058
G1 X86.706 Y114.639 E17.25155
G1 X85.726 Y113.682 E17.31743
G1 X84.942 Y112.819 E17.37351
G1 X84.152 Y111.828 E17.43447
G1 X83.427 Y110.788 E17.49545
G1 X82.77 Y109.704 E17.55642
G1 X82.183 Y108.58 E17.61741
G1 X81.67 Y107.421 E17.67837
G1 X81.233 Y106.231 E17.73934
G1 X80.872 Y105.016 E17.8003
G1 X80.59 Y103.78 E17.86127
G1 X80.388 Y102.529 E17.92222
G1 X80.262 Y101.165 E17.9881
G1 X80.225 Y100 E18.04416
G1 X80.266 Y98.733 E18.10513
G1 X80.387 Y97.471 E18.16611
G1 X80.59 Y96.22 E18.22707
G1 X80.872 Y94.984 E18.28804
G1 X81.233 Y93.769 E18.349
G1 X81.67 Y92.579 E18.40997
G1 X82.183 Y91.42 E18.47093
G1 X82.77 Y90.296 E18.53192
G1 X83.427 Y89.212 E18.59289
G1 X84.152 Y88.173 E18.65383
G1 X85.011 Y87.106 E18.71971
G1 X85.795 Y86.243 E18.77579
G1 X86.705 Y85.361 E18.83674
G1 X87.752 Y84.478 E18.90261
G1 X88.686 Y83.781 E18.95866
G1 X89.748 Y83.09 E19.0196
G1 X90.945 Y82.423 E19.08551
G1 X91.995 Y81.918 E19.14155
G1 X93.17 Y81.442 E19.20252
G1 X94.374 Y81.042 E19.26354
G1 X95.6 Y80.721 E19.32449
G1 X96.844 Y80.479 E19.38544
G1 X98.101 Y80.316 E19.4464
G1 X99.366 Y80.235 E19.50737
G1 X100.589 Y80.241 E19.56619
G1 X100.988 Y80.259 F7800
G1 E17.56619 F2400
G92 E0
G1 X85.657 Y112.211 F7800
G1 E2 F2400
;TYPE:Solid infill
;WIDTH:0.404381
G1 F1200
G1 X86.421 Y113.012 E2.04694
G1 X85.79 Y112.35 E2.08572
G1 X84.745 Y110.853 F7800
G1 F1200
G1 X84.726 Y110.924 E2.08884
G1 X84.797 Y110.905 E2.09196
G1 X84.786 Y110.864 E2.09376
;WIDTH:0.45
G1 X84.984 Y111.167 E2.11117
G1 X88.791 Y114.973 E2.37008
G1 X89.063 Y115.209 E2.3874
;WIDTH:0.404381
G1 X89.267 Y115.386 E2.39885
G1 X90.714 Y116.255 F7800
G1 F1200
G1 X90.695 Y116.326 E2.40197
G1 X90.766 Y116.307 E2.40509
G1 X90.755 Y116.266 E2.40689
;WIDTH:0.45
G1 X90.452 Y116.089 E2.42377
G1 X83.923 Y109.56 E2.86786
G1 X83.056 Y108.042 F7800
;WIDTH:0.404381
G1 F1200
G1 X83.037 Y108.113 E2.87098
G1 X83.108 Y108.094 E2.8741
G1 X83.097 Y108.053 E2.8759
;WIDTH:0.45
G1 X83.261 Y108.353 E2.89234
G1 X91.644 Y116.736 E3.46254
G1 X91.906 Y116.889 E3.47713
;WIDTH:0.404381
G1 X91.887 Y116.96 E3.48025
G1 X91.958 Y116.941 E3.48337
G1 X91.947 Y116.9 E3.48517
G1 X92.923 Y117.344 F7800
G1 F1200
G1 X92.904 Y117.416 E3.48833
G1 X92.975 Y117.396 E3.49146
G1 X92.964 Y117.355 E3.49326
;WIDTH:0.45
G1 X92.661 Y117.208 E3.50946
G1 X82.795 Y107.342 E4.18053
G1 X82.643 Y107.041 E4.19675
;WIDTH:0.404381
G1 X82.654 Y107.082 E4.19855
G1 X82.583 Y107.102 E4.20168
G1 X82.602 Y107.03 E4.20484
;WIDTH:0.45
G1 X82.44 Y106.441 E4.23422
G1 X93.573 Y117.574 E4.99147
G1 X93.835 Y117.698 E5.00541
;WIDTH:0.404381
G1 X93.816 Y117.769 E5.00853
G1 X93.887 Y117.75 E5.01165
G1 X93.876 Y117.709 E5.01345
G1 X94.651 Y117.972 F7800
G1 F1200
G1 X94.632 Y118.043 E5.01657
G1 X94.703 Y118.024 E5.01969
G1 X94.692 Y117.983 E5.02149
;WIDTH:0.45
G1 X94.39 Y117.846 E5.03744
G1 X82.154 Y105.61 E5.86972
G1 X81.924 Y104.835 F7800
G1 F1200
G1 X95.156 Y118.066 E6.76971
G1 X95.89 Y118.255 E6.80616
G1 X81.755 Y104.12 E7.76761
G1 X81.607 Y103.427 E7.80169
G1 X96.567 Y118.387 E8.81925
G1 X97.227 Y118.502 E8.85147
G1 X81.502 Y102.776 E9.9211
G1 X81.417 Y102.147 E9.95163
G1 X97.853 Y118.582 E11.06955
G1 X98.46 Y118.644 E11.0989
G1 X81.362 Y101.546 E12.26188
G1 X81.317 Y100.955 E12.29039
G1 X99.043 Y118.681 E13.49609
G1 X99.611 Y118.704 E13.52343
G1 X81.299 Y100.392 E14.76899
G1 X81.291 Y99.839 E14.79559
G1 X100.156 Y118.704 E16.07876
G1 X100.696 Y118.698 E16.10473
G1 X81.308 Y99.311 E17.42344
G1 X81.326 Y98.783 E17.44885
G1 X101.208 Y118.665 E18.8012
G1 X101.721 Y118.632 E18.82592
G1 X81.374 Y98.286 E20.20986
G1 X81.422 Y97.789 E20.23388
G1 X102.208 Y118.574 E21.64768
G1 X102.691 Y118.512 E21.6711
G1 X81.488 Y97.309 E23.1133
G1 X81.564 Y96.84 E23.13615
G1 X103.164 Y118.44 E24.60536
G1 X103.62 Y118.351 E24.62771
G1 X81.643 Y96.373 E26.12259
G1 X81.744 Y95.929 E26.14449
G1 X104.077 Y118.262 E27.66355
G1 X104.513 Y118.153 E27.68517
G1 X81.845 Y95.485 E29.22702
G1 X81.958 Y95.052 E29.24854
G1 X104.945 Y118.04 E30.81212
G1 X105.375 Y117.924 E30.83354
G1 X82.083 Y94.632 E32.41783
G1 X82.207 Y94.211 E32.43894
G1 X105.784 Y117.788 E34.04262
G1 X106.194 Y117.652 E34.0634
G1 X82.349 Y93.807 E35.68531
G1 X82.495 Y93.408 E35.70574
G1 X106.596 Y117.509 E37.34506
G1 X106.984 Y117.352 E37.36519
G1 X82.642 Y93.01 E39.0209
G1 X82.808 Y92.63 E39.04084
G1 X107.372 Y117.194 E40.71165
G1 X107.751 Y117.028 E40.73155
G1 X82.975 Y92.252 E42.41678
G1 X83.143 Y91.874 E42.43668
G1 X108.119 Y116.85 E44.13552
G1 X108.487 Y116.673 E44.15516
G1 X83.33 Y91.516 E45.86631
G1 X83.517 Y91.157 E45.88578
G1 X108.845 Y116.485 E47.60856
G1 X109.193 Y116.289 E47.62777
G1 X83.704 Y90.8 E49.3615
G1 X83.91 Y90.46 E49.38062
G1 X109.542 Y116.092 E51.12408
G1 X109.881 Y115.886 E51.14316
G1 X84.116 Y90.121 E52.89566
G1 X84.322 Y89.782 E52.91474
G1 X110.211 Y115.671 E54.67568
G1 X110.542 Y115.456 E54.69466
G1 X84.547 Y89.461 E56.46281
G1 X84.771 Y89.139 E56.48168
G1 X110.863 Y115.232 E58.25646
G1 X111.175 Y114.999 E58.27519
G1 X84.995 Y88.818 E60.05596
G1 X85.237 Y88.516 E60.07457
G1 X111.488 Y114.766 E61.8601
G1 X111.792 Y114.525 E61.87876
G1 X85.481 Y88.213 E63.66844
G1 X85.724 Y87.911 E63.68708
G1 X112.087 Y114.274 E65.48026
G1 X112.382 Y114.024 E65.49886
G1 X85.977 Y87.619 E67.2949
G1 X86.237 Y87.334 E67.31345
G1 X112.67 Y113.767 E69.11139
G1 X112.948 Y113.499 E69.12996
G1 X86.496 Y87.048 E70.92916
G1 X86.769 Y86.775 E70.94773
G1 X113.225 Y113.231 E72.74723
G1 X113.498 Y112.959 E72.76577
G1 X87.046 Y86.507 E74.565
G1 X87.323 Y86.239 E74.58354
G1 X113.757 Y112.673 E76.38155
G1 X114.017 Y112.387 E76.40014
G1 X87.613 Y85.983 E78.19611
G1 X87.909 Y85.733 E78.21474
G1 X114.275 Y112.099 E80.00812
G1 X114.517 Y111.796 E80.02677
G1 X88.205 Y85.484 E81.81648
G1 X88.506 Y85.239 E81.83515
G1 X114.759 Y111.493 E83.62088
G1 X115 Y111.189 E83.63954
G1 X88.818 Y85.006 E85.42044
G1 X89.13 Y84.773 E85.43917
G1 X115.224 Y110.868 E87.21409
G1 X115.449 Y110.546 E87.23298
G1 X89.451 Y84.549 E89.0013
G1 X89.781 Y84.334 E89.02024
G1 X115.673 Y110.225 E90.78135
G1 X115.879 Y109.887 E90.80039
G1 X90.112 Y84.119 E92.55306
G1 X90.451 Y83.913 E92.57214
G1 X116.085 Y109.547 E94.31573
G1 X116.291 Y109.208 E94.33481
G1 X90.801 Y83.718 E96.06861
G1 X91.151 Y83.522 E96.0879
G1 X116.479 Y108.85 E97.81068
G1 X116.666 Y108.492 E97.83011
G1 X91.505 Y83.331 E99.54153
G1 X91.873 Y83.154 E99.56117
G1 X116.853 Y108.134 E101.26028
G1 X117.021 Y107.756 E101.28018
G1 X92.241 Y82.976 E102.96568
G1 X92.619 Y82.809 E102.98556
G1 X117.189 Y107.378 E104.65675
G1 X117.355 Y106.999 E104.67665
G1 X93.008 Y82.652 E106.3327
G1 X93.396 Y82.495 E106.35283
G1 X117.502 Y106.601 E107.99249
G1 X117.648 Y106.202 E108.01292
G1 X93.797 Y82.351 E109.63524
G1 X94.207 Y82.215 E109.65602
G1 X117.79 Y105.798 E111.26011
G1 X117.915 Y105.378 E111.28119
G1 X94.616 Y82.079 E112.86596
G1 X95.045 Y81.963 E112.88733
G1 X118.039 Y104.957 E114.45135
G1 X118.153 Y104.525 E114.47284
G1 X95.477 Y81.849 E116.01523
G1 X95.913 Y81.74 E116.03685
G1 X118.254 Y104.081 E117.55646
G1 X118.355 Y103.637 E117.57836
G1 X96.37 Y81.651 E119.07379
G1 X96.826 Y81.562 E119.09614
G1 X118.435 Y103.171 E120.56596
G1 X118.51 Y102.701 E120.58885
G1 X97.298 Y81.489 E122.03166
G1 X97.781 Y81.427 E122.05508
G1 X118.577 Y102.222 E123.46956
G1 X118.625 Y101.725 E123.49358
G1 X98.268 Y81.368 E124.87824
G1 X98.781 Y81.336 E124.90296
G1 X118.673 Y101.228 E126.25599
G1 X118.691 Y100.701 E126.28135
G1 X99.293 Y81.303 E127.60078
G1 X99.834 Y81.298 E127.6268
G1 X118.708 Y100.173 E128.91062
G1 X118.702 Y99.621 E128.93717
G1 X100.382 Y81.301 E130.18327
G1 X100.944 Y81.318 E130.21031
G1 X118.684 Y99.057 E131.41693
G1 X118.639 Y98.467 E131.44539
G1 X101.527 Y81.355 E132.60933
G1 X102.133 Y81.416 E132.63862
G1 X118.584 Y97.867 E133.7576
G1 X118.501 Y97.238 E133.78811
G1 X102.759 Y81.497 E134.85883
G1 X103.418 Y81.61 E134.89099
G1 X118.395 Y96.588 E135.90974
G1 X118.248 Y95.895 E135.94381
G1 X104.095 Y81.742 E136.90648
G1 X104.828 Y81.929 E136.94286
G1 X118.081 Y95.182 E137.84431
G1 X118.003 Y94.635 E137.87088
;WIDTH:0.404381
G1 X117.984 Y94.706 E137.874
G1 X118.055 Y94.687 E137.87712
G1 X118.044 Y94.646 E137.87892
;WIDTH:0.45
G1 X117.851 Y94.407 E137.8937
G1 X105.593 Y82.149 E138.72747
G1 X105.35 Y81.959 E138.74231
;WIDTH:0.404381
G1 X105.361 Y82 E138.74411
G1 X105.29 Y82.019 E138.74723
G1 X105.309 Y81.948 E138.75035
G1 X106.125 Y82.214 F7800
G1 F1200
G1 X106.106 Y82.285 E138.75347
G1 X106.177 Y82.266 E138.75659
G1 X106.166 Y82.225 E138.75839
;WIDTH:0.45
G1 X106.409 Y82.42 E138.77338
G1 X117.567 Y93.578 E139.53233
G1 X117.77 Y93.818 E139.54745
;WIDTH:0.404381
G1 X117.781 Y93.859 E139.54925
G1 X117.71 Y93.878 E139.55237
G1 X117.729 Y93.807 E139.55549
G1 X117.385 Y92.909 F7800
G1 F1200
G1 X117.366 Y92.98 E139.55861
G1 X117.438 Y92.961 E139.56177
G1 X117.427 Y92.92 E139.56357
;WIDTH:0.45
G1 X117.215 Y92.68 E139.57897
G1 X107.319 Y82.784 E140.25208
G1 X107.076 Y82.576 E140.26746
;WIDTH:0.404381
G1 X107.087 Y82.617 E140.26926
G1 X107.016 Y82.636 E140.27238
G1 X107.035 Y82.565 E140.2755
G1 X108.049 Y83.022 F7800
G1 F1200
G1 X108.03 Y83.093 E140.27862
G1 X108.101 Y83.074 E140.28174
G1 X108.09 Y83.033 E140.28354
;WIDTH:0.45
G1 X108.333 Y83.253 E140.29931
G1 X116.976 Y91.912 E140.88774
;WIDTH:0.404381
G1 X116.987 Y91.953 E140.88954
G1 X116.915 Y91.972 E140.8927
G1 X116.934 Y91.901 E140.89582
G1 X116.293 Y90.702 F7800
G1 F1200
G1 X116.274 Y90.773 E140.89894
G1 X116.345 Y90.754 E140.90206
G1 X116.334 Y90.713 E140.90386
;WIDTH:0.45
G1 X109.278 Y83.66 E141.3837
;WIDTH:0.404381
G1 X109.289 Y83.701 E141.3855
G1 X109.218 Y83.72 E141.38862
G1 X109.237 Y83.649 E141.39174
G1 X110.73 Y84.618 F7800
G1 F1200
G1 X110.889 Y84.755 E141.40064
;WIDTH:0.45
G1 X111.162 Y84.991 E141.418
G1 X115.261 Y89.104 E141.69729
;WIDTH:0.404381
G1 X115.242 Y89.175 E141.70041
G1 X115.313 Y89.156 E141.70353
G1 X115.302 Y89.115 E141.70533
G1 E139.70533 F2400
G92 E0
G1 X112.786 Y86.208 F7800
G1 E2 F2400
G1 F1200
G1 X113.508 Y86.919 E2.04297
G1 X112.648 Y86.073 E2.09413
M106 S147.9
;LAYER_CHANGE
;Z:1.25
;HEIGHT:0.3
G1 E.09413 F2400
G92 E0
G1 Z1.25 F7800
G92 E0
G1 X118.278 Y110.331
G1 E2 F2400
;TYPE:Perimeter
;WIDTH:0.45
G1 F3600
G1 X117.597 Y111.454 E2.06317
G1 X116.827 Y112.558 E2.12791
G1 X115.988 Y113.611 E2.19267
G1 X115.083 Y114.607 E2.2574
G1 X114.116 Y115.543 E2.32213
G1 X113.091 Y116.416 E2.38689
G1 X112.013 Y117.221 E2.4516
G1 X110.885 Y117.955 E2.51633
G1 X109.712 Y118.616 E2.58109
G1 X108.499 Y119.2 E2.64584
G1 X107.252 Y119.705 E2.71055
G1 X105.974 Y120.129 E2.77531
G1 X104.672 Y120.47 E2.84004
G1 X103.351 Y120.728 E2.90478
G1 X102.016 Y120.9 E2.96952
G1 X100.673 Y120.986 E3.03425
G1 X99.327 Y120.986 E3.09899
G1 X97.984 Y120.9 E3.16372
G1 X96.649 Y120.728 E3.22846
G1 X95.328 Y120.47 E3.2932
G1 X94.026 Y120.129 E3.35793
G1 X92.748 Y119.705 E3.42269
G1 X91.501 Y119.2 E3.4874
G1 X90.288 Y118.616 E3.55215
G1 X89.115 Y117.955 E3.61691
G1 X87.987 Y117.221 E3.68164
G1 X86.909 Y116.416 E3.74635
G1 X85.884 Y115.543 E3.81111
G1 X84.917 Y114.607 E3.87584
G1 X84.012 Y113.611 E3.94057
G1 X83.173 Y112.558 E4.00533
G1 X82.485 Y111.573 E4.06312
G1 X81.707 Y110.306 E4.13463
G1 X81.083 Y109.11 E4.19951
G1 X80.538 Y107.879 E4.26426
G1 X80.073 Y106.616 E4.32899
G1 X79.69 Y105.326 E4.39371
G1 X79.39 Y104.014 E4.45844
G1 X79.176 Y102.685 E4.52318
G1 X79.06 Y101.489 E4.58097
G1 X79.003 Y100.003 E4.65249
G1 X79.046 Y98.655 E4.71736
G1 X79.162 Y97.459 E4.77515
G1 X79.39 Y95.989 E4.8467
G1 X79.69 Y94.674 E4.91157
G1 X80.032 Y93.522 E4.96937
G1 X80.536 Y92.124 E5.04085
G1 X81.083 Y90.89 E5.10577
G1 X81.705 Y89.697 E5.17048
G1 X82.403 Y88.546 E5.23522
G1 X83.173 Y87.442 E5.29996
G1 X84.012 Y86.389 E5.36472
G1 X84.917 Y85.393 E5.42945
G1 X85.884 Y84.457 E5.49418
G1 X86.909 Y83.584 E5.55894
G1 X87.987 Y82.779 E5.62365
G1 X89.115 Y82.045 E5.68838
G1 X90.163 Y81.455 E5.74622
G1 X91.498 Y80.802 E5.8177
G1 X92.748 Y80.295 E5.88258
G1 X94.026 Y79.871 E5.94734
G1 X95.328 Y79.53 E6.01207
G1 X96.649 Y79.272 E6.07681
G1 X97.984 Y79.1 E6.14155
G1 X99.327 Y79.014 E6.20628
G1 X100.673 Y79.014 E6.27102
G1 X102.016 Y79.1 E6.33575
G1 X103.351 Y79.272 E6.40049
G1 X104.672 Y79.53 E6.46523
G1 X105.974 Y79.871 E6.52996
G1 X107.252 Y80.295 E6.59472
G1 X108.499 Y80.8 E6.65943
G1 X109.712 Y81.384 E6.72418
G1 X110.885 Y82.045 E6.78894
G1 X112.013 Y82.779 E6.85367
G1 X113.091 Y83.584 E6.91838
G1 X114.116 Y84.457 E6.98314
G1 X115.083 Y85.393 E7.04787
G1 X115.988 Y86.389 E7.1126
G1 X116.737 Y87.329 E7.17041
G1 X117.595 Y88.543 E7.24191
G1 X118.295 Y89.697 E7.30683
G1 X118.917 Y90.89 E7.37154
G1 X119.462 Y92.121 E7.43629
G1 X119.927 Y93.384 E7.50102
G1 X120.31 Y94.674 E7.56574
G1 X120.61 Y95.986 E7.63047
G1 X120.824 Y97.315 E7.69521
G1 X120.954 Y98.655 E7.75996
G1 X120.997 Y100 E7.82468
G1 X120.954 Y101.345 E7.8894
G1 X120.824 Y102.685 E7.95415
G1 X120.61 Y104.014 E8.01889
G1 X120.31 Y105.326 E8.08362
G1 X119.927 Y106.616 E8.14834
G1 X119.462 Y107.879 E8.21307
G1 X118.917 Y109.11 E8.27782
G1 X118.308 Y110.279 E8.34122
G1 X117.949 Y110.131 F7800
G1 F3600
G1 X117.274 Y111.244 E8.40383
G1 X116.518 Y112.328 E8.46739
G1 X115.694 Y113.361 E8.53094
G1 X114.806 Y114.339 E8.59448
G1 X113.857 Y115.258 E8.65802
G1 X112.851 Y116.114 E8.72155
G1 X111.792 Y116.905 E8.78512
G1 X110.685 Y117.625 E8.84863
G1 X109.533 Y118.274 E8.91222
G1 X108.343 Y118.847 E8.97574
G1 X107.118 Y119.343 E9.0393
G1 X105.864 Y119.759 E9.10285
G1 X104.586 Y120.094 E9.16639
G1 X103.29 Y120.347 E9.2299
G1 X101.979 Y120.516 E9.29348
G1 X100.661 Y120.6 E9.357
G1 X99.339 Y120.6 E9.42058
G1 X98.021 Y120.516 E9.4841
G1 X96.711 Y120.347 E9.54763
G1 X95.414 Y120.094 E9.61119
G1 X94.136 Y119.759 E9.67473
G1 X92.882 Y119.343 E9.73828
G1 X91.657 Y118.847 E9.80184
G1 X90.467 Y118.274 E9.86536
G1 X89.315 Y117.625 E9.92895
G1 X88.208 Y116.905 E9.99246
G1 X87.149 Y116.114 E10.05603
G1 X86.143 Y115.258 E10.11956
G1 X85.194 Y114.339 E10.1831
G1 X84.306 Y113.361 E10.24664
G1 X83.482 Y112.328 E10.31019
G1 X82.808 Y111.361 E10.36688
G1 X82.042 Y110.116 E10.43719
G1 X81.43 Y108.943 E10.50082
G1 X80.895 Y107.735 E10.56436
G1 X80.439 Y106.495 E10.6279
G1 X80.063 Y105.228 E10.69147
G1 X79.769 Y103.94 E10.75501
G1 X79.558 Y102.636 E10.81854
G1 X79.445 Y101.463 E10.87522
G1 X79.389 Y100.002 E10.94554
G1 X79.431 Y98.679 E11.0092
G1 X79.545 Y97.507 E11.06584
G1 X79.769 Y96.062 E11.13617
G1 X80.063 Y94.772 E11.19981
G1 X80.398 Y93.642 E11.2565
G1 X80.895 Y92.267 E11.32682
G1 X81.43 Y91.057 E11.39045
G1 X82.041 Y89.886 E11.45398
G1 X82.726 Y88.756 E11.51754
G1 X83.482 Y87.672 E11.5811
G1 X84.306 Y86.639 E11.64465
G1 X85.194 Y85.661 E11.70819
G1 X86.143 Y84.742 E11.77173
G1 X87.149 Y83.886 E11.83526
G1 X88.208 Y83.095 E11.89883
G1 X89.315 Y82.375 E11.96234
G1 X90.342 Y81.797 E12.01902
G1 X91.655 Y81.154 E12.08934
G1 X92.882 Y80.657 E12.15301
G1 X94.136 Y80.241 E12.21656
G1 X95.414 Y79.906 E12.2801
G1 X96.71 Y79.653 E12.34361
G1 X98.021 Y79.484 E12.40719
G1 X99.339 Y79.4 E12.47071
G1 X100.661 Y79.4 E12.53429
G1 X101.979 Y79.484 E12.59781
G1 X103.289 Y79.653 E12.66134
G1 X104.586 Y79.906 E12.7249
G1 X105.864 Y80.241 E12.78844
G1 X107.118 Y80.657 E12.85199
G1 X108.343 Y81.153 E12.91555
G1 X109.533 Y81.726 E12.97907
G1 X110.685 Y82.375 E13.04266
G1 X111.792 Y83.095 E13.10617
G1 X112.851 Y83.886 E13.16974
G1 X113.857 Y84.742 E13.23327
G1 X114.806 Y85.661 E13.29681
G1 X115.694 Y86.639 E13.36035
G1 X116.429 Y87.561 E13.41706
G1 X117.273 Y88.754 E13.48735
G1 X117.959 Y89.886 E13.55101
G1 X118.57 Y91.057 E13.61454
G1 X119.105 Y92.265 E13.67808
G1 X119.561 Y93.505 E13.74162
G1 X119.937 Y94.772 E13.80519
G1 X120.231 Y96.06 E13.86873
G1 X120.442 Y97.364 E13.93226
G1 X120.569 Y98.679 E13.9958
G1 X120.611 Y100 E14.05937
G1 X120.569 Y101.321 E14.12294
G1 X120.442 Y102.636 E14.18648
G1 X120.231 Y103.94 E14.25001
G1 X119.937 Y105.228 E14.31355
G1 X119.561 Y106.495 E14.37712
G1 X119.105 Y107.735 E14.44066
G1 X118.57 Y108.943 E14.5042
G1 X117.977 Y110.078 E14.56579
G1 X117.619 Y109.931 F7800
;TYPE:External perimeter
G1 F1800
G1 X116.95 Y111.033 E14.62779
G1 X116.209 Y112.097 E14.69015
G1 X115.4 Y113.11 E14.7525
G1 X114.529 Y114.07 E14.81484
G1 X113.597 Y114.972 E14.87722
G1 X112.61 Y115.813 E14.93959
G1 X111.571 Y116.588 E15.00193
G1 X110.485 Y117.295 E15.06426
G1 X109.355 Y117.932 E15.12665
G1 X108.187 Y118.494 E15.18899
G1 X106.985 Y118.981 E15.25137
G1 X105.755 Y119.389 E15.3137
G1 X104.501 Y119.718 E15.37605
G1 X103.228 Y119.966 E15.43843
G1 X101.942 Y120.132 E15.5008
G1 X100.648 Y120.215 E15.56316
G1 X99.352 Y120.215 E15.62549
G1 X98.058 Y120.132 E15.68785
G1 X96.772 Y119.966 E15.75022
G1 X95.499 Y119.718 E15.8126
G1 X94.245 Y119.389 E15.87495
G1 X93.015 Y118.981 E15.93728
G1 X91.813 Y118.494 E15.99966
G1 X90.645 Y117.932 E16.062
G1 X89.515 Y117.295 E16.12439
G1 X88.429 Y116.588 E16.18672
G1 X87.39 Y115.813 E16.24906
G1 X86.403 Y114.972 E16.31143
G1 X85.471 Y114.07 E16.37381
G1 X84.6 Y113.111 E16.43612
G1 X83.791 Y112.097 E16.49851
G1 X83.131 Y111.15 E16.55403
G1 X82.378 Y109.925 E16.62319
G1 X81.778 Y108.775 E16.68558
G1 X81.253 Y107.59 E16.74792
G1 X80.805 Y106.373 E16.81029
G1 X80.436 Y105.13 E16.87265
G1 X80.148 Y103.866 E16.935
G1 X79.941 Y102.586 E16.99736
G1 X79.83 Y101.437 E17.05288
G1 X79.775 Y100.001 E17.122
G1 X79.816 Y98.704 E17.18441
G1 X79.927 Y97.555 E17.23993
G1 X80.148 Y96.135 E17.30905
G1 X80.436 Y94.87 E17.37145
G1 X80.765 Y93.763 E17.42699
G1 X81.253 Y92.411 E17.49612
G1 X81.778 Y91.225 E17.5585
G1 X82.377 Y90.075 E17.62086
G1 X83.05 Y88.967 E17.68321
G1 X83.791 Y87.903 E17.74557
G1 X84.6 Y86.89 E17.80792
G1 X85.471 Y85.93 E17.87026
G1 X86.403 Y85.028 E17.93264
G1 X87.39 Y84.187 E17.99501
G1 X88.429 Y83.412 E18.05735
G1 X89.515 Y82.705 E18.11968
G1 X90.522 Y82.138 E18.17526
G1 X91.813 Y81.506 E18.24439
G1 X93.015 Y81.019 E18.30677
G1 X94.245 Y80.611 E18.3691
G1 X95.499 Y80.282 E18.43145
G1 X96.772 Y80.034 E18.49383
G1 X98.058 Y79.868 E18.5562
G1 X99.352 Y79.785 E18.61856
G1 X100.648 Y79.785 E18.68089
G1 X101.942 Y79.868 E18.74325
G1 X103.228 Y80.034 E18.80562
G1 X104.501 Y80.282 E18.868
G1 X105.755 Y80.611 E18.93035
G1 X106.985 Y81.019 E18.99268
G1 X108.187 Y81.506 E19.05506
G1 X109.355 Y82.068 E19.1174
G1 X110.485 Y82.705 E19.17979
G1 X111.571 Y83.412 E19.24212
G1 X112.61 Y84.187 E19.30446
G1 X113.597 Y85.028 E19.36683
G1 X114.529 Y85.93 E19.42921
G1 X115.4 Y86.889 E19.49152
G1 X116.12 Y87.792 E19.54707
G1 X116.95 Y88.966 E19.61622
G1 X117.623 Y90.075 E19.67861
G1 X118.222 Y91.225 E19.74097
G1 X118.747 Y92.41 E19.80331
G1 X119.195 Y93.627 E19.86568
G1 X119.564 Y94.87 E19.92804
G1 X119.852 Y96.134 E19.99039
G1 X120.059 Y97.414 E20.05275
G1 X120.184 Y98.704 E20.11509
G1 X120.225 Y100 E20.17745
G1 X120.184 Y101.296 E20.23981
G1 X120.059 Y102.586 E20.30215
G1 X119.852 Y103.866 E20.36451
G1 X119.564 Y105.13 E20.42686
G1 X119.195 Y106.373 E20.48922
G1 X118.747 Y107.59 E20.55159
G1 X118.222 Y108.775 E20.61393
G1 X117.647 Y109.878 E20.67376
G1 X117.442 Y110.222 F7800
G1 E18.67376 F2400
G92 E0
G1 X124.004 Y124.004 F7800
G1 E2 F2400
;TYPE:Perimeter
G1 F3600
G1 X75.996 Y124.004 E4.30902
G1 X75.996 Y75.996 E6.61804
G1 X124.004 Y75.996 E8.92706
G1 X124.004 Y123.944 E11.23319
G1 X124.389 Y124.389 F7800
G1 F3600
G1 X75.611 Y124.389 E13.57924
G1 X75.611 Y75.611 E15.92529
G1 X124.389 Y75.611 E18.27134
G1 X124.389 Y124.329 E20.61451
G1 X124.775 Y124.775 F7800
;TYPE:External perimeter
G1 F1800
G1 X75.225 Y124.775 E22.99769
G1 X75.225 Y75.225 E25.38087
G1 X124.775 Y75.225 E27.76405
G1 X124.775 Y124.715 E30.14435
G1 X124.379 Y124.774 F7800
G1 E28.14435 F2400
G92 E0
G1 X123.715 Y121.401 F7800
G1 E2 F2400
;TYPE:Internal infill
;WIDTH:0.45
G1 F4800
G1 X123.715 Y123.715 E2.1113
G1 X115.045 Y115.045 E2.70102
G1 X116.384 Y113.575 E2.79666
G1 X123.715 Y111.611 E3.16169
G1 X123.715 Y107.354 E3.36644
G1 X120.806 Y104.445 E3.56431
G1 X121.105 Y102.759 E3.64667
G1 X121.239 Y101.401 E3.7123
G1 X121.275 Y100.288 E3.76586
G1 X123.715 Y99.634 E3.88736
G1 X123.715 Y100.891 E3.94782
G1 X117.599 Y123.715 E5.08431
G1 X115.285 Y123.715 E5.19561
G1 E3.19561 F2400
G92 E0
G1 X108.713 Y119.415 F7800
G1 E2 F2400
G1 F4800
G1 X106.553 Y120.241 E2.11123
G1 X105.622 Y123.715 E2.28421
G1 X107.354 Y123.715 E2.36751
G1 X104.448 Y120.809 E2.56517
G1 X102.164 Y121.172 E2.6764
G1 E.6764 F2400
G92 E0
G1 X83.983 Y123.715 F7800
G1 E2 F2400
G1 F4800
G1 X81.669 Y123.715 E2.1113
G1 X84.204 Y114.253 E2.58244
G1 X82.92 Y112.701 E2.67932
G1 X81.723 Y110.886 E2.78389
G1 X76.285 Y112.343 E3.05466
G1 X76.285 Y109.006 E3.21516
G1 X90.994 Y123.715 E4.21565
G1 X93.646 Y123.715 E4.3432
G1 X94.493 Y120.551 E4.50074
G1 X92.587 Y119.951 E4.59685
G1 X78.542 Y123.715 E5.2962
G1 X76.285 Y123.715 E5.40475
G1 X76.285 Y123.658 E5.40749
G1 E3.40749 F2400
G92 E0
G1 X76.285 Y78.599 F7800
G1 E2 F2400
G1 F4800
G1 X76.285 Y76.285 E2.1113
G1 X84.956 Y84.956 E2.70109
G1 X83.616 Y86.425 E2.79672
G1 X76.285 Y88.389 E3.16175
G1 X76.285 Y92.646 E3.3665
G1 X79.193 Y95.553 E3.56426
G1 X78.88 Y97.389 E3.65384
G1 X78.761 Y98.599 E3.71232
G1 X78.726 Y99.712 E3.76588
G1 X76.285 Y100.366 E3.88742
G1 X76.285 Y99.109 E3.94788
G1 X82.401 Y76.285 E5.08437
G1 X84.715 Y76.285 E5.19567
G1 E3.19567 F2400
G92 E0
G1 X91.287 Y80.586 F7800
G1 E2 F2400
G1 F4800
G1 X92.614 Y80.038 E2.06905
G1 X93.447 Y79.76 E2.11129
G1 X94.378 Y76.285 E2.28432
G1 X92.646 Y76.285 E2.36762
G1 X95.552 Y79.191 E2.56528
G1 X97.836 Y78.828 E2.67651
G1 E.67651 F2400
G92 E0
G1 X116.017 Y76.285 F7800
G1 E2 F2400
G1 F4800
G1 X118.331 Y76.285 E2.1113
G1 X115.795 Y85.75 E2.58259
G1 X116.988 Y87.183 E2.67227
G1 X118.278 Y89.114 E2.78396
G1 X123.715 Y87.657 E3.05469
G1 X123.715 Y90.994 E3.21519
G1 X109.006 Y76.285 E4.21568
G1 X106.354 Y76.285 E4.34323
G1 X105.507 Y79.449 E4.50077
G1 X107.413 Y80.049 E4.59688
G1 X121.458 Y76.285 E5.29623
G1 X123.715 Y76.285 E5.40478
G1 X123.715 Y76.342 E5.40752
G1 E3.40752 F2400
G92 E0
G92 E0
G1 X100.599 Y81.014 F7800
G1 E2 F2400
;TYPE:Perimeter
;WIDTH:0.45
G1 F3600
G1 X100.747 Y81.015 E2.00712
G1 X101.825 Y81.085 E2.05908
G1 X103.033 Y81.24 E2.11766
G1 X104.229 Y81.473 E2.17626
G1 X105.404 Y81.781 E2.23468
G1 X106.691 Y82.218 E2.30005
G1 X107.692 Y82.623 E2.35199
G1 X108.79 Y83.152 E2.41061
G1 X109.851 Y83.75 E2.46919
G1 X110.872 Y84.414 E2.52777
G1 X111.848 Y85.143 E2.58636
G1 X112.776 Y85.932 E2.64495
G1 X113.651 Y86.78 E2.70356
G1 X114.468 Y87.679 E2.76199
G1 X115.308 Y88.747 E2.82734
G1 X115.926 Y89.633 E2.8793
G1 X116.558 Y90.675 E2.93791
G1 X117.121 Y91.755 E2.99649
G1 X117.614 Y92.869 E3.05508
G1 X118.035 Y94.012 E3.11366
G1 X118.382 Y95.18 E3.17226
G1 X118.653 Y96.367 E3.23082
G1 X118.847 Y97.567 E3.28929
G1 X118.969 Y98.92 E3.35463
G1 X119.003 Y100 E3.4066
G1 X118.964 Y101.218 E3.46521
G1 X118.847 Y102.43 E3.52377
G1 X118.653 Y103.633 E3.58238
G1 X118.382 Y104.82 E3.64094
G1 X118.035 Y105.988 E3.69954
G1 X117.614 Y107.131 E3.75812
G1 X117.121 Y108.245 E3.81671
G1 X116.558 Y109.325 E3.87529
G1 X115.926 Y110.367 E3.9339
G1 X115.229 Y111.366 E3.99249
G1 X114.47 Y112.318 E4.05105
G1 X113.651 Y113.22 E4.10965
G1 X112.776 Y114.068 E4.16826
G1 X111.848 Y114.857 E4.22685
G1 X110.872 Y115.586 E4.28544
G1 X109.851 Y116.25 E4.34402
G1 X108.79 Y116.848 E4.4026
G1 X107.692 Y117.377 E4.46122
G1 X106.563 Y117.834 E4.5198
G1 X105.407 Y118.218 E4.57839
G1 X104.229 Y118.527 E4.63696
G1 X103.033 Y118.76 E4.69556
G1 X101.825 Y118.915 E4.75414
G1 X100.609 Y118.993 E4.81275
G1 X99.391 Y118.993 E4.87133
G1 X98.175 Y118.915 E4.92994
G1 X96.967 Y118.76 E4.98852
G1 X95.771 Y118.527 E5.04712
G1 X94.593 Y118.218 E5.10569
G1 X93.437 Y117.834 E5.16428
G1 X92.308 Y117.377 E5.22286
G1 X91.21 Y116.848 E5.28148
G1 X90.149 Y116.25 E5.34006
G1 X89.128 Y115.586 E5.39864
G1 X88.152 Y114.857 E5.45723
G1 X87.224 Y114.068 E5.51582
G1 X86.349 Y113.22 E5.57443
G1 X85.53 Y112.318 E5.63303
G1 X84.771 Y111.366 E5.69159
G1 X84.074 Y110.367 E5.75018
G1 X83.442 Y109.325 E5.80879
G1 X82.879 Y108.245 E5.86737
G1 X82.386 Y107.131 E5.92596
G1 X81.965 Y105.988 E5.98454
G1 X81.619 Y104.823 E6.04299
G1 X81.325 Y103.497 E6.10831
G1 X81.153 Y102.43 E6.16029
G1 X81.036 Y101.218 E6.21885
G1 X80.997 Y100 E6.27746
G1 X81.036 Y98.782 E6.33607
G1 X81.153 Y97.57 E6.39463
G1 X81.347 Y96.367 E6.45324
G1 X81.618 Y95.183 E6.51166
G1 X82.012 Y93.883 E6.57699
G1 X82.386 Y92.869 E6.62897
G1 X82.879 Y91.755 E6.68756
G1 X83.442 Y90.675 E6.74614
G1 X84.074 Y89.633 E6.80475
G1 X84.769 Y88.637 E6.86316
G1 X85.623 Y87.58 E6.92852
G1 X86.349 Y86.78 E6.98048
G1 X87.222 Y85.935 E7.03892
G1 X88.262 Y85.06 E7.10429
G1 X89.128 Y84.414 E7.15625
G1 X90.146 Y83.751 E7.21468
G1 X91.334 Y83.092 E7.28002
G1 X92.308 Y82.623 E7.33201
G1 X93.437 Y82.166 E7.39059
G1 X94.593 Y81.782 E7.44918
G1 X95.771 Y81.473 E7.50775
G1 X96.967 Y81.24 E7.56635
G1 X98.175 Y81.085 E7.62493
G1 X99.388 Y81.007 E7.68339
G1 X100.539 Y81.014 E7.73875
G1 X100.624 Y80.629 F7800
G1 F3600
G1 X100.76 Y80.63 E7.74529
G1 X101.862 Y80.701 E7.7984
G1 X103.094 Y80.859 E7.85814
G1 X104.314 Y81.097 E7.91792
G1 X105.515 Y81.412 E7.97764
G1 X106.825 Y81.856 E8.04417
G1 X107.848 Y82.27 E8.09725
G1 X108.968 Y82.81 E8.15705
G1 X110.051 Y83.42 E8.21683
G1 X111.093 Y84.098 E8.27662
G1 X112.089 Y84.841 E8.33638
G1 X113.035 Y85.647 E8.39615
G1 X113.928 Y86.511 E8.45591
G1 X114.762 Y87.43 E8.5156
G1 X115.618 Y88.517 E8.58215
G1 X116.25 Y89.423 E8.63528
G1 X116.894 Y90.485 E8.69502
G1 X117.469 Y91.587 E8.7548
G1 X117.972 Y92.724 E8.8146
G1 X118.401 Y93.89 E8.87436
G1 X118.755 Y95.082 E8.93417
G1 X119.032 Y96.294 E8.99397
G1 X119.23 Y97.519 E9.05365
G1 X119.354 Y98.897 E9.12019
G1 X119.389 Y100 E9.17327
G1 X119.349 Y101.242 E9.23304
G1 X119.23 Y102.479 E9.29281
G1 X119.032 Y103.706 E9.35259
G1 X118.755 Y104.918 E9.41239
G1 X118.401 Y106.11 E9.4722
G1 X117.972 Y107.276 E9.53196
G1 X117.469 Y108.413 E9.59176
G1 X116.894 Y109.515 E9.65154
G1 X116.25 Y110.577 E9.71128
G1 X115.539 Y111.597 E9.77108
G1 X114.764 Y112.569 E9.83087
G1 X113.928 Y113.489 E9.89066
G1 X113.035 Y114.353 E9.95042
G1 X112.089 Y115.159 E10.01019
G1 X111.093 Y115.902 E10.06995
G1 X110.051 Y116.58 E10.12974
G1 X108.968 Y117.19 E10.18952
G1 X107.848 Y117.73 E10.24932
G1 X106.696 Y118.196 E10.30909
G1 X105.517 Y118.588 E10.36885
G1 X104.314 Y118.903 E10.42866
G1 X103.094 Y119.141 E10.48844
G1 X101.862 Y119.299 E10.54818
G1 X100.621 Y119.379 E10.60799
G1 X99.379 Y119.379 E10.66773
G1 X98.138 Y119.299 E10.72754
G1 X96.906 Y119.141 E10.78728
G1 X95.686 Y118.903 E10.84706
G1 X94.483 Y118.588 E10.90687
G1 X93.304 Y118.196 E10.96663
G1 X92.152 Y117.73 E11.0264
G1 X91.032 Y117.19 E11.0862
G1 X89.949 Y116.58 E11.14598
G1 X88.907 Y115.902 E11.20577
G1 X87.911 Y115.159 E11.26553
G1 X86.965 Y114.353 E11.3253
G1 X86.072 Y113.489 E11.38506
G1 X85.236 Y112.569 E11.44485
G1 X84.461 Y111.597 E11.50464
G1 X83.75 Y110.577 E11.56444
G1 X83.106 Y109.515 E11.62418
G1 X82.531 Y108.413 E11.68396
G1 X82.028 Y107.276 E11.74376
G1 X81.599 Y106.11 E11.80352
G1 X81.246 Y104.92 E11.86322
G1 X80.946 Y103.569 E11.92978
G1 X80.77 Y102.479 E11.98288
G1 X80.651 Y101.242 E12.04265
G1 X80.611 Y100 E12.10242
G1 X80.651 Y98.758 E12.16219
G1 X80.77 Y97.521 E12.22196
G1 X80.968 Y96.294 E12.28174
G1 X81.245 Y95.084 E12.34144
G1 X81.647 Y93.76 E12.40799
G1 X82.028 Y92.724 E12.46108
G1 X82.531 Y91.587 E12.52088
G1 X83.106 Y90.485 E12.58066
G1 X83.75 Y89.423 E12.6404
G1 X84.46 Y88.405 E12.70009
G1 X85.33 Y87.329 E12.76664
G1 X86.072 Y86.511 E12.81976
G1 X86.963 Y85.648 E12.87942
G1 X88.023 Y84.758 E12.94599
G1 X88.907 Y84.098 E12.99905
G1 X89.947 Y83.421 E13.05873
G1 X91.157 Y82.749 E13.1253
G1 X92.152 Y82.27 E13.17841
G1 X93.304 Y81.804 E13.23818
G1 X94.483 Y81.412 E13.29794
G1 X95.686 Y81.097 E13.35775
G1 X96.906 Y80.859 E13.41753
G1 X98.138 Y80.701 E13.47727
G1 X99.377 Y80.621 E13.53699
G1 X100.564 Y80.629 E13.59408
G1 X100.649 Y80.243 F7800
;TYPE:External perimeter
G1 F1800
G1 X100.774 Y80.244 E13.60009
G1 X101.899 Y80.316 E13.65431
G1 X103.156 Y80.479 E13.71527
G1 X104.4 Y80.721 E13.77622
G1 X105.626 Y81.042 E13.83717
G1 X106.96 Y81.495 E13.90493
G1 X108.005 Y81.918 E13.95915
G1 X109.147 Y82.468 E14.02011
G1 X110.251 Y83.09 E14.08106
G1 X111.314 Y83.781 E14.14204
G1 X112.329 Y84.539 E14.20297
G1 X113.295 Y85.361 E14.26398
G1 X114.205 Y86.243 E14.32493
G1 X115.057 Y87.181 E14.38588
G1 X115.928 Y88.288 E14.45363
G1 X116.573 Y89.212 E14.50783
G1 X117.23 Y90.296 E14.5688
G1 X117.817 Y91.42 E14.62979
G1 X118.33 Y92.579 E14.69075
G1 X118.767 Y93.769 E14.75172
G1 X119.128 Y94.984 E14.81268
G1 X119.41 Y96.22 E14.87365
G1 X119.612 Y97.471 E14.9346
G1 X119.739 Y98.873 E15.00231
G1 X119.775 Y100 E15.05654
G1 X119.734 Y101.267 E15.11751
G1 X119.613 Y102.529 E15.17849
G1 X119.41 Y103.78 E15.23945
G1 X119.128 Y105.016 E15.30042
G1 X118.767 Y106.231 E15.36138
G1 X118.33 Y107.421 E15.42235
G1 X117.817 Y108.58 E15.48331
G1 X117.23 Y109.704 E15.5443
G1 X116.573 Y110.788 E15.60527
G1 X115.848 Y111.828 E15.66625
G1 X115.058 Y112.819 E15.72721
G1 X114.205 Y113.757 E15.78819
G1 X113.295 Y114.639 E15.84914
G1 X112.329 Y115.461 E15.91015
G1 X111.314 Y116.219 E15.97108
G1 X110.251 Y116.91 E16.03206
G1 X109.147 Y117.532 E16.09301
G1 X108.005 Y118.082 E16.15397
G1 X106.83 Y118.558 E16.21494
G1 X105.626 Y118.958 E16.27596
G1 X104.4 Y119.279 E16.33691
G1 X103.156 Y119.521 E16.39786
G1 X101.899 Y119.684 E16.45882
G1 X100.634 Y119.765 E16.51979
G1 X99.366 Y119.765 E16.58078
G1 X98.101 Y119.684 E16.64175
G1 X96.844 Y119.521 E16.70271
G1 X95.6 Y119.279 E16.76366
G1 X94.374 Y118.958 E16.82461
G1 X93.17 Y118.558 E16.88563
G1 X91.995 Y118.082 E16.9466
G1 X90.853 Y117.532 E17.00756
G1 X89.749 Y116.91 E17.06851
G1 X88.686 Y116.219 E17.12949
G1 X87.671 Y115.461 E17.19042
G1 X86.705 Y114.639 E17.25143
G1 X85.795 Y113.757 E17.31238
G1 X84.942 Y112.819 E17.37336
G1 X84.152 Y111.828 E17.43432
G1 X83.427 Y110.788 E17.4953
G1 X82.77 Y109.704 E17.55627
G1 X82.183 Y108.58 E17.61726
G1 X81.67 Y107.421 E17.67822
G1 X81.233 Y106.231 E17.73919
G1 X80.872 Y105.017 E17.80011
G1 X80.567 Y103.642 E17.86785
G1 X80.387 Y102.529 E17.92208
G1 X80.266 Y101.267 E17.98306
G1 X80.225 Y100 E18.04403
G1 X80.266 Y98.733 E18.105
G1 X80.387 Y97.471 E18.16598
G1 X80.59 Y96.22 E18.22694
G1 X80.872 Y94.985 E18.28787
G1 X81.281 Y93.637 E18.35562
G1 X81.67 Y92.579 E18.40984
G1 X82.183 Y91.42 E18.4708
G1 X82.77 Y90.296 E18.53179
G1 X83.427 Y89.212 E18.59276
G1 X84.152 Y88.173 E18.6537
G1 X85.037 Y87.077 E18.72145
G1 X85.795 Y86.243 E18.77565
G1 X86.705 Y85.362 E18.83657
G1 X87.783 Y84.455 E18.90433
G1 X88.686 Y83.781 E18.95853
G1 X89.748 Y83.09 E19.01947
G1 X90.98 Y82.407 E19.08722
G1 X91.995 Y81.918 E19.14141
G1 X93.17 Y81.442 E19.20238
G1 X94.374 Y81.042 E19.2634
G1 X95.6 Y80.721 E19.32435
G1 X96.844 Y80.479 E19.3853
G1 X98.101 Y80.316 E19.44626
G1 X99.365 Y80.235 E19.50718
G1 X100.589 Y80.243 E19.56605
G1 X100.988 Y80.259 F7800
G1 E17.56605 F2400
G92 E0
G1 X95.512 Y81.84 F7800
G1 E2 F2400
;TYPE:Internal infill
;WIDTH:0.45
G1 F4800
G1 X97.013 Y81.526 E2.07376
G1 X97.787 Y81.426 E2.1113
G1 X118.577 Y102.217 E3.52545
G1 X118.682 Y100.982 E3.58506
G1 X84.307 Y110.193 E5.29671
G1 X85.019 Y111.213 E5.35654
G1 X92.631 Y82.804 E6.77111
G1 X91.467 Y83.349 E6.83293
G1 X90.568 Y83.848 E6.88238
G1 E4.88238 F2400
G92 E0
G1 X114.757 Y111.494 F7800
G1 E2 F2400
G1 F4800
G1 X114.25 Y112.131 E2.03916
G1 X113.228 Y113.228 E2.11127
G1 X86.772 Y86.772 E3.91078
G1 X87.416 Y86.149 E3.95388
G1 X88.766 Y85.045 E4.03776
G1 X102.253 Y81.431 E4.70932
G1 X102.987 Y81.526 E4.74492
G1 X104.841 Y81.933 E4.83621
G1 X95.159 Y118.067 E6.63544
G1 X97.013 Y118.474 E6.72673
G1 X97.747 Y118.569 E6.76233
G1 X111.234 Y114.955 E7.43389
G1 X112.993 Y113.455 E7.54508
G1 E5.54508 F2400
G92 E0
G1 X109.433 Y116.154 F7800
G1 E2 F2400
G1 F4800
G1 X108.656 Y116.592 E2.0429
G1 X107.369 Y117.196 E2.11128
G1 X114.979 Y88.796 E3.52541
G1 X115.693 Y89.807 E3.58494
G1 X81.318 Y99.018 E5.29659
G1 X81.423 Y97.783 E5.3562
G1 X102.213 Y118.574 E6.77035
G1 X102.987 Y118.474 E6.80789
G1 X104.488 Y118.16 E6.88165
;LAYER_CHANGE
;Z:1.55
;HEIGHT:0.3
G1 E4.88165 F2400
G92 E0
G1 Z1.55 F7800
G92 E0
G1 X118.278 Y110.331
G1 E2 F2400
;TYPE:Perimeter
;WIDTH:0.45
G1 F3600
G1 X117.597 Y111.454 E2.06317
G1 X116.827 Y112.558 E2.12791
G1 X115.988 Y113.611 E2.19267
G1 X115.083 Y114.607 E2.2574
G1 X114.116 Y115.543 E2.32213
G1 X113.091 Y116.416 E2.38689
G1 X112.013 Y117.221 E2.4516
G1 X110.885 Y117.955 E2.51633
G1 X109.712 Y118.616 E2.58109
G1 X108.499 Y119.2 E2.64584
G1 X107.252 Y119.705 E2.71055
G1 X105.974 Y120.129 E2.77531
G1 X104.672 Y120.47 E2.84004
G1 X103.351 Y120.728 E2.90478
G1 X102.016 Y120.9 E2.96952
G1 X100.673 Y120.986 E3.03425
G1 X99.327 Y120.986 E3.09899
G1 X97.984 Y120.9 E3.16372
G1 X96.649 Y120.728 E3.22846
G1 X95.328 Y120.47 E3.2932
G1 X94.026 Y120.129 E3.35793
G1 X92.748 Y119.705 E3.42269
G1 X91.501 Y119.2 E3.4874
G1 X90.288 Y118.616 E3.55215
G1 X89.115 Y117.955 E3.61691
G1 X87.987 Y117.221 E3.68164
G1 X86.909 Y116.416 E3.74635
G1 X85.884 Y115.543 E3.81111
G1 X84.917 Y114.607 E3.87584
G1 X84.012 Y113.611 E3.94057
G1 X83.173 Y112.558 E4.00533
G1 X82.403 Y111.454 E4.07007
G1 X81.705 Y110.303 E4.13481
G1 X81.083 Y109.11 E4.19952
G1 X80.538 Y107.879 E4.26427
G1 X80.073 Y106.616 E4.329
G1 X79.69 Y105.326 E4.39372
G1 X79.39 Y104.014 E4.45845
G1 X79.176 Y102.685 E4.52319
G1 X79.046 Y101.345 E4.58794
G1 X79.009 Y100.183 E4.64386
G1 X79.046 Y98.659 E4.71718
G1 X79.176 Y97.315 E4.78212
G1 X79.39 Y95.986 E4.84686
G1 X79.69 Y94.674 E4.91159
G1 X80.021 Y93.56 E4.96748
G1 X80.536 Y92.124 E5.04085
G1 X81.083 Y90.89 E5.10577
G1 X81.705 Y89.697 E5.17048
G1 X82.403 Y88.546 E5.23522
G1 X83.173 Y87.442 E5.29996
G1 X83.898 Y86.533 E5.35588
G1 X84.914 Y85.396 E5.42922
G1 X85.884 Y84.457 E5.49415
G1 X86.769 Y83.703 E5.55007
G1 X87.984 Y82.781 E5.62343
G1 X89.115 Y82.045 E5.68833
G1 X90.128 Y81.474 E5.74426
G1 X91.497 Y80.802 E5.81761
G1 X92.748 Y80.295 E5.88253
G1 X94.026 Y79.871 E5.94729
G1 X95.328 Y79.53 E6.01202
G1 X96.649 Y79.272 E6.07676
G1 X97.984 Y79.1 E6.1415
G1 X99.327 Y79.014 E6.20623
G1 X100.673 Y79.014 E6.27097
G1 X102.016 Y79.1 E6.3357
G1 X103.351 Y79.272 E6.40044
G1 X104.672 Y79.53 E6.46518
G1 X105.974 Y79.871 E6.52991
G1 X107.252 Y80.295 E6.59467
G1 X108.499 Y80.8 E6.65938
G1 X109.712 Y81.384 E6.72413
G1 X110.885 Y82.045 E6.78889
G1 X112.013 Y82.779 E6.85362
G1 X113.091 Y83.584 E6.91833
G1 X114.116 Y84.457 E6.98309
G1 X115.083 Y85.393 E7.04782
G1 X115.988 Y86.389 E7.11255
G1 X116.827 Y87.442 E7.17731
G1 X117.597 Y88.546 E7.24205
G1 X118.295 Y89.697 E7.30679
G1 X118.917 Y90.89 E7.3715
G1 X119.462 Y92.121 E7.43625
G1 X119.927 Y93.384 E7.50098
G1 X120.31 Y94.674 E7.5657
G1 X120.61 Y95.986 E7.63043
G1 X120.824 Y97.315 E7.69517
G1 X120.954 Y98.655 E7.75992
G1 X120.997 Y100 E7.82464
G1 X120.954 Y101.345 E7.88936
G1 X120.824 Y102.685 E7.95411
G1 X120.61 Y104.014 E8.01885
G1 X120.31 Y105.326 E8.08358
G1 X119.927 Y106.616 E8.1483
G1 X119.462 Y107.879 E8.21303
G1 X118.917 Y109.11 E8.27778
G1 X118.308 Y110.279 E8.34118
G1 X117.949 Y110.131 F7800
G1 F3600
G1 X117.274 Y111.244 E8.40379
G1 X116.518 Y112.328 E8.46735
G1 X115.694 Y113.361 E8.5309
G1 X114.806 Y114.339 E8.59444
G1 X113.857 Y115.258 E8.65798
G1 X112.851 Y116.114 E8.72151
G1 X111.792 Y116.905 E8.78508
G1 X110.685 Y117.625 E8.84859
G1 X109.533 Y118.274 E8.91218
G1 X108.343 Y118.847 E8.9757
G1 X107.118 Y119.343 E9.03926
G1 X105.864 Y119.759 E9.10281
G1 X104.586 Y120.094 E9.16635
G1 X103.29 Y120.347 E9.22986
G1 X101.979 Y120.516 E9.29344
G1 X100.661 Y120.6 E9.35696
G1 X99.339 Y120.6 E9.42054
G1 X98.021 Y120.516 E9.48406
G1 X96.711 Y120.347 E9.54759
G1 X95.414 Y120.094 E9.61115
G1 X94.136 Y119.759 E9.67469
G1 X92.882 Y119.343 E9.73824
G1 X91.657 Y118.847 E9.8018
G1 X90.467 Y118.274 E9.86532
G1 X89.315 Y117.625 E9.92891
G1 X88.208 Y116.905 E9.99242
G1 X87.149 Y116.114 E10.05599
G1 X86.143 Y115.258 E10.11952
G1 X85.194 Y114.339 E10.18306
G1 X84.306 Y113.361 E10.2466
G1 X83.482 Y112.328 E10.31015
G1 X82.726 Y111.244 E10.37371
G1 X82.041 Y110.114 E10.43727
G1 X81.43 Y108.943 E10.5008
G1 X80.895 Y107.735 E10.56434
G1 X80.439 Y106.495 E10.62788
G1 X80.063 Y105.228 E10.69145
G1 X79.769 Y103.94 E10.75499
G1 X79.558 Y102.636 E10.81852
G1 X79.431 Y101.321 E10.88206
G1 X79.395 Y100.182 E10.93687
G1 X79.431 Y98.682 E11.00904
G1 X79.558 Y97.364 E11.07272
G1 X79.769 Y96.06 E11.13625
G1 X80.063 Y94.772 E11.19979
G1 X80.387 Y93.68 E11.25457
G1 X80.894 Y92.268 E11.32673
G1 X81.43 Y91.057 E11.39043
G1 X82.041 Y89.886 E11.45396
G1 X82.726 Y88.756 E11.51752
G1 X83.482 Y87.672 E11.58108
G1 X84.192 Y86.782 E11.63584
G1 X85.192 Y85.663 E11.70802
G1 X86.143 Y84.742 E11.77169
G1 X87.011 Y84.004 E11.82649
G1 X88.206 Y83.097 E11.89865
G1 X89.315 Y82.375 E11.9623
G1 X90.308 Y81.816 E12.01711
G1 X91.655 Y81.154 E12.0893
G1 X92.882 Y80.657 E12.15297
G1 X94.136 Y80.241 E12.21652
G1 X95.414 Y79.906 E12.28006
G1 X96.71 Y79.653 E12.34357
G1 X98.021 Y79.484 E12.40715
G1 X99.339 Y79.4 E12.47067
G1 X100.661 Y79.4 E12.53425
G1 X101.979 Y79.484 E12.59777
G1 X103.289 Y79.653 E12.6613
G1 X104.586 Y79.906 E12.72486
G1 X105.864 Y80.241 E12.7884
G1 X107.118 Y80.657 E12.85195
G1 X108.343 Y81.153 E12.91551
G1 X109.533 Y81.726 E12.97903
G1 X110.685 Y82.375 E13.04262
G1 X111.792 Y83.095 E13.10613
G1 X112.851 Y83.886 E13.1697
G1 X113.857 Y84.742 E13.23323
G1 X114.806 Y85.661 E13.29677
G1 X115.694 Y86.639 E13.36031
G1 X116.518 Y87.672 E13.42386
G1 X117.274 Y88.756 E13.48742
G1 X117.959 Y89.886 E13.55098
G1 X118.57 Y91.057 E13.61451
G1 X119.105 Y92.265 E13.67805
G1 X119.561 Y93.505 E13.74159
G1 X119.937 Y94.772 E13.80516
G1 X120.231 Y96.06 E13.8687
G1 X120.442 Y97.364 E13.93223
G1 X120.569 Y98.679 E13.99577
G1 X120.611 Y100 E14.05934
G1 X120.569 Y101.321 E14.12291
G1 X120.442 Y102.636 E14.18645
G1 X120.231 Y103.94 E14.24998
G1 X119.937 Y105.228 E14.31352
G1 X119.561 Y106.495 E14.37709
G1 X119.105 Y107.735 E14.44063
G1 X118.57 Y108.943 E14.50417
G1 X117.977 Y110.078 E14.56576
G1 X117.619 Y109.931 F7800
;TYPE:External perimeter
G1 F1800
G1 X116.95 Y111.033 E14.62776
G1 X116.209 Y112.097 E14.69012
G1 X115.4 Y113.11 E14.75247
G1 X114.529 Y114.07 E14.81481
G1 X113.597 Y114.972 E14.87719
G1 X112.61 Y115.813 E14.93956
G1 X111.571 Y116.588 E15.0019
G1 X110.485 Y117.295 E15.06423
G1 X109.355 Y117.932 E15.12662
G1 X108.187 Y118.494 E15.18896
G1 X106.985 Y118.981 E15.25134
G1 X105.755 Y119.389 E15.31367
G1 X104.501 Y119.718 E15.37602
G1 X103.228 Y119.966 E15.4384
G1 X101.942 Y120.132 E15.50077
G1 X100.648 Y120.215 E15.56313
G1 X99.352 Y120.215 E15.62546
G1 X98.058 Y120.132 E15.68782
G1 X96.772 Y119.966 E15.75019
G1 X95.499 Y119.718 E15.81257
G1 X94.245 Y119.389 E15.87492
G1 X93.015 Y118.981 E15.93725
G1 X91.813 Y118.494 E15.99963
G1 X90.645 Y117.932 E16.06197
G1 X89.515 Y117.295 E16.12436
G1 X88.429 Y116.588 E16.18669
G1 X87.39 Y115.813 E16.24903
G1 X86.403 Y114.972 E16.3114
G1 X85.471 Y114.07 E16.37378
G1 X84.6 Y113.111 E16.43609
G1 X83.791 Y112.097 E16.49848
G1 X83.05 Y111.034 E16.5608
G1 X82.377 Y109.925 E16.62319
G1 X81.778 Y108.775 E16.68555
G1 X81.253 Y107.59 E16.74789
G1 X80.805 Y106.373 E16.81026
G1 X80.436 Y105.13 E16.87262
G1 X80.148 Y103.866 E16.93497
G1 X79.941 Y102.586 E16.99733
G1 X79.816 Y101.296 E17.05967
G1 X79.781 Y100.18 E17.11337
G1 X79.816 Y98.705 E17.18433
G1 X79.941 Y97.414 E17.24671
G1 X80.148 Y96.134 E17.30907
G1 X80.436 Y94.87 E17.37142
G1 X80.754 Y93.8 E17.42511
G1 X81.253 Y92.411 E17.4961
G1 X81.778 Y91.225 E17.55848
G1 X82.377 Y90.075 E17.62084
G1 X83.05 Y88.967 E17.68319
G1 X83.791 Y87.903 E17.74555
G1 X84.487 Y87.031 E17.79921
G1 X85.471 Y85.93 E17.87023
G1 X86.403 Y85.028 E17.93261
G1 X87.252 Y84.304 E17.98628
G1 X88.428 Y83.412 E18.05727
G1 X89.515 Y82.705 E18.11964
G1 X90.488 Y82.157 E18.17335
G1 X91.812 Y81.506 E18.24431
G1 X93.015 Y81.019 E18.30673
G1 X94.245 Y80.611 E18.36906
G1 X95.499 Y80.282 E18.43141
G1 X96.772 Y80.034 E18.49379
G1 X98.058 Y79.868 E18.55616
G1 X99.352 Y79.785 E18.61852
G1 X100.648 Y79.785 E18.68085
G1 X101.942 Y79.868 E18.74321
G1 X103.228 Y80.034 E18.80558
G1 X104.501 Y80.282 E18.86796
G1 X105.755 Y80.611 E18.93031
G1 X106.985 Y81.019 E18.99264
G1 X108.187 Y81.506 E19.05502
G1 X109.355 Y82.068 E19.11736
G1 X110.485 Y82.705 E19.17975
G1 X111.571 Y83.412 E19.24208
G1 X112.61 Y84.187 E19.30442
G1 X113.597 Y85.028 E19.36679
G1 X114.529 Y85.93 E19.42917
G1 X115.4 Y86.89 E19.49151
G1 X116.209 Y87.903 E19.55386
G1 X116.95 Y88.966 E19.61618
G1 X117.623 Y90.075 E19.67857
G1 X118.222 Y91.225 E19.74093
G1 X118.747 Y92.41 E19.80327
G1 X119.195 Y93.627 E19.86564
G1 X119.564 Y94.87 E19.928
G1 X119.852 Y96.134 E19.99035
G1 X120.059 Y97.414 E20.05271
G1 X120.184 Y98.704 E20.11505
G1 X120.225 Y100 E20.17741
G1 X120.184 Y101.296 E20.23977
G1 X120.059 Y102.586 E20.30211
G1 X119.852 Y103.866 E20.36447
G1 X119.564 Y105.13 E20.42682
G1 X119.195 Y106.373 E20.48918
G1 X118.747 Y107.59 E20.55155
G1 X118.222 Y108.775 E20.61389
G1 X117.647 Y109.878 E20.67372
G1 X117.442 Y110.222 F7800
G1 E18.67372 F2400
G92 E0
G1 X124.004 Y124.004 F7800
G1 E2 F2400
;TYPE:Perimeter
G1 F3600
G1 X75.996 Y124.004 E4.30902
G1 X75.996 Y75.996 E6.61804
G1 X124.004 Y75.996 E8.92706
G1 X124.004 Y123.944 E11.23319
G1 X124.389 Y124.389 F7800
G1 F3600
G1 X75.611 Y124.389 E13.57924
G1 X75.611 Y75.611 E15.92529
G1 X124.389 Y75.611 E18.27134
G1 X124.389 Y124.329 E20.61451
G1 X124.775 Y124.775 F7800
;TYPE:External perimeter
G1 F1800
G1 X75.225 Y124.775 E22.99769
G1 X75.225 Y75.225 E25.38087
G1 X124.775 Y75.225 E27.76405
G1 X124.775 Y124.715 E30.14435
G1 X124.379 Y124.774 F7800
G1 E28.14435 F2400
G92 E0
G1 X123.715 Y121.401 F7800
G1 E2 F2400
;TYPE:Internal infill
;WIDTH:0.45
G1 F4800
G1 X123.715 Y123.715 E2.1113
G1 X115.045 Y115.045 E2.70102
G1 X116.387 Y113.574 E2.79679
G1 X123.715 Y111.611 E3.16167
G1 X123.715 Y107.354 E3.36642
G1 X120.806 Y104.445 E3.56429
G1 X121.105 Y102.759 E3.64665
G1 X121.239 Y101.401 E3.71228
G1 X121.275 Y100.288 E3.76584
G1 X123.715 Y99.634 E3.88734
G1 X123.715 Y100.891 E3.9478
G1 X117.599 Y123.715 E5.08429
G1 X115.285 Y123.715 E5.19559
G1 E3.19559 F2400
G92 E0
G1 X108.713 Y119.415 F7800
G1 E2 F2400
G1 F4800
G1 X107.386 Y119.962 E2.06903
G1 X106.553 Y120.24 E2.11127
G1 X105.622 Y123.715 E2.2843
G1 X107.354 Y123.715 E2.3676
G1 X104.448 Y120.809 E2.56526
G1 X102.164 Y121.172 E2.67649
G1 E.67649 F2400
G92 E0
G1 X83.983 Y123.715 F7800
G1 E2 F2400
G1 F4800
G1 X81.669 Y123.715 E2.1113
G1 X84.205 Y114.251 E2.58254
G1 X82.92 Y112.701 E2.67938
G1 X81.72 Y110.886 E2.78403
G1 X76.285 Y112.343 E3.05466
G1 X76.285 Y109.006 E3.21516
G1 X90.994 Y123.715 E4.21565
G1 X93.646 Y123.715 E4.3432
G1 X94.493 Y120.551 E4.50074
G1 X92.587 Y119.951 E4.59685
G1 X78.542 Y123.715 E5.2962
G1 X76.285 Y123.715 E5.40475
G1 X76.285 Y123.658 E5.40749
G1 E3.40749 F2400
G92 E0
G1 X76.285 Y78.599 F7800
G1 E2 F2400
G1 F4800
G1 X76.285 Y76.285 E2.1113
G1 X84.956 Y84.956 E2.70109
G1 X83.616 Y86.425 E2.79672
G1 X76.285 Y88.389 E3.16175
G1 X76.285 Y92.646 E3.3665
G1 X79.195 Y95.555 E3.5644
G1 X78.895 Y97.241 E3.64676
G1 X78.761 Y98.6 E3.71244
G1 X78.733 Y99.71 E3.76584
G1 X76.285 Y100.366 E3.88773
G1 X76.285 Y99.109 E3.94819
G1 X82.401 Y76.285 E5.08468
G1 X84.715 Y76.285 E5.19598
G1 E3.19598 F2400
G92 E0
G1 X91.287 Y80.586 F7800
G1 E2 F2400
G1 F4800
G1 X92.614 Y80.038 E2.06905
G1 X93.447 Y79.76 E2.11129
G1 X94.378 Y76.285 E2.28432
G1 X92.646 Y76.285 E2.36762
G1 X95.552 Y79.191 E2.56528
G1 X97.836 Y78.828 E2.67651
G1 E.67651 F2400
G92 E0
G1 X116.017 Y76.285 F7800
G1 E2 F2400
G1 F4800
G1 X118.331 Y76.285 E2.1113
G1 X115.795 Y85.75 E2.58259
G1 X117.08 Y87.299 E2.67939
G1 X118.277 Y89.114 E2.78396
G1 X123.715 Y87.657 E3.05473
G1 X123.715 Y90.994 E3.21523
G1 X109.006 Y76.285 E4.21572
G1 X106.354 Y76.285 E4.34327
G1 X105.507 Y79.449 E4.50081
G1 X107.413 Y80.049 E4.59692
G1 X121.458 Y76.285 E5.29627
G1 X123.715 Y76.285 E5.40482
G1 X123.715 Y76.342 E5.40756
G1 E3.40756 F2400
G92 E0
G92 E0
G1 X100.599 Y81.016 F7800
G1 E2 F2400
;TYPE:Perimeter
;WIDTH:0.45
G1 F3600
G1 X100.784 Y81.018 E2.0089
G1 X101.825 Y81.085 E2.05907
G1 X103.033 Y81.24 E2.11765
G1 X104.229 Y81.473 E2.17625
G1 X105.407 Y81.782 E2.23482
G1 X106.563 Y82.166 E2.29341
G1 X107.692 Y82.623 E2.35199
G1 X108.79 Y83.152 E2.41061
G1 X109.851 Y83.75 E2.46919
G1 X110.872 Y84.414 E2.52777
G1 X111.848 Y85.143 E2.58636
G1 X112.776 Y85.932 E2.64495
G1 X113.651 Y86.78 E2.70356
G1 X114.47 Y87.682 E2.76216
G1 X115.229 Y88.634 E2.82072
G1 X115.926 Y89.633 E2.87931
G1 X116.558 Y90.675 E2.93792
G1 X117.121 Y91.755 E2.9965
G1 X117.614 Y92.869 E3.05509
G1 X118.035 Y94.012 E3.11367
G1 X118.382 Y95.18 E3.17227
G1 X118.653 Y96.367 E3.23083
G1 X118.847 Y97.57 E3.28944
G1 X118.964 Y98.782 E3.348
G1 X119.003 Y100 E3.40661
G1 X118.964 Y101.218 E3.46522
G1 X118.847 Y102.43 E3.52378
G1 X118.653 Y103.633 E3.58239
G1 X118.382 Y104.82 E3.64095
G1 X118.035 Y105.988 E3.69955
G1 X117.614 Y107.131 E3.75813
G1 X117.121 Y108.245 E3.81672
G1 X116.558 Y109.325 E3.8753
G1 X115.926 Y110.367 E3.93391
G1 X115.229 Y111.366 E3.9925
G1 X114.47 Y112.318 E4.05106
G1 X113.651 Y113.22 E4.10966
G1 X112.776 Y114.068 E4.16827
G1 X111.848 Y114.857 E4.22686
G1 X110.872 Y115.586 E4.28545
G1 X109.851 Y116.25 E4.34403
G1 X108.79 Y116.848 E4.40261
G1 X107.692 Y117.377 E4.46123
G1 X106.563 Y117.834 E4.51981
G1 X105.407 Y118.218 E4.5784
G1 X104.229 Y118.527 E4.63697
G1 X103.033 Y118.76 E4.69557
G1 X101.825 Y118.915 E4.75415
G1 X100.609 Y118.993 E4.81276
G1 X99.391 Y118.993 E4.87134
G1 X98.175 Y118.915 E4.92995
G1 X96.967 Y118.76 E4.98853
G1 X95.771 Y118.527 E5.04713
G1 X94.593 Y118.218 E5.1057
G1 X93.437 Y117.834 E5.16429
G1 X92.308 Y117.377 E5.22287
G1 X91.21 Y116.848 E5.28149
G1 X90.149 Y116.25 E5.34007
G1 X89.128 Y115.586 E5.39865
G1 X88.152 Y114.857 E5.45724
G1 X87.224 Y114.068 E5.51583
G1 X86.352 Y113.223 E5.57423
G1 X85.421 Y112.181 E5.64144
G1 X84.771 Y111.366 E5.69158
G1 X84.074 Y110.367 E5.75017
G1 X83.442 Y109.325 E5.80878
G1 X82.879 Y108.245 E5.86736
G1 X82.386 Y107.131 E5.92595
G1 X81.965 Y105.988 E5.98453
G1 X81.619 Y104.824 E6.04294
G1 X81.319 Y103.459 E6.11016
G1 X81.153 Y102.43 E6.16029
G1 X81.036 Y101.218 E6.21885
G1 X80.997 Y100 E6.27746
G1 X81.036 Y98.786 E6.33588
G1 X81.181 Y97.397 E6.40305
G1 X81.347 Y96.367 E6.45323
G1 X81.618 Y95.18 E6.51179
G1 X81.965 Y94.012 E6.57039
G1 X82.386 Y92.869 E6.62897
G1 X82.879 Y91.755 E6.68756
G1 X83.442 Y90.675 E6.74614
G1 X84.074 Y89.633 E6.80475
G1 X84.768 Y88.637 E6.86314
G1 X85.648 Y87.552 E6.93033
G1 X86.349 Y86.78 E6.98048
G1 X87.224 Y85.932 E7.03909
G1 X88.152 Y85.143 E7.09768
G1 X89.128 Y84.414 E7.15627
G1 X90.146 Y83.752 E7.21467
G1 X91.368 Y83.076 E7.28184
G1 X92.308 Y82.623 E7.33203
G1 X93.437 Y82.166 E7.39061
G1 X94.593 Y81.782 E7.4492
G1 X95.771 Y81.473 E7.50777
G1 X96.967 Y81.24 E7.56637
G1 X98.175 Y81.085 E7.62495
G1 X99.387 Y81.007 E7.68336
G1 X100.539 Y81.016 E7.73877
G1 X100.624 Y80.631 F7800
G1 F3600
G1 X100.798 Y80.632 E7.74714
G1 X101.862 Y80.701 E7.79842
G1 X103.094 Y80.859 E7.85816
G1 X104.314 Y81.097 E7.91794
G1 X105.517 Y81.412 E7.97775
G1 X106.696 Y81.804 E8.03751
G1 X107.848 Y82.27 E8.09728
G1 X108.968 Y82.81 E8.15708
G1 X110.051 Y83.42 E8.21686
G1 X111.093 Y84.098 E8.27665
G1 X112.089 Y84.841 E8.33641
G1 X113.035 Y85.647 E8.39618
G1 X113.928 Y86.511 E8.45594
G1 X114.764 Y87.431 E8.51573
G1 X115.539 Y88.403 E8.57552
G1 X116.25 Y89.423 E8.63532
G1 X116.894 Y90.485 E8.69506
G1 X117.469 Y91.587 E8.75484
G1 X117.972 Y92.724 E8.81464
G1 X118.401 Y93.89 E8.8744
G1 X118.755 Y95.082 E8.93421
G1 X119.032 Y96.294 E8.99401
G1 X119.23 Y97.521 E9.05379
G1 X119.349 Y98.758 E9.11356
G1 X119.389 Y100 E9.17333
G1 X119.349 Y101.242 E9.2331
G1 X119.23 Y102.479 E9.29287
G1 X119.032 Y103.706 E9.35265
G1 X118.755 Y104.918 E9.41245
G1 X118.401 Y106.11 E9.47226
G1 X117.972 Y107.276 E9.53202
G1 X117.469 Y108.413 E9.59182
G1 X116.894 Y109.515 E9.6516
G1 X116.25 Y110.577 E9.71134
G1 X115.539 Y111.597 E9.77114
G1 X114.764 Y112.569 E9.83093
G1 X113.928 Y113.489 E9.89072
G1 X113.035 Y114.353 E9.95048
G1 X112.089 Y115.159 E10.01025
G1 X111.093 Y115.902 E10.07001
G1 X110.051 Y116.58 E10.1298
G1 X108.968 Y117.19 E10.18958
G1 X107.848 Y117.73 E10.24938
G1 X106.696 Y118.196 E10.30915
G1 X105.517 Y118.588 E10.36891
G1 X104.314 Y118.903 E10.42872
G1 X103.094 Y119.141 E10.4885
G1 X101.862 Y119.299 E10.54824
G1 X100.621 Y119.379 E10.60805
G1 X99.379 Y119.379 E10.66779
G1 X98.138 Y119.299 E10.7276
G1 X96.906 Y119.141 E10.78734
G1 X95.686 Y118.903 E10.84712
G1 X94.483 Y118.588 E10.90693
G1 X93.304 Y118.196 E10.96669
G1 X92.152 Y117.73 E11.02646
G1 X91.032 Y117.19 E11.08626
G1 X89.949 Y116.58 E11.14604
G1 X88.907 Y115.902 E11.20583
G1 X87.911 Y115.159 E11.26559
G1 X86.965 Y114.353 E11.32536
G1 X86.074 Y113.49 E11.38502
G1 X85.126 Y112.43 E11.45342
G1 X84.461 Y111.597 E11.50469
G1 X83.75 Y110.577 E11.56449
G1 X83.106 Y109.515 E11.62423
G1 X82.531 Y108.413 E11.68401
G1 X82.028 Y107.276 E11.74381
G1 X81.599 Y106.11 E11.80357
G1 X81.246 Y104.92 E11.86327
G1 X80.94 Y103.532 E11.93163
G1 X80.77 Y102.479 E11.98293
G1 X80.651 Y101.242 E12.0427
G1 X80.611 Y100 E12.10247
G1 X80.651 Y98.76 E12.16214
G1 X80.798 Y97.346 E12.23052
G1 X80.968 Y96.294 E12.28177
G1 X81.245 Y95.082 E12.34157
G1 X81.599 Y93.89 E12.40138
G1 X82.028 Y92.724 E12.46114
G1 X82.531 Y91.587 E12.52094
G1 X83.106 Y90.485 E12.58072
G1 X83.75 Y89.423 E12.64046
G1 X84.46 Y88.405 E12.70015
G1 X85.355 Y87.3 E12.76854
G1 X86.072 Y86.511 E12.81982
G1 X86.965 Y85.647 E12.87958
G1 X87.911 Y84.841 E12.93935
G1 X88.907 Y84.098 E12.99911
G1 X89.947 Y83.421 E13.05879
G1 X91.191 Y82.733 E13.12716
G1 X92.152 Y82.27 E13.17847
G1 X93.304 Y81.804 E13.23824
G1 X94.483 Y81.412 E13.298
G1 X95.686 Y81.097 E13.35781
G1 X96.906 Y80.859 E13.41759
G1 X98.138 Y80.701 E13.47733
G1 X99.376 Y80.621 E13.537
G1 X100.564 Y80.63 E13.59414
G1 X100.648 Y80.245 F7800
;TYPE:External perimeter
G1 F1800
G1 X100.812 Y80.247 E13.60203
G1 X101.899 Y80.316 E13.65442
G1 X103.156 Y80.479 E13.71538
G1 X104.4 Y80.721 E13.77633
G1 X105.626 Y81.042 E13.83728
G1 X106.83 Y81.442 E13.8983
G1 X108.005 Y81.918 E13.95927
G1 X109.147 Y82.468 E14.02023
G1 X110.251 Y83.09 E14.08118
G1 X111.314 Y83.781 E14.14216
G1 X112.329 Y84.539 E14.20309
G1 X113.295 Y85.361 E14.2641
G1 X114.205 Y86.243 E14.32505
G1 X115.058 Y87.181 E14.38603
G1 X115.848 Y88.172 E14.44699
G1 X116.573 Y89.212 E14.50797
G1 X117.23 Y90.296 E14.56894
G1 X117.817 Y91.42 E14.62993
G1 X118.33 Y92.579 E14.69089
G1 X118.767 Y93.769 E14.75186
G1 X119.128 Y94.984 E14.81282
G1 X119.41 Y96.22 E14.87379
G1 X119.613 Y97.471 E14.93475
G1 X119.734 Y98.733 E14.99573
G1 X119.775 Y100 E15.0567
G1 X119.734 Y101.267 E15.11767
G1 X119.613 Y102.529 E15.17865
G1 X119.41 Y103.78 E15.23961
G1 X119.128 Y105.016 E15.30058
G1 X118.767 Y106.231 E15.36154
G1 X118.33 Y107.421 E15.42251
G1 X117.817 Y108.58 E15.48347
G1 X117.23 Y109.704 E15.54446
G1 X116.573 Y110.788 E15.60543
G1 X115.848 Y111.828 E15.66641
G1 X115.058 Y112.819 E15.72737
G1 X114.205 Y113.757 E15.78835
G1 X113.295 Y114.639 E15.8493
G1 X112.329 Y115.461 E15.91031
G1 X111.314 Y116.219 E15.97124
G1 X110.251 Y116.91 E16.03222
G1 X109.147 Y117.532 E16.09317
G1 X108.005 Y118.082 E16.15413
G1 X106.83 Y118.558 E16.2151
G1 X105.626 Y118.958 E16.27612
G1 X104.4 Y119.279 E16.33707
G1 X103.156 Y119.521 E16.39802
G1 X101.899 Y119.684 E16.45898
G1 X100.634 Y119.765 E16.51995
G1 X99.366 Y119.765 E16.58094
G1 X98.101 Y119.684 E16.64191
G1 X96.844 Y119.521 E16.70287
G1 X95.6 Y119.279 E16.76382
G1 X94.374 Y118.958 E16.82477
G1 X93.17 Y118.558 E16.88579
G1 X91.995 Y118.082 E16.94676
G1 X90.853 Y117.532 E17.00772
G1 X89.749 Y116.91 E17.06867
G1 X88.686 Y116.219 E17.12965
G1 X87.671 Y115.461 E17.19058
G1 X86.705 Y114.639 E17.25159
G1 X85.795 Y113.758 E17.31251
G1 X84.831 Y112.679 E17.3821
G1 X84.152 Y111.828 E17.43446
G1 X83.427 Y110.788 E17.49544
G1 X82.77 Y109.704 E17.55641
G1 X82.183 Y108.58 E17.6174
G1 X81.67 Y107.421 E17.67836
G1 X81.233 Y106.231 E17.73933
G1 X80.872 Y105.017 E17.80025
G1 X80.561 Y103.604 E17.86984
G1 X80.387 Y102.529 E17.92222
G1 X80.266 Y101.267 E17.9832
G1 X80.225 Y100 E18.04417
G1 X80.266 Y98.734 E18.10509
G1 X80.416 Y97.295 E18.17468
G1 X80.59 Y96.22 E18.22706
G1 X80.872 Y94.984 E18.28803
G1 X81.233 Y93.769 E18.34899
G1 X81.67 Y92.579 E18.40996
G1 X82.183 Y91.42 E18.47092
G1 X82.77 Y90.296 E18.53191
G1 X83.427 Y89.212 E18.59288
G1 X84.152 Y88.173 E18.65382
G1 X85.063 Y87.049 E18.72341
G1 X85.795 Y86.243 E18.77578
G1 X86.705 Y85.361 E18.83673
G1 X87.671 Y84.539 E18.89774
G1 X88.686 Y83.781 E18.95867
G1 X89.748 Y83.09 E19.01961
G1 X91.014 Y82.39 E19.08919
G1 X91.995 Y81.918 E19.14155
G1 X93.17 Y81.442 E19.20252
G1 X94.374 Y81.042 E19.26354
G1 X95.6 Y80.721 E19.32449
G1 X96.844 Y80.479 E19.38544
G1 X98.101 Y80.316 E19.4464
G1 X99.365 Y80.235 E19.50732
G1 X100.588 Y80.245 E19.56614
G1 X100.988 Y80.26 F7800
G1 E17.56614 F2400
G92 E0
G1 X95.512 Y81.84 F7800
G1 E2 F2400
;TYPE:Internal infill
;WIDTH:0.45
G1 F4800
G1 X97.013 Y81.526 E2.07376
G1 X97.787 Y81.426 E2.1113
G1 X118.577 Y102.217 E3.52545
G1 X118.682 Y100.982 E3.58506
G1 X84.307 Y110.193 E5.29671
G1 X85.019 Y111.213 E5.35654
G1 X92.631 Y82.804 E6.77111
G1 X91.501 Y83.333 E6.83112
G1 X90.568 Y83.849 E6.8824
G1 E4.8824 F2400
G92 E0
G1 X87.007 Y86.545 F7800
G1 E2 F2400
G1 F4800
G1 X88.766 Y85.045 E2.11119
G1 X102.253 Y81.431 E2.78275
G1 X102.987 Y81.526 E2.81835
G1 X104.841 Y81.933 E2.90964
G1 X95.159 Y118.067 E4.70887
G1 X97.013 Y118.474 E4.80016
G1 X97.747 Y118.569 E4.83576
G1 X111.234 Y114.955 E5.50732
G1 X112.581 Y113.853 E5.59102
G1 X113.228 Y113.228 E5.63429
G1 X86.772 Y86.772 E7.4338
G1 X85.868 Y87.74 E7.4975
G1 X85.245 Y88.508 E7.54506
G1 E5.54506 F2400
G92 E0
G1 X104.488 Y118.16 F7800
G1 E2 F2400
G1 F4800
G1 X102.987 Y118.474 E2.07376
G1 X102.213 Y118.574 E2.1113
G1 X81.43 Y97.791 E3.52494
G1 X81.318 Y99.018 E3.5842
G1 X115.693 Y89.807 E5.29585
G1 X114.981 Y88.787 E5.35568
G1 X107.369 Y117.196 E6.77025
G1 X108.656 Y116.592 E6.83863
G1 X109.433 Y116.154 E6.88153
;LAYER_CHANGE
;Z:1.85
;HEIGHT:0.3
G1 E4.88153 F2400
G92 E0
G1 Z1.85 F7800
G92 E0
G1 X118.278 Y110.331
G1 E2 F2400
;TYPE:Perimeter
;WIDTH:0.45
G1 F3600
G1 X117.597 Y111.454 E2.06317
G1 X116.827 Y112.558 E2.12791
G1 X115.988 Y113.611 E2.19267
G1 X115.083 Y114.607 E2.2574
G1 X114.116 Y115.543 E2.32213
G1 X113.091 Y116.416 E2.38689
G1 X112.013 Y117.221 E2.4516
G1 X110.885 Y117.955 E2.51633
G1 X109.712 Y118.616 E2.58109
G1 X108.499 Y119.2 E2.64584
G1 X107.252 Y119.705 E2.71055
G1 X105.974 Y120.129 E2.77531
G1 X104.672 Y120.47 E2.84004
G1 X103.351 Y120.728 E2.90478
G1 X102.016 Y120.9 E2.96952
G1 X100.673 Y120.986 E3.03425
G1 X99.327 Y120.986 E3.09899
G1 X97.984 Y120.9 E3.16372
G1 X96.649 Y120.728 E3.22846
G1 X95.328 Y120.47 E3.2932
G1 X94.026 Y120.129 E3.35793
G1 X92.748 Y119.705 E3.42269
G1 X91.501 Y119.2 E3.4874
G1 X90.288 Y118.616 E3.55215
G1 X89.115 Y117.955 E3.61691
G1 X87.987 Y117.221 E3.68164
G1 X86.909 Y116.416 E3.74635
G1 X85.884 Y115.543 E3.81111
G1 X84.917 Y114.607 E3.87584
G1 X84.162 Y113.775 E3.92988
G1 X83.176 Y112.562 E4.00506
G1 X82.403 Y111.454 E4.07004
G1 X81.705 Y110.303 E4.13478
G1 X81.083 Y109.11 E4.19949
G1 X80.538 Y107.879 E4.26424
G1 X80.073 Y106.616 E4.32897
G1 X79.69 Y105.326 E4.39369
G1 X79.39 Y104.014 E4.45842
G1 X79.176 Y102.685 E4.52316
G1 X79.046 Y101.345 E4.58791
G1 X79.01 Y100.223 E4.6419
G1 X79.046 Y98.659 E4.71714
G1 X79.176 Y97.315 E4.78208
G1 X79.39 Y95.986 E4.84682
G1 X79.69 Y94.674 E4.91155
G1 X80.073 Y93.384 E4.97627
G1 X80.538 Y92.121 E5.041
G1 X81.083 Y90.89 E5.10575
G1 X81.705 Y89.697 E5.17046
G1 X82.403 Y88.546 E5.2352
G1 X83.173 Y87.442 E5.29994
G1 X83.873 Y86.563 E5.35398
G1 X84.914 Y85.396 E5.42919
G1 X85.884 Y84.457 E5.49412
G1 X86.909 Y83.584 E5.55888
G1 X87.987 Y82.779 E5.62359
G1 X89.115 Y82.045 E5.68832
G1 X90.094 Y81.494 E5.74235
G1 X91.497 Y80.802 E5.81759
G1 X92.748 Y80.295 E5.88251
G1 X94.026 Y79.871 E5.94727
G1 X95.328 Y79.53 E6.012
G1 X96.649 Y79.272 E6.07674
G1 X97.984 Y79.1 E6.14148
G1 X99.327 Y79.014 E6.20621
G1 X100.673 Y79.014 E6.27095
G1 X102.016 Y79.1 E6.33568
G1 X103.351 Y79.272 E6.40042
G1 X104.672 Y79.53 E6.46516
G1 X105.974 Y79.871 E6.52989
G1 X107.252 Y80.295 E6.59465
G1 X108.499 Y80.8 E6.65936
G1 X109.712 Y81.384 E6.72411
G1 X110.885 Y82.045 E6.78887
G1 X112.013 Y82.779 E6.8536
G1 X113.091 Y83.584 E6.91831
G1 X114.116 Y84.457 E6.98307
G1 X115.083 Y85.393 E7.0478
G1 X115.988 Y86.389 E7.11253
G1 X116.688 Y87.268 E7.16657
G1 X117.595 Y88.542 E7.24179
G1 X118.295 Y89.697 E7.30675
G1 X118.917 Y90.89 E7.37146
G1 X119.462 Y92.121 E7.43621
G1 X119.927 Y93.384 E7.50094
G1 X120.31 Y94.674 E7.56566
G1 X120.61 Y95.986 E7.63039
G1 X120.824 Y97.315 E7.69513
G1 X120.954 Y98.655 E7.75988
G1 X120.997 Y100 E7.8246
G1 X120.954 Y101.345 E7.88932
G1 X120.824 Y102.685 E7.95407
G1 X120.61 Y104.014 E8.01881
G1 X120.31 Y105.326 E8.08354
G1 X119.927 Y106.616 E8.14826
G1 X119.462 Y107.879 E8.21299
G1 X118.917 Y109.11 E8.27774
G1 X118.308 Y110.279 E8.34114
G1 X117.949 Y110.131 F7800
G1 F3600
G1 X117.274 Y111.244 E8.40375
G1 X116.518 Y112.328 E8.46731
G1 X115.694 Y113.361 E8.53086
G1 X114.806 Y114.339 E8.5944
G1 X113.857 Y115.258 E8.65794
G1 X112.851 Y116.114 E8.72147
G1 X111.792 Y116.905 E8.78504
G1 X110.685 Y117.625 E8.84855
G1 X109.533 Y118.274 E8.91214
G1 X108.343 Y118.847 E8.97566
G1 X107.118 Y119.343 E9.03922
G1 X105.864 Y119.759 E9.10277
G1 X104.586 Y120.094 E9.16631
G1 X103.29 Y120.347 E9.22982
G1 X101.979 Y120.516 E9.2934
G1 X100.661 Y120.6 E9.35692
G1 X99.339 Y120.6 E9.4205
G1 X98.021 Y120.516 E9.48402
G1 X96.711 Y120.347 E9.54755
G1 X95.414 Y120.094 E9.61111
G1 X94.136 Y119.759 E9.67465
G1 X92.882 Y119.343 E9.7382
G1 X91.657 Y118.847 E9.80176
G1 X90.467 Y118.274 E9.86528
G1 X89.315 Y117.625 E9.92887
G1 X88.208 Y116.905 E9.99238
G1 X87.149 Y116.114 E10.05595
G1 X86.143 Y115.258 E10.11948
G1 X85.194 Y114.339 E10.18302
G1 X84.454 Y113.524 E10.23597
G1 X83.484 Y112.33 E10.30996
G1 X82.726 Y111.244 E10.37366
G1 X82.041 Y110.114 E10.43722
G1 X81.43 Y108.943 E10.50075
G1 X80.895 Y107.735 E10.56429
G1 X80.439 Y106.495 E10.62783
G1 X80.063 Y105.228 E10.6914
G1 X79.769 Y103.94 E10.75494
G1 X79.558 Y102.636 E10.81847
G1 X79.431 Y101.321 E10.88201
G1 X79.396 Y100.221 E10.93494
G1 X79.431 Y98.682 E11.00898
G1 X79.558 Y97.364 E11.07266
G1 X79.769 Y96.06 E11.13619
G1 X80.063 Y94.772 E11.19973
G1 X80.439 Y93.505 E11.2633
G1 X80.895 Y92.265 E11.32684
G1 X81.43 Y91.057 E11.39038
G1 X82.041 Y89.886 E11.45391
G1 X82.726 Y88.756 E11.51747
G1 X83.482 Y87.672 E11.58103
G1 X84.168 Y86.812 E11.63394
G1 X85.192 Y85.663 E11.70796
G1 X86.143 Y84.742 E11.77163
G1 X87.149 Y83.886 E11.83516
G1 X88.208 Y83.095 E11.89873
G1 X89.315 Y82.375 E11.96224
G1 X90.274 Y81.835 E12.01517
G1 X91.654 Y81.154 E12.08918
G1 X92.882 Y80.657 E12.1529
G1 X94.136 Y80.241 E12.21645
G1 X95.414 Y79.906 E12.27999
G1 X96.71 Y79.653 E12.3435
G1 X98.021 Y79.484 E12.40708
G1 X99.339 Y79.4 E12.4706
G1 X100.661 Y79.4 E12.53418
G1 X101.979 Y79.484 E12.5977
G1 X103.29 Y79.653 E12.66128
G1 X104.586 Y79.906 E12.72479
G1 X105.864 Y80.241 E12.78833
G1 X107.118 Y80.657 E12.85188
G1 X108.343 Y81.153 E12.91544
G1 X109.533 Y81.726 E12.97896
G1 X110.685 Y82.375 E13.04255
G1 X111.792 Y83.095 E13.10606
G1 X112.851 Y83.886 E13.16963
G1 X113.857 Y84.742 E13.23316
G1 X114.806 Y85.661 E13.2967
G1 X115.694 Y86.639 E13.36024
G1 X116.38 Y87.5 E13.41319
G1 X117.272 Y88.754 E13.48721
G1 X117.959 Y89.886 E13.5509
G1 X118.57 Y91.057 E13.61443
G1 X119.105 Y92.265 E13.67797
G1 X119.561 Y93.505 E13.74151
G1 X119.937 Y94.772 E13.80508
G1 X120.231 Y96.06 E13.86862
G1 X120.442 Y97.364 E13.93215
G1 X120.569 Y98.679 E13.99569
G1 X120.611 Y100 E14.05926
G1 X120.569 Y101.321 E14.12283
G1 X120.442 Y102.636 E14.18637
G1 X120.231 Y103.94 E14.2499
G1 X119.937 Y105.228 E14.31344
G1 X119.561 Y106.495 E14.37701
G1 X119.105 Y107.735 E14.44055
G1 X118.57 Y108.943 E14.50409
G1 X117.977 Y110.078 E14.56568
G1 X117.619 Y109.931 F7800
;TYPE:External perimeter
G1 F1800
G1 X116.95 Y111.033 E14.62768
G1 X116.209 Y112.097 E14.69004
G1 X115.4 Y113.11 E14.75239
G1 X114.529 Y114.07 E14.81473
G1 X113.597 Y114.972 E14.87711
G1 X112.61 Y115.813 E14.93948
G1 X111.571 Y116.588 E15.00182
G1 X110.485 Y117.295 E15.06415
G1 X109.355 Y117.932 E15.12654
G1 X108.187 Y118.494 E15.18888
G1 X106.985 Y118.981 E15.25126
G1 X105.755 Y119.389 E15.31359
G1 X104.501 Y119.718 E15.37594
G1 X103.228 Y119.966 E15.43832
G1 X101.942 Y120.132 E15.50069
G1 X100.648 Y120.215 E15.56305
G1 X99.352 Y120.215 E15.62538
G1 X98.058 Y120.132 E15.68774
G1 X96.772 Y119.966 E15.75011
G1 X95.499 Y119.718 E15.81249
G1 X94.245 Y119.389 E15.87484
G1 X93.015 Y118.981 E15.93717
G1 X91.813 Y118.494 E15.99955
G1 X90.645 Y117.932 E16.06189
G1 X89.515 Y117.295 E16.12428
G1 X88.429 Y116.588 E16.18661
G1 X87.39 Y115.813 E16.24895
G1 X86.403 Y114.972 E16.31132
G1 X85.471 Y114.07 E16.3737
G1 X84.747 Y113.273 E16.42549
G1 X83.792 Y112.098 E16.49832
G1 X83.05 Y111.034 E16.56071
G1 X82.377 Y109.925 E16.6231
G1 X81.778 Y108.775 E16.68546
G1 X81.253 Y107.59 E16.7478
G1 X80.805 Y106.373 E16.81017
G1 X80.436 Y105.13 E16.87253
G1 X80.148 Y103.866 E16.93488
G1 X79.941 Y102.586 E16.99724
G1 X79.816 Y101.296 E17.05958
G1 X79.782 Y100.219 E17.11141
G1 X79.816 Y98.705 E17.18425
G1 X79.941 Y97.414 E17.24663
G1 X80.148 Y96.134 E17.30899
G1 X80.436 Y94.87 E17.37134
G1 X80.805 Y93.627 E17.4337
G1 X81.253 Y92.41 E17.49607
G1 X81.778 Y91.225 E17.55841
G1 X82.377 Y90.075 E17.62077
G1 X83.05 Y88.967 E17.68312
G1 X83.791 Y87.903 E17.74548
G1 X84.463 Y87.061 E17.79729
G1 X85.471 Y85.93 E17.87016
G1 X86.403 Y85.028 E17.93254
G1 X87.39 Y84.187 E17.99491
G1 X88.429 Y83.412 E18.05725
G1 X89.515 Y82.705 E18.11958
G1 X90.454 Y82.176 E18.17142
G1 X91.812 Y81.506 E18.24425
G1 X93.015 Y81.019 E18.30667
G1 X94.245 Y80.611 E18.369
G1 X95.499 Y80.282 E18.43135
G1 X96.772 Y80.034 E18.49373
G1 X98.058 Y79.868 E18.5561
G1 X99.352 Y79.785 E18.61846
G1 X100.648 Y79.785 E18.68079
G1 X101.942 Y79.868 E18.74315
G1 X103.228 Y80.034 E18.80552
G1 X104.501 Y80.282 E18.8679
G1 X105.755 Y80.611 E18.93025
G1 X106.985 Y81.019 E18.99258
G1 X108.187 Y81.506 E19.05496
G1 X109.355 Y82.068 E19.1173
G1 X110.485 Y82.705 E19.17969
G1 X111.571 Y83.412 E19.24202
G1 X112.61 Y84.187 E19.30436
G1 X113.597 Y85.028 E19.36673
G1 X114.529 Y85.93 E19.42911
G1 X115.4 Y86.889 E19.49142
G1 X116.072 Y87.732 E19.54327
G1 X116.95 Y88.966 E19.61611
G1 X117.623 Y90.075 E19.6785
G1 X118.222 Y91.225 E19.74086
G1 X118.747 Y92.41 E19.8032
G1 X119.195 Y93.627 E19.86557
G1 X119.564 Y94.87 E19.92793
G1 X119.852 Y96.134 E19.99028
G1 X120.059 Y97.414 E20.05264
G1 X120.184 Y98.704 E20.11498
G1 X120.225 Y100 E20.17734
G1 X120.184 Y101.296 E20.2397
G1 X120.059 Y102.586 E20.30204
G1 X119.852 Y103.866 E20.3644
G1 X119.564 Y105.13 E20.42675
G1 X119.195 Y106.373 E20.48911
G1 X118.747 Y107.59 E20.55148
G1 X118.222 Y108.775 E20.61382
G1 X117.647 Y109.878 E20.67365
G1 X117.442 Y110.222 F7800
G1 E18.67365 F2400
G92 E0
G1 X124.004 Y124.004 F7800
G1 E2 F2400
;TYPE:Perimeter
G1 F3600
G1 X75.996 Y124.004 E4.30902
G1 X75.996 Y75.996 E6.61804
G1 X124.004 Y75.996 E8.92706
G1 X124.004 Y123.944 E11.23319
G1 X124.389 Y124.389 F7800
G1 F3600
G1 X75.611 Y124.389 E13.57924
G1 X75.611 Y75.611 E15.92529
G1 X124.389 Y75.611 E18.27134
G1 X124.389 Y124.329 E20.61451
G1 X124.775 Y124.775 F7800
;TYPE:External perimeter
G1 F1800
G1 X75.225 Y124.775 E22.99769
G1 X75.225 Y75.225 E25.38087
G1 X124.775 Y75.225 E27.76405
G1 X124.775 Y124.715 E30.14435
G1 X124.379 Y124.774 F7800
G1 E28.14435 F2400
G92 E0
G1 X123.715 Y121.401 F7800
G1 E2 F2400
;TYPE:Internal infill
;WIDTH:0.45
G1 F4800
G1 X123.715 Y123.715 E2.1113
G1 X115.045 Y115.045 E2.70102
G1 X116.384 Y113.575 E2.79666
G1 X123.715 Y111.611 E3.16169
G1 X123.715 Y107.354 E3.36644
G1 X120.806 Y104.445 E3.56431
G1 X121.105 Y102.759 E3.64667
G1 X121.239 Y101.401 E3.7123
G1 X121.275 Y100.288 E3.76586
G1 X123.715 Y99.634 E3.88736
G1 X123.715 Y100.891 E3.94782
G1 X117.599 Y123.715 E5.08431
G1 X115.285 Y123.715 E5.19561
G1 E3.19561 F2400
G92 E0
G1 X108.713 Y119.415 F7800
G1 E2 F2400
G1 F4800
G1 X106.553 Y120.241 E2.11123
G1 X105.622 Y123.715 E2.28421
G1 X107.354 Y123.715 E2.36751
G1 X104.448 Y120.809 E2.56517
G1 X102.164 Y121.172 E2.6764
G1 E.6764 F2400
G92 E0
G1 X83.983 Y123.715 F7800
G1 E2 F2400
G1 F4800
G1 X81.669 Y123.715 E2.1113
G1 X84.205 Y114.252 E2.5825
G1 X82.92 Y112.701 E2.67937
G1 X81.721 Y110.886 E2.78399
G1 X76.285 Y112.343 E3.05467
G1 X76.285 Y109.006 E3.21517
G1 X90.994 Y123.715 E4.21566
G1 X93.646 Y123.715 E4.34321
G1 X94.493 Y120.551 E4.50075
G1 X92.587 Y119.951 E4.59686
G1 X78.542 Y123.715 E5.29621
G1 X76.285 Y123.715 E5.40476
G1 X76.285 Y123.658 E5.4075
G1 E3.4075 F2400
G92 E0
G1 X76.285 Y78.599 F7800
G1 E2 F2400
G1 F4800
G1 X76.285 Y76.285 E2.1113
G1 X84.956 Y84.956 E2.70109
G1 X83.616 Y86.425 E2.79672
G1 X76.285 Y88.389 E3.16175
G1 X76.285 Y92.646 E3.3665
G1 X79.195 Y95.555 E3.5644
G1 X78.885 Y97.315 E3.65035
G1 X78.761 Y98.6 E3.71244
G1 X78.735 Y99.71 E3.76584
G1 X76.285 Y100.366 E3.88783
G1 X76.285 Y99.109 E3.94829
G1 X82.401 Y76.285 E5.08478
G1 X84.715 Y76.285 E5.19608
G1 E3.19608 F2400
G92 E0
G1 X91.287 Y80.586 F7800
G1 E2 F2400
G1 F4800
G1 X92.614 Y80.038 E2.06905
G1 X93.447 Y79.76 E2.11129
G1 X94.378 Y76.285 E2.28432
G1 X92.646 Y76.285 E2.36762
G1 X95.552 Y79.191 E2.56528
G1 X97.836 Y78.828 E2.67651
G1 E.67651 F2400
G92 E0
G1 X116.017 Y76.285 F7800
G1 E2 F2400
G1 F4800
G1 X118.331 Y76.285 E2.1113
G1 X115.795 Y85.75 E2.58259
G1 X116.938 Y87.119 E2.66837
G1 X117.859 Y88.419 E2.745
G1 X118.278 Y89.114 E2.78403
G1 X123.715 Y87.657 E3.05476
G1 X123.715 Y90.994 E3.21526
G1 X109.006 Y76.285 E4.21575
G1 X106.354 Y76.285 E4.3433
G1 X105.507 Y79.449 E4.50084
G1 X107.413 Y80.049 E4.59695
G1 X121.458 Y76.285 E5.2963
G1 X123.715 Y76.285 E5.40485
G1 X123.715 Y76.342 E5.40759
G1 E3.40759 F2400
G92 E0
G92 E0
G1 X100.599 Y81.018 F7800
G1 E2 F2400
;TYPE:Perimeter
;WIDTH:0.45
G1 F3600
G1 X100.822 Y81.02 E2.01073
G1 X101.825 Y81.085 E2.05907
G1 X103.033 Y81.24 E2.11765
G1 X104.229 Y81.473 E2.17625
G1 X105.407 Y81.782 E2.23482
G1 X106.563 Y82.166 E2.29341
G1 X107.692 Y82.623 E2.35199
G1 X108.79 Y83.152 E2.41061
G1 X109.851 Y83.75 E2.46919
G1 X110.872 Y84.414 E2.52777
G1 X111.848 Y85.143 E2.58636
G1 X112.776 Y85.932 E2.64495
G1 X113.651 Y86.78 E2.70356
G1 X114.47 Y87.682 E2.76216
G1 X115.229 Y88.634 E2.82072
G1 X115.926 Y89.633 E2.87931
G1 X116.558 Y90.675 E2.93792
G1 X117.121 Y91.755 E2.9965
G1 X117.614 Y92.869 E3.05509
G1 X118.035 Y94.012 E3.11367
G1 X118.382 Y95.18 E3.17227
G1 X118.653 Y96.367 E3.23083
G1 X118.846 Y97.565 E3.28919
G1 X118.931 Y98.534 E3.33597
G1 X118.986 Y99.458 E3.38049
G1 X119.003 Y100 E3.40657
G1 X118.964 Y101.218 E3.46518
G1 X118.847 Y102.43 E3.52374
G1 X118.653 Y103.633 E3.58235
G1 X118.382 Y104.82 E3.64091
G1 X118.035 Y105.988 E3.69951
G1 X117.614 Y107.131 E3.75809
G1 X117.121 Y108.245 E3.81668
G1 X116.558 Y109.325 E3.87526
G1 X115.926 Y110.367 E3.93387
G1 X115.229 Y111.366 E3.99246
G1 X114.47 Y112.318 E4.05102
G1 X113.651 Y113.22 E4.10962
G1 X112.776 Y114.068 E4.16823
G1 X111.848 Y114.857 E4.22682
G1 X110.872 Y115.586 E4.28541
G1 X109.851 Y116.25 E4.34399
G1 X108.79 Y116.848 E4.40257
G1 X107.692 Y117.377 E4.46119
G1 X106.563 Y117.834 E4.51977
G1 X105.407 Y118.218 E4.57836
G1 X104.229 Y118.527 E4.63693
G1 X103.033 Y118.76 E4.69553
G1 X101.825 Y118.915 E4.75411
G1 X100.609 Y118.993 E4.81272
G1 X99.391 Y118.993 E4.8713
G1 X98.175 Y118.915 E4.92991
G1 X96.967 Y118.76 E4.98849
G1 X95.771 Y118.527 E5.04709
G1 X94.593 Y118.218 E5.10566
G1 X93.437 Y117.834 E5.16425
G1 X92.308 Y117.377 E5.22283
G1 X91.21 Y116.848 E5.28145
G1 X90.149 Y116.25 E5.34003
G1 X89.128 Y115.586 E5.39861
G1 X88.152 Y114.857 E5.4572
G1 X87.224 Y114.068 E5.51579
G1 X86.352 Y113.223 E5.57419
G1 X85.397 Y112.152 E5.64321
G1 X84.771 Y111.366 E5.69154
G1 X84.074 Y110.367 E5.75013
G1 X83.442 Y109.325 E5.80874
G1 X82.879 Y108.245 E5.86732
G1 X82.386 Y107.131 E5.92591
G1 X81.965 Y105.988 E5.98449
G1 X81.62 Y104.825 E6.04284
G1 X81.313 Y103.422 E6.11192
G1 X81.153 Y102.43 E6.16025
G1 X81.036 Y101.218 E6.21881
G1 X80.997 Y100 E6.27742
G1 X81.036 Y98.787 E6.33579
G1 X81.187 Y97.359 E6.40485
G1 X81.347 Y96.367 E6.45318
G1 X81.617 Y95.184 E6.51154
G1 X82.039 Y93.812 E6.58058
G1 X82.386 Y92.869 E6.62891
G1 X82.879 Y91.755 E6.6875
G1 X83.442 Y90.675 E6.74608
G1 X84.074 Y89.633 E6.80469
G1 X84.768 Y88.638 E6.86304
G1 X85.673 Y87.524 E6.93207
G1 X86.349 Y86.78 E6.98042
G1 X87.221 Y85.936 E7.03879
G1 X88.323 Y85.015 E7.10787
G1 X89.128 Y84.414 E7.15619
G1 X90.145 Y83.752 E7.21455
G1 X91.402 Y83.059 E7.28359
G1 X92.308 Y82.623 E7.33195
G1 X93.437 Y82.166 E7.39053
G1 X94.593 Y81.782 E7.44912
G1 X95.771 Y81.473 E7.50769
G1 X96.967 Y81.24 E7.56629
G1 X98.175 Y81.085 E7.62487
G1 X99.386 Y81.007 E7.68324
G1 X100.539 Y81.018 E7.7387
G1 X100.624 Y80.633 F7800
G1 F3600
G1 X100.836 Y80.635 E7.7489
G1 X101.862 Y80.701 E7.79835
G1 X103.094 Y80.859 E7.85809
G1 X104.314 Y81.097 E7.91787
G1 X105.517 Y81.412 E7.97768
G1 X106.696 Y81.804 E8.03744
G1 X107.848 Y82.27 E8.09721
G1 X108.968 Y82.81 E8.15701
G1 X110.051 Y83.42 E8.21679
G1 X111.093 Y84.098 E8.27658
G1 X112.089 Y84.841 E8.33634
G1 X113.035 Y85.647 E8.39611
G1 X113.928 Y86.511 E8.45587
G1 X114.764 Y87.431 E8.51566
G1 X115.539 Y88.403 E8.57545
G1 X116.25 Y89.423 E8.63525
G1 X116.894 Y90.485 E8.69499
G1 X117.469 Y91.587 E8.75477
G1 X117.972 Y92.724 E8.81457
G1 X118.401 Y93.89 E8.87433
G1 X118.755 Y95.082 E8.93414
G1 X119.032 Y96.294 E8.99394
G1 X119.229 Y97.518 E9.05357
G1 X119.315 Y98.501 E9.10103
G1 X119.371 Y99.446 E9.14656
G1 X119.389 Y100 E9.17322
G1 X119.349 Y101.242 E9.23299
G1 X119.23 Y102.479 E9.29276
G1 X119.032 Y103.706 E9.35254
G1 X118.755 Y104.918 E9.41234
G1 X118.401 Y106.11 E9.47215
G1 X117.972 Y107.276 E9.53191
G1 X117.469 Y108.413 E9.59171
G1 X116.894 Y109.515 E9.65149
G1 X116.25 Y110.577 E9.71123
G1 X115.539 Y111.597 E9.77103
G1 X114.764 Y112.569 E9.83082
G1 X113.928 Y113.489 E9.89061
G1 X113.035 Y114.353 E9.95037
G1 X112.089 Y115.159 E10.01014
G1 X111.093 Y115.902 E10.0699
G1 X110.051 Y116.58 E10.12969
G1 X108.968 Y117.19 E10.18947
G1 X107.848 Y117.73 E10.24927
G1 X106.696 Y118.196 E10.30904
G1 X105.517 Y118.588 E10.3688
G1 X104.314 Y118.903 E10.42861
G1 X103.094 Y119.141 E10.48839
G1 X101.862 Y119.299 E10.54813
G1 X100.621 Y119.379 E10.60794
G1 X99.379 Y119.379 E10.66768
G1 X98.138 Y119.299 E10.72749
G1 X96.906 Y119.141 E10.78723
G1 X95.686 Y118.903 E10.84701
G1 X94.483 Y118.588 E10.90682
G1 X93.304 Y118.196 E10.96658
G1 X92.152 Y117.73 E11.02635
G1 X91.032 Y117.19 E11.08615
G1 X89.949 Y116.58 E11.14593
G1 X88.907 Y115.902 E11.20572
G1 X87.911 Y115.159 E11.26548
G1 X86.965 Y114.353 E11.32525
G1 X86.074 Y113.491 E11.38488
G1 X85.102 Y112.4 E11.45516
G1 X84.461 Y111.597 E11.50458
G1 X83.75 Y110.577 E11.56438
G1 X83.106 Y109.515 E11.62412
G1 X82.531 Y108.413 E11.6839
G1 X82.028 Y107.276 E11.7437
G1 X81.599 Y106.11 E11.80346
G1 X81.246 Y104.921 E11.86311
G1 X80.934 Y103.494 E11.93337
G1 X80.77 Y102.479 E11.98282
G1 X80.651 Y101.242 E12.04259
G1 X80.611 Y100 E12.10236
G1 X80.651 Y98.761 E12.16198
G1 X80.804 Y97.308 E12.23225
G1 X80.968 Y96.294 E12.28165
G1 X81.244 Y95.085 E12.34129
G1 X81.673 Y93.688 E12.41158
G1 X82.028 Y92.724 E12.46099
G1 X82.531 Y91.587 E12.52079
G1 X83.106 Y90.485 E12.58057
G1 X83.75 Y89.423 E12.64031
G1 X84.46 Y88.406 E12.69996
G1 X85.381 Y87.272 E12.77022
G1 X86.072 Y86.511 E12.81966
G1 X86.963 Y85.649 E12.87929
G1 X88.083 Y84.712 E12.94952
G1 X88.907 Y84.098 E12.99894
G1 X89.946 Y83.421 E13.05858
G1 X91.226 Y82.716 E13.12886
G1 X92.152 Y82.27 E13.17829
G1 X93.304 Y81.804 E13.23806
G1 X94.483 Y81.412 E13.29782
G1 X95.686 Y81.097 E13.35763
G1 X96.906 Y80.859 E13.41741
G1 X98.138 Y80.701 E13.47715
G1 X99.376 Y80.621 E13.53682
G1 X100.564 Y80.632 E13.59396
G1 X100.648 Y80.247 F7800
;TYPE:External perimeter
G1 F1800
G1 X100.85 Y80.249 E13.60368
G1 X101.899 Y80.316 E13.65424
G1 X103.156 Y80.479 E13.7152
G1 X104.4 Y80.721 E13.77615
G1 X105.626 Y81.042 E13.8371
G1 X106.83 Y81.442 E13.89812
G1 X108.005 Y81.918 E13.95909
G1 X109.147 Y82.468 E14.02005
G1 X110.251 Y83.09 E14.081
G1 X111.314 Y83.781 E14.14198
G1 X112.329 Y84.539 E14.20291
G1 X113.295 Y85.361 E14.26392
G1 X114.205 Y86.243 E14.32487
G1 X115.058 Y87.181 E14.38585
G1 X115.848 Y88.172 E14.44681
G1 X116.573 Y89.212 E14.50779
G1 X117.23 Y90.296 E14.56876
G1 X117.817 Y91.42 E14.62975
G1 X118.33 Y92.579 E14.69071
G1 X118.767 Y93.769 E14.75168
G1 X119.128 Y94.984 E14.81264
G1 X119.41 Y96.22 E14.87361
G1 X119.612 Y97.47 E14.93451
G1 X119.699 Y98.467 E14.98264
G1 X119.757 Y99.434 E15.02923
G1 X119.775 Y100 E15.05647
G1 X119.734 Y101.267 E15.11744
G1 X119.613 Y102.529 E15.17842
G1 X119.41 Y103.78 E15.23938
G1 X119.128 Y105.016 E15.30035
G1 X118.767 Y106.231 E15.36131
G1 X118.33 Y107.421 E15.42228
G1 X117.817 Y108.58 E15.48324
G1 X117.23 Y109.704 E15.54423
G1 X116.573 Y110.788 E15.6052
G1 X115.848 Y111.828 E15.66618
G1 X115.058 Y112.819 E15.72714
G1 X114.205 Y113.757 E15.78812
G1 X113.295 Y114.639 E15.84907
G1 X112.329 Y115.461 E15.91008
G1 X111.314 Y116.219 E15.97101
G1 X110.251 Y116.91 E16.03199
G1 X109.147 Y117.532 E16.09294
G1 X108.005 Y118.082 E16.1539
G1 X106.83 Y118.558 E16.21487
G1 X105.626 Y118.958 E16.27589
G1 X104.4 Y119.279 E16.33684
G1 X103.156 Y119.521 E16.39779
G1 X101.899 Y119.684 E16.45875
G1 X100.634 Y119.765 E16.51972
G1 X99.366 Y119.765 E16.58071
G1 X98.101 Y119.684 E16.64168
G1 X96.844 Y119.521 E16.70264
G1 X95.6 Y119.279 E16.76359
G1 X94.374 Y118.958 E16.82454
G1 X93.17 Y118.558 E16.88556
G1 X91.995 Y118.082 E16.94653
G1 X90.853 Y117.532 E17.00749
G1 X89.749 Y116.91 E17.06844
G1 X88.686 Y116.219 E17.12942
G1 X87.671 Y115.461 E17.19035
G1 X86.705 Y114.639 E17.25136
G1 X85.795 Y113.758 E17.31228
G1 X84.807 Y112.649 E17.38372
G1 X84.152 Y111.828 E17.43423
G1 X83.427 Y110.788 E17.49521
G1 X82.77 Y109.704 E17.55618
G1 X82.183 Y108.58 E17.61717
G1 X81.67 Y107.421 E17.67813
G1 X81.233 Y106.231 E17.7391
G1 X80.872 Y105.017 E17.80002
G1 X80.555 Y103.566 E17.87145
G1 X80.387 Y102.529 E17.92198
G1 X80.266 Y101.267 E17.98296
G1 X80.225 Y100 E18.04393
G1 X80.266 Y98.734 E18.10485
G1 X80.422 Y97.257 E18.17628
G1 X80.59 Y96.22 E18.22681
G1 X80.872 Y94.985 E18.28774
G1 X81.307 Y93.565 E18.35917
G1 X81.67 Y92.579 E18.4097
G1 X82.183 Y91.42 E18.47066
G1 X82.77 Y90.296 E18.53165
G1 X83.427 Y89.212 E18.59262
G1 X84.152 Y88.173 E18.65356
G1 X85.088 Y87.021 E18.72495
G1 X85.795 Y86.243 E18.77551
G1 X86.705 Y85.362 E18.83643
G1 X87.844 Y84.41 E18.90783
G1 X88.686 Y83.781 E18.95838
G1 X89.748 Y83.09 E19.01932
G1 X91.049 Y82.373 E19.09077
G1 X91.995 Y81.918 E19.14126
G1 X93.17 Y81.442 E19.20223
G1 X94.374 Y81.042 E19.26325
G1 X95.6 Y80.721 E19.3242
G1 X96.844 Y80.479 E19.38515
G1 X98.101 Y80.316 E19.44611
G1 X99.365 Y80.235 E19.50703
G1 X100.588 Y80.247 E19.56585
G1 X100.988 Y80.26 F7800
G1 E17.56585 F2400
G92 E0
G1 X95.512 Y81.84 F7800
G1 E2 F2400
;TYPE:Internal infill
;WIDTH:0.45
G1 F4800
G1 X97.013 Y81.526 E2.07376
G1 X97.787 Y81.426 E2.1113
G1 X118.577 Y102.217 E3.52545
G1 X118.682 Y100.982 E3.58506
G1 X84.307 Y110.193 E5.29671
G1 X85.019 Y111.213 E5.35654
G1 X92.631 Y82.804 E6.77111
G1 X91.535 Y83.316 E6.82929
G1 X90.568 Y83.849 E6.8824
G1 E4.8824 F2400
G92 E0
G1 X114.757 Y111.494 F7800
G1 E2 F2400
G1 F4800
G1 X114.25 Y112.131 E2.03916
G1 X113.228 Y113.228 E2.11127
G1 X86.772 Y86.772 E3.91078
G1 X87.414 Y86.151 E3.95374
G1 X88.766 Y85.045 E4.03775
G1 X102.253 Y81.431 E4.70931
G1 X102.987 Y81.526 E4.74491
G1 X104.841 Y81.933 E4.8362
G1 X95.159 Y118.067 E6.63543
G1 X97.013 Y118.474 E6.72672
G1 X97.747 Y118.569 E6.76232
G1 X111.234 Y114.955 E7.43388
G1 X112.993 Y113.455 E7.54507
G1 E5.54507 F2400
G92 E0
G1 X109.433 Y116.154 F7800
G1 E2 F2400
G1 F4800
G1 X108.656 Y116.592 E2.0429
G1 X107.369 Y117.196 E2.11128
G1 X114.981 Y88.787 E3.52585
G1 X115.693 Y89.807 E3.58568
G1 X81.318 Y99.018 E5.29733
G1 X81.432 Y97.792 E5.35655
G1 X102.213 Y118.574 E6.77008
G1 X102.987 Y118.474 E6.80762
G1 X104.488 Y118.16 E6.88138
;LAYER_CHANGE
;Z:2.15
;HEIGHT:0.3
G1 E4.88138 F2400
G92 E0
G1 Z2.15 F7800
G92 E0
G1 X118.278 Y110.331
G1 E2 F2400
;TYPE:Perimeter
;WIDTH:0.45
G1 F3600
G1 X117.597 Y111.454 E2.06317
G1 X116.827 Y112.558 E2.12791
G1 X115.988 Y113.611 E2.19267
G1 X115.083 Y114.607 E2.2574
G1 X114.116 Y115.543 E2.32213
G1 X113.091 Y116.416 E2.38689
G1 X112.013 Y117.221 E2.4516
G1 X110.885 Y117.955 E2.51633
G1 X109.712 Y118.616 E2.58109
G1 X108.499 Y119.2 E2.64584
G1 X107.252 Y119.705 E2.71055
G1 X105.974 Y120.129 E2.77531
G1 X104.672 Y120.47 E2.84004
G1 X103.351 Y120.728 E2.90478
G1 X102.016 Y120.9 E2.96952
G1 X100.673 Y120.986 E3.03425
G1 X99.327 Y120.986 E3.09899
G1 X97.984 Y120.9 E3.16372
G1 X96.649 Y120.728 E3.22846
G1 X95.328 Y120.47 E3.2932
G1 X94.026 Y120.129 E3.35793
G1 X92.748 Y119.705 E3.42269
G1 X91.501 Y119.2 E3.4874
G1 X90.288 Y118.616 E3.55215
G1 X89.115 Y117.955 E3.61691
G1 X87.987 Y117.221 E3.68164
G1 X86.909 Y116.416 E3.74635
G1 X85.884 Y115.543 E3.81111
G1 X84.917 Y114.607 E3.87584
G1 X84.012 Y113.611 E3.94057
G1 X83.173 Y112.558 E4.00533
G1 X82.403 Y111.454 E4.07007
G1 X81.705 Y110.303 E4.13481
G1 X81.083 Y109.11 E4.19952
G1 X80.538 Y107.879 E4.26427
G1 X80.073 Y106.616 E4.329
G1 X79.69 Y105.326 E4.39372
G1 X79.39 Y104.014 E4.45845
G1 X79.176 Y102.685 E4.52319
G1 X79.046 Y101.345 E4.58794
G1 X79.003 Y100 E4.65266
G1 X79.046 Y98.655 E4.71738
G1 X79.176 Y97.315 E4.78213
G1 X79.39 Y95.986 E4.84687
G1 X79.69 Y94.674 E4.9116
G1 X80.073 Y93.384 E4.97632
G1 X80.538 Y92.121 E5.04105
G1 X81.083 Y90.89 E5.1058
G1 X81.705 Y89.697 E5.17051
G1 X82.403 Y88.546 E5.23525
G1 X83.173 Y87.442 E5.29999
G1 X84.012 Y86.389 E5.36475
G1 X84.917 Y85.393 E5.42948
G1 X85.884 Y84.457 E5.49421
G1 X86.909 Y83.584 E5.55897
G1 X87.987 Y82.779 E5.62368
G1 X89.115 Y82.045 E5.68841
G1 X90.288 Y81.384 E5.75317
G1 X91.501 Y80.8 E5.81792
G1 X92.748 Y80.295 E5.88263
G1 X94.026 Y79.871 E5.94739
G1 X95.328 Y79.53 E6.01212
G1 X96.649 Y79.272 E6.07686
G1 X97.984 Y79.1 E6.1416
G1 X99.327 Y79.014 E6.20633
G1 X100.673 Y79.014 E6.27107
G1 X102.016 Y79.1 E6.3358
G1 X103.351 Y79.272 E6.40054
G1 X104.672 Y79.53 E6.46528
G1 X105.974 Y79.871 E6.53001
G1 X107.252 Y80.295 E6.59477
G1 X108.499 Y80.8 E6.65948
G1 X109.712 Y81.384 E6.72423
G1 X110.885 Y82.045 E6.78899
G1 X112.013 Y82.779 E6.85372
G1 X113.091 Y83.584 E6.91843
G1 X114.116 Y84.457 E6.98319
G1 X115.083 Y85.393 E7.04792
G1 X115.988 Y86.389 E7.11265
G1 X116.827 Y87.442 E7.17741
G1 X117.597 Y88.546 E7.24215
G1 X118.295 Y89.697 E7.30689
G1 X118.917 Y90.89 E7.3716
G1 X119.462 Y92.121 E7.43635
G1 X119.927 Y93.384 E7.50108
G1 X120.31 Y94.674 E7.5658
G1 X120.61 Y95.986 E7.63053
G1 X120.824 Y97.315 E7.69527
G1 X120.954 Y98.655 E7.76002
G1 X120.997 Y100 E7.82474
G1 X120.954 Y101.345 E7.88946
G1 X120.824 Y102.685 E7.95421
G1 X120.61 Y104.014 E8.01895
G1 X120.31 Y105.326 E8.08368
G1 X119.927 Y106.616 E8.1484
G1 X119.462 Y107.879 E8.21313
G1 X118.917 Y109.11 E8.27788
G1 X118.308 Y110.279 E8.34128
G1 X117.949 Y110.131 F7800
G1 F3600
G1 X117.274 Y111.244 E8.40389
G1 X116.518 Y112.328 E8.46745
G1 X115.694 Y113.361 E8.531
G1 X114.806 Y114.339 E8.59454
G1 X113.857 Y115.258 E8.65808
G1 X112.851 Y116.114 E8.72161
G1 X111.792 Y116.905 E8.78518
G1 X110.685 Y117.625 E8.84869
G1 X109.533 Y118.274 E8.91228
G1 X108.343 Y118.847 E8.9758
G1 X107.118 Y119.343 E9.03936
G1 X105.864 Y119.759 E9.10291
G1 X104.586 Y120.094 E9.16645
G1 X103.29 Y120.347 E9.22996
G1 X101.979 Y120.516 E9.29354
G1 X100.661 Y120.6 E9.35706
G1 X99.339 Y120.6 E9.42064
G1 X98.021 Y120.516 E9.48416
G1 X96.711 Y120.347 E9.54769
G1 X95.414 Y120.094 E9.61125
G1 X94.136 Y119.759 E9.67479
G1 X92.882 Y119.343 E9.73834
G1 X91.657 Y118.847 E9.8019
G1 X90.467 Y118.274 E9.86542
G1 X89.315 Y117.625 E9.92901
G1 X88.208 Y116.905 E9.99252
G1 X87.149 Y116.114 E10.05609
G1 X86.143 Y115.258 E10.11962
G1 X85.194 Y114.339 E10.18316
G1 X84.306 Y113.361 E10.2467
G1 X83.482 Y112.328 E10.31025
G1 X82.726 Y111.244 E10.37381
G1 X82.041 Y110.114 E10.43737
G1 X81.43 Y108.943 E10.5009
G1 X80.895 Y107.735 E10.56444
G1 X80.439 Y106.495 E10.62798
G1 X80.063 Y105.228 E10.69155
G1 X79.769 Y103.94 E10.75509
G1 X79.558 Y102.636 E10.81862
G1 X79.431 Y101.321 E10.88216
G1 X79.389 Y100 E10.94573
G1 X79.431 Y98.679 E11.0093
G1 X79.558 Y97.364 E11.07284
G1 X79.769 Y96.06 E11.13637
G1 X80.063 Y94.772 E11.19991
G1 X80.439 Y93.505 E11.26348
G1 X80.895 Y92.265 E11.32702
G1 X81.43 Y91.057 E11.39056
G1 X82.041 Y89.886 E11.45409
G1 X82.726 Y88.756 E11.51765
G1 X83.482 Y87.672 E11.58121
G1 X84.306 Y86.639 E11.64476
G1 X85.194 Y85.661 E11.7083
G1 X86.143 Y84.742 E11.77184
G1 X87.149 Y83.886 E11.83537
G1 X88.208 Y83.095 E11.89894
G1 X89.315 Y82.375 E11.96245
G1 X90.467 Y81.726 E12.02604
G1 X91.657 Y81.153 E12.08956
G1 X92.882 Y80.657 E12.15312
G1 X94.136 Y80.241 E12.21667
G1 X95.414 Y79.906 E12.28021
G1 X96.71 Y79.653 E12.34372
G1 X98.021 Y79.484 E12.4073
G1 X99.339 Y79.4 E12.47082
G1 X100.661 Y79.4 E12.5344
G1 X101.979 Y79.484 E12.59792
G1 X103.289 Y79.653 E12.66145
G1 X104.586 Y79.906 E12.72501
G1 X105.864 Y80.241 E12.78855
G1 X107.118 Y80.657 E12.8521
G1 X108.343 Y81.153 E12.91566
G1 X109.533 Y81.726 E12.97918
G1 X110.685 Y82.375 E13.04277
G1 X111.792 Y83.095 E13.10628
G1 X112.851 Y83.886 E13.16985
G1 X113.857 Y84.742 E13.23338
G1 X114.806 Y85.661 E13.29692
G1 X115.694 Y86.639 E13.36046
G1 X116.518 Y87.672 E13.42401
G1 X117.274 Y88.756 E13.48757
G1 X117.959 Y89.886 E13.55113
G1 X118.57 Y91.057 E13.61466
G1 X119.105 Y92.265 E13.6782
G1 X119.561 Y93.505 E13.74174
G1 X119.937 Y94.772 E13.80531
G1 X120.231 Y96.06 E13.86885
G1 X120.442 Y97.364 E13.93238
G1 X120.569 Y98.679 E13.99592
G1 X120.611 Y100 E14.05949
G1 X120.569 Y101.321 E14.12306
G1 X120.442 Y102.636 E14.1866
G1 X120.231 Y103.94 E14.25013
G1 X119.937 Y105.228 E14.31367
G1 X119.561 Y106.495 E14.37724
G1 X119.105 Y107.735 E14.44078
G1 X118.57 Y108.943 E14.50432
G1 X117.977 Y110.078 E14.56591
G1 X117.619 Y109.931 F7800
;TYPE:External perimeter
G1 F1800
G1 X116.95 Y111.033 E14.62791
G1 X116.209 Y112.097 E14.69027
G1 X115.4 Y113.11 E14.75262
G1 X114.529 Y114.07 E14.81496
G1 X113.597 Y114.972 E14.87734
G1 X112.61 Y115.813 E14.93971
G1 X111.571 Y116.588 E15.00205
G1 X110.485 Y117.295 E15.06438
G1 X109.355 Y117.932 E15.12677
G1 X108.187 Y118.494 E15.18911
G1 X106.985 Y118.981 E15.25149
G1 X105.755 Y119.389 E15.31382
G1 X104.501 Y119.718 E15.37617
G1 X103.228 Y119.966 E15.43855
G1 X101.942 Y120.132 E15.50092
G1 X100.648 Y120.215 E15.56328
G1 X99.352 Y120.215 E15.62561
G1 X98.058 Y120.132 E15.68797
G1 X96.772 Y119.966 E15.75034
G1 X95.499 Y119.718 E15.81272
G1 X94.245 Y119.389 E15.87507
G1 X93.015 Y118.981 E15.9374
G1 X91.813 Y118.494 E15.99978
G1 X90.645 Y117.932 E16.06212
G1 X89.515 Y117.295 E16.12451
G1 X88.429 Y116.588 E16.18684
G1 X87.39 Y115.813 E16.24918
G1 X86.403 Y114.972 E16.31155
G1 X85.471 Y114.07 E16.37393
G1 X84.6 Y113.111 E16.43624
G1 X83.791 Y112.097 E16.49863
G1 X83.05 Y111.034 E16.56095
G1 X82.377 Y109.925 E16.62334
G1 X81.778 Y108.775 E16.6857
G1 X81.253 Y107.59 E16.74804
G1 X80.805 Y106.373 E16.81041
G1 X80.436 Y105.13 E16.87277
G1 X80.148 Y103.866 E16.93512
G1 X79.941 Y102.586 E16.99748
G1 X79.816 Y101.296 E17.05982
G1 X79.775 Y100 E17.12218
G1 X79.816 Y98.704 E17.18454
G1 X79.941 Y97.414 E17.24688
G1 X80.148 Y96.134 E17.30924
G1 X80.436 Y94.87 E17.37159
G1 X80.805 Y93.627 E17.43395
G1 X81.253 Y92.41 E17.49632
G1 X81.778 Y91.225 E17.55866
G1 X82.377 Y90.075 E17.62102
G1 X83.05 Y88.967 E17.68337
G1 X83.791 Y87.903 E17.74573
G1 X84.6 Y86.89 E17.80808
G1 X85.471 Y85.93 E17.87042
G1 X86.403 Y85.028 E17.9328
G1 X87.39 Y84.187 E17.99517
G1 X88.429 Y83.412 E18.05751
G1 X89.515 Y82.705 E18.11984
G1 X90.645 Y82.068 E18.18223
G1 X91.813 Y81.506 E18.24457
G1 X93.015 Y81.019 E18.30695
G1 X94.245 Y80.611 E18.36928
G1 X95.499 Y80.282 E18.43163
G1 X96.772 Y80.034 E18.49401
G1 X98.058 Y79.868 E18.55638
G1 X99.352 Y79.785 E18.61874
G1 X100.648 Y79.785 E18.68107
G1 X101.942 Y79.868 E18.74343
G1 X103.228 Y80.034 E18.8058
G1 X104.501 Y80.282 E18.86818
G1 X105.755 Y80.611 E18.93053
G1 X106.985 Y81.019 E18.99286
G1 X108.187 Y81.506 E19.05524
G1 X109.355 Y82.068 E19.11758
G1 X110.485 Y82.705 E19.17997
G1 X111.571 Y83.412 E19.2423
G1 X112.61 Y84.187 E19.30464
G1 X113.597 Y85.028 E19.36701
G1 X114.529 Y85.93 E19.42939
G1 X115.4 Y86.89 E19.49173
G1 X116.209 Y87.903 E19.55408
G1 X116.95 Y88.966 E19.6164
G1 X117.623 Y90.075 E19.67879
G1 X118.222 Y91.225 E19.74115
G1 X118.747 Y92.41 E19.80349
G1 X119.195 Y93.627 E19.86586
G1 X119.564 Y94.87 E19.92822
G1 X119.852 Y96.134 E19.99057
G1 X120.059 Y97.414 E20.05293
G1 X120.184 Y98.704 E20.11527
G1 X120.225 Y100 E20.17763
G1 X120.184 Y101.296 E20.23999
G1 X120.059 Y102.586 E20.30233
G1 X119.852 Y103.866 E20.36469
G1 X119.564 Y105.13 E20.42704
G1 X119.195 Y106.373 E20.4894
G1 X118.747 Y107.59 E20.55177
G1 X118.222 Y108.775 E20.61411
G1 X117.647 Y109.878 E20.67394
G1 X117.442 Y110.222 F7800
G1 E18.67394 F2400
G92 E0
G1 X124.004 Y124.004 F7800
G1 E2 F2400
;TYPE:Perimeter
G1 F3600
G1 X75.996 Y124.004 E4.30902
G1 X75.996 Y75.996 E6.61804
G1 X124.004 Y75.996 E8.92706
G1 X124.004 Y123.944 E11.23319
G1 X124.389 Y124.389 F7800
G1 F3600
G1 X75.611 Y124.389 E13.57924
G1 X75.611 Y75.611 E15.92529
G1 X124.389 Y75.611 E18.27134
G1 X124.389 Y124.329 E20.61451
G1 X124.775 Y124.775 F7800
;TYPE:External perimeter
G1 F1800
G1 X75.225 Y124.775 E22.99769
G1 X75.225 Y75.225 E25.38087
G1 X124.775 Y75.225 E27.76405
G1 X124.775 Y124.715 E30.14435
G1 X124.379 Y124.774 F7800
G1 E28.14435 F2400
G92 E0
G1 X123.715 Y121.401 F7800
G1 E2 F2400
;TYPE:Internal infill
;WIDTH:0.45
G1 F4800
G1 X123.715 Y123.715 E2.1113
G1 X115.045 Y115.045 E2.70102
G1 X116.387 Y113.574 E2.79679
G1 X123.715 Y111.611 E3.16167
G1 X123.715 Y107.354 E3.36642
G1 X120.806 Y104.445 E3.56429
G1 X121.105 Y102.759 E3.64665
G1 X121.239 Y101.401 E3.71228
G1 X121.275 Y100.288 E3.76584
G1 X123.715 Y99.634 E3.88734
G1 X123.715 Y100.891 E3.9478
G1 X117.599 Y123.715 E5.08429
G1 X115.285 Y123.715 E5.19559
G1 E3.19559 F2400
G92 E0
G1 X108.713 Y119.415 F7800
G1 E2 F2400
G1 F4800
G1 X107.386 Y119.962 E2.06903
G1 X106.553 Y120.24 E2.11127
G1 X105.622 Y123.715 E2.2843
G1 X107.354 Y123.715 E2.3676
G1 X104.448 Y120.809 E2.56526
G1 X102.164 Y121.172 E2.67649
G1 E.67649 F2400
G92 E0
G1 X83.983 Y123.715 F7800
G1 E2 F2400
G1 F4800
G1 X81.669 Y123.715 E2.1113
G1 X84.205 Y114.25 E2.58259
G1 X82.92 Y112.701 E2.67939
G1 X81.723 Y110.886 E2.78396
G1 X76.285 Y112.343 E3.05473
G1 X76.285 Y109.006 E3.21523
G1 X90.994 Y123.715 E4.21572
G1 X93.646 Y123.715 E4.34327
G1 X94.493 Y120.551 E4.50081
G1 X92.587 Y119.951 E4.59692
G1 X78.542 Y123.715 E5.29627
G1 X76.285 Y123.715 E5.40482
G1 X76.285 Y123.658 E5.40756
G1 E3.40756 F2400
G92 E0
G1 X76.285 Y78.599 F7800
G1 E2 F2400
G1 F4800
G1 X76.285 Y76.285 E2.1113
G1 X84.955 Y84.955 E2.70102
G1 X83.614 Y86.426 E2.79676
G1 X76.285 Y88.389 E3.16168
G1 X76.285 Y92.646 E3.36643
G1 X79.193 Y95.554 E3.56423
G1 X78.885 Y97.315 E3.65021
G1 X78.756 Y98.673 E3.71582
G1 X78.725 Y99.712 E3.76581
G1 X76.285 Y100.366 E3.88731
G1 X76.285 Y99.109 E3.94777
G1 X82.401 Y76.285 E5.08426
G1 X84.715 Y76.285 E5.19556
G1 E3.19556 F2400
G92 E0
G1 X91.287 Y80.585 F7800
G1 E2 F2400
G1 F4800
G1 X92.614 Y80.038 E2.06903
G1 X93.447 Y79.76 E2.11127
G1 X94.378 Y76.285 E2.2843
G1 X92.646 Y76.285 E2.3676
G1 X95.552 Y79.191 E2.56526
G1 X97.836 Y78.828 E2.67649
G1 E.67649 F2400
G92 E0
G1 X116.017 Y76.285 F7800
G1 E2 F2400
G1 F4800
G1 X118.331 Y76.285 E2.1113
G1 X115.795 Y85.75 E2.58259
G1 X117.08 Y87.299 E2.67939
G1 X118.277 Y89.114 E2.78396
G1 X123.715 Y87.657 E3.05473
G1 X123.715 Y90.994 E3.21523
G1 X109.006 Y76.285 E4.21572
G1 X106.354 Y76.285 E4.34327
G1 X105.507 Y79.449 E4.50081
G1 X107.413 Y80.049 E4.59692
G1 X121.458 Y76.285 E5.29627
G1 X123.715 Y76.285 E5.40482
G1 X123.715 Y76.342 E5.40756
G1 E3.40756 F2400
G92 E0
G92 E0
G1 X100.6 Y81.007 F7800
G1 E2 F2400
;TYPE:Perimeter
;WIDTH:0.45
G1 F3600
G1 X100.609 Y81.007 E2.00043
G1 X101.825 Y81.085 E2.05904
G1 X103.033 Y81.24 E2.11762
G1 X104.229 Y81.473 E2.17622
G1 X105.407 Y81.782 E2.23479
G1 X106.563 Y82.166 E2.29338
G1 X107.692 Y82.623 E2.35196
G1 X108.79 Y83.152 E2.41058
G1 X109.851 Y83.75 E2.46916
G1 X110.872 Y84.414 E2.52774
G1 X111.848 Y85.143 E2.58633
G1 X112.776 Y85.932 E2.64492
G1 X113.651 Y86.78 E2.70353
G1 X114.47 Y87.682 E2.76213
G1 X115.229 Y88.634 E2.82069
G1 X115.926 Y89.633 E2.87928
G1 X116.558 Y90.675 E2.93789
G1 X117.121 Y91.755 E2.99647
G1 X117.614 Y92.869 E3.05506
G1 X118.035 Y94.012 E3.11364
G1 X118.382 Y95.18 E3.17224
G1 X118.653 Y96.367 E3.2308
G1 X118.847 Y97.57 E3.28941
G1 X118.964 Y98.782 E3.34797
G1 X119.003 Y100 E3.40658
G1 X118.964 Y101.218 E3.46519
G1 X118.847 Y102.43 E3.52375
G1 X118.653 Y103.633 E3.58236
G1 X118.382 Y104.82 E3.64092
G1 X118.035 Y105.988 E3.69952
G1 X117.614 Y107.131 E3.7581
G1 X117.121 Y108.245 E3.81669
G1 X116.558 Y109.325 E3.87527
G1 X115.926 Y110.367 E3.93388
G1 X115.229 Y111.366 E3.99247
G1 X114.47 Y112.318 E4.05103
G1 X113.651 Y113.22 E4.10963
G1 X112.776 Y114.068 E4.16824
G1 X111.848 Y114.857 E4.22683
G1 X110.872 Y115.586 E4.28542
G1 X109.851 Y116.25 E4.344
G1 X108.79 Y116.848 E4.40258
G1 X107.692 Y117.377 E4.4612
G1 X106.563 Y117.834 E4.51978
G1 X105.407 Y118.218 E4.57837
G1 X104.229 Y118.527 E4.63694
G1 X103.033 Y118.76 E4.69554
G1 X101.825 Y118.915 E4.75412
G1 X100.609 Y118.993 E4.81273
G1 X99.391 Y118.993 E4.87131
G1 X98.175 Y118.915 E4.92992
G1 X96.967 Y118.76 E4.9885
G1 X95.771 Y118.527 E5.0471
G1 X94.593 Y118.218 E5.10567
G1 X93.437 Y117.834 E5.16426
G1 X92.308 Y117.377 E5.22284
G1 X91.21 Y116.848 E5.28146
G1 X90.149 Y116.25 E5.34004
G1 X89.128 Y115.586 E5.39862
G1 X88.152 Y114.857 E5.45721
G1 X87.224 Y114.068 E5.5158
G1 X86.349 Y113.22 E5.57441
G1 X85.53 Y112.318 E5.63301
G1 X84.771 Y111.366 E5.69157
G1 X84.074 Y110.367 E5.75016
G1 X83.442 Y109.325 E5.80877
G1 X82.879 Y108.245 E5.86735
G1 X82.386 Y107.131 E5.92594
G1 X81.965 Y105.988 E5.98452
G1 X81.618 Y104.82 E6.04312
G1 X81.347 Y103.633 E6.10168
G1 X81.153 Y102.43 E6.16029
G1 X81.036 Y101.218 E6.21885
G1 X80.997 Y100 E6.27746
G1 X81.036 Y98.782 E6.33607
G1 X81.153 Y97.57 E6.39463
G1 X81.347 Y96.367 E6.45324
G1 X81.618 Y95.18 E6.5118
G1 X81.965 Y94.012 E6.5704
G1 X82.386 Y92.869 E6.62898
G1 X82.879 Y91.755 E6.68757
G1 X83.442 Y90.675 E6.74615
G1 X84.074 Y89.633 E6.80476
G1 X84.771 Y88.634 E6.86335
G1 X85.53 Y87.682 E6.92191
G1 X86.349 Y86.78 E6.98051
G1 X87.224 Y85.932 E7.03912
G1 X88.152 Y85.143 E7.09771
G1 X89.128 Y84.414 E7.1563
G1 X90.149 Y83.75 E7.21488
G1 X91.21 Y83.152 E7.27346
G1 X92.308 Y82.623 E7.33208
G1 X93.437 Y82.166 E7.39066
G1 X94.593 Y81.782 E7.44925
G1 X95.771 Y81.473 E7.50782
G1 X96.967 Y81.24 E7.56642
G1 X98.175 Y81.085 E7.625
G1 X99.391 Y81.007 E7.68361
G1 X100.54 Y81.007 E7.73887
G1 X100.624 Y80.621 F7800
G1 F3600
G1 X101.862 Y80.701 E7.79854
G1 X103.094 Y80.859 E7.85828
G1 X104.314 Y81.097 E7.91806
G1 X105.517 Y81.412 E7.97787
G1 X106.696 Y81.804 E8.03763
G1 X107.848 Y82.27 E8.0974
G1 X108.968 Y82.81 E8.1572
G1 X110.051 Y83.42 E8.21698
G1 X111.093 Y84.098 E8.27677
G1 X112.089 Y84.841 E8.33653
G1 X113.035 Y85.647 E8.3963
G1 X113.928 Y86.511 E8.45606
G1 X114.764 Y87.431 E8.51585
G1 X115.539 Y88.403 E8.57564
G1 X116.25 Y89.423 E8.63544
G1 X116.894 Y90.485 E8.69518
G1 X117.469 Y91.587 E8.75496
G1 X117.972 Y92.724 E8.81476
G1 X118.401 Y93.89 E8.87452
G1 X118.755 Y95.082 E8.93433
G1 X119.032 Y96.294 E8.99413
G1 X119.23 Y97.521 E9.05391
G1 X119.349 Y98.758 E9.11368
G1 X119.389 Y100 E9.17345
G1 X119.349 Y101.242 E9.23322
G1 X119.23 Y102.479 E9.29299
G1 X119.032 Y103.706 E9.35277
G1 X118.755 Y104.918 E9.41257
G1 X118.401 Y106.11 E9.47238
G1 X117.972 Y107.276 E9.53214
G1 X117.469 Y108.413 E9.59194
G1 X116.894 Y109.515 E9.65172
G1 X116.25 Y110.577 E9.71146
G1 X115.539 Y111.597 E9.77126
G1 X114.764 Y112.569 E9.83105
G1 X113.928 Y113.489 E9.89084
G1 X113.035 Y114.353 E9.9506
G1 X112.089 Y115.159 E10.01037
G1 X111.093 Y115.902 E10.07013
G1 X110.051 Y116.58 E10.12992
G1 X108.968 Y117.19 E10.1897
G1 X107.848 Y117.73 E10.2495
G1 X106.696 Y118.196 E10.30927
G1 X105.517 Y118.588 E10.36903
G1 X104.314 Y118.903 E10.42884
G1 X103.094 Y119.141 E10.48862
G1 X101.862 Y119.299 E10.54836
G1 X100.621 Y119.379 E10.60817
G1 X99.379 Y119.379 E10.66791
G1 X98.138 Y119.299 E10.72772
G1 X96.906 Y119.141 E10.78746
G1 X95.686 Y118.903 E10.84724
G1 X94.483 Y118.588 E10.90705
G1 X93.304 Y118.196 E10.96681
G1 X92.152 Y117.73 E11.02658
G1 X91.032 Y117.19 E11.08638
G1 X89.949 Y116.58 E11.14616
G1 X88.907 Y115.902 E11.20595
G1 X87.911 Y115.159 E11.26571
G1 X86.965 Y114.353 E11.32548
G1 X86.072 Y113.489 E11.38524
G1 X85.236 Y112.569 E11.44503
G1 X84.461 Y111.597 E11.50482
G1 X83.75 Y110.577 E11.56462
G1 X83.106 Y109.515 E11.62436
G1 X82.531 Y108.413 E11.68414
G1 X82.028 Y107.276 E11.74394
G1 X81.599 Y106.11 E11.8037
G1 X81.245 Y104.918 E11.86351
G1 X80.968 Y103.706 E11.92331
G1 X80.77 Y102.479 E11.98309
G1 X80.651 Y101.242 E12.04286
G1 X80.611 Y100 E12.10263
G1 X80.651 Y98.758 E12.1624
G1 X80.77 Y97.521 E12.22217
G1 X80.968 Y96.294 E12.28195
G1 X81.245 Y95.082 E12.34175
G1 X81.599 Y93.89 E12.40156
G1 X82.028 Y92.724 E12.46132
G1 X82.531 Y91.587 E12.52112
G1 X83.106 Y90.485 E12.5809
G1 X83.75 Y89.423 E12.64064
G1 X84.461 Y88.403 E12.70044
G1 X85.236 Y87.431 E12.76023
G1 X86.072 Y86.511 E12.82002
G1 X86.965 Y85.647 E12.87978
G1 X87.911 Y84.841 E12.93955
G1 X88.907 Y84.098 E12.99931
G1 X89.949 Y83.42 E13.0591
G1 X91.032 Y82.81 E13.11888
G1 X92.152 Y82.27 E13.17868
G1 X93.304 Y81.804 E13.23845
G1 X94.483 Y81.412 E13.29821
G1 X95.686 Y81.097 E13.35802
G1 X96.906 Y80.859 E13.4178
G1 X98.138 Y80.701 E13.47754
G1 X99.379 Y80.621 E13.53735
G1 X100.564 Y80.621 E13.59434
G1 X100.649 Y80.236 F7800
;TYPE:External perimeter
G1 F1800
G1 X101.899 Y80.316 E13.65458
G1 X103.156 Y80.479 E13.71554
G1 X104.4 Y80.721 E13.77649
G1 X105.626 Y81.042 E13.83744
G1 X106.83 Y81.442 E13.89846
G1 X108.005 Y81.918 E13.95943
G1 X109.147 Y82.468 E14.02039
G1 X110.251 Y83.09 E14.08134
G1 X111.314 Y83.781 E14.14232
G1 X112.329 Y84.539 E14.20325
G1 X113.295 Y85.361 E14.26426
G1 X114.205 Y86.243 E14.32521
G1 X115.058 Y87.181 E14.38619
G1 X115.848 Y88.172 E14.44715
G1 X116.573 Y89.212 E14.50813
G1 X117.23 Y90.296 E14.5691
G1 X117.817 Y91.42 E14.63009
G1 X118.33 Y92.579 E14.69105
G1 X118.767 Y93.769 E14.75202
G1 X119.128 Y94.984 E14.81298
G1 X119.41 Y96.22 E14.87395
G1 X119.613 Y97.471 E14.93491
G1 X119.734 Y98.733 E14.99589
G1 X119.775 Y100 E15.05686
G1 X119.734 Y101.267 E15.11783
G1 X119.613 Y102.529 E15.17881
G1 X119.41 Y103.78 E15.23977
G1 X119.128 Y105.016 E15.30074
G1 X118.767 Y106.231 E15.3617
G1 X118.33 Y107.421 E15.42267
G1 X117.817 Y108.58 E15.48363
G1 X117.23 Y109.704 E15.54462
G1 X116.573 Y110.788 E15.60559
G1 X115.848 Y111.828 E15.66657
G1 X115.058 Y112.819 E15.72753
G1 X114.205 Y113.757 E15.78851
G1 X113.295 Y114.639 E15.84946
G1 X112.329 Y115.461 E15.91047
G1 X111.314 Y116.219 E15.9714
G1 X110.251 Y116.91 E16.03238
G1 X109.147 Y117.532 E16.09333
G1 X108.005 Y118.082 E16.15429
G1 X106.83 Y118.558 E16.21526
G1 X105.626 Y118.958 E16.27628
G1 X104.4 Y119.279 E16.33723
G1 X103.156 Y119.521 E16.39818
G1 X101.899 Y119.684 E16.45914
G1 X100.634 Y119.765 E16.52011
G1 X99.366 Y119.765 E16.5811
G1 X98.101 Y119.684 E16.64207
G1 X96.844 Y119.521 E16.70303
G1 X95.6 Y119.279 E16.76398
G1 X94.374 Y118.958 E16.82493
G1 X93.17 Y118.558 E16.88595
G1 X91.995 Y118.082 E16.94692
G1 X90.853 Y117.532 E17.00788
G1 X89.749 Y116.91 E17.06883
G1 X88.686 Y116.219 E17.12981
G1 X87.671 Y115.461 E17.19074
G1 X86.705 Y114.639 E17.25175
G1 X85.795 Y113.757 E17.3127
G1 X84.942 Y112.819 E17.37368
G1 X84.152 Y111.828 E17.43464
G1 X83.427 Y110.788 E17.49562
G1 X82.77 Y109.704 E17.55659
G1 X82.183 Y108.58 E17.61758
G1 X81.67 Y107.421 E17.67854
G1 X81.233 Y106.231 E17.73951
G1 X80.872 Y105.016 E17.80047
G1 X80.59 Y103.78 E17.86144
G1 X80.387 Y102.529 E17.9224
G1 X80.266 Y101.267 E17.98338
G1 X80.225 Y100 E18.04435
G1 X80.266 Y98.733 E18.10532
G1 X80.387 Y97.471 E18.1663
G1 X80.59 Y96.22 E18.22726
G1 X80.872 Y94.984 E18.28823
G1 X81.233 Y93.769 E18.34919
G1 X81.67 Y92.579 E18.41016
G1 X82.183 Y91.42 E18.47112
G1 X82.77 Y90.296 E18.53211
G1 X83.427 Y89.212 E18.59308
G1 X84.152 Y88.172 E18.65406
G1 X84.942 Y87.181 E18.71502
G1 X85.795 Y86.243 E18.776
G1 X86.705 Y85.361 E18.83695
G1 X87.671 Y84.539 E18.89796
G1 X88.686 Y83.781 E18.95889
G1 X89.749 Y83.09 E19.01987
G1 X90.853 Y82.468 E19.08082
G1 X91.995 Y81.918 E19.14178
G1 X93.17 Y81.442 E19.20275
G1 X94.374 Y81.042 E19.26377
G1 X95.6 Y80.721 E19.32472
G1 X96.844 Y80.479 E19.38567
G1 X98.101 Y80.316 E19.44663
G1 X99.366 Y80.235 E19.5076
G1 X100.589 Y80.235 E19.56642
G1 X100.988 Y80.258 F7800
G1 E17.56642 F2400
G92 E0
G1 X95.512 Y81.84 F7800
G1 E2 F2400
;TYPE:Internal infill
;WIDTH:0.45
G1 F4800
G1 X97.013 Y81.526 E2.07376
G1 X97.787 Y81.426 E2.1113
G1 X118.577 Y102.217 E3.52545
G1 X118.682 Y100.982 E3.58506
G1 X84.307 Y110.193 E5.29671
G1 X85.019 Y111.213 E5.35654
G1 X92.631 Y82.804 E6.77111
G1 X91.344 Y83.408 E6.83949
G1 X90.567 Y83.846 E6.88239
G1 E4.88239 F2400
G92 E0
G1 X87.007 Y86.545 F7800
G1 E2 F2400
G1 F4800
G1 X88.766 Y85.045 E2.11119
G1 X102.253 Y81.431 E2.78275
G1 X102.987 Y81.526 E2.81835
G1 X104.841 Y81.933 E2.90964
G1 X95.159 Y118.067 E4.70887
G1 X97.013 Y118.474 E4.80016
G1 X97.747 Y118.569 E4.83576
G1 X111.234 Y114.955 E5.50732
G1 X112.581 Y113.853 E5.59102
G1 X113.228 Y113.228 E5.63429
G1 X86.772 Y86.772 E7.4338
G1 X85.75 Y87.869 E7.50591
G1 X85.243 Y88.506 E7.54507
G1 E5.54507 F2400
G92 E0
G1 X104.488 Y118.16 F7800
G1 E2 F2400
G1 F4800
G1 X102.987 Y118.474 E2.07376
G1 X102.213 Y118.574 E2.1113
G1 X81.423 Y97.783 E3.52545
G1 X81.318 Y99.018 E3.58506
G1 X115.693 Y89.807 E5.29671
G1 X114.981 Y88.787 E5.35654
G1 X107.369 Y117.196 E6.77111
G1 X108.656 Y116.592 E6.83949
G1 X109.433 Y116.154 E6.88239
;LAYER_CHANGE
;Z:2.45
;HEIGHT:0.3
G1 E4.88239 F2400
G92 E0
G1 Z2.45 F7800
G92 E0
G1 X118.278 Y110.331
G1 E2 F2400
;TYPE:Perimeter
;WIDTH:0.45
G1 F3600
G1 X117.597 Y111.454 E2.06317
G1 X116.827 Y112.558 E2.12791
G1 X115.988 Y113.611 E2.19267
G1 X115.083 Y114.607 E2.2574
G1 X114.116 Y115.543 E2.32213
G1 X113.091 Y116.416 E2.38689
G1 X112.013 Y117.221 E2.4516
G1 X110.885 Y117.955 E2.51633
G1 X109.712 Y118.616 E2.58109
G1 X108.499 Y119.2 E2.64584
G1 X107.252 Y119.705 E2.71055
G1 X105.974 Y120.129 E2.77531
G1 X104.672 Y120.47 E2.84004
G1 X103.351 Y120.728 E2.90478
G1 X102.016 Y120.9 E2.96952
G1 X100.673 Y120.986 E3.03425
G1 X99.327 Y120.986 E3.09899
G1 X97.984 Y120.9 E3.16372
G1 X96.649 Y120.728 E3.22846
G1 X95.328 Y120.47 E3.2932
G1 X94.026 Y120.129 E3.35793
G1 X92.748 Y119.705 E3.42269
G1 X91.501 Y119.2 E3.4874
G1 X90.288 Y118.616 E3.55215
G1 X89.115 Y117.955 E3.61691
G1 X87.987 Y117.221 E3.68164
G1 X86.909 Y116.416 E3.74635
G1 X85.884 Y115.543 E3.81111
G1 X84.917 Y114.607 E3.87584
G1 X84.012 Y113.611 E3.94057
G1 X83.173 Y112.558 E4.00533
G1 X82.403 Y111.454 E4.07007
G1 X81.705 Y110.303 E4.13481
G1 X81.083 Y109.11 E4.19952
G1 X80.538 Y107.879 E4.26427
G1 X80.073 Y106.616 E4.329
G1 X79.69 Y105.326 E4.39372
G1 X79.39 Y104.014 E4.45845
G1 X79.176 Y102.685 E4.52319
G1 X79.046 Y101.345 E4.58794
G1 X79.003 Y100 E4.65266
G1 X79.046 Y98.655 E4.71738
G1 X79.176 Y97.315 E4.78213
G1 X79.39 Y95.986 E4.84687
G1 X79.69 Y94.674 E4.9116
G1 X80.073 Y93.384 E4.97632
G1 X80.538 Y92.121 E5.04105
G1 X81.083 Y90.89 E5.1058
G1 X81.705 Y89.697 E5.17051
G1 X82.403 Y88.546 E5.23525
G1 X83.173 Y87.442 E5.29999
G1 X84.012 Y86.389 E5.36475
G1 X84.917 Y85.393 E5.42948
G1 X85.884 Y84.457 E5.49421
G1 X86.909 Y83.584 E5.55897
G1 X87.987 Y82.779 E5.62368
G1 X89.115 Y82.045 E5.68841
G1 X90.288 Y81.384 E5.75317
G1 X91.501 Y80.8 E5.81792
G1 X92.748 Y80.295 E5.88263
G1 X94.026 Y79.871 E5.94739
G1 X95.328 Y79.53 E6.01212
G1 X96.649 Y79.272 E6.07686
G1 X97.984 Y79.1 E6.1416
G1 X99.327 Y79.014 E6.20633
G1 X100.673 Y79.014 E6.27107
G1 X102.016 Y79.1 E6.3358
G1 X103.351 Y79.272 E6.40054
G1 X104.672 Y79.53 E6.46528
G1 X105.974 Y79.871 E6.53001
G1 X107.252 Y80.295 E6.59477
G1 X108.499 Y80.8 E6.65948
G1 X109.712 Y81.384 E6.72423
G1 X110.885 Y82.045 E6.78899
G1 X112.013 Y82.779 E6.85372
G1 X113.091 Y83.584 E6.91843
G1 X114.116 Y84.457 E6.98319
G1 X115.083 Y85.393 E7.04792
G1 X115.988 Y86.389 E7.11265
G1 X116.827 Y87.442 E7.17741
G1 X117.597 Y88.546 E7.24215
G1 X118.295 Y89.697 E7.30689
G1 X118.917 Y90.89 E7.3716
G1 X119.462 Y92.121 E7.43635
G1 X119.927 Y93.384 E7.50108
G1 X120.31 Y94.674 E7.5658
G1 X120.61 Y95.986 E7.63053
G1 X120.824 Y97.315 E7.69527
G1 X120.954 Y98.655 E7.76002
G1 X120.997 Y100 E7.82474
G1 X120.954 Y101.345 E7.88946
G1 X120.824 Y102.685 E7.95421
G1 X120.61 Y104.014 E8.01895
G1 X120.31 Y105.326 E8.08368
G1 X119.927 Y106.616 E8.1484
G1 X119.462 Y107.879 E8.21313
G1 X118.917 Y109.11 E8.27788
G1 X118.308 Y110.279 E8.34128
G1 X117.949 Y110.131 F7800
G1 F3600
G1 X117.274 Y111.244 E8.40389
G1 X116.518 Y112.328 E8.46745
G1 X115.694 Y113.361 E8.531
G1 X114.806 Y114.339 E8.59454
G1 X113.857 Y115.258 E8.65808
G1 X112.851 Y116.114 E8.72161
G1 X111.792 Y116.905 E8.78518
G1 X110.685 Y117.625 E8.84869
G1 X109.533 Y118.274 E8.91228
G1 X108.343 Y118.847 E8.9758
G1 X107.118 Y119.343 E9.03936
G1 X105.864 Y119.759 E9.10291
G1 X104.586 Y120.094 E9.16645
G1 X103.29 Y120.347 E9.22996
G1 X101.979 Y120.516 E9.29354
G1 X100.661 Y120.6 E9.35706
G1 X99.339 Y120.6 E9.42064
G1 X98.021 Y120.516 E9.48416
G1 X96.711 Y120.347 E9.54769
G1 X95.414 Y120.094 E9.61125
G1 X94.136 Y119.759 E9.67479
G1 X92.882 Y119.343 E9.73834
G1 X91.657 Y118.847 E9.8019
G1 X90.467 Y118.274 E9.86542
G1 X89.315 Y117.625 E9.92901
G1 X88.208 Y116.905 E9.99252
G1 X87.149 Y116.114 E10.05609
G1 X86.143 Y115.258 E10.11962
G1 X85.194 Y114.339 E10.18316
G1 X84.306 Y113.361 E10.2467
G1 X83.482 Y112.328 E10.31025
G1 X82.726 Y111.244 E10.37381
G1 X82.041 Y110.114 E10.43737
G1 X81.43 Y108.943 E10.5009
G1 X80.895 Y107.735 E10.56444
G1 X80.439 Y106.495 E10.62798
G1 X80.063 Y105.228 E10.69155
G1 X79.769 Y103.94 E10.75509
G1 X79.558 Y102.636 E10.81862
G1 X79.431 Y101.321 E10.88216
G1 X79.389 Y100 E10.94573
G1 X79.431 Y98.679 E11.0093
G1 X79.558 Y97.364 E11.07284
G1 X79.769 Y96.06 E11.13637
G1 X80.063 Y94.772 E11.19991
G1 X80.439 Y93.505 E11.26348
G1 X80.895 Y92.265 E11.32702
G1 X81.43 Y91.057 E11.39056
G1 X82.041 Y89.886 E11.45409
G1 X82.726 Y88.756 E11.51765
G1 X83.482 Y87.672 E11.58121
G1 X84.306 Y86.639 E11.64476
G1 X85.194 Y85.661 E11.7083
G1 X86.143 Y84.742 E11.77184
G1 X87.149 Y83.886 E11.83537
G1 X88.208 Y83.095 E11.89894
G1 X89.315 Y82.375 E11.96245
G1 X90.467 Y81.726 E12.02604
G1 X91.657 Y81.153 E12.08956
G1 X92.882 Y80.657 E12.15312
G1 X94.136 Y80.241 E12.21667
G1 X95.414 Y79.906 E12.28021
G1 X96.71 Y79.653 E12.34372
G1 X98.021 Y79.484 E12.4073
G1 X99.339 Y79.4 E12.47082
G1 X100.661 Y79.4 E12.5344
G1 X101.979 Y79.484 E12.59792
G1 X103.289 Y79.653 E12.66145
G1 X104.586 Y79.906 E12.72501
G1 X105.864 Y80.241 E12.78855
G1 X107.118 Y80.657 E12.8521
G1 X108.343 Y81.153 E12.91566
G1 X109.533 Y81.726 E12.97918
G1 X110.685 Y82.375 E13.04277
G1 X111.792 Y83.095 E13.10628
G1 X112.851 Y83.886 E13.16985
G1 X113.857 Y84.742 E13.23338
G1 X114.806 Y85.661 E13.29692
G1 X115.694 Y86.639 E13.36046
G1 X116.518 Y87.672 E13.42401
G1 X117.274 Y88.756 E13.48757
G1 X117.959 Y89.886 E13.55113
G1 X118.57 Y91.057 E13.61466
G1 X119.105 Y92.265 E13.6782
G1 X119.561 Y93.505 E13.74174
G1 X119.937 Y94.772 E13.80531
G1 X120.231 Y96.06 E13.86885
G1 X120.442 Y97.364 E13.93238
G1 X120.569 Y98.679 E13.99592
G1 X120.611 Y100 E14.05949
G1 X120.569 Y101.321 E14.12306
G1 X120.442 Y102.636 E14.1866
G1 X120.231 Y103.94 E14.25013
G1 X119.937 Y105.228 E14.31367
G1 X119.561 Y106.495 E14.37724
G1 X119.105 Y107.735 E14.44078
G1 X118.57 Y108.943 E14.50432
G1 X117.977 Y110.078 E14.56591
G1 X117.619 Y109.931 F7800
;TYPE:External perimeter
G1 F1800
G1 X116.95 Y111.033 E14.62791
G1 X116.209 Y112.097 E14.69027
G1 X115.4 Y113.11 E14.75262
G1 X114.529 Y114.07 E14.81496
G1 X113.597 Y114.972 E14.87734
G1 X112.61 Y115.813 E14.93971
G1 X111.571 Y116.588 E15.00205
G1 X110.485 Y117.295 E15.06438
G1 X109.355 Y117.932 E15.12677
G1 X108.187 Y118.494 E15.18911
G1 X106.985 Y118.981 E15.25149
G1 X105.755 Y119.389 E15.31382
G1 X104.501 Y119.718 E15.37617
G1 X103.228 Y119.966 E15.43855
G1 X101.942 Y120.132 E15.50092
G1 X100.648 Y120.215 E15.56328
G1 X99.352 Y120.215 E15.62561
G1 X98.058 Y120.132 E15.68797
G1 X96.772 Y119.966 E15.75034
G1 X95.499 Y119.718 E15.81272
G1 X94.245 Y119.389 E15.87507
G1 X93.015 Y118.981 E15.9374
G1 X91.813 Y118.494 E15.99978
G1 X90.645 Y117.932 E16.06212
G1 X89.515 Y117.295 E16.12451
G1 X88.429 Y116.588 E16.18684
G1 X87.39 Y115.813 E16.24918
G1 X86.403 Y114.972 E16.31155
G1 X85.471 Y114.07 E16.37393
G1 X84.6 Y113.111 E16.43624
G1 X83.791 Y112.097 E16.49863
G1 X83.05 Y111.034 E16.56095
G1 X82.377 Y109.925 E16.62334
G1 X81.778 Y108.775 E16.6857
G1 X81.253 Y107.59 E16.74804
G1 X80.805 Y106.373 E16.81041
G1 X80.436 Y105.13 E16.87277
G1 X80.148 Y103.866 E16.93512
G1 X79.941 Y102.586 E16.99748
G1 X79.816 Y101.296 E17.05982
G1 X79.775 Y100 E17.12218
G1 X79.816 Y98.704 E17.18454
G1 X79.941 Y97.414 E17.24688
G1 X80.148 Y96.134 E17.30924
G1 X80.436 Y94.87 E17.37159
G1 X80.805 Y93.627 E17.43395
G1 X81.253 Y92.41 E17.49632
G1 X81.778 Y91.225 E17.55866
G1 X82.377 Y90.075 E17.62102
G1 X83.05 Y88.967 E17.68337
G1 X83.791 Y87.903 E17.74573
G1 X84.6 Y86.89 E17.80808
G1 X85.471 Y85.93 E17.87042
G1 X86.403 Y85.028 E17.9328
G1 X87.39 Y84.187 E17.99517
G1 X88.429 Y83.412 E18.05751
G1 X89.515 Y82.705 E18.11984
G1 X90.645 Y82.068 E18.18223
G1 X91.813 Y81.506 E18.24457
G1 X93.015 Y81.019 E18.30695
G1 X94.245 Y80.611 E18.36928
G1 X95.499 Y80.282 E18.43163
G1 X96.772 Y80.034 E18.49401
G1 X98.058 Y79.868 E18.55638
G1 X99.352 Y79.785 E18.61874
G1 X100.648 Y79.785 E18.68107
G1 X101.942 Y79.868 E18.74343
G1 X103.228 Y80.034 E18.8058
G1 X104.501 Y80.282 E18.86818
G1 X105.755 Y80.611 E18.93053
G1 X106.985 Y81.019 E18.99286
G1 X108.187 Y81.506 E19.05524
G1 X109.355 Y82.068 E19.11758
G1 X110.485 Y82.705 E19.17997
G1 X111.571 Y83.412 E19.2423
G1 X112.61 Y84.187 E19.30464
G1 X113.597 Y85.028 E19.36701
G1 X114.529 Y85.93 E19.42939
G1 X115.4 Y86.89 E19.49173
G1 X116.209 Y87.903 E19.55408
G1 X116.95 Y88.966 E19.6164
G1 X117.623 Y90.075 E19.67879
G1 X118.222 Y91.225 E19.74115
G1 X118.747 Y92.41 E19.80349
G1 X119.195 Y93.627 E19.86586
G1 X119.564 Y94.87 E19.92822
G1 X119.852 Y96.134 E19.99057
G1 X120.059 Y97.414 E20.05293
G1 X120.184 Y98.704 E20.11527
G1 X120.225 Y100 E20.17763
G1 X120.184 Y101.296 E20.23999
G1 X120.059 Y102.586 E20.30233
G1 X119.852 Y103.866 E20.36469
G1 X119.564 Y105.13 E20.42704
G1 X119.195 Y106.373 E20.4894
G1 X118.747 Y107.59 E20.55177
G1 X118.222 Y108.775 E20.61411
G1 X117.647 Y109.878 E20.67394
G1 X117.442 Y110.222 F7800
G1 E18.67394 F2400
G92 E0
G1 X124.004 Y124.004 F7800
G1 E2 F2400
;TYPE:Perimeter
G1 F3600
G1 X75.996 Y124.004 E4.30902
G1 X75.996 Y75.996 E6.61804
G1 X124.004 Y75.996 E8.92706
G1 X124.004 Y123.944 E11.23319
G1 X124.389 Y124.389 F7800
G1 F3600
G1 X75.611 Y124.389 E13.57924
G1 X75.611 Y75.611 E15.92529
G1 X124.389 Y75.611 E18.27134
G1 X124.389 Y124.329 E20.61451
G1 X124.775 Y124.775 F7800
;TYPE:External perimeter
G1 F1800
G1 X75.225 Y124.775 E22.99769
G1 X75.225 Y75.225 E25.38087
G1 X124.775 Y75.225 E27.76405
G1 X124.775 Y124.715 E30.14435
G1 X124.379 Y124.774 F7800
G1 E28.14435 F2400
G92 E0
G1 X123.715 Y121.401 F7800
G1 E2 F2400
;TYPE:Internal infill
;WIDTH:0.45
G1 F4800
G1 X123.715 Y123.715 E2.1113
G1 X115.045 Y115.045 E2.70102
G1 X116.387 Y113.574 E2.79679
G1 X123.715 Y111.611 E3.16167
G1 X123.715 Y107.354 E3.36642
G1 X120.806 Y104.445 E3.56429
G1 X121.105 Y102.759 E3.64665
G1 X121.239 Y101.401 E3.71228
G1 X121.275 Y100.288 E3.76584
G1 X123.715 Y99.634 E3.88734
G1 X123.715 Y100.891 E3.9478
G1 X117.599 Y123.715 E5.08429
G1 X115.285 Y123.715 E5.19559
G1 E3.19559 F2400
G92 E0
G1 X108.713 Y119.415 F7800
G1 E2 F2400
G1 F4800
G1 X107.386 Y119.962 E2.06903
G1 X106.553 Y120.24 E2.11127
G1 X105.622 Y123.715 E2.2843
G1 X107.354 Y123.715 E2.3676
G1 X104.448 Y120.809 E2.56526
G1 X102.164 Y121.172 E2.67649
G1 E.67649 F2400
G92 E0
G1 X83.983 Y123.715 F7800
G1 E2 F2400
G1 F4800
G1 X81.669 Y123.715 E2.1113
G1 X84.205 Y114.25 E2.58259
G1 X82.92 Y112.701 E2.67939
G1 X81.723 Y110.886 E2.78396
G1 X76.285 Y112.343 E3.05473
G1 X76.285 Y109.006 E3.21523
G1 X90.994 Y123.715 E4.21572
G1 X93.646 Y123.715 E4.34327
G1 X94.493 Y120.551 E4.50081
G1 X92.587 Y119.951 E4.59692
G1 X78.542 Y123.715 E5.29627
G1 X76.285 Y123.715 E5.40482
G1 X76.285 Y123.658 E5.40756
G1 E3.40756 F2400
G92 E0
G1 X76.285 Y78.599 F7800
G1 E2 F2400
G1 F4800
G1 X76.285 Y76.285 E2.1113
G1 X84.955 Y84.955 E2.70102
G1 X83.614 Y86.426 E2.79676
G1 X76.285 Y88.389 E3.16168
G1 X76.285 Y92.646 E3.36643
G1 X79.195 Y95.555 E3.56433
G1 X78.895 Y97.241 E3.64669
G1 X78.761 Y98.599 E3.71232
G1 X78.725 Y99.712 E3.76588
G1 X76.285 Y100.366 E3.88738
G1 X76.285 Y99.109 E3.94784
G1 X82.401 Y76.285 E5.08433
G1 X84.715 Y76.285 E5.19563
G1 E3.19563 F2400
G92 E0
G1 X91.287 Y80.585 F7800
G1 E2 F2400
G1 F4800
G1 X92.614 Y80.038 E2.06903
G1 X93.447 Y79.76 E2.11127
G1 X94.378 Y76.285 E2.2843
G1 X92.646 Y76.285 E2.3676
G1 X95.552 Y79.191 E2.56526
G1 X97.836 Y78.828 E2.67649
G1 E.67649 F2400
G92 E0
G1 X116.017 Y76.285 F7800
G1 E2 F2400
G1 F4800
G1 X118.331 Y76.285 E2.1113
G1 X115.795 Y85.75 E2.58259
G1 X117.08 Y87.299 E2.67939
G1 X118.277 Y89.114 E2.78396
G1 X123.715 Y87.657 E3.05473
G1 X123.715 Y90.994 E3.21523
G1 X109.006 Y76.285 E4.21572
G1 X106.354 Y76.285 E4.34327
G1 X105.507 Y79.449 E4.50081
G1 X107.413 Y80.049 E4.59692
G1 X121.458 Y76.285 E5.29627
G1 X123.715 Y76.285 E5.40482
G1 X123.715 Y76.342 E5.40756
G1 E3.40756 F2400
G92 E0
G92 E0
G1 X100.6 Y81.007 F7800
G1 E2 F2400
;TYPE:Perimeter
;WIDTH:0.45
G1 F3600
G1 X100.609 Y81.007 E2.00043
G1 X101.825 Y81.085 E2.05904
G1 X103.033 Y81.24 E2.11762
G1 X104.229 Y81.473 E2.17622
G1 X105.407 Y81.782 E2.23479
G1 X106.563 Y82.166 E2.29338
G1 X107.692 Y82.623 E2.35196
G1 X108.79 Y83.152 E2.41058
G1 X109.851 Y83.75 E2.46916
G1 X110.872 Y84.414 E2.52774
G1 X111.848 Y85.143 E2.58633
G1 X112.776 Y85.932 E2.64492
G1 X113.651 Y86.78 E2.70353
G1 X114.47 Y87.682 E2.76213
G1 X115.229 Y88.634 E2.82069
G1 X115.926 Y89.633 E2.87928
G1 X116.558 Y90.675 E2.93789
G1 X117.121 Y91.755 E2.99647
G1 X117.614 Y92.869 E3.05506
G1 X118.035 Y94.012 E3.11364
G1 X118.382 Y95.18 E3.17224
G1 X118.653 Y96.367 E3.2308
G1 X118.847 Y97.57 E3.28941
G1 X118.964 Y98.782 E3.34797
G1 X119.003 Y100 E3.40658
G1 X118.964 Y101.218 E3.46519
G1 X118.847 Y102.43 E3.52375
G1 X118.653 Y103.633 E3.58236
G1 X118.382 Y104.82 E3.64092
G1 X118.035 Y105.988 E3.69952
G1 X117.614 Y107.131 E3.7581
G1 X117.121 Y108.245 E3.81669
G1 X116.558 Y109.325 E3.87527
G1 X115.926 Y110.367 E3.93388
G1 X115.229 Y111.366 E3.99247
G1 X114.47 Y112.318 E4.05103
G1 X113.651 Y113.22 E4.10963
G1 X112.776 Y114.068 E4.16824
G1 X111.848 Y114.857 E4.22683
G1 X110.872 Y115.586 E4.28542
G1 X109.851 Y116.25 E4.344
G1 X108.79 Y116.848 E4.40258
G1 X107.692 Y117.377 E4.4612
G1 X106.563 Y117.834 E4.51978
G1 X105.407 Y118.218 E4.57837
G1 X104.229 Y118.527 E4.63694
G1 X103.033 Y118.76 E4.69554
G1 X101.825 Y118.915 E4.75412
G1 X100.609 Y118.993 E4.81273
G1 X99.391 Y118.993 E4.87131
G1 X98.175 Y118.915 E4.92992
G1 X96.967 Y118.76 E4.9885
G1 X95.771 Y118.527 E5.0471
G1 X94.593 Y118.218 E5.10567
G1 X93.437 Y117.834 E5.16426
G1 X92.308 Y117.377 E5.22284
G1 X91.21 Y116.848 E5.28146
G1 X90.149 Y116.25 E5.34004
G1 X89.128 Y115.586 E5.39862
G1 X88.152 Y114.857 E5.45721
G1 X87.224 Y114.068 E5.5158
G1 X86.349 Y113.22 E5.57441
G1 X85.53 Y112.318 E5.63301
G1 X84.771 Y111.366 E5.69157
G1 X84.074 Y110.367 E5.75016
G1 X83.442 Y109.325 E5.80877
G1 X82.879 Y108.245 E5.86735
G1 X82.386 Y107.131 E5.92594
G1 X81.965 Y105.988 E5.98452
G1 X81.618 Y104.82 E6.04312
G1 X81.347 Y103.633 E6.10168
G1 X81.153 Y102.43 E6.16029
G1 X81.036 Y101.218 E6.21885
G1 X80.997 Y100 E6.27746
G1 X81.036 Y98.782 E6.33607
G1 X81.153 Y97.57 E6.39463
G1 X81.347 Y96.367 E6.45324
G1 X81.618 Y95.18 E6.5118
G1 X81.965 Y94.012 E6.5704
G1 X82.386 Y92.869 E6.62898
G1 X82.879 Y91.755 E6.68757
G1 X83.442 Y90.675 E6.74615
G1 X84.074 Y89.633 E6.80476
G1 X84.771 Y88.634 E6.86335
G1 X85.53 Y87.682 E6.92191
G1 X86.349 Y86.78 E6.98051
G1 X87.224 Y85.932 E7.03912
G1 X88.152 Y85.143 E7.09771
G1 X89.128 Y84.414 E7.1563
G1 X90.149 Y83.75 E7.21488
G1 X91.21 Y83.152 E7.27346
G1 X92.308 Y82.623 E7.33208
G1 X93.437 Y82.166 E7.39066
G1 X94.593 Y81.782 E7.44925
G1 X95.771 Y81.473 E7.50782
G1 X96.967 Y81.24 E7.56642
G1 X98.175 Y81.085 E7.625
G1 X99.391 Y81.007 E7.68361
G1 X100.54 Y81.007 E7.73887
G1 X100.624 Y80.621 F7800
G1 F3600
G1 X101.862 Y80.701 E7.79854
G1 X103.094 Y80.859 E7.85828
G1 X104.314 Y81.097 E7.91806
G1 X105.517 Y81.412 E7.97787
G1 X106.696 Y81.804 E8.03763
G1 X107.848 Y82.27 E8.0974
G1 X108.968 Y82.81 E8.1572
G1 X110.051 Y83.42 E8.21698
G1 X111.093 Y84.098 E8.27677
G1 X112.089 Y84.841 E8.33653
G1 X113.035 Y85.647 E8.3963
G1 X113.928 Y86.511 E8.45606
G1 X114.764 Y87.431 E8.51585
G1 X115.539 Y88.403 E8.57564
G1 X116.25 Y89.423 E8.63544
G1 X116.894 Y90.485 E8.69518
G1 X117.469 Y91.587 E8.75496
G1 X117.972 Y92.724 E8.81476
G1 X118.401 Y93.89 E8.87452
G1 X118.755 Y95.082 E8.93433
G1 X119.032 Y96.294 E8.99413
G1 X119.23 Y97.521 E9.05391
G1 X119.349 Y98.758 E9.11368
G1 X119.389 Y100 E9.17345
G1 X119.349 Y101.242 E9.23322
G1 X119.23 Y102.479 E9.29299
G1 X119.032 Y103.706 E9.35277
G1 X118.755 Y104.918 E9.41257
G1 X118.401 Y106.11 E9.47238
G1 X117.972 Y107.276 E9.53214
G1 X117.469 Y108.413 E9.59194
G1 X116.894 Y109.515 E9.65172
G1 X116.25 Y110.577 E9.71146
G1 X115.539 Y111.597 E9.77126
G1 X114.764 Y112.569 E9.83105
G1 X113.928 Y113.489 E9.89084
G1 X113.035 Y114.353 E9.9506
G1 X112.089 Y115.159 E10.01037
G1 X111.093 Y115.902 E10.07013
G1 X110.051 Y116.58 E10.12992
G1 X108.968 Y117.19 E10.1897
G1 X107.848 Y117.73 E10.2495
G1 X106.696 Y118.196 E10.30927
G1 X105.517 Y118.588 E10.36903
G1 X104.314 Y118.903 E10.42884
G1 X103.094 Y119.141 E10.48862
G1 X101.862 Y119.299 E10.54836
G1 X100.621 Y119.379 E10.60817
G1 X99.379 Y119.379 E10.66791
G1 X98.138 Y119.299 E10.72772
G1 X96.906 Y119.141 E10.78746
G1 X95.686 Y118.903 E10.84724
G1 X94.483 Y118.588 E10.90705
G1 X93.304 Y118.196 E10.96681
G1 X92.152 Y117.73 E11.02658
G1 X91.032 Y117.19 E11.08638
G1 X89.949 Y116.58 E11.14616
G1 X88.907 Y115.902 E11.20595
G1 X87.911 Y115.159 E11.26571
G1 X86.965 Y114.353 E11.32548
G1 X86.072 Y113.489 E11.38524
G1 X85.236 Y112.569 E11.44503
G1 X84.461 Y111.597 E11.50482
G1 X83.75 Y110.577 E11.56462
G1 X83.106 Y109.515 E11.62436
G1 X82.531 Y108.413 E11.68414
G1 X82.028 Y107.276 E11.74394
G1 X81.599 Y106.11 E11.8037
G1 X81.245 Y104.918 E11.86351
G1 X80.968 Y103.706 E11.92331
G1 X80.77 Y102.479 E11.98309
G1 X80.651 Y101.242 E12.04286
G1 X80.611 Y100 E12.10263
G1 X80.651 Y98.758 E12.1624
G1 X80.77 Y97.521 E12.22217
G1 X80.968 Y96.294 E12.28195
G1 X81.245 Y95.082 E12.34175
G1 X81.599 Y93.89 E12.40156
G1 X82.028 Y92.724 E12.46132
G1 X82.531 Y91.587 E12.52112
G1 X83.106 Y90.485 E12.5809
G1 X83.75 Y89.423 E12.64064
G1 X84.461 Y88.403 E12.70044
G1 X85.236 Y87.431 E12.76023
G1 X86.072 Y86.511 E12.82002
G1 X86.965 Y85.647 E12.87978
G1 X87.911 Y84.841 E12.93955
G1 X88.907 Y84.098 E12.99931
G1 X89.949 Y83.42 E13.0591
G1 X91.032 Y82.81 E13.11888
G1 X92.152 Y82.27 E13.17868
G1 X93.304 Y81.804 E13.23845
G1 X94.483 Y81.412 E13.29821
G1 X95.686 Y81.097 E13.35802
G1 X96.906 Y80.859 E13.4178
G1 X98.138 Y80.701 E13.47754
G1 X99.379 Y80.621 E13.53735
G1 X100.564 Y80.621 E13.59434
G1 X100.649 Y80.236 F7800
;TYPE:External perimeter
G1 F1800
G1 X101.899 Y80.316 E13.65458
G1 X103.156 Y80.479 E13.71554
G1 X104.4 Y80.721 E13.77649
G1 X105.626 Y81.042 E13.83744
G1 X106.83 Y81.442 E13.89846
G1 X108.005 Y81.918 E13.95943
G1 X109.147 Y82.468 E14.02039
G1 X110.251 Y83.09 E14.08134
G1 X111.314 Y83.781 E14.14232
G1 X112.329 Y84.539 E14.20325
G1 X113.295 Y85.361 E14.26426
G1 X114.205 Y86.243 E14.32521
G1 X115.058 Y87.181 E14.38619
G1 X115.848 Y88.172 E14.44715
G1 X116.573 Y89.212 E14.50813
G1 X117.23 Y90.296 E14.5691
G1 X117.817 Y91.42 E14.63009
G1 X118.33 Y92.579 E14.69105
G1 X118.767 Y93.769 E14.75202
G1 X119.128 Y94.984 E14.81298
G1 X119.41 Y96.22 E14.87395
G1 X119.613 Y97.471 E14.93491
G1 X119.734 Y98.733 E14.99589
G1 X119.775 Y100 E15.05686
G1 X119.734 Y101.267 E15.11783
G1 X119.613 Y102.529 E15.17881
G1 X119.41 Y103.78 E15.23977
G1 X119.128 Y105.016 E15.30074
G1 X118.767 Y106.231 E15.3617
G1 X118.33 Y107.421 E15.42267
G1 X117.817 Y108.58 E15.48363
G1 X117.23 Y109.704 E15.54462
G1 X116.573 Y110.788 E15.60559
G1 X115.848 Y111.828 E15.66657
G1 X115.058 Y112.819 E15.72753
G1 X114.205 Y113.757 E15.78851
G1 X113.295 Y114.639 E15.84946
G1 X112.329 Y115.461 E15.91047
G1 X111.314 Y116.219 E15.9714
G1 X110.251 Y116.91 E16.03238
G1 X109.147 Y117.532 E16.09333
G1 X108.005 Y118.082 E16.15429
G1 X106.83 Y118.558 E16.21526
G1 X105.626 Y118.958 E16.27628
G1 X104.4 Y119.279 E16.33723
G1 X103.156 Y119.521 E16.39818
G1 X101.899 Y119.684 E16.45914
G1 X100.634 Y119.765 E16.52011
G1 X99.366 Y119.765 E16.5811
G1 X98.101 Y119.684 E16.64207
G1 X96.844 Y119.521 E16.70303
G1 X95.6 Y119.279 E16.76398
G1 X94.374 Y118.958 E16.82493
G1 X93.17 Y118.558 E16.88595
G1 X91.995 Y118.082 E16.94692
G1 X90.853 Y117.532 E17.00788
G1 X89.749 Y116.91 E17.06883
G1 X88.686 Y116.219 E17.12981
G1 X87.671 Y115.461 E17.19074
G1 X86.705 Y114.639 E17.25175
G1 X85.795 Y113.757 E17.3127
G1 X84.942 Y112.819 E17.37368
G1 X84.152 Y111.828 E17.43464
G1 X83.427 Y110.788 E17.49562
G1 X82.77 Y109.704 E17.55659
G1 X82.183 Y108.58 E17.61758
G1 X81.67 Y107.421 E17.67854
G1 X81.233 Y106.231 E17.73951
G1 X80.872 Y105.016 E17.80047
G1 X80.59 Y103.78 E17.86144
G1 X80.387 Y102.529 E17.9224
G1 X80.266 Y101.267 E17.98338
G1 X80.225 Y100 E18.04435
G1 X80.266 Y98.733 E18.10532
G1 X80.387 Y97.471 E18.1663
G1 X80.59 Y96.22 E18.22726
G1 X80.872 Y94.984 E18.28823
G1 X81.233 Y93.769 E18.34919
G1 X81.67 Y92.579 E18.41016
G1 X82.183 Y91.42 E18.47112
G1 X82.77 Y90.296 E18.53211
G1 X83.427 Y89.212 E18.59308
G1 X84.152 Y88.172 E18.65406
G1 X84.942 Y87.181 E18.71502
G1 X85.795 Y86.243 E18.776
G1 X86.705 Y85.361 E18.83695
G1 X87.671 Y84.539 E18.89796
G1 X88.686 Y83.781 E18.95889
G1 X89.749 Y83.09 E19.01987
G1 X90.853 Y82.468 E19.08082
G1 X91.995 Y81.918 E19.14178
G1 X93.17 Y81.442 E19.20275
G1 X94.374 Y81.042 E19.26377
G1 X95.6 Y80.721 E19.32472
G1 X96.844 Y80.479 E19.38567
G1 X98.101 Y80.316 E19.44663
G1 X99.366 Y80.235 E19.5076
G1 X100.589 Y80.235 E19.56642
G1 X100.988 Y80.258 F7800
G1 E17.56642 F2400
G92 E0
G1 X95.512 Y81.84 F7800
G1 E2 F2400
;TYPE:Internal infill
;WIDTH:0.45
G1 F4800
G1 X97.013 Y81.526 E2.07376
G1 X97.787 Y81.426 E2.1113
G1 X118.577 Y102.217 E3.52545
G1 X118.682 Y100.982 E3.58506
G1 X84.307 Y110.193 E5.29671
G1 X85.019 Y111.213 E5.35654
G1 X92.631 Y82.804 E6.77111
G1 X91.344 Y83.408 E6.83949
G1 X90.567 Y83.846 E6.88239
G1 E4.88239 F2400
G92 E0
G1 X87.007 Y86.545 F7800
G1 E2 F2400
G1 F4800
G1 X88.766 Y85.045 E2.11119
G1 X102.253 Y81.431 E2.78275
G1 X102.987 Y81.526 E2.81835
G1 X104.841 Y81.933 E2.90964
G1 X95.159 Y118.067 E4.70887
G1 X97.013 Y118.474 E4.80016
G1 X97.747 Y118.569 E4.83576
G1 X111.234 Y114.955 E5.50732
G1 X112.581 Y113.853 E5.59102
G1 X113.228 Y113.228 E5.63429
G1 X86.772 Y86.772 E7.4338
G1 X85.75 Y87.869 E7.50591
G1 X85.243 Y88.506 E7.54507
G1 E5.54507 F2400
G92 E0
G1 X104.488 Y118.16 F7800
G1 E2 F2400
G1 F4800
G1 X102.987 Y118.474 E2.07376
G1 X102.213 Y118.574 E2.1113
G1 X81.423 Y97.783 E3.52545
G1 X81.318 Y99.018 E3.58506
G1 X115.693 Y89.807 E5.29671
G1 X114.981 Y88.787 E5.35654
G1 X107.369 Y117.196 E6.77111
G1 X108.656 Y116.592 E6.83949
G1 X109.433 Y116.154 E6.88239
;LAYER_CHANGE
;Z:2.75
;HEIGHT:0.3
G1 E4.88239 F2400
G92 E0
G1 Z2.75 F7800
G92 E0
G1 X118.278 Y110.331
G1 E2 F2400
;TYPE:Perimeter
;WIDTH:0.45
G1 F3600
G1 X117.597 Y111.454 E2.06317
G1 X116.827 Y112.558 E2.12791
G1 X115.988 Y113.611 E2.19267
G1 X115.083 Y114.607 E2.2574
G1 X114.116 Y115.543 E2.32213
G1 X113.091 Y116.416 E2.38689
G1 X112.013 Y117.221 E2.4516
G1 X110.885 Y117.955 E2.51633
G1 X109.712 Y118.616 E2.58109
G1 X108.499 Y119.2 E2.64584
G1 X107.252 Y119.705 E2.71055
G1 X105.974 Y120.129 E2.77531
G1 X104.672 Y120.47 E2.84004
G1 X103.351 Y120.728 E2.90478
G1 X102.016 Y120.9 E2.96952
G1 X100.673 Y120.986 E3.03425
G1 X99.327 Y120.986 E3.09899
G1 X97.984 Y120.9 E3.16372
G1 X96.649 Y120.728 E3.22846
G1 X95.328 Y120.47 E3.2932
G1 X94.026 Y120.129 E3.35793
G1 X92.748 Y119.705 E3.42269
G1 X91.501 Y119.2 E3.4874
G1 X90.288 Y118.616 E3.55215
G1 X89.115 Y117.955 E3.61691
G1 X87.987 Y117.221 E3.68164
G1 X86.909 Y116.416 E3.74635
G1 X85.884 Y115.543 E3.81111
G1 X84.917 Y114.607 E3.87584
G1 X84.012 Y113.611 E3.94057
G1 X83.173 Y112.558 E4.00533
G1 X82.403 Y111.454 E4.07007
G1 X81.705 Y110.303 E4.13481
G1 X81.083 Y109.11 E4.19952
G1 X80.538 Y107.879 E4.26427
G1 X80.073 Y106.616 E4.329
G1 X79.69 Y105.326 E4.39372
G1 X79.39 Y104.014 E4.45845
G1 X79.176 Y102.685 E4.52319
G1 X79.046 Y101.345 E4.58794
G1 X79.003 Y100 E4.65266
G1 X79.046 Y98.655 E4.71738
G1 X79.176 Y97.315 E4.78213
G1 X79.39 Y95.986 E4.84687
G1 X79.69 Y94.674 E4.9116
G1 X80.073 Y93.384 E4.97632
G1 X80.538 Y92.121 E5.04105
G1 X81.083 Y90.89 E5.1058
G1 X81.705 Y89.697 E5.17051
G1 X82.403 Y88.546 E5.23525
G1 X83.173 Y87.442 E5.29999
G1 X84.012 Y86.389 E5.36475
G1 X84.917 Y85.393 E5.42948
G1 X85.884 Y84.457 E5.49421
G1 X86.909 Y83.584 E5.55897
G1 X87.987 Y82.779 E5.62368
G1 X89.115 Y82.045 E5.68841
G1 X90.288 Y81.384 E5.75317
G1 X91.501 Y80.8 E5.81792
G1 X92.748 Y80.295 E5.88263
G1 X94.026 Y79.871 E5.94739
G1 X95.328 Y79.53 E6.01212
G1 X96.649 Y79.272 E6.07686
G1 X97.984 Y79.1 E6.1416
G1 X99.327 Y79.014 E6.20633
G1 X100.673 Y79.014 E6.27107
G1 X102.016 Y79.1 E6.3358
G1 X103.351 Y79.272 E6.40054
G1 X104.672 Y79.53 E6.46528
G1 X105.974 Y79.871 E6.53001
G1 X107.252 Y80.295 E6.59477
G1 X108.499 Y80.8 E6.65948
G1 X109.712 Y81.384 E6.72423
G1 X110.885 Y82.045 E6.78899
G1 X112.013 Y82.779 E6.85372
G1 X113.091 Y83.584 E6.91843
G1 X114.116 Y84.457 E6.98319
G1 X115.083 Y85.393 E7.04792
G1 X115.988 Y86.389 E7.11265
G1 X116.827 Y87.442 E7.17741
G1 X117.597 Y88.546 E7.24215
G1 X118.295 Y89.697 E7.30689
G1 X118.917 Y90.89 E7.3716
G1 X119.462 Y92.121 E7.43635
G1 X119.927 Y93.384 E7.50108
G1 X120.31 Y94.674 E7.5658
G1 X120.61 Y95.986 E7.63053
G1 X120.824 Y97.315 E7.69527
G1 X120.954 Y98.655 E7.76002
G1 X120.997 Y100 E7.82474
G1 X120.954 Y101.345 E7.88946
G1 X120.824 Y102.685 E7.95421
G1 X120.61 Y104.014 E8.01895
G1 X120.31 Y105.326 E8.08368
G1 X119.927 Y106.616 E8.1484
G1 X119.462 Y107.879 E8.21313
G1 X118.917 Y109.11 E8.27788
G1 X118.308 Y110.279 E8.34128
G1 X117.949 Y110.131 F7800
G1 F3600
G1 X117.274 Y111.244 E8.40389
G1 X116.518 Y112.328 E8.46745
G1 X115.694 Y113.361 E8.531
G1 X114.806 Y114.339 E8.59454
G1 X113.857 Y115.258 E8.65808
G1 X112.851 Y116.114 E8.72161
G1 X111.792 Y116.905 E8.78518
G1 X110.685 Y117.625 E8.84869
G1 X109.533 Y118.274 E8.91228
G1 X108.343 Y118.847 E8.9758
G1 X107.118 Y119.343 E9.03936
G1 X105.864 Y119.759 E9.10291
G1 X104.586 Y120.094 E9.16645
G1 X103.29 Y120.347 E9.22996
G1 X101.979 Y120.516 E9.29354
G1 X100.661 Y120.6 E9.35706
G1 X99.339 Y120.6 E9.42064
G1 X98.021 Y120.516 E9.48416
G1 X96.711 Y120.347 E9.54769
G1 X95.414 Y120.094 E9.61125
G1 X94.136 Y119.759 E9.67479
G1 X92.882 Y119.343 E9.73834
G1 X91.657 Y118.847 E9.8019
G1 X90.467 Y118.274 E9.86542
G1 X89.315 Y117.625 E9.92901
G1 X88.208 Y116.905 E9.99252
G1 X87.149 Y116.114 E10.05609
G1 X86.143 Y115.258 E10.11962
G1 X85.194 Y114.339 E10.18316
G1 X84.306 Y113.361 E10.2467
G1 X83.482 Y112.328 E10.31025
G1 X82.726 Y111.244 E10.37381
G1 X82.041 Y110.114 E10.43737
G1 X81.43 Y108.943 E10.5009
G1 X80.895 Y107.735 E10.56444
G1 X80.439 Y106.495 E10.62798
G1 X80.063 Y105.228 E10.69155
G1 X79.769 Y103.94 E10.75509
G1 X79.558 Y102.636 E10.81862
G1 X79.431 Y101.321 E10.88216
G1 X79.389 Y100 E10.94573
G1 X79.431 Y98.679 E11.0093
G1 X79.558 Y97.364 E11.07284
G1 X79.769 Y96.06 E11.13637
G1 X80.063 Y94.772 E11.19991
G1 X80.439 Y93.505 E11.26348
G1 X80.895 Y92.265 E11.32702
G1 X81.43 Y91.057 E11.39056
G1 X82.041 Y89.886 E11.45409
G1 X82.726 Y88.756 E11.51765
G1 X83.482 Y87.672 E11.58121
G1 X84.306 Y86.639 E11.64476
G1 X85.194 Y85.661 E11.7083
G1 X86.143 Y84.742 E11.77184
G1 X87.149 Y83.886 E11.83537
G1 X88.208 Y83.095 E11.89894
G1 X89.315 Y82.375 E11.96245
G1 X90.467 Y81.726 E12.02604
G1 X91.657 Y81.153 E12.08956
G1 X92.882 Y80.657 E12.15312
G1 X94.136 Y80.241 E12.21667
G1 X95.414 Y79.906 E12.28021
G1 X96.71 Y79.653 E12.34372
G1 X98.021 Y79.484 E12.4073
G1 X99.339 Y79.4 E12.47082
G1 X100.661 Y79.4 E12.5344
G1 X101.979 Y79.484 E12.59792
G1 X103.289 Y79.653 E12.66145
G1 X104.586 Y79.906 E12.72501
G1 X105.864 Y80.241 E12.78855
G1 X107.118 Y80.657 E12.8521
G1 X108.343 Y81.153 E12.91566
G1 X109.533 Y81.726 E12.97918
G1 X110.685 Y82.375 E13.04277
G1 X111.792 Y83.095 E13.10628
G1 X112.851 Y83.886 E13.16985
G1 X113.857 Y84.742 E13.23338
G1 X114.806 Y85.661 E13.29692
G1 X115.694 Y86.639 E13.36046
G1 X116.518 Y87.672 E13.42401
G1 X117.274 Y88.756 E13.48757
G1 X117.959 Y89.886 E13.55113
G1 X118.57 Y91.057 E13.61466
G1 X119.105 Y92.265 E13.6782
G1 X119.561 Y93.505 E13.74174
G1 X119.937 Y94.772 E13.80531
G1 X120.231 Y96.06 E13.86885
G1 X120.442 Y97.364 E13.93238
G1 X120.569 Y98.679 E13.99592
G1 X120.611 Y100 E14.05949
G1 X120.569 Y101.321 E14.12306
G1 X120.442 Y102.636 E14.1866
G1 X120.231 Y103.94 E14.25013
G1 X119.937 Y105.228 E14.31367
G1 X119.561 Y106.495 E14.37724
G1 X119.105 Y107.735 E14.44078
G1 X118.57 Y108.943 E14.50432
G1 X117.977 Y110.078 E14.56591
G1 X117.619 Y109.931 F7800
;TYPE:External perimeter
G1 F1800
G1 X116.95 Y111.033 E14.62791
G1 X116.209 Y112.097 E14.69027
G1 X115.4 Y113.11 E14.75262
G1 X114.529 Y114.07 E14.81496
G1 X113.597 Y114.972 E14.87734
G1 X112.61 Y115.813 E14.93971
G1 X111.571 Y116.588 E15.00205
G1 X110.485 Y117.295 E15.06438
G1 X109.355 Y117.932 E15.12677
G1 X108.187 Y118.494 E15.18911
G1 X106.985 Y118.981 E15.25149
G1 X105.755 Y119.389 E15.31382
G1 X104.501 Y119.718 E15.37617
G1 X103.228 Y119.966 E15.43855
G1 X101.942 Y120.132 E15.50092
G1 X100.648 Y120.215 E15.56328
G1 X99.352 Y120.215 E15.62561
G1 X98.058 Y120.132 E15.68797
G1 X96.772 Y119.966 E15.75034
G1 X95.499 Y119.718 E15.81272
G1 X94.245 Y119.389 E15.87507
G1 X93.015 Y118.981 E15.9374
G1 X91.813 Y118.494 E15.99978
G1 X90.645 Y117.932 E16.06212
G1 X89.515 Y117.295 E16.12451
G1 X88.429 Y116.588 E16.18684
G1 X87.39 Y115.813 E16.24918
G1 X86.403 Y114.972 E16.31155
G1 X85.471 Y114.07 E16.37393
G1 X84.6 Y113.111 E16.43624
G1 X83.791 Y112.097 E16.49863
G1 X83.05 Y111.034 E16.56095
G1 X82.377 Y109.925 E16.62334
G1 X81.778 Y108.775 E16.6857
G1 X81.253 Y107.59 E16.74804
G1 X80.805 Y106.373 E16.81041
G1 X80.436 Y105.13 E16.87277
G1 X80.148 Y103.866 E16.93512
G1 X79.941 Y102.586 E16.99748
G1 X79.816 Y101.296 E17.05982
G1 X79.775 Y100 E17.12218
G1 X79.816 Y98.704 E17.18454
G1 X79.941 Y97.414 E17.24688
G1 X80.148 Y96.134 E17.30924
G1 X80.436 Y94.87 E17.37159
G1 X80.805 Y93.627 E17.43395
G1 X81.253 Y92.41 E17.49632
G1 X81.778 Y91.225 E17.55866
G1 X82.377 Y90.075 E17.62102
G1 X83.05 Y88.967 E17.68337
G1 X83.791 Y87.903 E17.74573
G1 X84.6 Y86.89 E17.80808
G1 X85.471 Y85.93 E17.87042
G1 X86.403 Y85.028 E17.9328
G1 X87.39 Y84.187 E17.99517
G1 X88.429 Y83.412 E18.05751
G1 X89.515 Y82.705 E18.11984
G1 X90.645 Y82.068 E18.18223
G1 X91.813 Y81.506 E18.24457
G1 X93.015 Y81.019 E18.30695
G1 X94.245 Y80.611 E18.36928
G1 X95.499 Y80.282 E18.43163
G1 X96.772 Y80.034 E18.49401
G1 X98.058 Y79.868 E18.55638
G1 X99.352 Y79.785 E18.61874
G1 X100.648 Y79.785 E18.68107
G1 X101.942 Y79.868 E18.74343
G1 X103.228 Y80.034 E18.8058
G1 X104.501 Y80.282 E18.86818
G1 X105.755 Y80.611 E18.93053
G1 X106.985 Y81.019 E18.99286
G1 X108.187 Y81.506 E19.05524
G1 X109.355 Y82.068 E19.11758
G1 X110.485 Y82.705 E19.17997
G1 X111.571 Y83.412 E19.2423
G1 X112.61 Y84.187 E19.30464
G1 X113.597 Y85.028 E19.36701
G1 X114.529 Y85.93 E19.42939
G1 X115.4 Y86.89 E19.49173
G1 X116.209 Y87.903 E19.55408
G1 X116.95 Y88.966 E19.6164
G1 X117.623 Y90.075 E19.67879
G1 X118.222 Y91.225 E19.74115
G1 X118.747 Y92.41 E19.80349
G1 X119.195 Y93.627 E19.86586
G1 X119.564 Y94.87 E19.92822
G1 X119.852 Y96.134 E19.99057
G1 X120.059 Y97.414 E20.05293
G1 X120.184 Y98.704 E20.11527
G1 X120.225 Y100 E20.17763
G1 X120.184 Y101.296 E20.23999
G1 X120.059 Y102.586 E20.30233
G1 X119.852 Y103.866 E20.36469
G1 X119.564 Y105.13 E20.42704
G1 X119.195 Y106.373 E20.4894
G1 X118.747 Y107.59 E20.55177
G1 X118.222 Y108.775 E20.61411
G1 X117.647 Y109.878 E20.67394
G1 X117.442 Y110.222 F7800
G1 E18.67394 F2400
G92 E0
G1 X124.004 Y124.004 F7800
G1 E2 F2400
;TYPE:Perimeter
G1 F3600
G1 X75.996 Y124.004 E4.30902
G1 X75.996 Y75.996 E6.61804
G1 X124.004 Y75.996 E8.92706
G1 X124.004 Y123.944 E11.23319
G1 X124.389 Y124.389 F7800
G1 F3600
G1 X75.611 Y124.389 E13.57924
G1 X75.611 Y75.611 E15.92529
G1 X124.389 Y75.611 E18.27134
G1 X124.389 Y124.329 E20.61451
G1 X124.775 Y124.775 F7800
;TYPE:External perimeter
G1 F1800
G1 X75.225 Y124.775 E22.99769
G1 X75.225 Y75.225 E25.38087
G1 X124.775 Y75.225 E27.76405
G1 X124.775 Y124.715 E30.14435
G1 X124.379 Y124.774 F7800
G1 E28.14435 F2400
G92 E0
G1 X123.715 Y121.401 F7800
G1 E2 F2400
;TYPE:Internal infill
;WIDTH:0.45
G1 F4800
G1 X123.715 Y123.715 E2.1113
G1 X115.045 Y115.045 E2.70102
G1 X116.387 Y113.574 E2.79679
G1 X123.715 Y111.611 E3.16167
G1 X123.715 Y107.354 E3.36642
G1 X120.806 Y104.445 E3.56429
G1 X121.105 Y102.759 E3.64665
G1 X121.239 Y101.401 E3.71228
G1 X121.275 Y100.288 E3.76584
G1 X123.715 Y99.634 E3.88734
G1 X123.715 Y100.891 E3.9478
G1 X117.599 Y123.715 E5.08429
G1 X115.285 Y123.715 E5.19559
G1 E3.19559 F2400
G92 E0
G1 X108.713 Y119.415 F7800
G1 E2 F2400
G1 F4800
G1 X107.386 Y119.962 E2.06903
G1 X106.553 Y120.24 E2.11127
G1 X105.622 Y123.715 E2.2843
G1 X107.354 Y123.715 E2.3676
G1 X104.448 Y120.809 E2.56526
G1 X102.164 Y121.172 E2.67649
G1 E.67649 F2400
G92 E0
G1 X83.983 Y123.715 F7800
G1 E2 F2400
G1 F4800
G1 X81.669 Y123.715 E2.1113
G1 X84.205 Y114.25 E2.58259
G1 X82.92 Y112.701 E2.67939
G1 X81.723 Y110.886 E2.78396
G1 X76.285 Y112.343 E3.05473
G1 X76.285 Y109.006 E3.21523
G1 X90.994 Y123.715 E4.21572
G1 X93.646 Y123.715 E4.34327
G1 X94.493 Y120.551 E4.50081
G1 X92.587 Y119.951 E4.59692
G1 X78.542 Y123.715 E5.29627
G1 X76.285 Y123.715 E5.40482
G1 X76.285 Y123.658 E5.40756
G1 E3.40756 F2400
G92 E0
G1 X76.285 Y78.599 F7800
G1 E2 F2400
G1 F4800
G1 X76.285 Y76.285 E2.1113
G1 X84.955 Y84.955 E2.70102
G1 X83.614 Y86.426 E2.79676
G1 X76.285 Y88.389 E3.16168
G1 X76.285 Y92.646 E3.36643
G1 X79.194 Y95.554 E3.56426
G1 X78.885 Y97.315 E3.65025
G1 X78.761 Y98.599 E3.71229
G1 X78.725 Y99.712 E3.76585
G1 X76.285 Y100.366 E3.88735
G1 X76.285 Y99.109 E3.94781
G1 X82.401 Y76.285 E5.0843
G1 X84.715 Y76.285 E5.1956
G1 E3.1956 F2400
G92 E0
G1 X91.287 Y80.585 F7800
G1 E2 F2400
G1 F4800
G1 X92.614 Y80.038 E2.06903
G1 X93.447 Y79.76 E2.11127
G1 X94.378 Y76.285 E2.2843
G1 X92.646 Y76.285 E2.3676
G1 X95.552 Y79.191 E2.56526
G1 X97.836 Y78.828 E2.67649
G1 E.67649 F2400
G92 E0
G1 X116.017 Y76.285 F7800
G1 E2 F2400
G1 F4800
G1 X118.331 Y76.285 E2.1113
G1 X115.795 Y85.75 E2.58259
G1 X117.036 Y87.239 E2.67582
G1 X118.277 Y89.114 E2.78396
G1 X123.715 Y87.657 E3.05473
G1 X123.715 Y90.994 E3.21523
G1 X109.006 Y76.285 E4.21572
G1 X106.354 Y76.285 E4.34327
G1 X105.507 Y79.449 E4.50081
G1 X107.413 Y80.049 E4.59692
G1 X121.458 Y76.285 E5.29627
G1 X123.715 Y76.285 E5.40482
G1 X123.715 Y76.342 E5.40756
G1 E3.40756 F2400
G92 E0
G92 E0
G1 X100.6 Y81.007 F7800
G1 E2 F2400
;TYPE:Perimeter
;WIDTH:0.45
G1 F3600
G1 X100.609 Y81.007 E2.00043
G1 X101.825 Y81.085 E2.05904
G1 X103.033 Y81.24 E2.11762
G1 X104.229 Y81.473 E2.17622
G1 X105.407 Y81.782 E2.23479
G1 X106.563 Y82.166 E2.29338
G1 X107.692 Y82.623 E2.35196
G1 X108.79 Y83.152 E2.41058
G1 X109.851 Y83.75 E2.46916
G1 X110.872 Y84.414 E2.52774
G1 X111.848 Y85.143 E2.58633
G1 X112.776 Y85.932 E2.64492
G1 X113.651 Y86.78 E2.70353
G1 X114.47 Y87.682 E2.76213
G1 X115.229 Y88.634 E2.82069
G1 X115.926 Y89.633 E2.87928
G1 X116.558 Y90.675 E2.93789
G1 X117.121 Y91.755 E2.99647
G1 X117.614 Y92.869 E3.05506
G1 X118.035 Y94.012 E3.11364
G1 X118.382 Y95.18 E3.17224
G1 X118.653 Y96.367 E3.2308
G1 X118.847 Y97.57 E3.28941
G1 X118.964 Y98.782 E3.34797
G1 X119.003 Y100 E3.40658
G1 X118.964 Y101.218 E3.46519
G1 X118.847 Y102.43 E3.52375
G1 X118.653 Y103.633 E3.58236
G1 X118.382 Y104.82 E3.64092
G1 X118.035 Y105.988 E3.69952
G1 X117.614 Y107.131 E3.7581
G1 X117.121 Y108.245 E3.81669
G1 X116.558 Y109.325 E3.87527
G1 X115.926 Y110.367 E3.93388
G1 X115.229 Y111.366 E3.99247
G1 X114.47 Y112.318 E4.05103
G1 X113.651 Y113.22 E4.10963
G1 X112.776 Y114.068 E4.16824
G1 X111.848 Y114.857 E4.22683
G1 X110.872 Y115.586 E4.28542
G1 X109.851 Y116.25 E4.344
G1 X108.79 Y116.848 E4.40258
G1 X107.692 Y117.377 E4.4612
G1 X106.563 Y117.834 E4.51978
G1 X105.407 Y118.218 E4.57837
G1 X104.229 Y118.527 E4.63694
G1 X103.033 Y118.76 E4.69554
G1 X101.825 Y118.915 E4.75412
G1 X100.609 Y118.993 E4.81273
G1 X99.391 Y118.993 E4.87131
G1 X98.175 Y118.915 E4.92992
G1 X96.967 Y118.76 E4.9885
G1 X95.771 Y118.527 E5.0471
G1 X94.593 Y118.218 E5.10567
G1 X93.437 Y117.834 E5.16426
G1 X92.308 Y117.377 E5.22284
G1 X91.21 Y116.848 E5.28146
G1 X90.149 Y116.25 E5.34004
G1 X89.128 Y115.586 E5.39862
G1 X88.152 Y114.857 E5.45721
G1 X87.224 Y114.068 E5.5158
G1 X86.349 Y113.22 E5.57441
G1 X85.53 Y112.318 E5.63301
G1 X84.771 Y111.366 E5.69157
G1 X84.074 Y110.367 E5.75016
G1 X83.442 Y109.325 E5.80877
G1 X82.879 Y108.245 E5.86735
G1 X82.386 Y107.131 E5.92594
G1 X81.965 Y105.988 E5.98452
G1 X81.618 Y104.82 E6.04312
G1 X81.347 Y103.633 E6.10168
G1 X81.153 Y102.43 E6.16029
G1 X81.036 Y101.218 E6.21885
G1 X80.997 Y100 E6.27746
G1 X81.036 Y98.782 E6.33607
G1 X81.153 Y97.57 E6.39463
G1 X81.347 Y96.367 E6.45324
G1 X81.618 Y95.18 E6.5118
G1 X81.965 Y94.012 E6.5704
G1 X82.386 Y92.869 E6.62898
G1 X82.879 Y91.755 E6.68757
G1 X83.442 Y90.675 E6.74615
G1 X84.074 Y89.633 E6.80476
G1 X84.771 Y88.634 E6.86335
G1 X85.53 Y87.682 E6.92191
G1 X86.349 Y86.78 E6.98051
G1 X87.224 Y85.932 E7.03912
G1 X88.152 Y85.143 E7.09771
G1 X89.128 Y84.414 E7.1563
G1 X90.149 Y83.75 E7.21488
G1 X91.21 Y83.152 E7.27346
G1 X92.308 Y82.623 E7.33208
G1 X93.437 Y82.166 E7.39066
G1 X94.593 Y81.782 E7.44925
G1 X95.771 Y81.473 E7.50782
G1 X96.967 Y81.24 E7.56642
G1 X98.175 Y81.085 E7.625
G1 X99.391 Y81.007 E7.68361
G1 X100.54 Y81.007 E7.73887
G1 X100.624 Y80.621 F7800
G1 F3600
G1 X101.862 Y80.701 E7.79854
G1 X103.094 Y80.859 E7.85828
G1 X104.314 Y81.097 E7.91806
G1 X105.517 Y81.412 E7.97787
G1 X106.696 Y81.804 E8.03763
G1 X107.848 Y82.27 E8.0974
G1 X108.968 Y82.81 E8.1572
G1 X110.051 Y83.42 E8.21698
G1 X111.093 Y84.098 E8.27677
G1 X112.089 Y84.841 E8.33653
G1 X113.035 Y85.647 E8.3963
G1 X113.928 Y86.511 E8.45606
G1 X114.764 Y87.431 E8.51585
G1 X115.539 Y88.403 E8.57564
G1 X116.25 Y89.423 E8.63544
G1 X116.894 Y90.485 E8.69518
G1 X117.469 Y91.587 E8.75496
G1 X117.972 Y92.724 E8.81476
G1 X118.401 Y93.89 E8.87452
G1 X118.755 Y95.082 E8.93433
G1 X119.032 Y96.294 E8.99413
G1 X119.23 Y97.521 E9.05391
G1 X119.349 Y98.758 E9.11368
G1 X119.389 Y100 E9.17345
G1 X119.349 Y101.242 E9.23322
G1 X119.23 Y102.479 E9.29299
G1 X119.032 Y103.706 E9.35277
G1 X118.755 Y104.918 E9.41257
G1 X118.401 Y106.11 E9.47238
G1 X117.972 Y107.276 E9.53214
G1 X117.469 Y108.413 E9.59194
G1 X116.894 Y109.515 E9.65172
G1 X116.25 Y110.577 E9.71146
G1 X115.539 Y111.597 E9.77126
G1 X114.764 Y112.569 E9.83105
G1 X113.928 Y113.489 E9.89084
G1 X113.035 Y114.353 E9.9506
G1 X112.089 Y115.159 E10.01037
G1 X111.093 Y115.902 E10.07013
G1 X110.051 Y116.58 E10.12992
G1 X108.968 Y117.19 E10.1897
G1 X107.848 Y117.73 E10.2495
G1 X106.696 Y118.196 E10.30927
G1 X105.517 Y118.588 E10.36903
G1 X104.314 Y118.903 E10.42884
G1 X103.094 Y119.141 E10.48862
G1 X101.862 Y119.299 E10.54836
G1 X100.621 Y119.379 E10.60817
G1 X99.379 Y119.379 E10.66791
G1 X98.138 Y119.299 E10.72772
G1 X96.906 Y119.141 E10.78746
G1 X95.686 Y118.903 E10.84724
G1 X94.483 Y118.588 E10.90705
G1 X93.304 Y118.196 E10.96681
G1 X92.152 Y117.73 E11.02658
G1 X91.032 Y117.19 E11.08638
G1 X89.949 Y116.58 E11.14616
G1 X88.907 Y115.902 E11.20595
G1 X87.911 Y115.159 E11.26571
G1 X86.965 Y114.353 E11.32548
G1 X86.072 Y113.489 E11.38524
G1 X85.236 Y112.569 E11.44503
G1 X84.461 Y111.597 E11.50482
G1 X83.75 Y110.577 E11.56462
G1 X83.106 Y109.515 E11.62436
G1 X82.531 Y108.413 E11.68414
G1 X82.028 Y107.276 E11.74394
G1 X81.599 Y106.11 E11.8037
G1 X81.245 Y104.918 E11.86351
G1 X80.968 Y103.706 E11.92331
G1 X80.77 Y102.479 E11.98309
G1 X80.651 Y101.242 E12.04286
G1 X80.611 Y100 E12.10263
G1 X80.651 Y98.758 E12.1624
G1 X80.77 Y97.521 E12.22217
G1 X80.968 Y96.294 E12.28195
G1 X81.245 Y95.082 E12.34175
G1 X81.599 Y93.89 E12.40156
G1 X82.028 Y92.724 E12.46132
G1 X82.531 Y91.587 E12.52112
G1 X83.106 Y90.485 E12.5809
G1 X83.75 Y89.423 E12.64064
G1 X84.461 Y88.403 E12.70044
G1 X85.236 Y87.431 E12.76023
G1 X86.072 Y86.511 E12.82002
G1 X86.965 Y85.647 E12.87978
G1 X87.911 Y84.841 E12.93955
G1 X88.907 Y84.098 E12.99931
G1 X89.949 Y83.42 E13.0591
G1 X91.032 Y82.81 E13.11888
G1 X92.152 Y82.27 E13.17868
G1 X93.304 Y81.804 E13.23845
G1 X94.483 Y81.412 E13.29821
G1 X95.686 Y81.097 E13.35802
G1 X96.906 Y80.859 E13.4178
G1 X98.138 Y80.701 E13.47754
G1 X99.379 Y80.621 E13.53735
G1 X100.564 Y80.621 E13.59434
G1 X100.649 Y80.236 F7800
;TYPE:External perimeter
G1 F1800
G1 X101.899 Y80.316 E13.65458
G1 X103.156 Y80.479 E13.71554
G1 X104.4 Y80.721 E13.77649
G1 X105.626 Y81.042 E13.83744
G1 X106.83 Y81.442 E13.89846
G1 X108.005 Y81.918 E13.95943
G1 X109.147 Y82.468 E14.02039
G1 X110.251 Y83.09 E14.08134
G1 X111.314 Y83.781 E14.14232
G1 X112.329 Y84.539 E14.20325
G1 X113.295 Y85.361 E14.26426
G1 X114.205 Y86.243 E14.32521
G1 X115.058 Y87.181 E14.38619
G1 X115.848 Y88.172 E14.44715
G1 X116.573 Y89.212 E14.50813
G1 X117.23 Y90.296 E14.5691
G1 X117.817 Y91.42 E14.63009
G1 X118.33 Y92.579 E14.69105
G1 X118.767 Y93.769 E14.75202
G1 X119.128 Y94.984 E14.81298
G1 X119.41 Y96.22 E14.87395
G1 X119.613 Y97.471 E14.93491
G1 X119.734 Y98.733 E14.99589
G1 X119.775 Y100 E15.05686
G1 X119.734 Y101.267 E15.11783
G1 X119.613 Y102.529 E15.17881
G1 X119.41 Y103.78 E15.23977
G1 X119.128 Y105.016 E15.30074
G1 X118.767 Y106.231 E15.3617
G1 X118.33 Y107.421 E15.42267
G1 X117.817 Y108.58 E15.48363
G1 X117.23 Y109.704 E15.54462
G1 X116.573 Y110.788 E15.60559
G1 X115.848 Y111.828 E15.66657
G1 X115.058 Y112.819 E15.72753
G1 X114.205 Y113.757 E15.78851
G1 X113.295 Y114.639 E15.84946
G1 X112.329 Y115.461 E15.91047
G1 X111.314 Y116.219 E15.9714
G1 X110.251 Y116.91 E16.03238
G1 X109.147 Y117.532 E16.09333
G1 X108.005 Y118.082 E16.15429
G1 X106.83 Y118.558 E16.21526
G1 X105.626 Y118.958 E16.27628
G1 X104.4 Y119.279 E16.33723
G1 X103.156 Y119.521 E16.39818
G1 X101.899 Y119.684 E16.45914
G1 X100.634 Y119.765 E16.52011
G1 X99.366 Y119.765 E16.5811
G1 X98.101 Y119.684 E16.64207
G1 X96.844 Y119.521 E16.70303
G1 X95.6 Y119.279 E16.76398
G1 X94.374 Y118.958 E16.82493
G1 X93.17 Y118.558 E16.88595
G1 X91.995 Y118.082 E16.94692
G1 X90.853 Y117.532 E17.00788
G1 X89.749 Y116.91 E17.06883
G1 X88.686 Y116.219 E17.12981
G1 X87.671 Y115.461 E17.19074
G1 X86.705 Y114.639 E17.25175
G1 X85.795 Y113.757 E17.3127
G1 X84.942 Y112.819 E17.37368
G1 X84.152 Y111.828 E17.43464
G1 X83.427 Y110.788 E17.49562
G1 X82.77 Y109.704 E17.55659
G1 X82.183 Y108.58 E17.61758
G1 X81.67 Y107.421 E17.67854
G1 X81.233 Y106.231 E17.73951
G1 X80.872 Y105.016 E17.80047
G1 X80.59 Y103.78 E17.86144
G1 X80.387 Y102.529 E17.9224
G1 X80.266 Y101.267 E17.98338
G1 X80.225 Y100 E18.04435
G1 X80.266 Y98.733 E18.10532
G1 X80.387 Y97.471 E18.1663
G1 X80.59 Y96.22 E18.22726
G1 X80.872 Y94.984 E18.28823
G1 X81.233 Y93.769 E18.34919
G1 X81.67 Y92.579 E18.41016
G1 X82.183 Y91.42 E18.47112
G1 X82.77 Y90.296 E18.53211
G1 X83.427 Y89.212 E18.59308
G1 X84.152 Y88.172 E18.65406
G1 X84.942 Y87.181 E18.71502
G1 X85.795 Y86.243 E18.776
G1 X86.705 Y85.361 E18.83695
G1 X87.671 Y84.539 E18.89796
G1 X88.686 Y83.781 E18.95889
G1 X89.749 Y83.09 E19.01987
G1 X90.853 Y82.468 E19.08082
G1 X91.995 Y81.918 E19.14178
G1 X93.17 Y81.442 E19.20275
G1 X94.374 Y81.042 E19.26377
G1 X95.6 Y80.721 E19.32472
G1 X96.844 Y80.479 E19.38567
G1 X98.101 Y80.316 E19.44663
G1 X99.366 Y80.235 E19.5076
G1 X100.589 Y80.235 E19.56642
G1 X100.988 Y80.258 F7800
G1 E17.56642 F2400
G92 E0
G1 X95.512 Y81.84 F7800
G1 E2 F2400
;TYPE:Internal infill
;WIDTH:0.45
G1 F4800
G1 X97.013 Y81.526 E2.07376
G1 X97.787 Y81.426 E2.1113
G1 X118.577 Y102.217 E3.52545
G1 X118.682 Y100.982 E3.58506
G1 X84.307 Y110.193 E5.29671
G1 X85.019 Y111.213 E5.35654
G1 X92.631 Y82.804 E6.77111
G1 X91.344 Y83.408 E6.83949
G1 X90.567 Y83.846 E6.88239
G1 E4.88239 F2400
G92 E0
G1 X87.007 Y86.545 F7800
G1 E2 F2400
G1 F4800
G1 X88.766 Y85.045 E2.11119
G1 X102.253 Y81.431 E2.78275
G1 X102.987 Y81.526 E2.81835
G1 X104.841 Y81.933 E2.90964
G1 X95.159 Y118.067 E4.70887
G1 X97.013 Y118.474 E4.80016
G1 X97.747 Y118.569 E4.83576
G1 X111.234 Y114.955 E5.50732
G1 X112.581 Y113.853 E5.59102
G1 X113.228 Y113.228 E5.63429
G1 X86.772 Y86.772 E7.4338
G1 X85.75 Y87.869 E7.50591
G1 X85.243 Y88.506 E7.54507
G1 E5.54507 F2400
G92 E0
G1 X104.488 Y118.16 F7800
G1 E2 F2400
G1 F4800
G1 X102.987 Y118.474 E2.07376
G1 X102.213 Y118.574 E2.1113
G1 X81.423 Y97.783 E3.52545
G1 X81.318 Y99.018 E3.58506
G1 X115.693 Y89.807 E5.29671
G1 X114.981 Y88.787 E5.35654
G1 X107.369 Y117.196 E6.77111
G1 X108.656 Y116.592 E6.83949
G1 X109.433 Y116.154 E6.88239
;LAYER_CHANGE
;Z:3.05
;HEIGHT:0.3
G1 E4.88239 F2400
G92 E0
G1 Z3.05 F7800
G92 E0
G1 X118.278 Y110.331
G1 E2 F2400
;TYPE:Perimeter
;WIDTH:0.45
G1 F3600
G1 X117.597 Y111.454 E2.06317
G1 X116.827 Y112.558 E2.12791
G1 X115.988 Y113.611 E2.19267
G1 X115.083 Y114.607 E2.2574
G1 X114.116 Y115.543 E2.32213
G1 X113.091 Y116.416 E2.38689
G1 X112.013 Y117.221 E2.4516
G1 X110.885 Y117.955 E2.51633
G1 X109.712 Y118.616 E2.58109
G1 X108.499 Y119.2 E2.64584
G1 X107.252 Y119.705 E2.71055
G1 X105.974 Y120.129 E2.77531
G1 X104.672 Y120.47 E2.84004
G1 X103.351 Y120.728 E2.90478
G1 X102.016 Y120.9 E2.96952
G1 X100.673 Y120.986 E3.03425
G1 X99.327 Y120.986 E3.09899
G1 X97.984 Y120.9 E3.16372
G1 X96.649 Y120.728 E3.22846
G1 X95.328 Y120.47 E3.2932
G1 X94.026 Y120.129 E3.35793
G1 X92.748 Y119.705 E3.42269
G1 X91.501 Y119.2 E3.4874
G1 X90.288 Y118.616 E3.55215
G1 X89.115 Y117.955 E3.61691
G1 X87.987 Y117.221 E3.68164
G1 X86.909 Y116.416 E3.74635
G1 X85.884 Y115.543 E3.81111
G1 X84.917 Y114.607 E3.87584
G1 X84.012 Y113.611 E3.94057
G1 X83.173 Y112.558 E4.00533
G1 X82.403 Y111.454 E4.07007
G1 X81.705 Y110.303 E4.13481
G1 X81.083 Y109.11 E4.19952
G1 X80.538 Y107.879 E4.26427
G1 X80.073 Y106.616 E4.329
G1 X79.69 Y105.326 E4.39372
G1 X79.39 Y104.014 E4.45845
G1 X79.176 Y102.685 E4.52319
G1 X79.046 Y101.345 E4.58794
G1 X79.003 Y100 E4.65266
G1 X79.046 Y98.655 E4.71738
G1 X79.176 Y97.315 E4.78213
G1 X79.39 Y95.986 E4.84687
G1 X79.69 Y94.674 E4.9116
G1 X80.073 Y93.384 E4.97632
G1 X80.538 Y92.121 E5.04105
G1 X81.083 Y90.89 E5.1058
G1 X81.705 Y89.697 E5.17051
G1 X82.403 Y88.546 E5.23525
G1 X83.173 Y87.442 E5.29999
G1 X84.012 Y86.389 E5.36475
G1 X84.917 Y85.393 E5.42948
G1 X85.884 Y84.457 E5.49421
G1 X86.909 Y83.584 E5.55897
G1 X87.987 Y82.779 E5.62368
G1 X89.115 Y82.045 E5.68841
G1 X90.288 Y81.384 E5.75317
G1 X91.501 Y80.8 E5.81792
G1 X92.748 Y80.295 E5.88263
G1 X94.026 Y79.871 E5.94739
G1 X95.328 Y79.53 E6.01212
G1 X96.649 Y79.272 E6.07686
G1 X97.984 Y79.1 E6.1416
G1 X99.327 Y79.014 E6.20633
G1 X100.673 Y79.014 E6.27107
G1 X102.016 Y79.1 E6.3358
G1 X103.351 Y79.272 E6.40054
G1 X104.672 Y79.53 E6.46528
G1 X105.974 Y79.871 E6.53001
G1 X107.252 Y80.295 E6.59477
G1 X108.499 Y80.8 E6.65948
G1 X109.712 Y81.384 E6.72423
G1 X110.885 Y82.045 E6.78899
G1 X112.013 Y82.779 E6.85372
G1 X113.091 Y83.584 E6.91843
G1 X114.116 Y84.457 E6.98319
G1 X115.083 Y85.393 E7.04792
G1 X115.988 Y86.389 E7.11265
G1 X116.827 Y87.442 E7.17741
G1 X117.597 Y88.546 E7.24215
G1 X118.295 Y89.697 E7.30689
G1 X118.917 Y90.89 E7.3716
G1 X119.462 Y92.121 E7.43635
G1 X119.927 Y93.384 E7.50108
G1 X120.31 Y94.674 E7.5658
G1 X120.61 Y95.986 E7.63053
G1 X120.824 Y97.315 E7.69527
G1 X120.954 Y98.655 E7.76002
G1 X120.997 Y100 E7.82474
G1 X120.954 Y101.345 E7.88946
G1 X120.824 Y102.685 E7.95421
G1 X120.61 Y104.014 E8.01895
G1 X120.31 Y105.326 E8.08368
G1 X119.927 Y106.616 E8.1484
G1 X119.462 Y107.879 E8.21313
G1 X118.917 Y109.11 E8.27788
G1 X118.308 Y110.279 E8.34128
G1 X117.949 Y110.131 F7800
G1 F3600
G1 X117.274 Y111.244 E8.40389
G1 X116.518 Y112.328 E8.46745
G1 X115.694 Y113.361 E8.531
G1 X114.806 Y114.339 E8.59454
G1 X113.857 Y115.258 E8.65808
G1 X112.851 Y116.114 E8.72161
G1 X111.792 Y116.905 E8.78518
G1 X110.685 Y117.625 E8.84869
G1 X109.533 Y118.274 E8.91228
G1 X108.343 Y118.847 E8.9758
G1 X107.118 Y119.343 E9.03936
G1 X105.864 Y119.759 E9.10291
G1 X104.586 Y120.094 E9.16645
G1 X103.29 Y120.347 E9.22996
G1 X101.979 Y120.516 E9.29354
G1 X100.661 Y120.6 E9.35706
G1 X99.339 Y120.6 E9.42064
G1 X98.021 Y120.516 E9.48416
G1 X96.711 Y120.347 E9.54769
G1 X95.414 Y120.094 E9.61125
G1 X94.136 Y119.759 E9.67479
G1 X92.882 Y119.343 E9.73834
G1 X91.657 Y118.847 E9.8019
G1 X90.467 Y118.274 E9.86542
G1 X89.315 Y117.625 E9.92901
G1 X88.208 Y116.905 E9.99252
G1 X87.149 Y116.114 E10.05609
G1 X86.143 Y115.258 E10.11962
G1 X85.194 Y114.339 E10.18316
G1 X84.306 Y113.361 E10.2467
G1 X83.482 Y112.328 E10.31025
G1 X82.726 Y111.244 E10.37381
G1 X82.041 Y110.114 E10.43737
G1 X81.43 Y108.943 E10.5009
G1 X80.895 Y107.735 E10.56444
G1 X80.439 Y106.495 E10.62798
G1 X80.063 Y105.228 E10.69155
G1 X79.769 Y103.94 E10.75509
G1 X79.558 Y102.636 E10.81862
G1 X79.431 Y101.321 E10.88216
G1 X79.389 Y100 E10.94573
G1 X79.431 Y98.679 E11.0093
G1 X79.558 Y97.364 E11.07284
G1 X79.769 Y96.06 E11.13637
G1 X80.063 Y94.772 E11.19991
G1 X80.439 Y93.505 E11.26348
G1 X80.895 Y92.265 E11.32702
G1 X81.43 Y91.057 E11.39056
G1 X82.041 Y89.886 E11.45409
G1 X82.726 Y88.756 E11.51765
G1 X83.482 Y87.672 E11.58121
G1 X84.306 Y86.639 E11.64476
G1 X85.194 Y85.661 E11.7083
G1 X86.143 Y84.742 E11.77184
G1 X87.149 Y83.886 E11.83537
G1 X88.208 Y83.095 E11.89894
G1 X89.315 Y82.375 E11.96245
G1 X90.467 Y81.726 E12.02604
G1 X91.657 Y81.153 E12.08956
G1 X92.882 Y80.657 E12.15312
G1 X94.136 Y80.241 E12.21667
G1 X95.414 Y79.906 E12.28021
G1 X96.71 Y79.653 E12.34372
G1 X98.021 Y79.484 E12.4073
G1 X99.339 Y79.4 E12.47082
G1 X100.661 Y79.4 E12.5344
G1 X101.979 Y79.484 E12.59792
G1 X103.289 Y79.653 E12.66145
G1 X104.586 Y79.906 E12.72501
G1 X105.864 Y80.241 E12.78855
G1 X107.118 Y80.657 E12.8521
G1 X108.343 Y81.153 E12.91566
G1 X109.533 Y81.726 E12.97918
G1 X110.685 Y82.375 E13.04277
G1 X111.792 Y83.095 E13.10628
G1 X112.851 Y83.886 E13.16985
G1 X113.857 Y84.742 E13.23338
G1 X114.806 Y85.661 E13.29692
G1 X115.694 Y86.639 E13.36046
G1 X116.518 Y87.672 E13.42401
G1 X117.274 Y88.756 E13.48757
G1 X117.959 Y89.886 E13.55113
G1 X118.57 Y91.057 E13.61466
G1 X119.105 Y92.265 E13.6782
G1 X119.561 Y93.505 E13.74174
G1 X119.937 Y94.772 E13.80531
G1 X120.231 Y96.06 E13.86885
G1 X120.442 Y97.364 E13.93238
G1 X120.569 Y98.679 E13.99592
G1 X120.611 Y100 E14.05949
G1 X120.569 Y101.321 E14.12306
G1 X120.442 Y102.636 E14.1866
G1 X120.231 Y103.94 E14.25013
G1 X119.937 Y105.228 E14.31367
G1 X119.561 Y106.495 E14.37724
G1 X119.105 Y107.735 E14.44078
G1 X118.57 Y108.943 E14.50432
G1 X117.977 Y110.078 E14.56591
G1 X117.619 Y109.931 F7800
;TYPE:External perimeter
G1 F1800
G1 X116.95 Y111.033 E14.62791
G1 X116.209 Y112.097 E14.69027
G1 X115.4 Y113.11 E14.75262
G1 X114.529 Y114.07 E14.81496
G1 X113.597 Y114.972 E14.87734
G1 X112.61 Y115.813 E14.93971
G1 X111.571 Y116.588 E15.00205
G1 X110.485 Y117.295 E15.06438
G1 X109.355 Y117.932 E15.12677
G1 X108.187 Y118.494 E15.18911
G1 X106.985 Y118.981 E15.25149
G1 X105.755 Y119.389 E15.31382
G1 X104.501 Y119.718 E15.37617
G1 X103.228 Y119.966 E15.43855
G1 X101.942 Y120.132 E15.50092
G1 X100.648 Y120.215 E15.56328
G1 X99.352 Y120.215 E15.62561
G1 X98.058 Y120.132 E15.68797
G1 X96.772 Y119.966 E15.75034
G1 X95.499 Y119.718 E15.81272
G1 X94.245 Y119.389 E15.87507
G1 X93.015 Y118.981 E15.9374
G1 X91.813 Y118.494 E15.99978
G1 X90.645 Y117.932 E16.06212
G1 X89.515 Y117.295 E16.12451
G1 X88.429 Y116.588 E16.18684
G1 X87.39 Y115.813 E16.24918
G1 X86.403 Y114.972 E16.31155
G1 X85.471 Y114.07 E16.37393
G1 X84.6 Y113.111 E16.43624
G1 X83.791 Y112.097 E16.49863
G1 X83.05 Y111.034 E16.56095
G1 X82.377 Y109.925 E16.62334
G1 X81.778 Y108.775 E16.6857
G1 X81.253 Y107.59 E16.74804
G1 X80.805 Y106.373 E16.81041
G1 X80.436 Y105.13 E16.87277
G1 X80.148 Y103.866 E16.93512
G1 X79.941 Y102.586 E16.99748
G1 X79.816 Y101.296 E17.05982
G1 X79.775 Y100 E17.12218
G1 X79.816 Y98.704 E17.18454
G1 X79.941 Y97.414 E17.24688
G1 X80.148 Y96.134 E17.30924
G1 X80.436 Y94.87 E17.37159
G1 X80.805 Y93.627 E17.43395
G1 X81.253 Y92.41 E17.49632
G1 X81.778 Y91.225 E17.55866
G1 X82.377 Y90.075 E17.62102
G1 X83.05 Y88.967 E17.68337
G1 X83.791 Y87.903 E17.74573
G1 X84.6 Y86.89 E17.80808
G1 X85.471 Y85.93 E17.87042
G1 X86.403 Y85.028 E17.9328
G1 X87.39 Y84.187 E17.99517
G1 X88.429 Y83.412 E18.05751
G1 X89.515 Y82.705 E18.11984
G1 X90.645 Y82.068 E18.18223
G1 X91.813 Y81.506 E18.24457
G1 X93.015 Y81.019 E18.30695
G1 X94.245 Y80.611 E18.36928
G1 X95.499 Y80.282 E18.43163
G1 X96.772 Y80.034 E18.49401
G1 X98.058 Y79.868 E18.55638
G1 X99.352 Y79.785 E18.61874
G1 X100.648 Y79.785 E18.68107
G1 X101.942 Y79.868 E18.74343
G1 X103.228 Y80.034 E18.8058
G1 X104.501 Y80.282 E18.86818
G1 X105.755 Y80.611 E18.93053
G1 X106.985 Y81.019 E18.99286
G1 X108.187 Y81.506 E19.05524
G1 X109.355 Y82.068 E19.11758
G1 X110.485 Y82.705 E19.17997
G1 X111.571 Y83.412 E19.2423
G1 X112.61 Y84.187 E19.30464
G1 X113.597 Y85.028 E19.36701
G1 X114.529 Y85.93 E19.42939
G1 X115.4 Y86.89 E19.49173
G1 X116.209 Y87.903 E19.55408
G1 X116.95 Y88.966 E19.6164
G1 X117.623 Y90.075 E19.67879
G1 X118.222 Y91.225 E19.74115
G1 X118.747 Y92.41 E19.80349
G1 X119.195 Y93.627 E19.86586
G1 X119.564 Y94.87 E19.92822
G1 X119.852 Y96.134 E19.99057
G1 X120.059 Y97.414 E20.05293
G1 X120.184 Y98.704 E20.11527
G1 X120.225 Y100 E20.17763
G1 X120.184 Y101.296 E20.23999
G1 X120.059 Y102.586 E20.30233
G1 X119.852 Y103.866 E20.36469
G1 X119.564 Y105.13 E20.42704
G1 X119.195 Y106.373 E20.4894
G1 X118.747 Y107.59 E20.55177
G1 X118.222 Y108.775 E20.61411
G1 X117.647 Y109.878 E20.67394
G1 X117.442 Y110.222 F7800
G1 E18.67394 F2400
G92 E0
G1 X124.004 Y124.004 F7800
G1 E2 F2400
;TYPE:Perimeter
G1 F3600
G1 X75.996 Y124.004 E4.30902
G1 X75.996 Y75.996 E6.61804
G1 X124.004 Y75.996 E8.92706
G1 X124.004 Y123.944 E11.23319
G1 X124.389 Y124.389 F7800
G1 F3600
G1 X75.611 Y124.389 E13.57924
G1 X75.611 Y75.611 E15.92529
G1 X124.389 Y75.611 E18.27134
G1 X124.389 Y124.329 E20.61451
G1 X124.775 Y124.775 F7800
;TYPE:External perimeter
G1 F1800
G1 X75.225 Y124.775 E22.99769
G1 X75.225 Y75.225 E25.38087
G1 X124.775 Y75.225 E27.76405
G1 X124.775 Y124.715 E30.14435
G1 X124.379 Y124.774 F7800
G1 E28.14435 F2400
G92 E0
G1 X123.715 Y121.401 F7800
G1 E2 F2400
;TYPE:Internal infill
;WIDTH:0.45
G1 F4800
G1 X123.715 Y123.715 E2.1113
G1 X115.044 Y115.044 E2.70109
G1 X116.387 Y113.574 E2.79686
G1 X123.715 Y111.611 E3.16174
G1 X123.715 Y107.354 E3.36649
G1 X120.806 Y104.445 E3.56436
G1 X121.105 Y102.759 E3.64672
G1 X121.239 Y101.401 E3.71235
G1 X121.275 Y100.288 E3.76591
G1 X123.715 Y99.634 E3.88741
G1 X123.715 Y100.891 E3.94787
G1 X117.599 Y123.715 E5.08436
G1 X115.285 Y123.715 E5.19566
G1 E3.19566 F2400
G92 E0
G1 X108.714 Y119.417 F7800
G1 E2 F2400
G1 F4800
G1 X106.553 Y120.24 E2.11122
G1 X105.622 Y123.715 E2.28425
G1 X107.354 Y123.715 E2.36755
G1 X104.448 Y120.809 E2.56521
G1 X102.164 Y121.172 E2.67644
G1 E.67644 F2400
G92 E0
G1 X83.983 Y123.715 F7800
G1 E2 F2400
G1 F4800
G1 X81.669 Y123.715 E2.1113
G1 X84.205 Y114.25 E2.58259
G1 X82.92 Y112.701 E2.67939
G1 X81.723 Y110.886 E2.78396
G1 X76.285 Y112.343 E3.05473
G1 X76.285 Y109.006 E3.21523
G1 X90.994 Y123.715 E4.21572
G1 X93.646 Y123.715 E4.34327
G1 X94.493 Y120.551 E4.50081
G1 X92.587 Y119.951 E4.59692
G1 X78.542 Y123.715 E5.29627
G1 X76.285 Y123.715 E5.40482
G1 X76.285 Y123.658 E5.40756
G1 E3.40756 F2400
G92 E0
G1 X76.285 Y78.599 F7800
G1 E2 F2400
G1 F4800
G1 X76.285 Y76.285 E2.1113
G1 X84.955 Y84.955 E2.70102
G1 X83.614 Y86.426 E2.79676
G1 X76.285 Y88.389 E3.16168
G1 X76.285 Y92.646 E3.36643
G1 X79.194 Y95.554 E3.56426
G1 X78.885 Y97.315 E3.65025
G1 X78.761 Y98.599 E3.71229
G1 X78.725 Y99.712 E3.76585
G1 X76.285 Y100.366 E3.88735
G1 X76.285 Y99.109 E3.94781
G1 X82.401 Y76.285 E5.0843
G1 X84.715 Y76.285 E5.1956
G1 E3.1956 F2400
G92 E0
G1 X91.287 Y80.585 F7800
G1 E2 F2400
G1 F4800
G1 X92.614 Y80.038 E2.06903
G1 X93.447 Y79.76 E2.11127
G1 X94.378 Y76.285 E2.2843
G1 X92.646 Y76.285 E2.3676
G1 X95.552 Y79.191 E2.56526
G1 X97.836 Y78.828 E2.67649
G1 E.67649 F2400
G92 E0
G1 X116.017 Y76.285 F7800
G1 E2 F2400
G1 F4800
G1 X118.331 Y76.285 E2.1113
G1 X115.795 Y85.75 E2.58259
G1 X117.08 Y87.299 E2.67939
G1 X118.277 Y89.114 E2.78396
G1 X123.715 Y87.657 E3.05473
G1 X123.715 Y90.994 E3.21523
G1 X109.006 Y76.285 E4.21572
G1 X106.354 Y76.285 E4.34327
G1 X105.507 Y79.449 E4.50081
G1 X107.413 Y80.049 E4.59692
G1 X121.458 Y76.285 E5.29627
G1 X123.715 Y76.285 E5.40482
G1 X123.715 Y76.342 E5.40756
G1 E3.40756 F2400
G92 E0
G92 E0
G1 X100.6 Y81.007 F7800
G1 E2 F2400
;TYPE:Perimeter
;WIDTH:0.45
G1 F3600
G1 X100.609 Y81.007 E2.00043
G1 X101.825 Y81.085 E2.05904
G1 X103.033 Y81.24 E2.11762
G1 X104.229 Y81.473 E2.17622
G1 X105.407 Y81.782 E2.23479
G1 X106.563 Y82.166 E2.29338
G1 X107.692 Y82.623 E2.35196
G1 X108.79 Y83.152 E2.41058
G1 X109.851 Y83.75 E2.46916
G1 X110.872 Y84.414 E2.52774
G1 X111.848 Y85.143 E2.58633
G1 X112.776 Y85.932 E2.64492
G1 X113.651 Y86.78 E2.70353
G1 X114.47 Y87.682 E2.76213
G1 X115.229 Y88.634 E2.82069
G1 X115.926 Y89.633 E2.87928
G1 X116.558 Y90.675 E2.93789
G1 X117.121 Y91.755 E2.99647
G1 X117.614 Y92.869 E3.05506
G1 X118.035 Y94.012 E3.11364
G1 X118.382 Y95.18 E3.17224
G1 X118.653 Y96.367 E3.2308
G1 X118.847 Y97.57 E3.28941
G1 X118.964 Y98.782 E3.34797
G1 X119.003 Y100 E3.40658
G1 X118.964 Y101.218 E3.46519
G1 X118.847 Y102.43 E3.52375
G1 X118.653 Y103.633 E3.58236
G1 X118.382 Y104.82 E3.64092
G1 X118.035 Y105.988 E3.69952
G1 X117.614 Y107.131 E3.7581
G1 X117.121 Y108.245 E3.81669
G1 X116.558 Y109.325 E3.87527
G1 X115.926 Y110.367 E3.93388
G1 X115.229 Y111.366 E3.99247
G1 X114.47 Y112.318 E4.05103
G1 X113.651 Y113.22 E4.10963
G1 X112.776 Y114.068 E4.16824
G1 X111.848 Y114.857 E4.22683
G1 X110.872 Y115.586 E4.28542
G1 X109.851 Y116.25 E4.344
G1 X108.79 Y116.848 E4.40258
G1 X107.692 Y117.377 E4.4612
G1 X106.563 Y117.834 E4.51978
G1 X105.407 Y118.218 E4.57837
G1 X104.229 Y118.527 E4.63694
G1 X103.033 Y118.76 E4.69554
G1 X101.825 Y118.915 E4.75412
G1 X100.609 Y118.993 E4.81273
G1 X99.391 Y118.993 E4.87131
G1 X98.175 Y118.915 E4.92992
G1 X96.967 Y118.76 E4.9885
G1 X95.771 Y118.527 E5.0471
G1 X94.593 Y118.218 E5.10567
G1 X93.437 Y117.834 E5.16426
G1 X92.308 Y117.377 E5.22284
G1 X91.21 Y116.848 E5.28146
G1 X90.149 Y116.25 E5.34004
G1 X89.128 Y115.586 E5.39862
G1 X88.152 Y114.857 E5.45721
G1 X87.224 Y114.068 E5.5158
G1 X86.349 Y113.22 E5.57441
G1 X85.53 Y112.318 E5.63301
G1 X84.771 Y111.366 E5.69157
G1 X84.074 Y110.367 E5.75016
G1 X83.442 Y109.325 E5.80877
G1 X82.879 Y108.245 E5.86735
G1 X82.386 Y107.131 E5.92594
G1 X81.965 Y105.988 E5.98452
G1 X81.618 Y104.82 E6.04312
G1 X81.347 Y103.633 E6.10168
G1 X81.153 Y102.43 E6.16029
G1 X81.036 Y101.218 E6.21885
G1 X80.997 Y100 E6.27746
G1 X81.036 Y98.782 E6.33607
G1 X81.153 Y97.57 E6.39463
G1 X81.347 Y96.367 E6.45324
G1 X81.618 Y95.18 E6.5118
G1 X81.965 Y94.012 E6.5704
G1 X82.386 Y92.869 E6.62898
G1 X82.879 Y91.755 E6.68757
G1 X83.442 Y90.675 E6.74615
G1 X84.074 Y89.633 E6.80476
G1 X84.771 Y88.634 E6.86335
G1 X85.53 Y87.682 E6.92191
G1 X86.349 Y86.78 E6.98051
G1 X87.224 Y85.932 E7.03912
G1 X88.152 Y85.143 E7.09771
G1 X89.128 Y84.414 E7.1563
G1 X90.149 Y83.75 E7.21488
G1 X91.21 Y83.152 E7.27346
G1 X92.308 Y82.623 E7.33208
G1 X93.437 Y82.166 E7.39066
G1 X94.593 Y81.782 E7.44925
G1 X95.771 Y81.473 E7.50782
G1 X96.967 Y81.24 E7.56642
G1 X98.175 Y81.085 E7.625
G1 X99.391 Y81.007 E7.68361
G1 X100.54 Y81.007 E7.73887
G1 X100.624 Y80.621 F7800
G1 F3600
G1 X101.862 Y80.701 E7.79854
G1 X103.094 Y80.859 E7.85828
G1 X104.314 Y81.097 E7.91806
G1 X105.517 Y81.412 E7.97787
G1 X106.696 Y81.804 E8.03763
G1 X107.848 Y82.27 E8.0974
G1 X108.968 Y82.81 E8.1572
G1 X110.051 Y83.42 E8.21698
G1 X111.093 Y84.098 E8.27677
G1 X112.089 Y84.841 E8.33653
G1 X113.035 Y85.647 E8.3963
G1 X113.928 Y86.511 E8.45606
G1 X114.764 Y87.431 E8.51585
G1 X115.539 Y88.403 E8.57564
G1 X116.25 Y89.423 E8.63544
G1 X116.894 Y90.485 E8.69518
G1 X117.469 Y91.587 E8.75496
G1 X117.972 Y92.724 E8.81476
G1 X118.401 Y93.89 E8.87452
G1 X118.755 Y95.082 E8.93433
G1 X119.032 Y96.294 E8.99413
G1 X119.23 Y97.521 E9.05391
G1 X119.349 Y98.758 E9.11368
G1 X119.389 Y100 E9.17345
G1 X119.349 Y101.242 E9.23322
G1 X119.23 Y102.479 E9.29299
G1 X119.032 Y103.706 E9.35277
G1 X118.755 Y104.918 E9.41257
G1 X118.401 Y106.11 E9.47238
G1 X117.972 Y107.276 E9.53214
G1 X117.469 Y108.413 E9.59194
G1 X116.894 Y109.515 E9.65172
G1 X116.25 Y110.577 E9.71146
G1 X115.539 Y111.597 E9.77126
G1 X114.764 Y112.569 E9.83105
G1 X113.928 Y113.489 E9.89084
G1 X113.035 Y114.353 E9.9506
G1 X112.089 Y115.159 E10.01037
G1 X111.093 Y115.902 E10.07013
G1 X110.051 Y116.58 E10.12992
G1 X108.968 Y117.19 E10.1897
G1 X107.848 Y117.73 E10.2495
G1 X106.696 Y118.196 E10.30927
G1 X105.517 Y118.588 E10.36903
G1 X104.314 Y118.903 E10.42884
G1 X103.094 Y119.141 E10.48862
G1 X101.862 Y119.299 E10.54836
G1 X100.621 Y119.379 E10.60817
G1 X99.379 Y119.379 E10.66791
G1 X98.138 Y119.299 E10.72772
G1 X96.906 Y119.141 E10.78746
G1 X95.686 Y118.903 E10.84724
G1 X94.483 Y118.588 E10.90705
G1 X93.304 Y118.196 E10.96681
G1 X92.152 Y117.73 E11.02658
G1 X91.032 Y117.19 E11.08638
G1 X89.949 Y116.58 E11.14616
G1 X88.907 Y115.902 E11.20595
G1 X87.911 Y115.159 E11.26571
G1 X86.965 Y114.353 E11.32548
G1 X86.072 Y113.489 E11.38524
G1 X85.236 Y112.569 E11.44503
G1 X84.461 Y111.597 E11.50482
G1 X83.75 Y110.577 E11.56462
G1 X83.106 Y109.515 E11.62436
G1 X82.531 Y108.413 E11.68414
G1 X82.028 Y107.276 E11.74394
G1 X81.599 Y106.11 E11.8037
G1 X81.245 Y104.918 E11.86351
G1 X80.968 Y103.706 E11.92331
G1 X80.77 Y102.479 E11.98309
G1 X80.651 Y101.242 E12.04286
G1 X80.611 Y100 E12.10263
G1 X80.651 Y98.758 E12.1624
G1 X80.77 Y97.521 E12.22217
G1 X80.968 Y96.294 E12.28195
G1 X81.245 Y95.082 E12.34175
G1 X81.599 Y93.89 E12.40156
G1 X82.028 Y92.724 E12.46132
G1 X82.531 Y91.587 E12.52112
G1 X83.106 Y90.485 E12.5809
G1 X83.75 Y89.423 E12.64064
G1 X84.461 Y88.403 E12.70044
G1 X85.236 Y87.431 E12.76023
G1 X86.072 Y86.511 E12.82002
G1 X86.965 Y85.647 E12.87978
G1 X87.911 Y84.841 E12.93955
G1 X88.907 Y84.098 E12.99931
G1 X89.949 Y83.42 E13.0591
G1 X91.032 Y82.81 E13.11888
G1 X92.152 Y82.27 E13.17868
G1 X93.304 Y81.804 E13.23845
G1 X94.483 Y81.412 E13.29821
G1 X95.686 Y81.097 E13.35802
G1 X96.906 Y80.859 E13.4178
G1 X98.138 Y80.701 E13.47754
G1 X99.379 Y80.621 E13.53735
G1 X100.564 Y80.621 E13.59434
G1 X100.649 Y80.236 F7800
;TYPE:External perimeter
G1 F1800
G1 X101.899 Y80.316 E13.65458
G1 X103.156 Y80.479 E13.71554
G1 X104.4 Y80.721 E13.77649
G1 X105.626 Y81.042 E13.83744
G1 X106.83 Y81.442 E13.89846
G1 X108.005 Y81.918 E13.95943
G1 X109.147 Y82.468 E14.02039
G1 X110.251 Y83.09 E14.08134
G1 X111.314 Y83.781 E14.14232
G1 X112.329 Y84.539 E14.20325
G1 X113.295 Y85.361 E14.26426
G1 X114.205 Y86.243 E14.32521
G1 X115.058 Y87.181 E14.38619
G1 X115.848 Y88.172 E14.44715
G1 X116.573 Y89.212 E14.50813
G1 X117.23 Y90.296 E14.5691
G1 X117.817 Y91.42 E14.63009
G1 X118.33 Y92.579 E14.69105
G1 X118.767 Y93.769 E14.75202
G1 X119.128 Y94.984 E14.81298
G1 X119.41 Y96.22 E14.87395
G1 X119.613 Y97.471 E14.93491
G1 X119.734 Y98.733 E14.99589
G1 X119.775 Y100 E15.05686
G1 X119.734 Y101.267 E15.11783
G1 X119.613 Y102.529 E15.17881
G1 X119.41 Y103.78 E15.23977
G1 X119.128 Y105.016 E15.30074
G1 X118.767 Y106.231 E15.3617
G1 X118.33 Y107.421 E15.42267
G1 X117.817 Y108.58 E15.48363
G1 X117.23 Y109.704 E15.54462
G1 X116.573 Y110.788 E15.60559
G1 X115.848 Y111.828 E15.66657
G1 X115.058 Y112.819 E15.72753
G1 X114.205 Y113.757 E15.78851
G1 X113.295 Y114.639 E15.84946
G1 X112.329 Y115.461 E15.91047
G1 X111.314 Y116.219 E15.9714
G1 X110.251 Y116.91 E16.03238
G1 X109.147 Y117.532 E16.09333
G1 X108.005 Y118.082 E16.15429
G1 X106.83 Y118.558 E16.21526
G1 X105.626 Y118.958 E16.27628
G1 X104.4 Y119.279 E16.33723
G1 X103.156 Y119.521 E16.39818
G1 X101.899 Y119.684 E16.45914
G1 X100.634 Y119.765 E16.52011
G1 X99.366 Y119.765 E16.5811
G1 X98.101 Y119.684 E16.64207
G1 X96.844 Y119.521 E16.70303
G1 X95.6 Y119.279 E16.76398
G1 X94.374 Y118.958 E16.82493
G1 X93.17 Y118.558 E16.88595
G1 X91.995 Y118.082 E16.94692
G1 X90.853 Y117.532 E17.00788
G1 X89.749 Y116.91 E17.06883
G1 X88.686 Y116.219 E17.12981
G1 X87.671 Y115.461 E17.19074
G1 X86.705 Y114.639 E17.25175
G1 X85.795 Y113.757 E17.3127
G1 X84.942 Y112.819 E17.37368
G1 X84.152 Y111.828 E17.43464
G1 X83.427 Y110.788 E17.49562
G1 X82.77 Y109.704 E17.55659
G1 X82.183 Y108.58 E17.61758
G1 X81.67 Y107.421 E17.67854
G1 X81.233 Y106.231 E17.73951
G1 X80.872 Y105.016 E17.80047
G1 X80.59 Y103.78 E17.86144
G1 X80.387 Y102.529 E17.9224
G1 X80.266 Y101.267 E17.98338
G1 X80.225 Y100 E18.04435
G1 X80.266 Y98.733 E18.10532
G1 X80.387 Y97.471 E18.1663
G1 X80.59 Y96.22 E18.22726
G1 X80.872 Y94.984 E18.28823
G1 X81.233 Y93.769 E18.34919
G1 X81.67 Y92.579 E18.41016
G1 X82.183 Y91.42 E18.47112
G1 X82.77 Y90.296 E18.53211
G1 X83.427 Y89.212 E18.59308
G1 X84.152 Y88.172 E18.65406
G1 X84.942 Y87.181 E18.71502
G1 X85.795 Y86.243 E18.776
G1 X86.705 Y85.361 E18.83695
G1 X87.671 Y84.539 E18.89796
G1 X88.686 Y83.781 E18.95889
G1 X89.749 Y83.09 E19.01987
G1 X90.853 Y82.468 E19.08082
G1 X91.995 Y81.918 E19.14178
G1 X93.17 Y81.442 E19.20275
G1 X94.374 Y81.042 E19.26377
G1 X95.6 Y80.721 E19.32472
G1 X96.844 Y80.479 E19.38567
G1 X98.101 Y80.316 E19.44663
G1 X99.366 Y80.235 E19.5076
G1 X100.589 Y80.235 E19.56642
G1 X100.988 Y80.258 F7800
G1 E17.56642 F2400
G92 E0
G1 X95.512 Y81.84 F7800
G1 E2 F2400
;TYPE:Internal infill
;WIDTH:0.45
G1 F4800
G1 X97.013 Y81.526 E2.07376
G1 X97.787 Y81.426 E2.1113
G1 X118.577 Y102.217 E3.52545
G1 X118.682 Y100.982 E3.58506
G1 X84.307 Y110.193 E5.29671
G1 X85.019 Y111.213 E5.35654
G1 X92.631 Y82.804 E6.77111
G1 X91.344 Y83.408 E6.83949
G1 X90.567 Y83.846 E6.88239
G1 E4.88239 F2400
G92 E0
G1 X87.007 Y86.545 F7800
G1 E2 F2400
G1 F4800
G1 X88.766 Y85.045 E2.11119
G1 X102.253 Y81.431 E2.78275
G1 X102.987 Y81.526 E2.81835
G1 X104.841 Y81.933 E2.90964
G1 X95.159 Y118.067 E4.70887
G1 X97.013 Y118.474 E4.80016
G1 X97.747 Y118.569 E4.83576
G1 X111.234 Y114.955 E5.50732
G1 X112.581 Y113.853 E5.59102
G1 X113.228 Y113.228 E5.63429
G1 X86.772 Y86.772 E7.4338
G1 X85.75 Y87.869 E7.50591
G1 X85.243 Y88.506 E7.54507
G1 E5.54507 F2400
G92 E0
G1 X104.488 Y118.16 F7800
G1 E2 F2400
G1 F4800
G1 X102.987 Y118.474 E2.07376
G1 X102.213 Y118.574 E2.1113
G1 X81.423 Y97.783 E3.52545
G1 X81.318 Y99.018 E3.58506
G1 X115.693 Y89.807 E5.29671
G1 X114.981 Y88.787 E5.35654
G1 X107.369 Y117.196 E6.77111
G1 X108.656 Y116.592 E6.83949
G1 X109.433 Y116.154 E6.88239
;LAYER_CHANGE
;Z:3.35
;HEIGHT:0.3
G1 E4.88239 F2400
G92 E0
G1 Z3.35 F7800
G92 E0
G1 X118.278 Y110.331
G1 E2 F2400
;TYPE:Perimeter
;WIDTH:0.45
G1 F3600
G1 X117.597 Y111.454 E2.06317
G1 X116.827 Y112.558 E2.12791
G1 X115.988 Y113.611 E2.19267
G1 X115.083 Y114.607 E2.2574
G1 X114.116 Y115.543 E2.32213
G1 X113.091 Y116.416 E2.38689
G1 X112.013 Y117.221 E2.4516
G1 X110.885 Y117.955 E2.51633
G1 X109.712 Y118.616 E2.58109
G1 X108.499 Y119.2 E2.64584
G1 X107.252 Y119.705 E2.71055
G1 X105.974 Y120.129 E2.77531
G1 X104.672 Y120.47 E2.84004
G1 X103.351 Y120.728 E2.90478
G1 X102.016 Y120.9 E2.96952
G1 X100.673 Y120.986 E3.03425
G1 X99.327 Y120.986 E3.09899
G1 X97.984 Y120.9 E3.16372
G1 X96.649 Y120.728 E3.22846
G1 X95.328 Y120.47 E3.2932
G1 X94.026 Y120.129 E3.35793
G1 X92.748 Y119.705 E3.42269
G1 X91.501 Y119.2 E3.4874
G1 X90.288 Y118.616 E3.55215
G1 X89.115 Y117.955 E3.61691
G1 X87.987 Y117.221 E3.68164
G1 X86.909 Y116.416 E3.74635
G1 X85.884 Y115.543 E3.81111
G1 X84.917 Y114.607 E3.87584
G1 X84.012 Y113.611 E3.94057
G1 X83.173 Y112.558 E4.00533
G1 X82.403 Y111.454 E4.07007
G1 X81.705 Y110.303 E4.13481
G1 X81.083 Y109.11 E4.19952
G1 X80.538 Y107.879 E4.26427
G1 X80.073 Y106.616 E4.329
G1 X79.69 Y105.326 E4.39372
G1 X79.39 Y104.014 E4.45845
G1 X79.176 Y102.685 E4.52319
G1 X79.046 Y101.345 E4.58794
G1 X79.003 Y100 E4.65266
G1 X79.046 Y98.655 E4.71738
G1 X79.176 Y97.315 E4.78213
G1 X79.39 Y95.986 E4.84687
G1 X79.69 Y94.674 E4.9116
G1 X80.073 Y93.384 E4.97632
G1 X80.538 Y92.121 E5.04105
G1 X81.083 Y90.89 E5.1058
G1 X81.705 Y89.697 E5.17051
G1 X82.403 Y88.546 E5.23525
G1 X83.173 Y87.442 E5.29999
G1 X84.012 Y86.389 E5.36475
G1 X84.917 Y85.393 E5.42948
G1 X85.884 Y84.457 E5.49421
G1 X86.909 Y83.584 E5.55897
G1 X87.987 Y82.779 E5.62368
G1 X89.115 Y82.045 E5.68841
G1 X90.288 Y81.384 E5.75317
G1 X91.501 Y80.8 E5.81792
G1 X92.748 Y80.295 E5.88263
G1 X94.026 Y79.871 E5.94739
G1 X95.328 Y79.53 E6.01212
G1 X96.649 Y79.272 E6.07686
G1 X97.984 Y79.1 E6.1416
G1 X99.327 Y79.014 E6.20633
G1 X100.673 Y79.014 E6.27107
G1 X102.016 Y79.1 E6.3358
G1 X103.351 Y79.272 E6.40054
G1 X104.672 Y79.53 E6.46528
G1 X105.974 Y79.871 E6.53001
G1 X107.252 Y80.295 E6.59477
G1 X108.499 Y80.8 E6.65948
G1 X109.712 Y81.384 E6.72423
G1 X110.885 Y82.045 E6.78899
G1 X112.013 Y82.779 E6.85372
G1 X113.091 Y83.584 E6.91843
G1 X114.116 Y84.457 E6.98319
G1 X115.083 Y85.393 E7.04792
G1 X115.988 Y86.389 E7.11265
G1 X116.827 Y87.442 E7.17741
G1 X117.597 Y88.546 E7.24215
G1 X118.295 Y89.697 E7.30689
G1 X118.917 Y90.89 E7.3716
G1 X119.462 Y92.121 E7.43635
G1 X119.927 Y93.384 E7.50108
G1 X120.31 Y94.674 E7.5658
G1 X120.61 Y95.986 E7.63053
G1 X120.824 Y97.315 E7.69527
G1 X120.954 Y98.655 E7.76002
G1 X120.997 Y100 E7.82474
G1 X120.954 Y101.345 E7.88946
G1 X120.824 Y102.685 E7.95421
G1 X120.61 Y104.014 E8.01895
G1 X120.31 Y105.326 E8.08368
G1 X119.927 Y106.616 E8.1484
G1 X119.462 Y107.879 E8.21313
G1 X118.917 Y109.11 E8.27788
G1 X118.308 Y110.279 E8.34128
G1 X117.949 Y110.131 F7800
G1 F3600
G1 X117.274 Y111.244 E8.40389
G1 X116.518 Y112.328 E8.46745
G1 X115.694 Y113.361 E8.531
G1 X114.806 Y114.339 E8.59454
G1 X113.857 Y115.258 E8.65808
G1 X112.851 Y116.114 E8.72161
G1 X111.792 Y116.905 E8.78518
G1 X110.685 Y117.625 E8.84869
G1 X109.533 Y118.274 E8.91228
G1 X108.343 Y118.847 E8.9758
G1 X107.118 Y119.343 E9.03936
G1 X105.864 Y119.759 E9.10291
G1 X104.586 Y120.094 E9.16645
G1 X103.29 Y120.347 E9.22996
G1 X101.979 Y120.516 E9.29354
G1 X100.661 Y120.6 E9.35706
G1 X99.339 Y120.6 E9.42064
G1 X98.021 Y120.516 E9.48416
G1 X96.711 Y120.347 E9.54769
G1 X95.414 Y120.094 E9.61125
G1 X94.136 Y119.759 E9.67479
G1 X92.882 Y119.343 E9.73834
G1 X91.657 Y118.847 E9.8019
G1 X90.467 Y118.274 E9.86542
G1 X89.315 Y117.625 E9.92901
G1 X88.208 Y116.905 E9.99252
G1 X87.149 Y116.114 E10.05609
G1 X86.143 Y115.258 E10.11962
G1 X85.194 Y114.339 E10.18316
G1 X84.306 Y113.361 E10.2467
G1 X83.482 Y112.328 E10.31025
G1 X82.726 Y111.244 E10.37381
G1 X82.041 Y110.114 E10.43737
G1 X81.43 Y108.943 E10.5009
G1 X80.895 Y107.735 E10.56444
G1 X80.439 Y106.495 E10.62798
G1 X80.063 Y105.228 E10.69155
G1 X79.769 Y103.94 E10.75509
G1 X79.558 Y102.636 E10.81862
G1 X79.431 Y101.321 E10.88216
G1 X79.389 Y100 E10.94573
G1 X79.431 Y98.679 E11.0093
G1 X79.558 Y97.364 E11.07284
G1 X79.769 Y96.06 E11.13637
G1 X80.063 Y94.772 E11.19991
G1 X80.439 Y93.505 E11.26348
G1 X80.895 Y92.265 E11.32702
G1 X81.43 Y91.057 E11.39056
G1 X82.041 Y89.886 E11.45409
G1 X82.726 Y88.756 E11.51765
G1 X83.482 Y87.672 E11.58121
G1 X84.306 Y86.639 E11.64476
G1 X85.194 Y85.661 E11.7083
G1 X86.143 Y84.742 E11.77184
G1 X87.149 Y83.886 E11.83537
G1 X88.208 Y83.095 E11.89894
G1 X89.315 Y82.375 E11.96245
G1 X90.467 Y81.726 E12.02604
G1 X91.657 Y81.153 E12.08956
G1 X92.882 Y80.657 E12.15312
G1 X94.136 Y80.241 E12.21667
G1 X95.414 Y79.906 E12.28021
G1 X96.71 Y79.653 E12.34372
G1 X98.021 Y79.484 E12.4073
G1 X99.339 Y79.4 E12.47082
G1 X100.661 Y79.4 E12.5344
G1 X101.979 Y79.484 E12.59792
G1 X103.289 Y79.653 E12.66145
G1 X104.586 Y79.906 E12.72501
G1 X105.864 Y80.241 E12.78855
G1 X107.118 Y80.657 E12.8521
G1 X108.343 Y81.153 E12.91566
G1 X109.533 Y81.726 E12.97918
G1 X110.685 Y82.375 E13.04277
G1 X111.792 Y83.095 E13.10628
G1 X112.851 Y83.886 E13.16985
G1 X113.857 Y84.742 E13.23338
G1 X114.806 Y85.661 E13.29692
G1 X115.694 Y86.639 E13.36046
G1 X116.518 Y87.672 E13.42401
G1 X117.274 Y88.756 E13.48757
G1 X117.959 Y89.886 E13.55113
G1 X118.57 Y91.057 E13.61466
G1 X119.105 Y92.265 E13.6782
G1 X119.561 Y93.505 E13.74174
G1 X119.937 Y94.772 E13.80531
G1 X120.231 Y96.06 E13.86885
G1 X120.442 Y97.364 E13.93238
G1 X120.569 Y98.679 E13.99592
G1 X120.611 Y100 E14.05949
G1 X120.569 Y101.321 E14.12306
G1 X120.442 Y102.636 E14.1866
G1 X120.231 Y103.94 E14.25013
G1 X119.937 Y105.228 E14.31367
G1 X119.561 Y106.495 E14.37724
G1 X119.105 Y107.735 E14.44078
G1 X118.57 Y108.943 E14.50432
G1 X117.977 Y110.078 E14.56591
G1 X117.619 Y109.931 F7800
;TYPE:External perimeter
G1 F1800
G1 X116.95 Y111.033 E14.62791
G1 X116.209 Y112.097 E14.69027
G1 X115.4 Y113.11 E14.75262
G1 X114.529 Y114.07 E14.81496
G1 X113.597 Y114.972 E14.87734
G1 X112.61 Y115.813 E14.93971
G1 X111.571 Y116.588 E15.00205
G1 X110.485 Y117.295 E15.06438
G1 X109.355 Y117.932 E15.12677
G1 X108.187 Y118.494 E15.18911
G1 X106.985 Y118.981 E15.25149
G1 X105.755 Y119.389 E15.31382
G1 X104.501 Y119.718 E15.37617
G1 X103.228 Y119.966 E15.43855
G1 X101.942 Y120.132 E15.50092
G1 X100.648 Y120.215 E15.56328
G1 X99.352 Y120.215 E15.62561
G1 X98.058 Y120.132 E15.68797
G1 X96.772 Y119.966 E15.75034
G1 X95.499 Y119.718 E15.81272
G1 X94.245 Y119.389 E15.87507
G1 X93.015 Y118.981 E15.9374
G1 X91.813 Y118.494 E15.99978
G1 X90.645 Y117.932 E16.06212
G1 X89.515 Y117.295 E16.12451
G1 X88.429 Y116.588 E16.18684
G1 X87.39 Y115.813 E16.24918
G1 X86.403 Y114.972 E16.31155
G1 X85.471 Y114.07 E16.37393
G1 X84.6 Y113.111 E16.43624
G1 X83.791 Y112.097 E16.49863
G1 X83.05 Y111.034 E16.56095
G1 X82.377 Y109.925 E16.62334
G1 X81.778 Y108.775 E16.6857
G1 X81.253 Y107.59 E16.74804
G1 X80.805 Y106.373 E16.81041
G1 X80.436 Y105.13 E16.87277
G1 X80.148 Y103.866 E16.93512
G1 X79.941 Y102.586 E16.99748
G1 X79.816 Y101.296 E17.05982
G1 X79.775 Y100 E17.12218
G1 X79.816 Y98.704 E17.18454
G1 X79.941 Y97.414 E17.24688
G1 X80.148 Y96.134 E17.30924
G1 X80.436 Y94.87 E17.37159
G1 X80.805 Y93.627 E17.43395
G1 X81.253 Y92.41 E17.49632
G1 X81.778 Y91.225 E17.55866
G1 X82.377 Y90.075 E17.62102
G1 X83.05 Y88.967 E17.68337
G1 X83.791 Y87.903 E17.74573
G1 X84.6 Y86.89 E17.80808
G1 X85.471 Y85.93 E17.87042
G1 X86.403 Y85.028 E17.9328
G1 X87.39 Y84.187 E17.99517
G1 X88.429 Y83.412 E18.05751
G1 X89.515 Y82.705 E18.11984
G1 X90.645 Y82.068 E18.18223
G1 X91.813 Y81.506 E18.24457
G1 X93.015 Y81.019 E18.30695
G1 X94.245 Y80.611 E18.36928
G1 X95.499 Y80.282 E18.43163
G1 X96.772 Y80.034 E18.49401
G1 X98.058 Y79.868 E18.55638
G1 X99.352 Y79.785 E18.61874
G1 X100.648 Y79.785 E18.68107
G1 X101.942 Y79.868 E18.74343
G1 X103.228 Y80.034 E18.8058
G1 X104.501 Y80.282 E18.86818
G1 X105.755 Y80.611 E18.93053
G1 X106.985 Y81.019 E18.99286
G1 X108.187 Y81.506 E19.05524
G1 X109.355 Y82.068 E19.11758
G1 X110.485 Y82.705 E19.17997
G1 X111.571 Y83.412 E19.2423
G1 X112.61 Y84.187 E19.30464
G1 X113.597 Y85.028 E19.36701
G1 X114.529 Y85.93 E19.42939
G1 X115.4 Y86.89 E19.49173
G1 X116.209 Y87.903 E19.55408
G1 X116.95 Y88.966 E19.6164
G1 X117.623 Y90.075 E19.67879
G1 X118.222 Y91.225 E19.74115
G1 X118.747 Y92.41 E19.80349
G1 X119.195 Y93.627 E19.86586
G1 X119.564 Y94.87 E19.92822
G1 X119.852 Y96.134 E19.99057
G1 X120.059 Y97.414 E20.05293
G1 X120.184 Y98.704 E20.11527
G1 X120.225 Y100 E20.17763
G1 X120.184 Y101.296 E20.23999
G1 X120.059 Y102.586 E20.30233
G1 X119.852 Y103.866 E20.36469
G1 X119.564 Y105.13 E20.42704
G1 X119.195 Y106.373 E20.4894
G1 X118.747 Y107.59 E20.55177
G1 X118.222 Y108.775 E20.61411
G1 X117.647 Y109.878 E20.67394
G1 X117.442 Y110.222 F7800
G1 E18.67394 F2400
G92 E0
G1 X124.004 Y124.004 F7800
G1 E2 F2400
;TYPE:Perimeter
G1 F3600
G1 X75.996 Y124.004 E4.30902
G1 X75.996 Y75.996 E6.61804
G1 X124.004 Y75.996 E8.92706
G1 X124.004 Y123.944 E11.23319
G1 X124.389 Y124.389 F7800
G1 F3600
G1 X75.611 Y124.389 E13.57924
G1 X75.611 Y75.611 E15.92529
G1 X124.389 Y75.611 E18.27134
G1 X124.389 Y124.329 E20.61451
G1 X124.775 Y124.775 F7800
;TYPE:External perimeter
G1 F1800
G1 X75.225 Y124.775 E22.99769
G1 X75.225 Y75.225 E25.38087
G1 X124.775 Y75.225 E27.76405
G1 X124.775 Y124.715 E30.14435
G1 X124.379 Y124.774 F7800
G1 E28.14435 F2400
G92 E0
G1 X123.715 Y121.401 F7800
G1 E2 F2400
;TYPE:Internal infill
;WIDTH:0.45
G1 F4800
G1 X123.715 Y123.715 E2.1113
G1 X115.045 Y115.045 E2.70102
G1 X116.387 Y113.574 E2.79679
G1 X123.715 Y111.611 E3.16167
G1 X123.715 Y107.354 E3.36642
G1 X120.806 Y104.445 E3.56429
G1 X121.105 Y102.759 E3.64665
G1 X121.239 Y101.401 E3.71228
G1 X121.275 Y100.288 E3.76584
G1 X123.715 Y99.634 E3.88734
G1 X123.715 Y100.891 E3.9478
G1 X117.599 Y123.715 E5.08429
G1 X115.285 Y123.715 E5.19559
G1 E3.19559 F2400
G92 E0
G1 X108.713 Y119.415 F7800
G1 E2 F2400
G1 F4800
G1 X107.386 Y119.962 E2.06903
G1 X106.553 Y120.24 E2.11127
G1 X105.622 Y123.715 E2.2843
G1 X107.354 Y123.715 E2.3676
G1 X104.448 Y120.809 E2.56526
G1 X102.164 Y121.172 E2.67649
G1 E.67649 F2400
G92 E0
G1 X83.983 Y123.715 F7800
G1 E2 F2400
G1 F4800
G1 X81.669 Y123.715 E2.1113
G1 X84.205 Y114.25 E2.58259
G1 X82.92 Y112.701 E2.67939
G1 X81.723 Y110.886 E2.78396
G1 X76.285 Y112.343 E3.05473
G1 X76.285 Y109.006 E3.21523
G1 X90.994 Y123.715 E4.21572
G1 X93.646 Y123.715 E4.34327
G1 X94.493 Y120.551 E4.50081
G1 X92.587 Y119.951 E4.59692
G1 X78.542 Y123.715 E5.29627
G1 X76.285 Y123.715 E5.40482
G1 X76.285 Y123.658 E5.40756
G1 E3.40756 F2400
G92 E0
G1 X76.285 Y78.599 F7800
G1 E2 F2400
G1 F4800
G1 X76.285 Y76.285 E2.1113
G1 X84.955 Y84.955 E2.70102
G1 X83.614 Y86.426 E2.79676
G1 X76.285 Y88.389 E3.16168
G1 X76.285 Y92.646 E3.36643
G1 X79.195 Y95.555 E3.56433
G1 X78.895 Y97.241 E3.64669
G1 X78.761 Y98.599 E3.71232
G1 X78.725 Y99.712 E3.76588
G1 X76.285 Y100.366 E3.88738
G1 X76.285 Y99.109 E3.94784
G1 X82.401 Y76.285 E5.08433
G1 X84.715 Y76.285 E5.19563
G1 E3.19563 F2400
G92 E0
G1 X91.287 Y80.585 F7800
G1 E2 F2400
G1 F4800
G1 X92.614 Y80.038 E2.06903
G1 X93.447 Y79.76 E2.11127
G1 X94.378 Y76.285 E2.2843
G1 X92.646 Y76.285 E2.3676
G1 X95.552 Y79.191 E2.56526
G1 X97.836 Y78.828 E2.67649
G1 E.67649 F2400
G92 E0
G1 X116.017 Y76.285 F7800
G1 E2 F2400
G1 F4800
G1 X118.331 Y76.285 E2.1113
G1 X115.795 Y85.75 E2.58259
G1 X117.08 Y87.299 E2.67939
G1 X118.277 Y89.114 E2.78396
G1 X123.715 Y87.657 E3.05473
G1 X123.715 Y90.994 E3.21523
G1 X109.006 Y76.285 E4.21572
G1 X106.354 Y76.285 E4.34327
G1 X105.507 Y79.449 E4.50081
G1 X107.413 Y80.049 E4.59692
G1 X121.458 Y76.285 E5.29627
G1 X123.715 Y76.285 E5.40482
G1 X123.715 Y76.342 E5.40756
G1 E3.40756 F2400
G92 E0
G92 E0
G1 X100.6 Y81.007 F7800
G1 E2 F2400
;TYPE:Perimeter
;WIDTH:0.45
G1 F3600
G1 X100.609 Y81.007 E2.00043
G1 X101.825 Y81.085 E2.05904
G1 X103.033 Y81.24 E2.11762
G1 X104.229 Y81.473 E2.17622
G1 X105.407 Y81.782 E2.23479
G1 X106.563 Y82.166 E2.29338
G1 X107.692 Y82.623 E2.35196
G1 X108.79 Y83.152 E2.41058
G1 X109.851 Y83.75 E2.46916
G1 X110.872 Y84.414 E2.52774
G1 X111.848 Y85.143 E2.58633
G1 X112.776 Y85.932 E2.64492
G1 X113.651 Y86.78 E2.70353
G1 X114.47 Y87.682 E2.76213
G1 X115.229 Y88.634 E2.82069
G1 X115.926 Y89.633 E2.87928
G1 X116.558 Y90.675 E2.93789
G1 X117.121 Y91.755 E2.99647
G1 X117.614 Y92.869 E3.05506
G1 X118.035 Y94.012 E3.11364
G1 X118.382 Y95.18 E3.17224
G1 X118.653 Y96.367 E3.2308
G1 X118.847 Y97.57 E3.28941
G1 X118.964 Y98.782 E3.34797
G1 X119.003 Y100 E3.40658
G1 X118.964 Y101.218 E3.46519
G1 X118.847 Y102.43 E3.52375
G1 X118.653 Y103.633 E3.58236
G1 X118.382 Y104.82 E3.64092
G1 X118.035 Y105.988 E3.69952
G1 X117.614 Y107.131 E3.7581
G1 X117.121 Y108.245 E3.81669
G1 X116.558 Y109.325 E3.87527
G1 X115.926 Y110.367 E3.93388
G1 X115.229 Y111.366 E3.99247
G1 X114.47 Y112.318 E4.05103
G1 X113.651 Y113.22 E4.10963
G1 X112.776 Y114.068 E4.16824
G1 X111.848 Y114.857 E4.22683
G1 X110.872 Y115.586 E4.28542
G1 X109.851 Y116.25 E4.344
G1 X108.79 Y116.848 E4.40258
G1 X107.692 Y117.377 E4.4612
G1 X106.563 Y117.834 E4.51978
G1 X105.407 Y118.218 E4.57837
G1 X104.229 Y118.527 E4.63694
G1 X103.033 Y118.76 E4.69554
G1 X101.825 Y118.915 E4.75412
G1 X100.609 Y118.993 E4.81273
G1 X99.391 Y118.993 E4.87131
G1 X98.175 Y118.915 E4.92992
G1 X96.967 Y118.76 E4.9885
G1 X95.771 Y118.527 E5.0471
G1 X94.593 Y118.218 E5.10567
G1 X93.437 Y117.834 E5.16426
G1 X92.308 Y117.377 E5.22284
G1 X91.21 Y116.848 E5.28146
G1 X90.149 Y116.25 E5.34004
G1 X89.128 Y115.586 E5.39862
G1 X88.152 Y114.857 E5.45721
G1 X87.224 Y114.068 E5.5158
G1 X86.349 Y113.22 E5.57441
G1 X85.53 Y112.318 E5.63301
G1 X84.771 Y111.366 E5.69157
G1 X84.074 Y110.367 E5.75016
G1 X83.442 Y109.325 E5.80877
G1 X82.879 Y108.245 E5.86735
G1 X82.386 Y107.131 E5.92594
G1 X81.965 Y105.988 E5.98452
G1 X81.618 Y104.82 E6.04312
G1 X81.347 Y103.633 E6.10168
G1 X81.153 Y102.43 E6.16029
G1 X81.036 Y101.218 E6.21885
G1 X80.997 Y100 E6.27746
G1 X81.036 Y98.782 E6.33607
G1 X81.153 Y97.57 E6.39463
G1 X81.347 Y96.367 E6.45324
G1 X81.618 Y95.18 E6.5118
G1 X81.965 Y94.012 E6.5704
G1 X82.386 Y92.869 E6.62898
G1 X82.879 Y91.755 E6.68757
G1 X83.442 Y90.675 E6.74615
G1 X84.074 Y89.633 E6.80476
G1 X84.771 Y88.634 E6.86335
G1 X85.53 Y87.682 E6.92191
G1 X86.349 Y86.78 E6.98051
G1 X87.224 Y85.932 E7.03912
G1 X88.152 Y85.143 E7.09771
G1 X89.128 Y84.414 E7.1563
G1 X90.149 Y83.75 E7.21488
G1 X91.21 Y83.152 E7.27346
G1 X92.308 Y82.623 E7.33208
G1 X93.437 Y82.166 E7.39066
G1 X94.593 Y81.782 E7.44925
G1 X95.771 Y81.473 E7.50782
G1 X96.967 Y81.24 E7.56642
G1 X98.175 Y81.085 E7.625
G1 X99.391 Y81.007 E7.68361
G1 X100.54 Y81.007 E7.73887
G1 X100.624 Y80.621 F7800
G1 F3600
G1 X101.862 Y80.701 E7.79854
G1 X103.094 Y80.859 E7.85828
G1 X104.314 Y81.097 E7.91806
G1 X105.517 Y81.412 E7.97787
G1 X106.696 Y81.804 E8.03763
G1 X107.848 Y82.27 E8.0974
G1 X108.968 Y82.81 E8.1572
G1 X110.051 Y83.42 E8.21698
G1 X111.093 Y84.098 E8.27677
G1 X112.089 Y84.841 E8.33653
G1 X113.035 Y85.647 E8.3963
G1 X113.928 Y86.511 E8.45606
G1 X114.764 Y87.431 E8.51585
G1 X115.539 Y88.403 E8.57564
G1 X116.25 Y89.423 E8.63544
G1 X116.894 Y90.485 E8.69518
G1 X117.469 Y91.587 E8.75496
G1 X117.972 Y92.724 E8.81476
G1 X118.401 Y93.89 E8.87452
G1 X118.755 Y95.082 E8.93433
G1 X119.032 Y96.294 E8.99413
G1 X119.23 Y97.521 E9.05391
G1 X119.349 Y98.758 E9.11368
G1 X119.389 Y100 E9.17345
G1 X119.349 Y101.242 E9.23322
G1 X119.23 Y102.479 E9.29299
G1 X119.032 Y103.706 E9.35277
G1 X118.755 Y104.918 E9.41257
G1 X118.401 Y106.11 E9.47238
G1 X117.972 Y107.276 E9.53214
G1 X117.469 Y108.413 E9.59194
G1 X116.894 Y109.515 E9.65172
G1 X116.25 Y110.577 E9.71146
G1 X115.539 Y111.597 E9.77126
G1 X114.764 Y112.569 E9.83105
G1 X113.928 Y113.489 E9.89084
G1 X113.035 Y114.353 E9.9506
G1 X112.089 Y115.159 E10.01037
G1 X111.093 Y115.902 E10.07013
G1 X110.051 Y116.58 E10.12992
G1 X108.968 Y117.19 E10.1897
G1 X107.848 Y117.73 E10.2495
G1 X106.696 Y118.196 E10.30927
G1 X105.517 Y118.588 E10.36903
G1 X104.314 Y118.903 E10.42884
G1 X103.094 Y119.141 E10.48862
G1 X101.862 Y119.299 E10.54836
G1 X100.621 Y119.379 E10.60817
G1 X99.379 Y119.379 E10.66791
G1 X98.138 Y119.299 E10.72772
G1 X96.906 Y119.141 E10.78746
G1 X95.686 Y118.903 E10.84724
G1 X94.483 Y118.588 E10.90705
G1 X93.304 Y118.196 E10.96681
G1 X92.152 Y117.73 E11.02658
G1 X91.032 Y117.19 E11.08638
G1 X89.949 Y116.58 E11.14616
G1 X88.907 Y115.902 E11.20595
G1 X87.911 Y115.159 E11.26571
G1 X86.965 Y114.353 E11.32548
G1 X86.072 Y113.489 E11.38524
G1 X85.236 Y112.569 E11.44503
G1 X84.461 Y111.597 E11.50482
G1 X83.75 Y110.577 E11.56462
G1 X83.106 Y109.515 E11.62436
G1 X82.531 Y108.413 E11.68414
G1 X82.028 Y107.276 E11.74394
G1 X81.599 Y106.11 E11.8037
G1 X81.245 Y104.918 E11.86351
G1 X80.968 Y103.706 E11.92331
G1 X80.77 Y102.479 E11.98309
G1 X80.651 Y101.242 E12.04286
G1 X80.611 Y100 E12.10263
G1 X80.651 Y98.758 E12.1624
G1 X80.77 Y97.521 E12.22217
G1 X80.968 Y96.294 E12.28195
G1 X81.245 Y95.082 E12.34175
G1 X81.599 Y93.89 E12.40156
G1 X82.028 Y92.724 E12.46132
G1 X82.531 Y91.587 E12.52112
G1 X83.106 Y90.485 E12.5809
G1 X83.75 Y89.423 E12.64064
G1 X84.461 Y88.403 E12.70044
G1 X85.236 Y87.431 E12.76023
G1 X86.072 Y86.511 E12.82002
G1 X86.965 Y85.647 E12.87978
G1 X87.911 Y84.841 E12.93955
G1 X88.907 Y84.098 E12.99931
G1 X89.949 Y83.42 E13.0591
G1 X91.032 Y82.81 E13.11888
G1 X92.152 Y82.27 E13.17868
G1 X93.304 Y81.804 E13.23845
G1 X94.483 Y81.412 E13.29821
G1 X95.686 Y81.097 E13.35802
G1 X96.906 Y80.859 E13.4178
G1 X98.138 Y80.701 E13.47754
G1 X99.379 Y80.621 E13.53735
G1 X100.564 Y80.621 E13.59434
G1 X100.649 Y80.236 F7800
;TYPE:External perimeter
G1 F1800
G1 X101.899 Y80.316 E13.65458
G1 X103.156 Y80.479 E13.71554
G1 X104.4 Y80.721 E13.77649
G1 X105.626 Y81.042 E13.83744
G1 X106.83 Y81.442 E13.89846
G1 X108.005 Y81.918 E13.95943
G1 X109.147 Y82.468 E14.02039
G1 X110.251 Y83.09 E14.08134
G1 X111.314 Y83.781 E14.14232
G1 X112.329 Y84.539 E14.20325
G1 X113.295 Y85.361 E14.26426
G1 X114.205 Y86.243 E14.32521
G1 X115.058 Y87.181 E14.38619
G1 X115.848 Y88.172 E14.44715
G1 X116.573 Y89.212 E14.50813
G1 X117.23 Y90.296 E14.5691
G1 X117.817 Y91.42 E14.63009
G1 X118.33 Y92.579 E14.69105
G1 X118.767 Y93.769 E14.75202
G1 X119.128 Y94.984 E14.81298
G1 X119.41 Y96.22 E14.87395
G1 X119.613 Y97.471 E14.93491
G1 X119.734 Y98.733 E14.99589
G1 X119.775 Y100 E15.05686
G1 X119.734 Y101.267 E15.11783
G1 X119.613 Y102.529 E15.17881
G1 X119.41 Y103.78 E15.23977
G1 X119.128 Y105.016 E15.30074
G1 X118.767 Y106.231 E15.3617
G1 X118.33 Y107.421 E15.42267
G1 X117.817 Y108.58 E15.48363
G1 X117.23 Y109.704 E15.54462
G1 X116.573 Y110.788 E15.60559
G1 X115.848 Y111.828 E15.66657
G1 X115.058 Y112.819 E15.72753
G1 X114.205 Y113.757 E15.78851
G1 X113.295 Y114.639 E15.84946
G1 X112.329 Y115.461 E15.91047
G1 X111.314 Y116.219 E15.9714
G1 X110.251 Y116.91 E16.03238
G1 X109.147 Y117.532 E16.09333
G1 X108.005 Y118.082 E16.15429
G1 X106.83 Y118.558 E16.21526
G1 X105.626 Y118.958 E16.27628
G1 X104.4 Y119.279 E16.33723
G1 X103.156 Y119.521 E16.39818
G1 X101.899 Y119.684 E16.45914
G1 X100.634 Y119.765 E16.52011
G1 X99.366 Y119.765 E16.5811
G1 X98.101 Y119.684 E16.64207
G1 X96.844 Y119.521 E16.70303
G1 X95.6 Y119.279 E16.76398
G1 X94.374 Y118.958 E16.82493
G1 X93.17 Y118.558 E16.88595
G1 X91.995 Y118.082 E16.94692
G1 X90.853 Y117.532 E17.00788
G1 X89.749 Y116.91 E17.06883
G1 X88.686 Y116.219 E17.12981
G1 X87.671 Y115.461 E17.19074
G1 X86.705 Y114.639 E17.25175
G1 X85.795 Y113.757 E17.3127
G1 X84.942 Y112.819 E17.37368
G1 X84.152 Y111.828 E17.43464
G1 X83.427 Y110.788 E17.49562
G1 X82.77 Y109.704 E17.55659
G1 X82.183 Y108.58 E17.61758
G1 X81.67 Y107.421 E17.67854
G1 X81.233 Y106.231 E17.73951
G1 X80.872 Y105.016 E17.80047
G1 X80.59 Y103.78 E17.86144
G1 X80.387 Y102.529 E17.9224
G1 X80.266 Y101.267 E17.98338
G1 X80.225 Y100 E18.04435
G1 X80.266 Y98.733 E18.10532
G1 X80.387 Y97.471 E18.1663
G1 X80.59 Y96.22 E18.22726
G1 X80.872 Y94.984 E18.28823
G1 X81.233 Y93.769 E18.34919
G1 X81.67 Y92.579 E18.41016
G1 X82.183 Y91.42 E18.47112
G1 X82.77 Y90.296 E18.53211
G1 X83.427 Y89.212 E18.59308
G1 X84.152 Y88.172 E18.65406
G1 X84.942 Y87.181 E18.71502
G1 X85.795 Y86.243 E18.776
G1 X86.705 Y85.361 E18.83695
G1 X87.671 Y84.539 E18.89796
G1 X88.686 Y83.781 E18.95889
G1 X89.749 Y83.09 E19.01987
G1 X90.853 Y82.468 E19.08082
G1 X91.995 Y81.918 E19.14178
G1 X93.17 Y81.442 E19.20275
G1 X94.374 Y81.042 E19.26377
G1 X95.6 Y80.721 E19.32472
G1 X96.844 Y80.479 E19.38567
G1 X98.101 Y80.316 E19.44663
G1 X99.366 Y80.235 E19.5076
G1 X100.589 Y80.235 E19.56642
G1 X100.988 Y80.258 F7800
G1 E17.56642 F2400
G92 E0
G1 X95.512 Y81.84 F7800
G1 E2 F2400
;TYPE:Internal infill
;WIDTH:0.45
G1 F4800
G1 X97.013 Y81.526 E2.07376
G1 X97.787 Y81.426 E2.1113
G1 X118.577 Y102.217 E3.52545
G1 X118.682 Y100.982 E3.58506
G1 X84.307 Y110.193 E5.29671
G1 X85.019 Y111.213 E5.35654
G1 X92.631 Y82.804 E6.77111
G1 X91.344 Y83.408 E6.83949
G1 X90.567 Y83.846 E6.88239
G1 E4.88239 F2400
G92 E0
G1 X87.007 Y86.545 F7800
G1 E2 F2400
G1 F4800
G1 X88.766 Y85.045 E2.11119
G1 X102.253 Y81.431 E2.78275
G1 X102.987 Y81.526 E2.81835
G1 X104.841 Y81.933 E2.90964
G1 X95.159 Y118.067 E4.70887
G1 X97.013 Y118.474 E4.80016
G1 X97.747 Y118.569 E4.83576
G1 X111.234 Y114.955 E5.50732
G1 X112.581 Y113.853 E5.59102
G1 X113.228 Y113.228 E5.63429
G1 X86.772 Y86.772 E7.4338
G1 X85.75 Y87.869 E7.50591
G1 X85.243 Y88.506 E7.54507
G1 E5.54507 F2400
G92 E0
G1 X104.488 Y118.16 F7800
G1 E2 F2400
G1 F4800
G1 X102.987 Y118.474 E2.07376
G1 X102.213 Y118.574 E2.1113
G1 X81.423 Y97.783 E3.52545
G1 X81.318 Y99.018 E3.58506
G1 X115.693 Y89.807 E5.29671
G1 X114.981 Y88.787 E5.35654
G1 X107.369 Y117.196 E6.77111
G1 X108.656 Y116.592 E6.83949
G1 X109.433 Y116.154 E6.88239
;LAYER_CHANGE
;Z:3.65
;HEIGHT:0.3
G1 E4.88239 F2400
G92 E0
G1 Z3.65 F7800
G92 E0
G1 X118.278 Y110.331
G1 E2 F2400
;TYPE:Perimeter
;WIDTH:0.45
G1 F3600
G1 X117.597 Y111.454 E2.06317
G1 X116.827 Y112.558 E2.12791
G1 X115.988 Y113.611 E2.19267
G1 X115.083 Y114.607 E2.2574
G1 X114.116 Y115.543 E2.32213
G1 X113.091 Y116.416 E2.38689
G1 X112.013 Y117.221 E2.4516
G1 X110.885 Y117.955 E2.51633
G1 X109.712 Y118.616 E2.58109
G1 X108.499 Y119.2 E2.64584
G1 X107.252 Y119.705 E2.71055
G1 X105.974 Y120.129 E2.77531
G1 X104.672 Y120.47 E2.84004
G1 X103.351 Y120.728 E2.90478
G1 X102.016 Y120.9 E2.96952
G1 X100.673 Y120.986 E3.03425
G1 X99.327 Y120.986 E3.09899
G1 X97.984 Y120.9 E3.16372
G1 X96.649 Y120.728 E3.22846
G1 X95.328 Y120.47 E3.2932
G1 X94.026 Y120.129 E3.35793
G1 X92.748 Y119.705 E3.42269
G1 X91.501 Y119.2 E3.4874
G1 X90.288 Y118.616 E3.55215
G1 X89.115 Y117.955 E3.61691
G1 X87.987 Y117.221 E3.68164
G1 X86.909 Y116.416 E3.74635
G1 X85.884 Y115.543 E3.81111
G1 X84.917 Y114.607 E3.87584
G1 X84.012 Y113.611 E3.94057
G1 X83.173 Y112.558 E4.00533
G1 X82.403 Y111.454 E4.07007
G1 X81.705 Y110.303 E4.13481
G1 X81.083 Y109.11 E4.19952
G1 X80.538 Y107.879 E4.26427
G1 X80.073 Y106.616 E4.329
G1 X79.69 Y105.326 E4.39372
G1 X79.39 Y104.014 E4.45845
G1 X79.176 Y102.685 E4.52319
G1 X79.046 Y101.345 E4.58794
G1 X79.003 Y100 E4.65266
G1 X79.046 Y98.655 E4.71738
G1 X79.176 Y97.315 E4.78213
G1 X79.39 Y95.986 E4.84687
G1 X79.69 Y94.674 E4.9116
G1 X80.073 Y93.384 E4.97632
G1 X80.538 Y92.121 E5.04105
G1 X81.083 Y90.89 E5.1058
G1 X81.705 Y89.697 E5.17051
G1 X82.403 Y88.546 E5.23525
G1 X83.173 Y87.442 E5.29999
G1 X84.012 Y86.389 E5.36475
G1 X84.917 Y85.393 E5.42948
G1 X85.884 Y84.457 E5.49421
G1 X86.909 Y83.584 E5.55897
G1 X87.987 Y82.779 E5.62368
G1 X89.115 Y82.045 E5.68841
G1 X90.288 Y81.384 E5.75317
G1 X91.501 Y80.8 E5.81792
G1 X92.748 Y80.295 E5.88263
G1 X94.026 Y79.871 E5.94739
G1 X95.328 Y79.53 E6.01212
G1 X96.649 Y79.272 E6.07686
G1 X97.984 Y79.1 E6.1416
G1 X99.327 Y79.014 E6.20633
G1 X100.673 Y79.014 E6.27107
G1 X102.016 Y79.1 E6.3358
G1 X103.351 Y79.272 E6.40054
G1 X104.672 Y79.53 E6.46528
G1 X105.974 Y79.871 E6.53001
G1 X107.252 Y80.295 E6.59477
G1 X108.499 Y80.8 E6.65948
G1 X109.712 Y81.384 E6.72423
G1 X110.885 Y82.045 E6.78899
G1 X112.013 Y82.779 E6.85372
G1 X113.091 Y83.584 E6.91843
G1 X114.116 Y84.457 E6.98319
G1 X115.083 Y85.393 E7.04792
G1 X115.988 Y86.389 E7.11265
G1 X116.827 Y87.442 E7.17741
G1 X117.597 Y88.546 E7.24215
G1 X118.295 Y89.697 E7.30689
G1 X118.917 Y90.89 E7.3716
G1 X119.462 Y92.121 E7.43635
G1 X119.927 Y93.384 E7.50108
G1 X120.31 Y94.674 E7.5658
G1 X120.61 Y95.986 E7.63053
G1 X120.824 Y97.315 E7.69527
G1 X120.954 Y98.655 E7.76002
G1 X120.997 Y100 E7.82474
G1 X120.954 Y101.345 E7.88946
G1 X120.824 Y102.685 E7.95421
G1 X120.61 Y104.014 E8.01895
G1 X120.31 Y105.326 E8.08368
G1 X119.927 Y106.616 E8.1484
G1 X119.462 Y107.879 E8.21313
G1 X118.917 Y109.11 E8.27788
G1 X118.308 Y110.279 E8.34128
G1 X117.949 Y110.131 F7800
G1 F3600
G1 X117.274 Y111.244 E8.40389
G1 X116.518 Y112.328 E8.46745
G1 X115.694 Y113.361 E8.531
G1 X114.806 Y114.339 E8.59454
G1 X113.857 Y115.258 E8.65808
G1 X112.851 Y116.114 E8.72161
G1 X111.792 Y116.905 E8.78518
G1 X110.685 Y117.625 E8.84869
G1 X109.533 Y118.274 E8.91228
G1 X108.343 Y118.847 E8.9758
G1 X107.118 Y119.343 E9.03936
G1 X105.864 Y119.759 E9.10291
G1 X104.586 Y120.094 E9.16645
G1 X103.29 Y120.347 E9.22996
G1 X101.979 Y120.516 E9.29354
G1 X100.661 Y120.6 E9.35706
G1 X99.339 Y120.6 E9.42064
G1 X98.021 Y120.516 E9.48416
G1 X96.711 Y120.347 E9.54769
G1 X95.414 Y120.094 E9.61125
G1 X94.136 Y119.759 E9.67479
G1 X92.882 Y119.343 E9.73834
G1 X91.657 Y118.847 E9.8019
G1 X90.467 Y118.274 E9.86542
G1 X89.315 Y117.625 E9.92901
G1 X88.208 Y116.905 E9.99252
G1 X87.149 Y116.114 E10.05609
G1 X86.143 Y115.258 E10.11962
G1 X85.194 Y114.339 E10.18316
G1 X84.306 Y113.361 E10.2467
G1 X83.482 Y112.328 E10.31025
G1 X82.726 Y111.244 E10.37381
G1 X82.041 Y110.114 E10.43737
G1 X81.43 Y108.943 E10.5009
G1 X80.895 Y107.735 E10.56444
G1 X80.439 Y106.495 E10.62798
G1 X80.063 Y105.228 E10.69155
G1 X79.769 Y103.94 E10.75509
G1 X79.558 Y102.636 E10.81862
G1 X79.431 Y101.321 E10.88216
G1 X79.389 Y100 E10.94573
G1 X79.431 Y98.679 E11.0093
G1 X79.558 Y97.364 E11.07284
G1 X79.769 Y96.06 E11.13637
G1 X80.063 Y94.772 E11.19991
G1 X80.439 Y93.505 E11.26348
G1 X80.895 Y92.265 E11.32702
G1 X81.43 Y91.057 E11.39056
G1 X82.041 Y89.886 E11.45409
G1 X82.726 Y88.756 E11.51765
G1 X83.482 Y87.672 E11.58121
G1 X84.306 Y86.639 E11.64476
G1 X85.194 Y85.661 E11.7083
G1 X86.143 Y84.742 E11.77184
G1 X87.149 Y83.886 E11.83537
G1 X88.208 Y83.095 E11.89894
G1 X89.315 Y82.375 E11.96245
G1 X90.467 Y81.726 E12.02604
G1 X91.657 Y81.153 E12.08956
G1 X92.882 Y80.657 E12.15312
G1 X94.136 Y80.241 E12.21667
G1 X95.414 Y79.906 E12.28021
G1 X96.71 Y79.653 E12.34372
G1 X98.021 Y79.484 E12.4073
G1 X99.339 Y79.4 E12.47082
G1 X100.661 Y79.4 E12.5344
G1 X101.979 Y79.484 E12.59792
G1 X103.289 Y79.653 E12.66145
G1 X104.586 Y79.906 E12.72501
G1 X105.864 Y80.241 E12.78855
G1 X107.118 Y80.657 E12.8521
G1 X108.343 Y81.153 E12.91566
G1 X109.533 Y81.726 E12.97918
G1 X110.685 Y82.375 E13.04277
G1 X111.792 Y83.095 E13.10628
G1 X112.851 Y83.886 E13.16985
G1 X113.857 Y84.742 E13.23338
G1 X114.806 Y85.661 E13.29692
G1 X115.694 Y86.639 E13.36046
G1 X116.518 Y87.672 E13.42401
G1 X117.274 Y88.756 E13.48757
G1 X117.959 Y89.886 E13.55113
G1 X118.57 Y91.057 E13.61466
G1 X119.105 Y92.265 E13.6782
G1 X119.561 Y93.505 E13.74174
G1 X119.937 Y94.772 E13.80531
G1 X120.231 Y96.06 E13.86885
G1 X120.442 Y97.364 E13.93238
G1 X120.569 Y98.679 E13.99592
G1 X120.611 Y100 E14.05949
G1 X120.569 Y101.321 E14.12306
G1 X120.442 Y102.636 E14.1866
G1 X120.231 Y103.94 E14.25013
G1 X119.937 Y105.228 E14.31367
G1 X119.561 Y106.495 E14.37724
G1 X119.105 Y107.735 E14.44078
G1 X118.57 Y108.943 E14.50432
G1 X117.977 Y110.078 E14.56591
G1 X117.619 Y109.931 F7800
;TYPE:External perimeter
G1 F1800
G1 X116.95 Y111.033 E14.62791
G1 X116.209 Y112.097 E14.69027
G1 X115.4 Y113.11 E14.75262
G1 X114.529 Y114.07 E14.81496
G1 X113.597 Y114.972 E14.87734
G1 X112.61 Y115.813 E14.93971
G1 X111.571 Y116.588 E15.00205
G1 X110.485 Y117.295 E15.06438
G1 X109.355 Y117.932 E15.12677
G1 X108.187 Y118.494 E15.18911
G1 X106.985 Y118.981 E15.25149
G1 X105.755 Y119.389 E15.31382
G1 X104.501 Y119.718 E15.37617
G1 X103.228 Y119.966 E15.43855
G1 X101.942 Y120.132 E15.50092
G1 X100.648 Y120.215 E15.56328
G1 X99.352 Y120.215 E15.62561
G1 X98.058 Y120.132 E15.68797
G1 X96.772 Y119.966 E15.75034
G1 X95.499 Y119.718 E15.81272
G1 X94.245 Y119.389 E15.87507
G1 X93.015 Y118.981 E15.9374
G1 X91.813 Y118.494 E15.99978
G1 X90.645 Y117.932 E16.06212
G1 X89.515 Y117.295 E16.12451
G1 X88.429 Y116.588 E16.18684
G1 X87.39 Y115.813 E16.24918
G1 X86.403 Y114.972 E16.31155
G1 X85.471 Y114.07 E16.37393
G1 X84.6 Y113.111 E16.43624
G1 X83.791 Y112.097 E16.49863
G1 X83.05 Y111.034 E16.56095
G1 X82.377 Y109.925 E16.62334
G1 X81.778 Y108.775 E16.6857
G1 X81.253 Y107.59 E16.74804
G1 X80.805 Y106.373 E16.81041
G1 X80.436 Y105.13 E16.87277
G1 X80.148 Y103.866 E16.93512
G1 X79.941 Y102.586 E16.99748
G1 X79.816 Y101.296 E17.05982
G1 X79.775 Y100 E17.12218
G1 X79.816 Y98.704 E17.18454
G1 X79.941 Y97.414 E17.24688
G1 X80.148 Y96.134 E17.30924
G1 X80.436 Y94.87 E17.37159
G1 X80.805 Y93.627 E17.43395
G1 X81.253 Y92.41 E17.49632
G1 X81.778 Y91.225 E17.55866
G1 X82.377 Y90.075 E17.62102
G1 X83.05 Y88.967 E17.68337
G1 X83.791 Y87.903 E17.74573
G1 X84.6 Y86.89 E17.80808
G1 X85.471 Y85.93 E17.87042
G1 X86.403 Y85.028 E17.9328
G1 X87.39 Y84.187 E17.99517
G1 X88.429 Y83.412 E18.05751
G1 X89.515 Y82.705 E18.11984
G1 X90.645 Y82.068 E18.18223
G1 X91.813 Y81.506 E18.24457
G1 X93.015 Y81.019 E18.30695
G1 X94.245 Y80.611 E18.36928
G1 X95.499 Y80.282 E18.43163
G1 X96.772 Y80.034 E18.49401
G1 X98.058 Y79.868 E18.55638
G1 X99.352 Y79.785 E18.61874
G1 X100.648 Y79.785 E18.68107
G1 X101.942 Y79.868 E18.74343
G1 X103.228 Y80.034 E18.8058
G1 X104.501 Y80.282 E18.86818
G1 X105.755 Y80.611 E18.93053
G1 X106.985 Y81.019 E18.99286
G1 X108.187 Y81.506 E19.05524
G1 X109.355 Y82.068 E19.11758
G1 X110.485 Y82.705 E19.17997
G1 X111.571 Y83.412 E19.2423
G1 X112.61 Y84.187 E19.30464
G1 X113.597 Y85.028 E19.36701
G1 X114.529 Y85.93 E19.42939
G1 X115.4 Y86.89 E19.49173
G1 X116.209 Y87.903 E19.55408
G1 X116.95 Y88.966 E19.6164
G1 X117.623 Y90.075 E19.67879
G1 X118.222 Y91.225 E19.74115
G1 X118.747 Y92.41 E19.80349
G1 X119.195 Y93.627 E19.86586
G1 X119.564 Y94.87 E19.92822
G1 X119.852 Y96.134 E19.99057
G1 X120.059 Y97.414 E20.05293
G1 X120.184 Y98.704 E20.11527
G1 X120.225 Y100 E20.17763
G1 X120.184 Y101.296 E20.23999
G1 X120.059 Y102.586 E20.30233
G1 X119.852 Y103.866 E20.36469
G1 X119.564 Y105.13 E20.42704
G1 X119.195 Y106.373 E20.4894
G1 X118.747 Y107.59 E20.55177
G1 X118.222 Y108.775 E20.61411
G1 X117.647 Y109.878 E20.67394
G1 X117.442 Y110.222 F7800
G1 E18.67394 F2400
G92 E0
G1 X124.004 Y124.004 F7800
G1 E2 F2400
;TYPE:Perimeter
G1 F3600
G1 X75.996 Y124.004 E4.30902
G1 X75.996 Y75.996 E6.61804
G1 X124.004 Y75.996 E8.92706
G1 X124.004 Y123.944 E11.23319
G1 X124.389 Y124.389 F7800
G1 F3600
G1 X75.611 Y124.389 E13.57924
G1 X75.611 Y75.611 E15.92529
G1 X124.389 Y75.611 E18.27134
G1 X124.389 Y124.329 E20.61451
G1 X124.775 Y124.775 F7800
;TYPE:External perimeter
G1 F1800
G1 X75.225 Y124.775 E22.99769
G1 X75.225 Y75.225 E25.38087
G1 X124.775 Y75.225 E27.76405
G1 X124.775 Y124.715 E30.14435
G1 X124.379 Y124.774 F7800
G1 E28.14435 F2400
G92 E0
G1 X123.715 Y121.401 F7800
G1 E2 F2400
;TYPE:Internal infill
;WIDTH:0.45
G1 F4800
G1 X123.715 Y123.715 E2.1113
G1 X115.044 Y115.044 E2.70109
G1 X116.387 Y113.574 E2.79686
G1 X123.715 Y111.611 E3.16174
G1 X123.715 Y107.354 E3.36649
G1 X120.806 Y104.445 E3.56436
G1 X121.105 Y102.759 E3.64672
G1 X121.239 Y101.401 E3.71235
G1 X121.275 Y100.288 E3.76591
G1 X123.715 Y99.634 E3.88741
G1 X123.715 Y100.891 E3.94787
G1 X117.599 Y123.715 E5.08436
G1 X115.285 Y123.715 E5.19566
G1 E3.19566 F2400
G92 E0
G1 X108.714 Y119.417 F7800
G1 E2 F2400
G1 F4800
G1 X106.553 Y120.24 E2.11122
G1 X105.622 Y123.715 E2.28425
G1 X107.354 Y123.715 E2.36755
G1 X104.448 Y120.809 E2.56521
G1 X102.164 Y121.172 E2.67644
G1 E.67644 F2400
G92 E0
G1 X83.983 Y123.715 F7800
G1 E2 F2400
G1 F4800
G1 X81.669 Y123.715 E2.1113
G1 X84.205 Y114.25 E2.58259
G1 X82.92 Y112.701 E2.67939
G1 X81.723 Y110.886 E2.78396
G1 X76.285 Y112.343 E3.05473
G1 X76.285 Y109.006 E3.21523
G1 X90.994 Y123.715 E4.21572
G1 X93.646 Y123.715 E4.34327
G1 X94.493 Y120.551 E4.50081
G1 X92.587 Y119.951 E4.59692
G1 X78.542 Y123.715 E5.29627
G1 X76.285 Y123.715 E5.40482
G1 X76.285 Y123.658 E5.40756
G1 E3.40756 F2400
G92 E0
G1 X76.285 Y78.599 F7800
G1 E2 F2400
G1 F4800
G1 X76.285 Y76.285 E2.1113
G1 X84.955 Y84.955 E2.70102
G1 X83.614 Y86.426 E2.79676
G1 X76.285 Y88.389 E3.16168
G1 X76.285 Y92.646 E3.36643
G1 X79.195 Y95.555 E3.56433
G1 X78.895 Y97.241 E3.64669
G1 X78.761 Y98.599 E3.71232
G1 X78.725 Y99.712 E3.76588
G1 X76.285 Y100.366 E3.88738
G1 X76.285 Y99.109 E3.94784
G1 X82.401 Y76.285 E5.08433
G1 X84.715 Y76.285 E5.19563
G1 E3.19563 F2400
G92 E0
G1 X91.287 Y80.585 F7800
G1 E2 F2400
G1 F4800
G1 X92.614 Y80.038 E2.06903
G1 X93.447 Y79.76 E2.11127
G1 X94.378 Y76.285 E2.2843
G1 X92.646 Y76.285 E2.3676
G1 X95.552 Y79.191 E2.56526
G1 X97.836 Y78.828 E2.67649
G1 E.67649 F2400
G92 E0
G1 X116.017 Y76.285 F7800
G1 E2 F2400
G1 F4800
G1 X118.331 Y76.285 E2.1113
G1 X115.795 Y85.75 E2.58259
G1 X117.08 Y87.299 E2.67939
G1 X118.277 Y89.114 E2.78396
G1 X123.715 Y87.657 E3.05473
G1 X123.715 Y90.994 E3.21523
G1 X109.006 Y76.285 E4.21572
G1 X106.354 Y76.285 E4.34327
G1 X105.507 Y79.449 E4.50081
G1 X107.413 Y80.049 E4.59692
G1 X121.458 Y76.285 E5.29627
G1 X123.715 Y76.285 E5.40482
G1 X123.715 Y76.342 E5.40756
G1 E3.40756 F2400
G92 E0
G92 E0
G1 X100.6 Y81.007 F7800
G1 E2 F2400
;TYPE:Perimeter
;WIDTH:0.45
G1 F3600
G1 X100.609 Y81.007 E2.00043
G1 X101.825 Y81.085 E2.05904
G1 X103.033 Y81.24 E2.11762
G1 X104.229 Y81.473 E2.17622
G1 X105.407 Y81.782 E2.23479
G1 X106.563 Y82.166 E2.29338
G1 X107.692 Y82.623 E2.35196
G1 X108.79 Y83.152 E2.41058
G1 X109.851 Y83.75 E2.46916
G1 X110.872 Y84.414 E2.52774
G1 X111.848 Y85.143 E2.58633
G1 X112.776 Y85.932 E2.64492
G1 X113.651 Y86.78 E2.70353
G1 X114.47 Y87.682 E2.76213
G1 X115.229 Y88.634 E2.82069
G1 X115.926 Y89.633 E2.87928
G1 X116.558 Y90.675 E2.93789
G1 X117.121 Y91.755 E2.99647
G1 X117.614 Y92.869 E3.05506
G1 X118.035 Y94.012 E3.11364
G1 X118.382 Y95.18 E3.17224
G1 X118.653 Y96.367 E3.2308
G1 X118.847 Y97.57 E3.28941
G1 X118.964 Y98.782 E3.34797
G1 X119.003 Y100 E3.40658
G1 X118.964 Y101.218 E3.46519
G1 X118.847 Y102.43 E3.52375
G1 X118.653 Y103.633 E3.58236
G1 X118.382 Y104.82 E3.64092
G1 X118.035 Y105.988 E3.69952
G1 X117.614 Y107.131 E3.7581
G1 X117.121 Y108.245 E3.81669
G1 X116.558 Y109.325 E3.87527
G1 X115.926 Y110.367 E3.93388
G1 X115.229 Y111.366 E3.99247
G1 X114.47 Y112.318 E4.05103
G1 X113.651 Y113.22 E4.10963
G1 X112.776 Y114.068 E4.16824
G1 X111.848 Y114.857 E4.22683
G1 X110.872 Y115.586 E4.28542
G1 X109.851 Y116.25 E4.344
G1 X108.79 Y116.848 E4.40258
G1 X107.692 Y117.377 E4.4612
G1 X106.563 Y117.834 E4.51978
G1 X105.407 Y118.218 E4.57837
G1 X104.229 Y118.527 E4.63694
G1 X103.033 Y118.76 E4.69554
G1 X101.825 Y118.915 E4.75412
G1 X100.609 Y118.993 E4.81273
G1 X99.391 Y118.993 E4.87131
G1 X98.175 Y118.915 E4.92992
G1 X96.967 Y118.76 E4.9885
G1 X95.771 Y118.527 E5.0471
G1 X94.593 Y118.218 E5.10567
G1 X93.437 Y117.834 E5.16426
G1 X92.308 Y117.377 E5.22284
G1 X91.21 Y116.848 E5.28146
G1 X90.149 Y116.25 E5.34004
G1 X89.128 Y115.586 E5.39862
G1 X88.152 Y114.857 E5.45721
G1 X87.224 Y114.068 E5.5158
G1 X86.349 Y113.22 E5.57441
G1 X85.53 Y112.318 E5.63301
G1 X84.771 Y111.366 E5.69157
G1 X84.074 Y110.367 E5.75016
G1 X83.442 Y109.325 E5.80877
G1 X82.879 Y108.245 E5.86735
G1 X82.386 Y107.131 E5.92594
G1 X81.965 Y105.988 E5.98452
G1 X81.618 Y104.82 E6.04312
G1 X81.347 Y103.633 E6.10168
G1 X81.153 Y102.43 E6.16029
G1 X81.036 Y101.218 E6.21885
G1 X80.997 Y100 E6.27746
G1 X81.036 Y98.782 E6.33607
G1 X81.153 Y97.57 E6.39463
G1 X81.347 Y96.367 E6.45324
G1 X81.618 Y95.18 E6.5118
G1 X81.965 Y94.012 E6.5704
G1 X82.386 Y92.869 E6.62898
G1 X82.879 Y91.755 E6.68757
G1 X83.442 Y90.675 E6.74615
G1 X84.074 Y89.633 E6.80476
G1 X84.771 Y88.634 E6.86335
G1 X85.53 Y87.682 E6.92191
G1 X86.349 Y86.78 E6.98051
G1 X87.224 Y85.932 E7.03912
G1 X88.152 Y85.143 E7.09771
G1 X89.128 Y84.414 E7.1563
G1 X90.149 Y83.75 E7.21488
G1 X91.21 Y83.152 E7.27346
G1 X92.308 Y82.623 E7.33208
G1 X93.437 Y82.166 E7.39066
G1 X94.593 Y81.782 E7.44925
G1 X95.771 Y81.473 E7.50782
G1 X96.967 Y81.24 E7.56642
G1 X98.175 Y81.085 E7.625
G1 X99.391 Y81.007 E7.68361
G1 X100.54 Y81.007 E7.73887
G1 X100.624 Y80.621 F7800
G1 F3600
G1 X101.862 Y80.701 E7.79854
G1 X103.094 Y80.859 E7.85828
G1 X104.314 Y81.097 E7.91806
G1 X105.517 Y81.412 E7.97787
G1 X106.696 Y81.804 E8.03763
G1 X107.848 Y82.27 E8.0974
G1 X108.968 Y82.81 E8.1572
G1 X110.051 Y83.42 E8.21698
G1 X111.093 Y84.098 E8.27677
G1 X112.089 Y84.841 E8.33653
G1 X113.035 Y85.647 E8.3963
G1 X113.928 Y86.511 E8.45606
G1 X114.764 Y87.431 E8.51585
G1 X115.539 Y88.403 E8.57564
G1 X116.25 Y89.423 E8.63544
G1 X116.894 Y90.485 E8.69518
G1 X117.469 Y91.587 E8.75496
G1 X117.972 Y92.724 E8.81476
G1 X118.401 Y93.89 E8.87452
G1 X118.755 Y95.082 E8.93433
G1 X119.032 Y96.294 E8.99413
G1 X119.23 Y97.521 E9.05391
G1 X119.349 Y98.758 E9.11368
G1 X119.389 Y100 E9.17345
G1 X119.349 Y101.242 E9.23322
G1 X119.23 Y102.479 E9.29299
G1 X119.032 Y103.706 E9.35277
G1 X118.755 Y104.918 E9.41257
G1 X118.401 Y106.11 E9.47238
G1 X117.972 Y107.276 E9.53214
G1 X117.469 Y108.413 E9.59194
G1 X116.894 Y109.515 E9.65172
G1 X116.25 Y110.577 E9.71146
G1 X115.539 Y111.597 E9.77126
G1 X114.764 Y112.569 E9.83105
G1 X113.928 Y113.489 E9.89084
G1 X113.035 Y114.353 E9.9506
G1 X112.089 Y115.159 E10.01037
G1 X111.093 Y115.902 E10.07013
G1 X110.051 Y116.58 E10.12992
G1 X108.968 Y117.19 E10.1897
G1 X107.848 Y117.73 E10.2495
G1 X106.696 Y118.196 E10.30927
G1 X105.517 Y118.588 E10.36903
G1 X104.314 Y118.903 E10.42884
G1 X103.094 Y119.141 E10.48862
G1 X101.862 Y119.299 E10.54836
G1 X100.621 Y119.379 E10.60817
G1 X99.379 Y119.379 E10.66791
G1 X98.138 Y119.299 E10.72772
G1 X96.906 Y119.141 E10.78746
G1 X95.686 Y118.903 E10.84724
G1 X94.483 Y118.588 E10.90705
G1 X93.304 Y118.196 E10.96681
G1 X92.152 Y117.73 E11.02658
G1 X91.032 Y117.19 E11.08638
G1 X89.949 Y116.58 E11.14616
G1 X88.907 Y115.902 E11.20595
G1 X87.911 Y115.159 E11.26571
G1 X86.965 Y114.353 E11.32548
G1 X86.072 Y113.489 E11.38524
G1 X85.236 Y112.569 E11.44503
G1 X84.461 Y111.597 E11.50482
G1 X83.75 Y110.577 E11.56462
G1 X83.106 Y109.515 E11.62436
G1 X82.531 Y108.413 E11.68414
G1 X82.028 Y107.276 E11.74394
G1 X81.599 Y106.11 E11.8037
G1 X81.245 Y104.918 E11.86351
G1 X80.968 Y103.706 E11.92331
G1 X80.77 Y102.479 E11.98309
G1 X80.651 Y101.242 E12.04286
G1 X80.611 Y100 E12.10263
G1 X80.651 Y98.758 E12.1624
G1 X80.77 Y97.521 E12.22217
G1 X80.968 Y96.294 E12.28195
G1 X81.245 Y95.082 E12.34175
G1 X81.599 Y93.89 E12.40156
G1 X82.028 Y92.724 E12.46132
G1 X82.531 Y91.587 E12.52112
G1 X83.106 Y90.485 E12.5809
G1 X83.75 Y89.423 E12.64064
G1 X84.461 Y88.403 E12.70044
G1 X85.236 Y87.431 E12.76023
G1 X86.072 Y86.511 E12.82002
G1 X86.965 Y85.647 E12.87978
G1 X87.911 Y84.841 E12.93955
G1 X88.907 Y84.098 E12.99931
G1 X89.949 Y83.42 E13.0591
G1 X91.032 Y82.81 E13.11888
G1 X92.152 Y82.27 E13.17868
G1 X93.304 Y81.804 E13.23845
G1 X94.483 Y81.412 E13.29821
G1 X95.686 Y81.097 E13.35802
G1 X96.906 Y80.859 E13.4178
G1 X98.138 Y80.701 E13.47754
G1 X99.379 Y80.621 E13.53735
G1 X100.564 Y80.621 E13.59434
G1 X100.649 Y80.236 F7800
;TYPE:External perimeter
G1 F1800
G1 X101.899 Y80.316 E13.65458
G1 X103.156 Y80.479 E13.71554
G1 X104.4 Y80.721 E13.77649
G1 X105.626 Y81.042 E13.83744
G1 X106.83 Y81.442 E13.89846
G1 X108.005 Y81.918 E13.95943
G1 X109.147 Y82.468 E14.02039
G1 X110.251 Y83.09 E14.08134
G1 X111.314 Y83.781 E14.14232
G1 X112.329 Y84.539 E14.20325
G1 X113.295 Y85.361 E14.26426
G1 X114.205 Y86.243 E14.32521
G1 X115.058 Y87.181 E14.38619
G1 X115.848 Y88.172 E14.44715
G1 X116.573 Y89.212 E14.50813
G1 X117.23 Y90.296 E14.5691
G1 X117.817 Y91.42 E14.63009
G1 X118.33 Y92.579 E14.69105
G1 X118.767 Y93.769 E14.75202
G1 X119.128 Y94.984 E14.81298
G1 X119.41 Y96.22 E14.87395
G1 X119.613 Y97.471 E14.93491
G1 X119.734 Y98.733 E14.99589
G1 X119.775 Y100 E15.05686
G1 X119.734 Y101.267 E15.11783
G1 X119.613 Y102.529 E15.17881
G1 X119.41 Y103.78 E15.23977
G1 X119.128 Y105.016 E15.30074
G1 X118.767 Y106.231 E15.3617
G1 X118.33 Y107.421 E15.42267
G1 X117.817 Y108.58 E15.48363
G1 X117.23 Y109.704 E15.54462
G1 X116.573 Y110.788 E15.60559
G1 X115.848 Y111.828 E15.66657
G1 X115.058 Y112.819 E15.72753
G1 X114.205 Y113.757 E15.78851
G1 X113.295 Y114.639 E15.84946
G1 X112.329 Y115.461 E15.91047
G1 X111.314 Y116.219 E15.9714
G1 X110.251 Y116.91 E16.03238
G1 X109.147 Y117.532 E16.09333
G1 X108.005 Y118.082 E16.15429
G1 X106.83 Y118.558 E16.21526
G1 X105.626 Y118.958 E16.27628
G1 X104.4 Y119.279 E16.33723
G1 X103.156 Y119.521 E16.39818
G1 X101.899 Y119.684 E16.45914
G1 X100.634 Y119.765 E16.52011
G1 X99.366 Y119.765 E16.5811
G1 X98.101 Y119.684 E16.64207
G1 X96.844 Y119.521 E16.70303
G1 X95.6 Y119.279 E16.76398
G1 X94.374 Y118.958 E16.82493
G1 X93.17 Y118.558 E16.88595
G1 X91.995 Y118.082 E16.94692
G1 X90.853 Y117.532 E17.00788
G1 X89.749 Y116.91 E17.06883
G1 X88.686 Y116.219 E17.12981
G1 X87.671 Y115.461 E17.19074
G1 X86.705 Y114.639 E17.25175
G1 X85.795 Y113.757 E17.3127
G1 X84.942 Y112.819 E17.37368
G1 X84.152 Y111.828 E17.43464
G1 X83.427 Y110.788 E17.49562
G1 X82.77 Y109.704 E17.55659
G1 X82.183 Y108.58 E17.61758
G1 X81.67 Y107.421 E17.67854
G1 X81.233 Y106.231 E17.73951
G1 X80.872 Y105.016 E17.80047
G1 X80.59 Y103.78 E17.86144
G1 X80.387 Y102.529 E17.9224
G1 X80.266 Y101.267 E17.98338
G1 X80.225 Y100 E18.04435
G1 X80.266 Y98.733 E18.10532
G1 X80.387 Y97.471 E18.1663
G1 X80.59 Y96.22 E18.22726
G1 X80.872 Y94.984 E18.28823
G1 X81.233 Y93.769 E18.34919
G1 X81.67 Y92.579 E18.41016
G1 X82.183 Y91.42 E18.47112
G1 X82.77 Y90.296 E18.53211
G1 X83.427 Y89.212 E18.59308
G1 X84.152 Y88.172 E18.65406
G1 X84.942 Y87.181 E18.71502
G1 X85.795 Y86.243 E18.776
G1 X86.705 Y85.361 E18.83695
G1 X87.671 Y84.539 E18.89796
G1 X88.686 Y83.781 E18.95889
G1 X89.749 Y83.09 E19.01987
G1 X90.853 Y82.468 E19.08082
G1 X91.995 Y81.918 E19.14178
G1 X93.17 Y81.442 E19.20275
G1 X94.374 Y81.042 E19.26377
G1 X95.6 Y80.721 E19.32472
G1 X96.844 Y80.479 E19.38567
G1 X98.101 Y80.316 E19.44663
G1 X99.366 Y80.235 E19.5076
G1 X100.589 Y80.235 E19.56642
G1 X100.988 Y80.258 F7800
G1 E17.56642 F2400
G92 E0
G1 X95.512 Y81.84 F7800
G1 E2 F2400
;TYPE:Internal infill
;WIDTH:0.45
G1 F4800
G1 X97.013 Y81.526 E2.07376
G1 X97.787 Y81.426 E2.1113
G1 X118.577 Y102.217 E3.52545
G1 X118.682 Y100.982 E3.58506
G1 X84.307 Y110.193 E5.29671
G1 X85.019 Y111.213 E5.35654
G1 X92.631 Y82.804 E6.77111
G1 X91.344 Y83.408 E6.83949
G1 X90.567 Y83.846 E6.88239
G1 E4.88239 F2400
G92 E0
G1 X87.007 Y86.545 F7800
G1 E2 F2400
G1 F4800
G1 X88.766 Y85.045 E2.11119
G1 X102.253 Y81.431 E2.78275
G1 X102.987 Y81.526 E2.81835
G1 X104.841 Y81.933 E2.90964
G1 X95.159 Y118.067 E4.70887
G1 X97.013 Y118.474 E4.80016
G1 X97.747 Y118.569 E4.83576
G1 X111.234 Y114.955 E5.50732
G1 X112.581 Y113.853 E5.59102
G1 X113.228 Y113.228 E5.63429
G1 X86.772 Y86.772 E7.4338
G1 X85.75 Y87.869 E7.50591
G1 X85.243 Y88.506 E7.54507
G1 E5.54507 F2400
G92 E0
G1 X104.488 Y118.16 F7800
G1 E2 F2400
G1 F4800
G1 X102.987 Y118.474 E2.07376
G1 X102.213 Y118.574 E2.1113
G1 X81.423 Y97.783 E3.52545
G1 X81.318 Y99.018 E3.58506
G1 X115.693 Y89.807 E5.29671
G1 X114.981 Y88.787 E5.35654
G1 X107.369 Y117.196 E6.77111
G1 X108.656 Y116.592 E6.83949
G1 X109.433 Y116.154 E6.88239
;LAYER_CHANGE
;Z:3.95
;HEIGHT:0.3
G1 E4.88239 F2400
G92 E0
G1 Z3.95 F7800
G92 E0
G1 X118.278 Y110.331
G1 E2 F2400
;TYPE:Perimeter
;WIDTH:0.45
G1 F3600
G1 X117.597 Y111.454 E2.06317
G1 X116.827 Y112.558 E2.12791
G1 X115.988 Y113.611 E2.19267
G1 X115.083 Y114.607 E2.2574
G1 X114.116 Y115.543 E2.32213
G1 X113.091 Y116.416 E2.38689
G1 X112.013 Y117.221 E2.4516
G1 X110.885 Y117.955 E2.51633
G1 X109.712 Y118.616 E2.58109
G1 X108.499 Y119.2 E2.64584
G1 X107.252 Y119.705 E2.71055
G1 X105.974 Y120.129 E2.77531
G1 X104.672 Y120.47 E2.84004
G1 X103.351 Y120.728 E2.90478
G1 X102.016 Y120.9 E2.96952
G1 X100.673 Y120.986 E3.03425
G1 X99.327 Y120.986 E3.09899
G1 X97.984 Y120.9 E3.16372
G1 X96.649 Y120.728 E3.22846
G1 X95.328 Y120.47 E3.2932
G1 X94.026 Y120.129 E3.35793
G1 X92.748 Y119.705 E3.42269
G1 X91.501 Y119.2 E3.4874
G1 X90.288 Y118.616 E3.55215
G1 X89.115 Y117.955 E3.61691
G1 X87.987 Y117.221 E3.68164
G1 X86.909 Y116.416 E3.74635
G1 X85.884 Y115.543 E3.81111
G1 X84.917 Y114.607 E3.87584
G1 X84.012 Y113.611 E3.94057
G1 X83.173 Y112.558 E4.00533
G1 X82.403 Y111.454 E4.07007
G1 X81.705 Y110.303 E4.13481
G1 X81.083 Y109.11 E4.19952
G1 X80.538 Y107.879 E4.26427
G1 X80.073 Y106.616 E4.329
G1 X79.69 Y105.326 E4.39372
G1 X79.39 Y104.014 E4.45845
G1 X79.176 Y102.685 E4.52319
G1 X79.046 Y101.345 E4.58794
G1 X79.003 Y100 E4.65266
G1 X79.046 Y98.655 E4.71738
G1 X79.176 Y97.315 E4.78213
G1 X79.39 Y95.986 E4.84687
G1 X79.69 Y94.674 E4.9116
G1 X80.073 Y93.384 E4.97632
G1 X80.538 Y92.121 E5.04105
G1 X81.083 Y90.89 E5.1058
G1 X81.705 Y89.697 E5.17051
G1 X82.403 Y88.546 E5.23525
G1 X83.173 Y87.442 E5.29999
G1 X84.012 Y86.389 E5.36475
G1 X84.917 Y85.393 E5.42948
G1 X85.884 Y84.457 E5.49421
G1 X86.909 Y83.584 E5.55897
G1 X87.987 Y82.779 E5.62368
G1 X89.115 Y82.045 E5.68841
G1 X90.288 Y81.384 E5.75317
G1 X91.501 Y80.8 E5.81792
G1 X92.748 Y80.295 E5.88263
G1 X94.026 Y79.871 E5.94739
G1 X95.328 Y79.53 E6.01212
G1 X96.649 Y79.272 E6.07686
G1 X97.984 Y79.1 E6.1416
G1 X99.327 Y79.014 E6.20633
G1 X100.673 Y79.014 E6.27107
G1 X102.016 Y79.1 E6.3358
G1 X103.351 Y79.272 E6.40054
G1 X104.672 Y79.53 E6.46528
G1 X105.974 Y79.871 E6.53001
G1 X107.252 Y80.295 E6.59477
G1 X108.499 Y80.8 E6.65948
G1 X109.712 Y81.384 E6.72423
G1 X110.885 Y82.045 E6.78899
G1 X112.013 Y82.779 E6.85372
G1 X113.091 Y83.584 E6.91843
G1 X114.116 Y84.457 E6.98319
G1 X115.083 Y85.393 E7.04792
G1 X115.988 Y86.389 E7.11265
G1 X116.827 Y87.442 E7.17741
G1 X117.597 Y88.546 E7.24215
G1 X118.295 Y89.697 E7.30689
G1 X118.917 Y90.89 E7.3716
G1 X119.462 Y92.121 E7.43635
G1 X119.927 Y93.384 E7.50108
G1 X120.31 Y94.674 E7.5658
G1 X120.61 Y95.986 E7.63053
G1 X120.824 Y97.315 E7.69527
G1 X120.954 Y98.655 E7.76002
G1 X120.997 Y100 E7.82474
G1 X120.954 Y101.345 E7.88946
G1 X120.824 Y102.685 E7.95421
G1 X120.61 Y104.014 E8.01895
G1 X120.31 Y105.326 E8.08368
G1 X119.927 Y106.616 E8.1484
G1 X119.462 Y107.879 E8.21313
G1 X118.917 Y109.11 E8.27788
G1 X118.308 Y110.279 E8.34128
G1 X117.949 Y110.131 F7800
G1 F3600
G1 X117.274 Y111.244 E8.40389
G1 X116.518 Y112.328 E8.46745
G1 X115.694 Y113.361 E8.531
G1 X114.806 Y114.339 E8.59454
G1 X113.857 Y115.258 E8.65808
G1 X112.851 Y116.114 E8.72161
G1 X111.792 Y116.905 E8.78518
G1 X110.685 Y117.625 E8.84869
G1 X109.533 Y118.274 E8.91228
G1 X108.343 Y118.847 E8.9758
G1 X107.118 Y119.343 E9.03936
G1 X105.864 Y119.759 E9.10291
G1 X104.586 Y120.094 E9.16645
G1 X103.29 Y120.347 E9.22996
G1 X101.979 Y120.516 E9.29354
G1 X100.661 Y120.6 E9.35706
G1 X99.339 Y120.6 E9.42064
G1 X98.021 Y120.516 E9.48416
G1 X96.711 Y120.347 E9.54769
G1 X95.414 Y120.094 E9.61125
G1 X94.136 Y119.759 E9.67479
G1 X92.882 Y119.343 E9.73834
G1 X91.657 Y118.847 E9.8019
G1 X90.467 Y118.274 E9.86542
G1 X89.315 Y117.625 E9.92901
G1 X88.208 Y116.905 E9.99252
G1 X87.149 Y116.114 E10.05609
G1 X86.143 Y115.258 E10.11962
G1 X85.194 Y114.339 E10.18316
G1 X84.306 Y113.361 E10.2467
G1 X83.482 Y112.328 E10.31025
G1 X82.726 Y111.244 E10.37381
G1 X82.041 Y110.114 E10.43737
G1 X81.43 Y108.943 E10.5009
G1 X80.895 Y107.735 E10.56444
G1 X80.439 Y106.495 E10.62798
G1 X80.063 Y105.228 E10.69155
G1 X79.769 Y103.94 E10.75509
G1 X79.558 Y102.636 E10.81862
G1 X79.431 Y101.321 E10.88216
G1 X79.389 Y100 E10.94573
G1 X79.431 Y98.679 E11.0093
G1 X79.558 Y97.364 E11.07284
G1 X79.769 Y96.06 E11.13637
G1 X80.063 Y94.772 E11.19991
G1 X80.439 Y93.505 E11.26348
G1 X80.895 Y92.265 E11.32702
G1 X81.43 Y91.057 E11.39056
G1 X82.041 Y89.886 E11.45409
G1 X82.726 Y88.756 E11.51765
G1 X83.482 Y87.672 E11.58121
G1 X84.306 Y86.639 E11.64476
G1 X85.194 Y85.661 E11.7083
G1 X86.143 Y84.742 E11.77184
G1 X87.149 Y83.886 E11.83537
G1 X88.208 Y83.095 E11.89894
G1 X89.315 Y82.375 E11.96245
G1 X90.467 Y81.726 E12.02604
G1 X91.657 Y81.153 E12.08956
G1 X92.882 Y80.657 E12.15312
G1 X94.136 Y80.241 E12.21667
G1 X95.414 Y79.906 E12.28021
G1 X96.71 Y79.653 E12.34372
G1 X98.021 Y79.484 E12.4073
G1 X99.339 Y79.4 E12.47082
G1 X100.661 Y79.4 E12.5344
G1 X101.979 Y79.484 E12.59792
G1 X103.289 Y79.653 E12.66145
G1 X104.586 Y79.906 E12.72501
G1 X105.864 Y80.241 E12.78855
G1 X107.118 Y80.657 E12.8521
G1 X108.343 Y81.153 E12.91566
G1 X109.533 Y81.726 E12.97918
G1 X110.685 Y82.375 E13.04277
G1 X111.792 Y83.095 E13.10628
G1 X112.851 Y83.886 E13.16985
G1 X113.857 Y84.742 E13.23338
G1 X114.806 Y85.661 E13.29692
G1 X115.694 Y86.639 E13.36046
G1 X116.518 Y87.672 E13.42401
G1 X117.274 Y88.756 E13.48757
G1 X117.959 Y89.886 E13.55113
G1 X118.57 Y91.057 E13.61466
G1 X119.105 Y92.265 E13.6782
G1 X119.561 Y93.505 E13.74174
G1 X119.937 Y94.772 E13.80531
G1 X120.231 Y96.06 E13.86885
G1 X120.442 Y97.364 E13.93238
G1 X120.569 Y98.679 E13.99592
G1 X120.611 Y100 E14.05949
G1 X120.569 Y101.321 E14.12306
G1 X120.442 Y102.636 E14.1866
G1 X120.231 Y103.94 E14.25013
G1 X119.937 Y105.228 E14.31367
G1 X119.561 Y106.495 E14.37724
G1 X119.105 Y107.735 E14.44078
G1 X118.57 Y108.943 E14.50432
G1 X117.977 Y110.078 E14.56591
G1 X117.619 Y109.931 F7800
;TYPE:External perimeter
G1 F1800
G1 X116.95 Y111.033 E14.62791
G1 X116.209 Y112.097 E14.69027
G1 X115.4 Y113.11 E14.75262
G1 X114.529 Y114.07 E14.81496
G1 X113.597 Y114.972 E14.87734
G1 X112.61 Y115.813 E14.93971
G1 X111.571 Y116.588 E15.00205
G1 X110.485 Y117.295 E15.06438
G1 X109.355 Y117.932 E15.12677
G1 X108.187 Y118.494 E15.18911
G1 X106.985 Y118.981 E15.25149
G1 X105.755 Y119.389 E15.31382
G1 X104.501 Y119.718 E15.37617
G1 X103.228 Y119.966 E15.43855
G1 X101.942 Y120.132 E15.50092
G1 X100.648 Y120.215 E15.56328
G1 X99.352 Y120.215 E15.62561
G1 X98.058 Y120.132 E15.68797
G1 X96.772 Y119.966 E15.75034
G1 X95.499 Y119.718 E15.81272
G1 X94.245 Y119.389 E15.87507
G1 X93.015 Y118.981 E15.9374
G1 X91.813 Y118.494 E15.99978
G1 X90.645 Y117.932 E16.06212
G1 X89.515 Y117.295 E16.12451
G1 X88.429 Y116.588 E16.18684
G1 X87.39 Y115.813 E16.24918
G1 X86.403 Y114.972 E16.31155
G1 X85.471 Y114.07 E16.37393
G1 X84.6 Y113.111 E16.43624
G1 X83.791 Y112.097 E16.49863
G1 X83.05 Y111.034 E16.56095
G1 X82.377 Y109.925 E16.62334
G1 X81.778 Y108.775 E16.6857
G1 X81.253 Y107.59 E16.74804
G1 X80.805 Y106.373 E16.81041
G1 X80.436 Y105.13 E16.87277
G1 X80.148 Y103.866 E16.93512
G1 X79.941 Y102.586 E16.99748
G1 X79.816 Y101.296 E17.05982
G1 X79.775 Y100 E17.12218
G1 X79.816 Y98.704 E17.18454
G1 X79.941 Y97.414 E17.24688
G1 X80.148 Y96.134 E17.30924
G1 X80.436 Y94.87 E17.37159
G1 X80.805 Y93.627 E17.43395
G1 X81.253 Y92.41 E17.49632
G1 X81.778 Y91.225 E17.55866
G1 X82.377 Y90.075 E17.62102
G1 X83.05 Y88.967 E17.68337
G1 X83.791 Y87.903 E17.74573
G1 X84.6 Y86.89 E17.80808
G1 X85.471 Y85.93 E17.87042
G1 X86.403 Y85.028 E17.9328
G1 X87.39 Y84.187 E17.99517
G1 X88.429 Y83.412 E18.05751
G1 X89.515 Y82.705 E18.11984
G1 X90.645 Y82.068 E18.18223
G1 X91.813 Y81.506 E18.24457
G1 X93.015 Y81.019 E18.30695
G1 X94.245 Y80.611 E18.36928
G1 X95.499 Y80.282 E18.43163
G1 X96.772 Y80.034 E18.49401
G1 X98.058 Y79.868 E18.55638
G1 X99.352 Y79.785 E18.61874
G1 X100.648 Y79.785 E18.68107
G1 X101.942 Y79.868 E18.74343
G1 X103.228 Y80.034 E18.8058
G1 X104.501 Y80.282 E18.86818
G1 X105.755 Y80.611 E18.93053
G1 X106.985 Y81.019 E18.99286
G1 X108.187 Y81.506 E19.05524
G1 X109.355 Y82.068 E19.11758
G1 X110.485 Y82.705 E19.17997
G1 X111.571 Y83.412 E19.2423
G1 X112.61 Y84.187 E19.30464
G1 X113.597 Y85.028 E19.36701
G1 X114.529 Y85.93 E19.42939
G1 X115.4 Y86.89 E19.49173
G1 X116.209 Y87.903 E19.55408
G1 X116.95 Y88.966 E19.6164
G1 X117.623 Y90.075 E19.67879
G1 X118.222 Y91.225 E19.74115
G1 X118.747 Y92.41 E19.80349
G1 X119.195 Y93.627 E19.86586
G1 X119.564 Y94.87 E19.92822
G1 X119.852 Y96.134 E19.99057
G1 X120.059 Y97.414 E20.05293
G1 X120.184 Y98.704 E20.11527
G1 X120.225 Y100 E20.17763
G1 X120.184 Y101.296 E20.23999
G1 X120.059 Y102.586 E20.30233
G1 X119.852 Y103.866 E20.36469
G1 X119.564 Y105.13 E20.42704
G1 X119.195 Y106.373 E20.4894
G1 X118.747 Y107.59 E20.55177
G1 X118.222 Y108.775 E20.61411
G1 X117.647 Y109.878 E20.67394
G1 X117.442 Y110.222 F7800
G1 E18.67394 F2400
G92 E0
G1 X124.004 Y124.004 F7800
G1 E2 F2400
;TYPE:Perimeter
G1 F3600
G1 X75.996 Y124.004 E4.30902
G1 X75.996 Y75.996 E6.61804
G1 X124.004 Y75.996 E8.92706
G1 X124.004 Y123.944 E11.23319
G1 X124.389 Y124.389 F7800
G1 F3600
G1 X75.611 Y124.389 E13.57924
G1 X75.611 Y75.611 E15.92529
G1 X124.389 Y75.611 E18.27134
G1 X124.389 Y124.329 E20.61451
G1 X124.775 Y124.775 F7800
;TYPE:External perimeter
G1 F1800
G1 X75.225 Y124.775 E22.99769
G1 X75.225 Y75.225 E25.38087
G1 X124.775 Y75.225 E27.76405
G1 X124.775 Y124.715 E30.14435
G1 X124.379 Y124.774 F7800
G1 E28.14435 F2400
G92 E0
G1 X123.715 Y121.401 F7800
G1 E2 F2400
;TYPE:Internal infill
;WIDTH:0.45
G1 F4800
G1 X123.715 Y123.715 E2.1113
G1 X115.044 Y115.044 E2.70109
G1 X116.387 Y113.574 E2.79686
G1 X123.715 Y111.611 E3.16174
G1 X123.715 Y107.354 E3.36649
G1 X120.806 Y104.445 E3.56436
G1 X121.105 Y102.759 E3.64672
G1 X121.239 Y101.401 E3.71235
G1 X121.275 Y100.288 E3.76591
G1 X123.715 Y99.634 E3.88741
G1 X123.715 Y100.891 E3.94787
G1 X117.599 Y123.715 E5.08436
G1 X115.285 Y123.715 E5.19566
G1 E3.19566 F2400
G92 E0
G1 X108.714 Y119.417 F7800
G1 E2 F2400
G1 F4800
G1 X106.553 Y120.24 E2.11122
G1 X105.622 Y123.715 E2.28425
G1 X107.354 Y123.715 E2.36755
G1 X104.448 Y120.809 E2.56521
G1 X102.164 Y121.172 E2.67644
G1 E.67644 F2400
G92 E0
G1 X83.983 Y123.715 F7800
G1 E2 F2400
G1 F4800
G1 X81.669 Y123.715 E2.1113
G1 X84.205 Y114.25 E2.58259
G1 X82.92 Y112.701 E2.67939
G1 X81.723 Y110.886 E2.78396
G1 X76.285 Y112.343 E3.05473
G1 X76.285 Y109.006 E3.21523
G1 X90.994 Y123.715 E4.21572
G1 X93.646 Y123.715 E4.34327
G1 X94.493 Y120.551 E4.50081
G1 X92.587 Y119.951 E4.59692
G1 X78.542 Y123.715 E5.29627
G1 X76.285 Y123.715 E5.40482
G1 X76.285 Y123.658 E5.40756
G1 E3.40756 F2400
G92 E0
G1 X76.285 Y78.599 F7800
G1 E2 F2400
G1 F4800
G1 X76.285 Y76.285 E2.1113
G1 X84.955 Y84.955 E2.70102
G1 X83.614 Y86.426 E2.79676
G1 X76.285 Y88.389 E3.16168
G1 X76.285 Y92.646 E3.36643
G1 X79.194 Y95.554 E3.56426
G1 X78.885 Y97.315 E3.65025
G1 X78.761 Y98.599 E3.71229
G1 X78.725 Y99.712 E3.76585
G1 X76.285 Y100.366 E3.88735
G1 X76.285 Y99.109 E3.94781
G1 X82.401 Y76.285 E5.0843
G1 X84.715 Y76.285 E5.1956
G1 E3.1956 F2400
G92 E0
G1 X91.287 Y80.585 F7800
G1 E2 F2400
G1 F4800
G1 X92.614 Y80.038 E2.06903
G1 X93.447 Y79.76 E2.11127
G1 X94.378 Y76.285 E2.2843
G1 X92.646 Y76.285 E2.3676
G1 X95.552 Y79.191 E2.56526
G1 X97.836 Y78.828 E2.67649
G1 E.67649 F2400
G92 E0
G1 X116.017 Y76.285 F7800
G1 E2 F2400
G1 F4800
G1 X118.331 Y76.285 E2.1113
G1 X115.795 Y85.75 E2.58259
G1 X117.08 Y87.299 E2.67939
G1 X118.277 Y89.114 E2.78396
G1 X123.715 Y87.657 E3.05473
G1 X123.715 Y90.994 E3.21523
G1 X109.006 Y76.285 E4.21572
G1 X106.354 Y76.285 E4.34327
G1 X105.507 Y79.449 E4.50081
G1 X107.413 Y80.049 E4.59692
G1 X121.458 Y76.285 E5.29627
G1 X123.715 Y76.285 E5.40482
G1 X123.715 Y76.342 E5.40756
G1 E3.40756 F2400
G92 E0
G92 E0
G1 X100.6 Y81.007 F7800
G1 E2 F2400
;TYPE:Perimeter
;WIDTH:0.45
G1 F3600
G1 X100.609 Y81.007 E2.00043
G1 X101.825 Y81.085 E2.05904
G1 X103.033 Y81.24 E2.11762
G1 X104.229 Y81.473 E2.17622
G1 X105.407 Y81.782 E2.23479
G1 X106.563 Y82.166 E2.29338
G1 X107.692 Y82.623 E2.35196
G1 X108.79 Y83.152 E2.41058
G1 X109.851 Y83.75 E2.46916
G1 X110.872 Y84.414 E2.52774
G1 X111.848 Y85.143 E2.58633
G1 X112.776 Y85.932 E2.64492
G1 X113.651 Y86.78 E2.70353
G1 X114.47 Y87.682 E2.76213
G1 X115.229 Y88.634 E2.82069
G1 X115.926 Y89.633 E2.87928
G1 X116.558 Y90.675 E2.93789
G1 X117.121 Y91.755 E2.99647
G1 X117.614 Y92.869 E3.05506
G1 X118.035 Y94.012 E3.11364
G1 X118.382 Y95.18 E3.17224
G1 X118.653 Y96.367 E3.2308
G1 X118.847 Y97.57 E3.28941
G1 X118.964 Y98.782 E3.34797
G1 X119.003 Y100 E3.40658
G1 X118.964 Y101.218 E3.46519
G1 X118.847 Y102.43 E3.52375
G1 X118.653 Y103.633 E3.58236
G1 X118.382 Y104.82 E3.64092
G1 X118.035 Y105.988 E3.69952
G1 X117.614 Y107.131 E3.7581
G1 X117.121 Y108.245 E3.81669
G1 X116.558 Y109.325 E3.87527
G1 X115.926 Y110.367 E3.93388
G1 X115.229 Y111.366 E3.99247
G1 X114.47 Y112.318 E4.05103
G1 X113.651 Y113.22 E4.10963
G1 X112.776 Y114.068 E4.16824
G1 X111.848 Y114.857 E4.22683
G1 X110.872 Y115.586 E4.28542
G1 X109.851 Y116.25 E4.344
G1 X108.79 Y116.848 E4.40258
G1 X107.692 Y117.377 E4.4612
G1 X106.563 Y117.834 E4.51978
G1 X105.407 Y118.218 E4.57837
G1 X104.229 Y118.527 E4.63694
G1 X103.033 Y118.76 E4.69554
G1 X101.825 Y118.915 E4.75412
G1 X100.609 Y118.993 E4.81273
G1 X99.391 Y118.993 E4.87131
G1 X98.175 Y118.915 E4.92992
G1 X96.967 Y118.76 E4.9885
G1 X95.771 Y118.527 E5.0471
G1 X94.593 Y118.218 E5.10567
G1 X93.437 Y117.834 E5.16426
G1 X92.308 Y117.377 E5.22284
G1 X91.21 Y116.848 E5.28146
G1 X90.149 Y116.25 E5.34004
G1 X89.128 Y115.586 E5.39862
G1 X88.152 Y114.857 E5.45721
G1 X87.224 Y114.068 E5.5158
G1 X86.349 Y113.22 E5.57441
G1 X85.53 Y112.318 E5.63301
G1 X84.771 Y111.366 E5.69157
G1 X84.074 Y110.367 E5.75016
G1 X83.442 Y109.325 E5.80877
G1 X82.879 Y108.245 E5.86735
G1 X82.386 Y107.131 E5.92594
G1 X81.965 Y105.988 E5.98452
G1 X81.618 Y104.82 E6.04312
G1 X81.347 Y103.633 E6.10168
G1 X81.153 Y102.43 E6.16029
G1 X81.036 Y101.218 E6.21885
G1 X80.997 Y100 E6.27746
G1 X81.036 Y98.782 E6.33607
G1 X81.153 Y97.57 E6.39463
G1 X81.347 Y96.367 E6.45324
G1 X81.618 Y95.18 E6.5118
G1 X81.965 Y94.012 E6.5704
G1 X82.386 Y92.869 E6.62898
G1 X82.879 Y91.755 E6.68757
G1 X83.442 Y90.675 E6.74615
G1 X84.074 Y89.633 E6.80476
G1 X84.771 Y88.634 E6.86335
G1 X85.53 Y87.682 E6.92191
G1 X86.349 Y86.78 E6.98051
G1 X87.224 Y85.932 E7.03912
G1 X88.152 Y85.143 E7.09771
G1 X89.128 Y84.414 E7.1563
G1 X90.149 Y83.75 E7.21488
G1 X91.21 Y83.152 E7.27346
G1 X92.308 Y82.623 E7.33208
G1 X93.437 Y82.166 E7.39066
G1 X94.593 Y81.782 E7.44925
G1 X95.771 Y81.473 E7.50782
G1 X96.967 Y81.24 E7.56642
G1 X98.175 Y81.085 E7.625
G1 X99.391 Y81.007 E7.68361
G1 X100.54 Y81.007 E7.73887
G1 X100.624 Y80.621 F7800
G1 F3600
G1 X101.862 Y80.701 E7.79854
G1 X103.094 Y80.859 E7.85828
G1 X104.314 Y81.097 E7.91806
G1 X105.517 Y81.412 E7.97787
G1 X106.696 Y81.804 E8.03763
G1 X107.848 Y82.27 E8.0974
G1 X108.968 Y82.81 E8.1572
G1 X110.051 Y83.42 E8.21698
G1 X111.093 Y84.098 E8.27677
G1 X112.089 Y84.841 E8.33653
G1 X113.035 Y85.647 E8.3963
G1 X113.928 Y86.511 E8.45606
G1 X114.764 Y87.431 E8.51585
G1 X115.539 Y88.403 E8.57564
G1 X116.25 Y89.423 E8.63544
G1 X116.894 Y90.485 E8.69518
G1 X117.469 Y91.587 E8.75496
G1 X117.972 Y92.724 E8.81476
G1 X118.401 Y93.89 E8.87452
G1 X118.755 Y95.082 E8.93433
G1 X119.032 Y96.294 E8.99413
G1 X119.23 Y97.521 E9.05391
G1 X119.349 Y98.758 E9.11368
G1 X119.389 Y100 E9.17345
G1 X119.349 Y101.242 E9.23322
G1 X119.23 Y102.479 E9.29299
G1 X119.032 Y103.706 E9.35277
G1 X118.755 Y104.918 E9.41257
G1 X118.401 Y106.11 E9.47238
G1 X117.972 Y107.276 E9.53214
G1 X117.469 Y108.413 E9.59194
G1 X116.894 Y109.515 E9.65172
G1 X116.25 Y110.577 E9.71146
G1 X115.539 Y111.597 E9.77126
G1 X114.764 Y112.569 E9.83105
G1 X113.928 Y113.489 E9.89084
G1 X113.035 Y114.353 E9.9506
G1 X112.089 Y115.159 E10.01037
G1 X111.093 Y115.902 E10.07013
G1 X110.051 Y116.58 E10.12992
G1 X108.968 Y117.19 E10.1897
G1 X107.848 Y117.73 E10.2495
G1 X106.696 Y118.196 E10.30927
G1 X105.517 Y118.588 E10.36903
G1 X104.314 Y118.903 E10.42884
G1 X103.094 Y119.141 E10.48862
G1 X101.862 Y119.299 E10.54836
G1 X100.621 Y119.379 E10.60817
G1 X99.379 Y119.379 E10.66791
G1 X98.138 Y119.299 E10.72772
G1 X96.906 Y119.141 E10.78746
G1 X95.686 Y118.903 E10.84724
G1 X94.483 Y118.588 E10.90705
G1 X93.304 Y118.196 E10.96681
G1 X92.152 Y117.73 E11.02658
G1 X91.032 Y117.19 E11.08638
G1 X89.949 Y116.58 E11.14616
G1 X88.907 Y115.902 E11.20595
G1 X87.911 Y115.159 E11.26571
G1 X86.965 Y114.353 E11.32548
G1 X86.072 Y113.489 E11.38524
G1 X85.236 Y112.569 E11.44503
G1 X84.461 Y111.597 E11.50482
G1 X83.75 Y110.577 E11.56462
G1 X83.106 Y109.515 E11.62436
G1 X82.531 Y108.413 E11.68414
G1 X82.028 Y107.276 E11.74394
G1 X81.599 Y106.11 E11.8037
G1 X81.245 Y104.918 E11.86351
G1 X80.968 Y103.706 E11.92331
G1 X80.77 Y102.479 E11.98309
G1 X80.651 Y101.242 E12.04286
G1 X80.611 Y100 E12.10263
G1 X80.651 Y98.758 E12.1624
G1 X80.77 Y97.521 E12.22217
G1 X80.968 Y96.294 E12.28195
G1 X81.245 Y95.082 E12.34175
G1 X81.599 Y93.89 E12.40156
G1 X82.028 Y92.724 E12.46132
G1 X82.531 Y91.587 E12.52112
G1 X83.106 Y90.485 E12.5809
G1 X83.75 Y89.423 E12.64064
G1 X84.461 Y88.403 E12.70044
G1 X85.236 Y87.431 E12.76023
G1 X86.072 Y86.511 E12.82002
G1 X86.965 Y85.647 E12.87978
G1 X87.911 Y84.841 E12.93955
G1 X88.907 Y84.098 E12.99931
G1 X89.949 Y83.42 E13.0591
G1 X91.032 Y82.81 E13.11888
G1 X92.152 Y82.27 E13.17868
G1 X93.304 Y81.804 E13.23845
G1 X94.483 Y81.412 E13.29821
G1 X95.686 Y81.097 E13.35802
G1 X96.906 Y80.859 E13.4178
G1 X98.138 Y80.701 E13.47754
G1 X99.379 Y80.621 E13.53735
G1 X100.564 Y80.621 E13.59434
G1 X100.649 Y80.236 F7800
;TYPE:External perimeter
G1 F1800
G1 X101.899 Y80.316 E13.65458
G1 X103.156 Y80.479 E13.71554
G1 X104.4 Y80.721 E13.77649
G1 X105.626 Y81.042 E13.83744
G1 X106.83 Y81.442 E13.89846
G1 X108.005 Y81.918 E13.95943
G1 X109.147 Y82.468 E14.02039
G1 X110.251 Y83.09 E14.08134
G1 X111.314 Y83.781 E14.14232
G1 X112.329 Y84.539 E14.20325
G1 X113.295 Y85.361 E14.26426
G1 X114.205 Y86.243 E14.32521
G1 X115.058 Y87.181 E14.38619
G1 X115.848 Y88.172 E14.44715
G1 X116.573 Y89.212 E14.50813
G1 X117.23 Y90.296 E14.5691
G1 X117.817 Y91.42 E14.63009
G1 X118.33 Y92.579 E14.69105
G1 X118.767 Y93.769 E14.75202
G1 X119.128 Y94.984 E14.81298
G1 X119.41 Y96.22 E14.87395
G1 X119.613 Y97.471 E14.93491
G1 X119.734 Y98.733 E14.99589
G1 X119.775 Y100 E15.05686
G1 X119.734 Y101.267 E15.11783
G1 X119.613 Y102.529 E15.17881
G1 X119.41 Y103.78 E15.23977
G1 X119.128 Y105.016 E15.30074
G1 X118.767 Y106.231 E15.3617
G1 X118.33 Y107.421 E15.42267
G1 X117.817 Y108.58 E15.48363
G1 X117.23 Y109.704 E15.54462
G1 X116.573 Y110.788 E15.60559
G1 X115.848 Y111.828 E15.66657
G1 X115.058 Y112.819 E15.72753
G1 X114.205 Y113.757 E15.78851
G1 X113.295 Y114.639 E15.84946
G1 X112.329 Y115.461 E15.91047
G1 X111.314 Y116.219 E15.9714
G1 X110.251 Y116.91 E16.03238
G1 X109.147 Y117.532 E16.09333
G1 X108.005 Y118.082 E16.15429
G1 X106.83 Y118.558 E16.21526
G1 X105.626 Y118.958 E16.27628
G1 X104.4 Y119.279 E16.33723
G1 X103.156 Y119.521 E16.39818
G1 X101.899 Y119.684 E16.45914
G1 X100.634 Y119.765 E16.52011
G1 X99.366 Y119.765 E16.5811
G1 X98.101 Y119.684 E16.64207
G1 X96.844 Y119.521 E16.70303
G1 X95.6 Y119.279 E16.76398
G1 X94.374 Y118.958 E16.82493
G1 X93.17 Y118.558 E16.88595
G1 X91.995 Y118.082 E16.94692
G1 X90.853 Y117.532 E17.00788
G1 X89.749 Y116.91 E17.06883
G1 X88.686 Y116.219 E17.12981
G1 X87.671 Y115.461 E17.19074
G1 X86.705 Y114.639 E17.25175
G1 X85.795 Y113.757 E17.3127
G1 X84.942 Y112.819 E17.37368
G1 X84.152 Y111.828 E17.43464
G1 X83.427 Y110.788 E17.49562
G1 X82.77 Y109.704 E17.55659
G1 X82.183 Y108.58 E17.61758
G1 X81.67 Y107.421 E17.67854
G1 X81.233 Y106.231 E17.73951
G1 X80.872 Y105.016 E17.80047
G1 X80.59 Y103.78 E17.86144
G1 X80.387 Y102.529 E17.9224
G1 X80.266 Y101.267 E17.98338
G1 X80.225 Y100 E18.04435
G1 X80.266 Y98.733 E18.10532
G1 X80.387 Y97.471 E18.1663
G1 X80.59 Y96.22 E18.22726
G1 X80.872 Y94.984 E18.28823
G1 X81.233 Y93.769 E18.34919
G1 X81.67 Y92.579 E18.41016
G1 X82.183 Y91.42 E18.47112
G1 X82.77 Y90.296 E18.53211
G1 X83.427 Y89.212 E18.59308
G1 X84.152 Y88.172 E18.65406
G1 X84.942 Y87.181 E18.71502
G1 X85.795 Y86.243 E18.776
G1 X86.705 Y85.361 E18.83695
G1 X87.671 Y84.539 E18.89796
G1 X88.686 Y83.781 E18.95889
G1 X89.749 Y83.09 E19.01987
G1 X90.853 Y82.468 E19.08082
G1 X91.995 Y81.918 E19.14178
G1 X93.17 Y81.442 E19.20275
G1 X94.374 Y81.042 E19.26377
G1 X95.6 Y80.721 E19.32472
G1 X96.844 Y80.479 E19.38567
G1 X98.101 Y80.316 E19.44663
G1 X99.366 Y80.235 E19.5076
G1 X100.589 Y80.235 E19.56642
G1 X100.988 Y80.258 F7800
G1 E17.56642 F2400
G92 E0
G1 X95.512 Y81.84 F7800
G1 E2 F2400
;TYPE:Internal infill
;WIDTH:0.45
G1 F4800
G1 X97.013 Y81.526 E2.07376
G1 X97.787 Y81.426 E2.1113
G1 X118.577 Y102.217 E3.52545
G1 X118.682 Y100.982 E3.58506
G1 X84.307 Y110.193 E5.29671
G1 X85.019 Y111.213 E5.35654
G1 X92.631 Y82.804 E6.77111
G1 X91.344 Y83.408 E6.83949
G1 X90.567 Y83.846 E6.88239
G1 E4.88239 F2400
G92 E0
G1 X87.007 Y86.545 F7800
G1 E2 F2400
G1 F4800
G1 X88.766 Y85.045 E2.11119
G1 X102.253 Y81.431 E2.78275
G1 X102.987 Y81.526 E2.81835
G1 X104.841 Y81.933 E2.90964
G1 X95.159 Y118.067 E4.70887
G1 X97.013 Y118.474 E4.80016
G1 X97.747 Y118.569 E4.83576
G1 X111.234 Y114.955 E5.50732
G1 X112.581 Y113.853 E5.59102
G1 X113.228 Y113.228 E5.63429
G1 X86.772 Y86.772 E7.4338
G1 X85.75 Y87.869 E7.50591
G1 X85.243 Y88.506 E7.54507
G1 E5.54507 F2400
G92 E0
G1 X104.488 Y118.16 F7800
G1 E2 F2400
G1 F4800
G1 X102.987 Y118.474 E2.07376
G1 X102.213 Y118.574 E2.1113
G1 X81.423 Y97.783 E3.52545
G1 X81.318 Y99.018 E3.58506
G1 X115.693 Y89.807 E5.29671
G1 X114.981 Y88.787 E5.35654
G1 X107.369 Y117.196 E6.77111
G1 X108.656 Y116.592 E6.83949
G1 X109.433 Y116.154 E6.88239
;LAYER_CHANGE
;Z:4.25
;HEIGHT:0.3
G1 E4.88239 F2400
G92 E0
G1 Z4.25 F7800
G92 E0
G1 X118.278 Y110.331
G1 E2 F2400
;TYPE:Perimeter
;WIDTH:0.45
G1 F3600
G1 X117.597 Y111.454 E2.06317
G1 X116.827 Y112.558 E2.12791
G1 X115.988 Y113.611 E2.19267
G1 X115.083 Y114.607 E2.2574
G1 X114.116 Y115.543 E2.32213
G1 X113.091 Y116.416 E2.38689
G1 X112.013 Y117.221 E2.4516
G1 X110.885 Y117.955 E2.51633
G1 X109.712 Y118.616 E2.58109
G1 X108.499 Y119.2 E2.64584
G1 X107.252 Y119.705 E2.71055
G1 X105.974 Y120.129 E2.77531
G1 X104.672 Y120.47 E2.84004
G1 X103.351 Y120.728 E2.90478
G1 X102.016 Y120.9 E2.96952
G1 X100.673 Y120.986 E3.03425
G1 X99.327 Y120.986 E3.09899
G1 X97.984 Y120.9 E3.16372
G1 X96.649 Y120.728 E3.22846
G1 X95.328 Y120.47 E3.2932
G1 X94.026 Y120.129 E3.35793
G1 X92.748 Y119.705 E3.42269
G1 X91.501 Y119.2 E3.4874
G1 X90.288 Y118.616 E3.55215
G1 X89.115 Y117.955 E3.61691
G1 X87.987 Y117.221 E3.68164
G1 X86.909 Y116.416 E3.74635
G1 X85.884 Y115.543 E3.81111
G1 X84.917 Y114.607 E3.87584
G1 X84.012 Y113.611 E3.94057
G1 X83.173 Y112.558 E4.00533
G1 X82.403 Y111.454 E4.07007
G1 X81.705 Y110.303 E4.13481
G1 X81.083 Y109.11 E4.19952
G1 X80.538 Y107.879 E4.26427
G1 X80.073 Y106.616 E4.329
G1 X79.69 Y105.326 E4.39372
G1 X79.39 Y104.014 E4.45845
G1 X79.176 Y102.685 E4.52319
G1 X79.046 Y101.345 E4.58794
G1 X79.003 Y100 E4.65266
G1 X79.046 Y98.655 E4.71738
G1 X79.176 Y97.315 E4.78213
G1 X79.39 Y95.986 E4.84687
G1 X79.69 Y94.674 E4.9116
G1 X80.073 Y93.384 E4.97632
G1 X80.538 Y92.121 E5.04105
G1 X81.083 Y90.89 E5.1058
G1 X81.705 Y89.697 E5.17051
G1 X82.403 Y88.546 E5.23525
G1 X83.173 Y87.442 E5.29999
G1 X84.012 Y86.389 E5.36475
G1 X84.917 Y85.393 E5.42948
G1 X85.884 Y84.457 E5.49421
G1 X86.909 Y83.584 E5.55897
G1 X87.987 Y82.779 E5.62368
G1 X89.115 Y82.045 E5.68841
G1 X90.288 Y81.384 E5.75317
G1 X91.501 Y80.8 E5.81792
G1 X92.748 Y80.295 E5.88263
G1 X94.026 Y79.871 E5.94739
G1 X95.328 Y79.53 E6.01212
G1 X96.649 Y79.272 E6.07686
G1 X97.984 Y79.1 E6.1416
G1 X99.327 Y79.014 E6.20633
G1 X100.673 Y79.014 E6.27107
G1 X102.016 Y79.1 E6.3358
G1 X103.351 Y79.272 E6.40054
G1 X104.672 Y79.53 E6.46528
G1 X105.974 Y79.871 E6.53001
G1 X107.252 Y80.295 E6.59477
G1 X108.499 Y80.8 E6.65948
G1 X109.712 Y81.384 E6.72423
G1 X110.885 Y82.045 E6.78899
G1 X112.013 Y82.779 E6.85372
G1 X113.091 Y83.584 E6.91843
G1 X114.116 Y84.457 E6.98319
G1 X115.083 Y85.393 E7.04792
G1 X115.988 Y86.389 E7.11265
G1 X116.827 Y87.442 E7.17741
G1 X117.597 Y88.546 E7.24215
G1 X118.295 Y89.697 E7.30689
G1 X118.917 Y90.89 E7.3716
G1 X119.462 Y92.121 E7.43635
G1 X119.927 Y93.384 E7.50108
G1 X120.31 Y94.674 E7.5658
G1 X120.61 Y95.986 E7.63053
G1 X120.824 Y97.315 E7.69527
G1 X120.954 Y98.655 E7.76002
G1 X120.997 Y100 E7.82474
G1 X120.954 Y101.345 E7.88946
G1 X120.824 Y102.685 E7.95421
G1 X120.61 Y104.014 E8.01895
G1 X120.31 Y105.326 E8.08368
G1 X119.927 Y106.616 E8.1484
G1 X119.462 Y107.879 E8.21313
G1 X118.917 Y109.11 E8.27788
G1 X118.308 Y110.279 E8.34128
G1 X117.949 Y110.131 F7800
G1 F3600
G1 X117.274 Y111.244 E8.40389
G1 X116.518 Y112.328 E8.46745
G1 X115.694 Y113.361 E8.531
G1 X114.806 Y114.339 E8.59454
G1 X113.857 Y115.258 E8.65808
G1 X112.851 Y116.114 E8.72161
G1 X111.792 Y116.905 E8.78518
G1 X110.685 Y117.625 E8.84869
G1 X109.533 Y118.274 E8.91228
G1 X108.343 Y118.847 E8.9758
G1 X107.118 Y119.343 E9.03936
G1 X105.864 Y119.759 E9.10291
G1 X104.586 Y120.094 E9.16645
G1 X103.29 Y120.347 E9.22996
G1 X101.979 Y120.516 E9.29354
G1 X100.661 Y120.6 E9.35706
G1 X99.339 Y120.6 E9.42064
G1 X98.021 Y120.516 E9.48416
G1 X96.711 Y120.347 E9.54769
G1 X95.414 Y120.094 E9.61125
G1 X94.136 Y119.759 E9.67479
G1 X92.882 Y119.343 E9.73834
G1 X91.657 Y118.847 E9.8019
G1 X90.467 Y118.274 E9.86542
G1 X89.315 Y117.625 E9.92901
G1 X88.208 Y116.905 E9.99252
G1 X87.149 Y116.114 E10.05609
G1 X86.143 Y115.258 E10.11962
G1 X85.194 Y114.339 E10.18316
G1 X84.306 Y113.361 E10.2467
G1 X83.482 Y112.328 E10.31025
G1 X82.726 Y111.244 E10.37381
G1 X82.041 Y110.114 E10.43737
G1 X81.43 Y108.943 E10.5009
G1 X80.895 Y107.735 E10.56444
G1 X80.439 Y106.495 E10.62798
G1 X80.063 Y105.228 E10.69155
G1 X79.769 Y103.94 E10.75509
G1 X79.558 Y102.636 E10.81862
G1 X79.431 Y101.321 E10.88216
G1 X79.389 Y100 E10.94573
G1 X79.431 Y98.679 E11.0093
G1 X79.558 Y97.364 E11.07284
G1 X79.769 Y96.06 E11.13637
G1 X80.063 Y94.772 E11.19991
G1 X80.439 Y93.505 E11.26348
G1 X80.895 Y92.265 E11.32702
G1 X81.43 Y91.057 E11.39056
G1 X82.041 Y89.886 E11.45409
G1 X82.726 Y88.756 E11.51765
G1 X83.482 Y87.672 E11.58121
G1 X84.306 Y86.639 E11.64476
G1 X85.194 Y85.661 E11.7083
G1 X86.143 Y84.742 E11.77184
G1 X87.149 Y83.886 E11.83537
G1 X88.208 Y83.095 E11.89894
G1 X89.315 Y82.375 E11.96245
G1 X90.467 Y81.726 E12.02604
G1 X91.657 Y81.153 E12.08956
G1 X92.882 Y80.657 E12.15312
G1 X94.136 Y80.241 E12.21667
G1 X95.414 Y79.906 E12.28021
G1 X96.71 Y79.653 E12.34372
G1 X98.021 Y79.484 E12.4073
G1 X99.339 Y79.4 E12.47082
G1 X100.661 Y79.4 E12.5344
G1 X101.979 Y79.484 E12.59792
G1 X103.289 Y79.653 E12.66145
G1 X104.586 Y79.906 E12.72501
G1 X105.864 Y80.241 E12.78855
G1 X107.118 Y80.657 E12.8521
G1 X108.343 Y81.153 E12.91566
G1 X109.533 Y81.726 E12.97918
G1 X110.685 Y82.375 E13.04277
G1 X111.792 Y83.095 E13.10628
G1 X112.851 Y83.886 E13.16985
G1 X113.857 Y84.742 E13.23338
G1 X114.806 Y85.661 E13.29692
G1 X115.694 Y86.639 E13.36046
G1 X116.518 Y87.672 E13.42401
G1 X117.274 Y88.756 E13.48757
G1 X117.959 Y89.886 E13.55113
G1 X118.57 Y91.057 E13.61466
G1 X119.105 Y92.265 E13.6782
G1 X119.561 Y93.505 E13.74174
G1 X119.937 Y94.772 E13.80531
G1 X120.231 Y96.06 E13.86885
G1 X120.442 Y97.364 E13.93238
G1 X120.569 Y98.679 E13.99592
G1 X120.611 Y100 E14.05949
G1 X120.569 Y101.321 E14.12306
G1 X120.442 Y102.636 E14.1866
G1 X120.231 Y103.94 E14.25013
G1 X119.937 Y105.228 E14.31367
G1 X119.561 Y106.495 E14.37724
G1 X119.105 Y107.735 E14.44078
G1 X118.57 Y108.943 E14.50432
G1 X117.977 Y110.078 E14.56591
G1 X117.619 Y109.931 F7800
;TYPE:External perimeter
G1 F1800
G1 X116.95 Y111.033 E14.62791
G1 X116.209 Y112.097 E14.69027
G1 X115.4 Y113.11 E14.75262
G1 X114.529 Y114.07 E14.81496
G1 X113.597 Y114.972 E14.87734
G1 X112.61 Y115.813 E14.93971
G1 X111.571 Y116.588 E15.00205
G1 X110.485 Y117.295 E15.06438
G1 X109.355 Y117.932 E15.12677
G1 X108.187 Y118.494 E15.18911
G1 X106.985 Y118.981 E15.25149
G1 X105.755 Y119.389 E15.31382
G1 X104.501 Y119.718 E15.37617
G1 X103.228 Y119.966 E15.43855
G1 X101.942 Y120.132 E15.50092
G1 X100.648 Y120.215 E15.56328
G1 X99.352 Y120.215 E15.62561
G1 X98.058 Y120.132 E15.68797
G1 X96.772 Y119.966 E15.75034
G1 X95.499 Y119.718 E15.81272
G1 X94.245 Y119.389 E15.87507
G1 X93.015 Y118.981 E15.9374
G1 X91.813 Y118.494 E15.99978
G1 X90.645 Y117.932 E16.06212
G1 X89.515 Y117.295 E16.12451
G1 X88.429 Y116.588 E16.18684
G1 X87.39 Y115.813 E16.24918
G1 X86.403 Y114.972 E16.31155
G1 X85.471 Y114.07 E16.37393
G1 X84.6 Y113.111 E16.43624
G1 X83.791 Y112.097 E16.49863
G1 X83.05 Y111.034 E16.56095
G1 X82.377 Y109.925 E16.62334
G1 X81.778 Y108.775 E16.6857
G1 X81.253 Y107.59 E16.74804
G1 X80.805 Y106.373 E16.81041
G1 X80.436 Y105.13 E16.87277
G1 X80.148 Y103.866 E16.93512
G1 X79.941 Y102.586 E16.99748
G1 X79.816 Y101.296 E17.05982
G1 X79.775 Y100 E17.12218
G1 X79.816 Y98.704 E17.18454
G1 X79.941 Y97.414 E17.24688
G1 X80.148 Y96.134 E17.30924
G1 X80.436 Y94.87 E17.37159
G1 X80.805 Y93.627 E17.43395
G1 X81.253 Y92.41 E17.49632
G1 X81.778 Y91.225 E17.55866
G1 X82.377 Y90.075 E17.62102
G1 X83.05 Y88.967 E17.68337
G1 X83.791 Y87.903 E17.74573
G1 X84.6 Y86.89 E17.80808
G1 X85.471 Y85.93 E17.87042
G1 X86.403 Y85.028 E17.9328
G1 X87.39 Y84.187 E17.99517
G1 X88.429 Y83.412 E18.05751
G1 X89.515 Y82.705 E18.11984
G1 X90.645 Y82.068 E18.18223
G1 X91.813 Y81.506 E18.24457
G1 X93.015 Y81.019 E18.30695
G1 X94.245 Y80.611 E18.36928
G1 X95.499 Y80.282 E18.43163
G1 X96.772 Y80.034 E18.49401
G1 X98.058 Y79.868 E18.55638
G1 X99.352 Y79.785 E18.61874
G1 X100.648 Y79.785 E18.68107
G1 X101.942 Y79.868 E18.74343
G1 X103.228 Y80.034 E18.8058
G1 X104.501 Y80.282 E18.86818
G1 X105.755 Y80.611 E18.93053
G1 X106.985 Y81.019 E18.99286
G1 X108.187 Y81.506 E19.05524
G1 X109.355 Y82.068 E19.11758
G1 X110.485 Y82.705 E19.17997
G1 X111.571 Y83.412 E19.2423
G1 X112.61 Y84.187 E19.30464
G1 X113.597 Y85.028 E19.36701
G1 X114.529 Y85.93 E19.42939
G1 X115.4 Y86.89 E19.49173
G1 X116.209 Y87.903 E19.55408
G1 X116.95 Y88.966 E19.6164
G1 X117.623 Y90.075 E19.67879
G1 X118.222 Y91.225 E19.74115
G1 X118.747 Y92.41 E19.80349
G1 X119.195 Y93.627 E19.86586
G1 X119.564 Y94.87 E19.92822
G1 X119.852 Y96.134 E19.99057
G1 X120.059 Y97.414 E20.05293
G1 X120.184 Y98.704 E20.11527
G1 X120.225 Y100 E20.17763
G1 X120.184 Y101.296 E20.23999
G1 X120.059 Y102.586 E20.30233
G1 X119.852 Y103.866 E20.36469
G1 X119.564 Y105.13 E20.42704
G1 X119.195 Y106.373 E20.4894
G1 X118.747 Y107.59 E20.55177
G1 X118.222 Y108.775 E20.61411
G1 X117.647 Y109.878 E20.67394
G1 X117.442 Y110.222 F7800
G1 E18.67394 F2400
G92 E0
G1 X124.004 Y124.004 F7800
G1 E2 F2400
;TYPE:Perimeter
G1 F3600
G1 X75.996 Y124.004 E4.30902
G1 X75.996 Y75.996 E6.61804
G1 X124.004 Y75.996 E8.92706
G1 X124.004 Y123.944 E11.23319
G1 X124.389 Y124.389 F7800
G1 F3600
G1 X75.611 Y124.389 E13.57924
G1 X75.611 Y75.611 E15.92529
G1 X124.389 Y75.611 E18.27134
G1 X124.389 Y124.329 E20.61451
G1 X124.775 Y124.775 F7800
;TYPE:External perimeter
G1 F1800
G1 X75.225 Y124.775 E22.99769
G1 X75.225 Y75.225 E25.38087
G1 X124.775 Y75.225 E27.76405
G1 X124.775 Y124.715 E30.14435
G1 X124.379 Y124.774 F7800
G1 E28.14435 F2400
G92 E0
G1 X123.715 Y121.401 F7800
G1 E2 F2400
;TYPE:Internal infill
;WIDTH:0.45
G1 F4800
G1 X123.715 Y123.715 E2.1113
G1 X115.044 Y115.044 E2.70109
G1 X116.387 Y113.574 E2.79686
G1 X123.715 Y111.611 E3.16174
G1 X123.715 Y107.354 E3.36649
G1 X120.806 Y104.445 E3.56436
G1 X121.105 Y102.759 E3.64672
G1 X121.239 Y101.401 E3.71235
G1 X121.275 Y100.288 E3.76591
G1 X123.715 Y99.634 E3.88741
G1 X123.715 Y100.891 E3.94787
G1 X117.599 Y123.715 E5.08436
G1 X115.285 Y123.715 E5.19566
G1 E3.19566 F2400
G92 E0
G1 X108.714 Y119.417 F7800
G1 E2 F2400
G1 F4800
G1 X106.553 Y120.24 E2.11122
G1 X105.622 Y123.715 E2.28425
G1 X107.354 Y123.715 E2.36755
G1 X104.448 Y120.809 E2.56521
G1 X102.164 Y121.172 E2.67644
G1 E.67644 F2400
G92 E0
G1 X83.983 Y123.715 F7800
G1 E2 F2400
G1 F4800
G1 X81.669 Y123.715 E2.1113
G1 X84.205 Y114.25 E2.58259
G1 X82.92 Y112.701 E2.67939
G1 X81.723 Y110.886 E2.78396
G1 X76.285 Y112.343 E3.05473
G1 X76.285 Y109.006 E3.21523
G1 X90.994 Y123.715 E4.21572
G1 X93.646 Y123.715 E4.34327
G1 X94.493 Y120.551 E4.50081
G1 X92.587 Y119.951 E4.59692
G1 X78.542 Y123.715 E5.29627
G1 X76.285 Y123.715 E5.40482
G1 X76.285 Y123.658 E5.40756
G1 E3.40756 F2400
G92 E0
G1 X76.285 Y78.599 F7800
G1 E2 F2400
G1 F4800
G1 X76.285 Y76.285 E2.1113
G1 X84.955 Y84.955 E2.70102
G1 X83.614 Y86.426 E2.79676
G1 X76.285 Y88.389 E3.16168
G1 X76.285 Y92.646 E3.36643
G1 X79.193 Y95.554 E3.56423
G1 X78.885 Y97.315 E3.65021
G1 X78.756 Y98.673 E3.71582
G1 X78.725 Y99.712 E3.76581
G1 X76.285 Y100.366 E3.88731
G1 X76.285 Y99.109 E3.94777
G1 X82.401 Y76.285 E5.08426
G1 X84.715 Y76.285 E5.19556
G1 E3.19556 F2400
G92 E0
G1 X91.287 Y80.585 F7800
G1 E2 F2400
G1 F4800
G1 X92.614 Y80.038 E2.06903
G1 X93.447 Y79.76 E2.11127
G1 X94.378 Y76.285 E2.2843
G1 X92.646 Y76.285 E2.3676
G1 X95.552 Y79.191 E2.56526
G1 X97.836 Y78.828 E2.67649
G1 E.67649 F2400
G92 E0
G1 X116.017 Y76.285 F7800
G1 E2 F2400
G1 F4800
G1 X118.331 Y76.285 E2.1113
G1 X115.795 Y85.75 E2.58259
G1 X117.08 Y87.299 E2.67939
G1 X118.277 Y89.114 E2.78396
G1 X123.715 Y87.657 E3.05473
G1 X123.715 Y90.994 E3.21523
G1 X109.006 Y76.285 E4.21572
G1 X106.354 Y76.285 E4.34327
G1 X105.507 Y79.449 E4.50081
G1 X107.413 Y80.049 E4.59692
G1 X121.458 Y76.285 E5.29627
G1 X123.715 Y76.285 E5.40482
G1 X123.715 Y76.342 E5.40756
G1 E3.40756 F2400
G92 E0
G92 E0
G1 X100.6 Y81.007 F7800
G1 E2 F2400
;TYPE:Perimeter
;WIDTH:0.45
G1 F3600
G1 X100.609 Y81.007 E2.00043
G1 X101.825 Y81.085 E2.05904
G1 X103.033 Y81.24 E2.11762
G1 X104.229 Y81.473 E2.17622
G1 X105.407 Y81.782 E2.23479
G1 X106.563 Y82.166 E2.29338
G1 X107.692 Y82.623 E2.35196
G1 X108.79 Y83.152 E2.41058
G1 X109.851 Y83.75 E2.46916
G1 X110.872 Y84.414 E2.52774
G1 X111.848 Y85.143 E2.58633
G1 X112.776 Y85.932 E2.64492
G1 X113.651 Y86.78 E2.70353
G1 X114.47 Y87.682 E2.76213
G1 X115.229 Y88.634 E2.82069
G1 X115.926 Y89.633 E2.87928
G1 X116.558 Y90.675 E2.93789
G1 X117.121 Y91.755 E2.99647
G1 X117.614 Y92.869 E3.05506
G1 X118.035 Y94.012 E3.11364
G1 X118.382 Y95.18 E3.17224
G1 X118.653 Y96.367 E3.2308
G1 X118.847 Y97.57 E3.28941
G1 X118.964 Y98.782 E3.34797
G1 X119.003 Y100 E3.40658
G1 X118.964 Y101.218 E3.46519
G1 X118.847 Y102.43 E3.52375
G1 X118.653 Y103.633 E3.58236
G1 X118.382 Y104.82 E3.64092
G1 X118.035 Y105.988 E3.69952
G1 X117.614 Y107.131 E3.7581
G1 X117.121 Y108.245 E3.81669
G1 X116.558 Y109.325 E3.87527
G1 X115.926 Y110.367 E3.93388
G1 X115.229 Y111.366 E3.99247
G1 X114.47 Y112.318 E4.05103
G1 X113.651 Y113.22 E4.10963
G1 X112.776 Y114.068 E4.16824
G1 X111.848 Y114.857 E4.22683
G1 X110.872 Y115.586 E4.28542
G1 X109.851 Y116.25 E4.344
G1 X108.79 Y116.848 E4.40258
G1 X107.692 Y117.377 E4.4612
G1 X106.563 Y117.834 E4.51978
G1 X105.407 Y118.218 E4.57837
G1 X104.229 Y118.527 E4.63694
G1 X103.033 Y118.76 E4.69554
G1 X101.825 Y118.915 E4.75412
G1 X100.609 Y118.993 E4.81273
G1 X99.391 Y118.993 E4.87131
G1 X98.175 Y118.915 E4.92992
G1 X96.967 Y118.76 E4.9885
G1 X95.771 Y118.527 E5.0471
G1 X94.593 Y118.218 E5.10567
G1 X93.437 Y117.834 E5.16426
G1 X92.308 Y117.377 E5.22284
G1 X91.21 Y116.848 E5.28146
G1 X90.149 Y116.25 E5.34004
G1 X89.128 Y115.586 E5.39862
G1 X88.152 Y114.857 E5.45721
G1 X87.224 Y114.068 E5.5158
G1 X86.349 Y113.22 E5.57441
G1 X85.53 Y112.318 E5.63301
G1 X84.771 Y111.366 E5.69157
G1 X84.074 Y110.367 E5.75016
G1 X83.442 Y109.325 E5.80877
G1 X82.879 Y108.245 E5.86735
G1 X82.386 Y107.131 E5.92594
G1 X81.965 Y105.988 E5.98452
G1 X81.618 Y104.82 E6.04312
G1 X81.347 Y103.633 E6.10168
G1 X81.153 Y102.43 E6.16029
G1 X81.036 Y101.218 E6.21885
G1 X80.997 Y100 E6.27746
G1 X81.036 Y98.782 E6.33607
G1 X81.153 Y97.57 E6.39463
G1 X81.347 Y96.367 E6.45324
G1 X81.618 Y95.18 E6.5118
G1 X81.965 Y94.012 E6.5704
G1 X82.386 Y92.869 E6.62898
G1 X82.879 Y91.755 E6.68757
G1 X83.442 Y90.675 E6.74615
G1 X84.074 Y89.633 E6.80476
G1 X84.771 Y88.634 E6.86335
G1 X85.53 Y87.682 E6.92191
G1 X86.349 Y86.78 E6.98051
G1 X87.224 Y85.932 E7.03912
G1 X88.152 Y85.143 E7.09771
G1 X89.128 Y84.414 E7.1563
G1 X90.149 Y83.75 E7.21488
G1 X91.21 Y83.152 E7.27346
G1 X92.308 Y82.623 E7.33208
G1 X93.437 Y82.166 E7.39066
G1 X94.593 Y81.782 E7.44925
G1 X95.771 Y81.473 E7.50782
G1 X96.967 Y81.24 E7.56642
G1 X98.175 Y81.085 E7.625
G1 X99.391 Y81.007 E7.68361
G1 X100.54 Y81.007 E7.73887
G1 X100.624 Y80.621 F7800
G1 F3600
G1 X101.862 Y80.701 E7.79854
G1 X103.094 Y80.859 E7.85828
G1 X104.314 Y81.097 E7.91806
G1 X105.517 Y81.412 E7.97787
G1 X106.696 Y81.804 E8.03763
G1 X107.848 Y82.27 E8.0974
G1 X108.968 Y82.81 E8.1572
G1 X110.051 Y83.42 E8.21698
G1 X111.093 Y84.098 E8.27677
G1 X112.089 Y84.841 E8.33653
G1 X113.035 Y85.647 E8.3963
G1 X113.928 Y86.511 E8.45606
G1 X114.764 Y87.431 E8.51585
G1 X115.539 Y88.403 E8.57564
G1 X116.25 Y89.423 E8.63544
G1 X116.894 Y90.485 E8.69518
G1 X117.469 Y91.587 E8.75496
G1 X117.972 Y92.724 E8.81476
G1 X118.401 Y93.89 E8.87452
G1 X118.755 Y95.082 E8.93433
G1 X119.032 Y96.294 E8.99413
G1 X119.23 Y97.521 E9.05391
G1 X119.349 Y98.758 E9.11368
G1 X119.389 Y100 E9.17345
G1 X119.349 Y101.242 E9.23322
G1 X119.23 Y102.479 E9.29299
G1 X119.032 Y103.706 E9.35277
G1 X118.755 Y104.918 E9.41257
G1 X118.401 Y106.11 E9.47238
G1 X117.972 Y107.276 E9.53214
G1 X117.469 Y108.413 E9.59194
G1 X116.894 Y109.515 E9.65172
G1 X116.25 Y110.577 E9.71146
G1 X115.539 Y111.597 E9.77126
G1 X114.764 Y112.569 E9.83105
G1 X113.928 Y113.489 E9.89084
G1 X113.035 Y114.353 E9.9506
G1 X112.089 Y115.159 E10.01037
G1 X111.093 Y115.902 E10.07013
G1 X110.051 Y116.58 E10.12992
G1 X108.968 Y117.19 E10.1897
G1 X107.848 Y117.73 E10.2495
G1 X106.696 Y118.196 E10.30927
G1 X105.517 Y118.588 E10.36903
G1 X104.314 Y118.903 E10.42884
G1 X103.094 Y119.141 E10.48862
G1 X101.862 Y119.299 E10.54836
G1 X100.621 Y119.379 E10.60817
G1 X99.379 Y119.379 E10.66791
G1 X98.138 Y119.299 E10.72772
G1 X96.906 Y119.141 E10.78746
G1 X95.686 Y118.903 E10.84724
G1 X94.483 Y118.588 E10.90705
G1 X93.304 Y118.196 E10.96681
G1 X92.152 Y117.73 E11.02658
G1 X91.032 Y117.19 E11.08638
G1 X89.949 Y116.58 E11.14616
G1 X88.907 Y115.902 E11.20595
G1 X87.911 Y115.159 E11.26571
G1 X86.965 Y114.353 E11.32548
G1 X86.072 Y113.489 E11.38524
G1 X85.236 Y112.569 E11.44503
G1 X84.461 Y111.597 E11.50482
G1 X83.75 Y110.577 E11.56462
G1 X83.106 Y109.515 E11.62436
G1 X82.531 Y108.413 E11.68414
G1 X82.028 Y107.276 E11.74394
G1 X81.599 Y106.11 E11.8037
G1 X81.245 Y104.918 E11.86351
G1 X80.968 Y103.706 E11.92331
G1 X80.77 Y102.479 E11.98309
G1 X80.651 Y101.242 E12.04286
G1 X80.611 Y100 E12.10263
G1 X80.651 Y98.758 E12.1624
G1 X80.77 Y97.521 E12.22217
G1 X80.968 Y96.294 E12.28195
G1 X81.245 Y95.082 E12.34175
G1 X81.599 Y93.89 E12.40156
G1 X82.028 Y92.724 E12.46132
G1 X82.531 Y91.587 E12.52112
G1 X83.106 Y90.485 E12.5809
G1 X83.75 Y89.423 E12.64064
G1 X84.461 Y88.403 E12.70044
G1 X85.236 Y87.431 E12.76023
G1 X86.072 Y86.511 E12.82002
G1 X86.965 Y85.647 E12.87978
G1 X87.911 Y84.841 E12.93955
G1 X88.907 Y84.098 E12.99931
G1 X89.949 Y83.42 E13.0591
G1 X91.032 Y82.81 E13.11888
G1 X92.152 Y82.27 E13.17868
G1 X93.304 Y81.804 E13.23845
G1 X94.483 Y81.412 E13.29821
G1 X95.686 Y81.097 E13.35802
G1 X96.906 Y80.859 E13.4178
G1 X98.138 Y80.701 E13.47754
G1 X99.379 Y80.621 E13.53735
G1 X100.564 Y80.621 E13.59434
G1 X100.649 Y80.236 F7800
;TYPE:External perimeter
G1 F1800
G1 X101.899 Y80.316 E13.65458
G1 X103.156 Y80.479 E13.71554
G1 X104.4 Y80.721 E13.77649
G1 X105.626 Y81.042 E13.83744
G1 X106.83 Y81.442 E13.89846
G1 X108.005 Y81.918 E13.95943
G1 X109.147 Y82.468 E14.02039
G1 X110.251 Y83.09 E14.08134
G1 X111.314 Y83.781 E14.14232
G1 X112.329 Y84.539 E14.20325
G1 X113.295 Y85.361 E14.26426
G1 X114.205 Y86.243 E14.32521
G1 X115.058 Y87.181 E14.38619
G1 X115.848 Y88.172 E14.44715
G1 X116.573 Y89.212 E14.50813
G1 X117.23 Y90.296 E14.5691
G1 X117.817 Y91.42 E14.63009
G1 X118.33 Y92.579 E14.69105
G1 X118.767 Y93.769 E14.75202
G1 X119.128 Y94.984 E14.81298
G1 X119.41 Y96.22 E14.87395
G1 X119.613 Y97.471 E14.93491
G1 X119.734 Y98.733 E14.99589
G1 X119.775 Y100 E15.05686
G1 X119.734 Y101.267 E15.11783
G1 X119.613 Y102.529 E15.17881
G1 X119.41 Y103.78 E15.23977
G1 X119.128 Y105.016 E15.30074
G1 X118.767 Y106.231 E15.3617
G1 X118.33 Y107.421 E15.42267
G1 X117.817 Y108.58 E15.48363
G1 X117.23 Y109.704 E15.54462
G1 X116.573 Y110.788 E15.60559
G1 X115.848 Y111.828 E15.66657
G1 X115.058 Y112.819 E15.72753
G1 X114.205 Y113.757 E15.78851
G1 X113.295 Y114.639 E15.84946
G1 X112.329 Y115.461 E15.91047
G1 X111.314 Y116.219 E15.9714
G1 X110.251 Y116.91 E16.03238
G1 X109.147 Y117.532 E16.09333
G1 X108.005 Y118.082 E16.15429
G1 X106.83 Y118.558 E16.21526
G1 X105.626 Y118.958 E16.27628
G1 X104.4 Y119.279 E16.33723
G1 X103.156 Y119.521 E16.39818
G1 X101.899 Y119.684 E16.45914
G1 X100.634 Y119.765 E16.52011
G1 X99.366 Y119.765 E16.5811
G1 X98.101 Y119.684 E16.64207
G1 X96.844 Y119.521 E16.70303
G1 X95.6 Y119.279 E16.76398
G1 X94.374 Y118.958 E16.82493
G1 X93.17 Y118.558 E16.88595
G1 X91.995 Y118.082 E16.94692
G1 X90.853 Y117.532 E17.00788
G1 X89.749 Y116.91 E17.06883
G1 X88.686 Y116.219 E17.12981
G1 X87.671 Y115.461 E17.19074
G1 X86.705 Y114.639 E17.25175
G1 X85.795 Y113.757 E17.3127
G1 X84.942 Y112.819 E17.37368
G1 X84.152 Y111.828 E17.43464
G1 X83.427 Y110.788 E17.49562
G1 X82.77 Y109.704 E17.55659
G1 X82.183 Y108.58 E17.61758
G1 X81.67 Y107.421 E17.67854
G1 X81.233 Y106.231 E17.73951
G1 X80.872 Y105.016 E17.80047
G1 X80.59 Y103.78 E17.86144
G1 X80.387 Y102.529 E17.9224
G1 X80.266 Y101.267 E17.98338
G1 X80.225 Y100 E18.04435
G1 X80.266 Y98.733 E18.10532
G1 X80.387 Y97.471 E18.1663
G1 X80.59 Y96.22 E18.22726
G1 X80.872 Y94.984 E18.28823
G1 X81.233 Y93.769 E18.34919
G1 X81.67 Y92.579 E18.41016
G1 X82.183 Y91.42 E18.47112
G1 X82.77 Y90.296 E18.53211
G1 X83.427 Y89.212 E18.59308
G1 X84.152 Y88.172 E18.65406
G1 X84.942 Y87.181 E18.71502
G1 X85.795 Y86.243 E18.776
G1 X86.705 Y85.361 E18.83695
G1 X87.671 Y84.539 E18.89796
G1 X88.686 Y83.781 E18.95889
G1 X89.749 Y83.09 E19.01987
G1 X90.853 Y82.468 E19.08082
G1 X91.995 Y81.918 E19.14178
G1 X93.17 Y81.442 E19.20275
G1 X94.374 Y81.042 E19.26377
G1 X95.6 Y80.721 E19.32472
G1 X96.844 Y80.479 E19.38567
G1 X98.101 Y80.316 E19.44663
G1 X99.366 Y80.235 E19.5076
G1 X100.589 Y80.235 E19.56642
G1 X100.988 Y80.258 F7800
G1 E17.56642 F2400
G92 E0
G1 X95.512 Y81.84 F7800
G1 E2 F2400
;TYPE:Internal infill
;WIDTH:0.45
G1 F4800
G1 X97.013 Y81.526 E2.07376
G1 X97.787 Y81.426 E2.1113
G1 X118.577 Y102.217 E3.52545
G1 X118.682 Y100.982 E3.58506
G1 X84.307 Y110.193 E5.29671
G1 X85.019 Y111.213 E5.35654
G1 X92.631 Y82.804 E6.77111
G1 X91.344 Y83.408 E6.83949
G1 X90.567 Y83.846 E6.88239
G1 E4.88239 F2400
G92 E0
G1 X87.007 Y86.545 F7800
G1 E2 F2400
G1 F4800
G1 X88.766 Y85.045 E2.11119
G1 X102.253 Y81.431 E2.78275
G1 X102.987 Y81.526 E2.81835
G1 X104.841 Y81.933 E2.90964
G1 X95.159 Y118.067 E4.70887
G1 X97.013 Y118.474 E4.80016
G1 X97.747 Y118.569 E4.83576
G1 X111.234 Y114.955 E5.50732
G1 X112.581 Y113.853 E5.59102
G1 X113.228 Y113.228 E5.63429
G1 X86.772 Y86.772 E7.4338
G1 X85.75 Y87.869 E7.50591
G1 X85.243 Y88.506 E7.54507
G1 E5.54507 F2400
G92 E0
G1 X104.488 Y118.16 F7800
G1 E2 F2400
G1 F4800
G1 X102.987 Y118.474 E2.07376
G1 X102.213 Y118.574 E2.1113
G1 X81.423 Y97.783 E3.52545
G1 X81.318 Y99.018 E3.58506
G1 X115.693 Y89.807 E5.29671
G1 X114.981 Y88.787 E5.35654
G1 X107.369 Y117.196 E6.77111
G1 X108.656 Y116.592 E6.83949
G1 X109.433 Y116.154 E6.88239
;LAYER_CHANGE
;Z:4.55
;HEIGHT:0.3
G1 E4.88239 F2400
G92 E0
G1 Z4.55 F7800
G92 E0
G1 X118.278 Y110.331
G1 E2 F2400
;TYPE:Perimeter
;WIDTH:0.45
G1 F3600
G1 X117.597 Y111.454 E2.06317
G1 X116.827 Y112.558 E2.12791
G1 X115.988 Y113.611 E2.19267
G1 X115.083 Y114.607 E2.2574
G1 X114.116 Y115.543 E2.32213
G1 X113.091 Y116.416 E2.38689
G1 X112.013 Y117.221 E2.4516
G1 X110.885 Y117.955 E2.51633
G1 X109.712 Y118.616 E2.58109
G1 X108.499 Y119.2 E2.64584
G1 X107.252 Y119.705 E2.71055
G1 X105.974 Y120.129 E2.77531
G1 X104.672 Y120.47 E2.84004
G1 X103.351 Y120.728 E2.90478
G1 X102.016 Y120.9 E2.96952
G1 X100.673 Y120.986 E3.03425
G1 X99.327 Y120.986 E3.09899
G1 X97.984 Y120.9 E3.16372
G1 X96.649 Y120.728 E3.22846
G1 X95.328 Y120.47 E3.2932
G1 X94.026 Y120.129 E3.35793
G1 X92.748 Y119.705 E3.42269
G1 X91.501 Y119.2 E3.4874
G1 X90.288 Y118.616 E3.55215
G1 X89.115 Y117.955 E3.61691
G1 X87.987 Y117.221 E3.68164
G1 X86.909 Y116.416 E3.74635
G1 X85.884 Y115.543 E3.81111
G1 X84.917 Y114.607 E3.87584
G1 X84.012 Y113.611 E3.94057
G1 X83.173 Y112.558 E4.00533
G1 X82.403 Y111.454 E4.07007
G1 X81.705 Y110.303 E4.13481
G1 X81.083 Y109.11 E4.19952
G1 X80.538 Y107.879 E4.26427
G1 X80.073 Y106.616 E4.329
G1 X79.69 Y105.326 E4.39372
G1 X79.39 Y104.014 E4.45845
G1 X79.176 Y102.685 E4.52319
G1 X79.046 Y101.345 E4.58794
G1 X79.003 Y100 E4.65266
G1 X79.046 Y98.655 E4.71738
G1 X79.176 Y97.315 E4.78213
G1 X79.39 Y95.986 E4.84687
G1 X79.69 Y94.674 E4.9116
G1 X80.073 Y93.384 E4.97632
G1 X80.538 Y92.121 E5.04105
G1 X81.083 Y90.89 E5.1058
G1 X81.705 Y89.697 E5.17051
G1 X82.403 Y88.546 E5.23525
G1 X83.173 Y87.442 E5.29999
G1 X84.012 Y86.389 E5.36475
G1 X84.917 Y85.393 E5.42948
G1 X85.884 Y84.457 E5.49421
G1 X86.909 Y83.584 E5.55897
G1 X87.987 Y82.779 E5.62368
G1 X89.115 Y82.045 E5.68841
G1 X90.288 Y81.384 E5.75317
G1 X91.501 Y80.8 E5.81792
G1 X92.748 Y80.295 E5.88263
G1 X94.026 Y79.871 E5.94739
G1 X95.328 Y79.53 E6.01212
G1 X96.649 Y79.272 E6.07686
G1 X97.984 Y79.1 E6.1416
G1 X99.327 Y79.014 E6.20633
G1 X100.673 Y79.014 E6.27107
G1 X102.016 Y79.1 E6.3358
G1 X103.351 Y79.272 E6.40054
G1 X104.672 Y79.53 E6.46528
G1 X105.974 Y79.871 E6.53001
G1 X107.252 Y80.295 E6.59477
G1 X108.499 Y80.8 E6.65948
G1 X109.712 Y81.384 E6.72423
G1 X110.885 Y82.045 E6.78899
G1 X112.013 Y82.779 E6.85372
G1 X113.091 Y83.584 E6.91843
G1 X114.116 Y84.457 E6.98319
G1 X115.083 Y85.393 E7.04792
G1 X115.988 Y86.389 E7.11265
G1 X116.827 Y87.442 E7.17741
G1 X117.597 Y88.546 E7.24215
G1 X118.295 Y89.697 E7.30689
G1 X118.917 Y90.89 E7.3716
G1 X119.462 Y92.121 E7.43635
G1 X119.927 Y93.384 E7.50108
G1 X120.31 Y94.674 E7.5658
G1 X120.61 Y95.986 E7.63053
G1 X120.824 Y97.315 E7.69527
G1 X120.954 Y98.655 E7.76002
G1 X120.997 Y100 E7.82474
G1 X120.954 Y101.345 E7.88946
G1 X120.824 Y102.685 E7.95421
G1 X120.61 Y104.014 E8.01895
G1 X120.31 Y105.326 E8.08368
G1 X119.927 Y106.616 E8.1484
G1 X119.462 Y107.879 E8.21313
G1 X118.917 Y109.11 E8.27788
G1 X118.308 Y110.279 E8.34128
G1 X117.949 Y110.131 F7800
G1 F3600
G1 X117.274 Y111.244 E8.40389
G1 X116.518 Y112.328 E8.46745
G1 X115.694 Y113.361 E8.531
G1 X114.806 Y114.339 E8.59454
G1 X113.857 Y115.258 E8.65808
G1 X112.851 Y116.114 E8.72161
G1 X111.792 Y116.905 E8.78518
G1 X110.685 Y117.625 E8.84869
G1 X109.533 Y118.274 E8.91228
G1 X108.343 Y118.847 E8.9758
G1 X107.118 Y119.343 E9.03936
G1 X105.864 Y119.759 E9.10291
G1 X104.586 Y120.094 E9.16645
G1 X103.29 Y120.347 E9.22996
G1 X101.979 Y120.516 E9.29354
G1 X100.661 Y120.6 E9.35706
G1 X99.339 Y120.6 E9.42064
G1 X98.021 Y120.516 E9.48416
G1 X96.711 Y120.347 E9.54769
G1 X95.414 Y120.094 E9.61125
G1 X94.136 Y119.759 E9.67479
G1 X92.882 Y119.343 E9.73834
G1 X91.657 Y118.847 E9.8019
G1 X90.467 Y118.274 E9.86542
G1 X89.315 Y117.625 E9.92901
G1 X88.208 Y116.905 E9.99252
G1 X87.149 Y116.114 E10.05609
G1 X86.143 Y115.258 E10.11962
G1 X85.194 Y114.339 E10.18316
G1 X84.306 Y113.361 E10.2467
G1 X83.482 Y112.328 E10.31025
G1 X82.726 Y111.244 E10.37381
G1 X82.041 Y110.114 E10.43737
G1 X81.43 Y108.943 E10.5009
G1 X80.895 Y107.735 E10.56444
G1 X80.439 Y106.495 E10.62798
G1 X80.063 Y105.228 E10.69155
G1 X79.769 Y103.94 E10.75509
G1 X79.558 Y102.636 E10.81862
G1 X79.431 Y101.321 E10.88216
G1 X79.389 Y100 E10.94573
G1 X79.431 Y98.679 E11.0093
G1 X79.558 Y97.364 E11.07284
G1 X79.769 Y96.06 E11.13637
G1 X80.063 Y94.772 E11.19991
G1 X80.439 Y93.505 E11.26348
G1 X80.895 Y92.265 E11.32702
G1 X81.43 Y91.057 E11.39056
G1 X82.041 Y89.886 E11.45409
G1 X82.726 Y88.756 E11.51765
G1 X83.482 Y87.672 E11.58121
G1 X84.306 Y86.639 E11.64476
G1 X85.194 Y85.661 E11.7083
G1 X86.143 Y84.742 E11.77184
G1 X87.149 Y83.886 E11.83537
G1 X88.208 Y83.095 E11.89894
G1 X89.315 Y82.375 E11.96245
G1 X90.467 Y81.726 E12.02604
G1 X91.657 Y81.153 E12.08956
G1 X92.882 Y80.657 E12.15312
G1 X94.136 Y80.241 E12.21667
G1 X95.414 Y79.906 E12.28021
G1 X96.71 Y79.653 E12.34372
G1 X98.021 Y79.484 E12.4073
G1 X99.339 Y79.4 E12.47082
G1 X100.661 Y79.4 E12.5344
G1 X101.979 Y79.484 E12.59792
G1 X103.289 Y79.653 E12.66145
G1 X104.586 Y79.906 E12.72501
G1 X105.864 Y80.241 E12.78855
G1 X107.118 Y80.657 E12.8521
G1 X108.343 Y81.153 E12.91566
G1 X109.533 Y81.726 E12.97918
G1 X110.685 Y82.375 E13.04277
G1 X111.792 Y83.095 E13.10628
G1 X112.851 Y83.886 E13.16985
G1 X113.857 Y84.742 E13.23338
G1 X114.806 Y85.661 E13.29692
G1 X115.694 Y86.639 E13.36046
G1 X116.518 Y87.672 E13.42401
G1 X117.274 Y88.756 E13.48757
G1 X117.959 Y89.886 E13.55113
G1 X118.57 Y91.057 E13.61466
G1 X119.105 Y92.265 E13.6782
G1 X119.561 Y93.505 E13.74174
G1 X119.937 Y94.772 E13.80531
G1 X120.231 Y96.06 E13.86885
G1 X120.442 Y97.364 E13.93238
G1 X120.569 Y98.679 E13.99592
G1 X120.611 Y100 E14.05949
G1 X120.569 Y101.321 E14.12306
G1 X120.442 Y102.636 E14.1866
G1 X120.231 Y103.94 E14.25013
G1 X119.937 Y105.228 E14.31367
G1 X119.561 Y106.495 E14.37724
G1 X119.105 Y107.735 E14.44078
G1 X118.57 Y108.943 E14.50432
G1 X117.977 Y110.078 E14.56591
G1 X117.619 Y109.931 F7800
;TYPE:External perimeter
G1 F1800
G1 X116.95 Y111.033 E14.62791
G1 X116.209 Y112.097 E14.69027
G1 X115.4 Y113.11 E14.75262
G1 X114.529 Y114.07 E14.81496
G1 X113.597 Y114.972 E14.87734
G1 X112.61 Y115.813 E14.93971
G1 X111.571 Y116.588 E15.00205
G1 X110.485 Y117.295 E15.06438
G1 X109.355 Y117.932 E15.12677
G1 X108.187 Y118.494 E15.18911
G1 X106.985 Y118.981 E15.25149
G1 X105.755 Y119.389 E15.31382
G1 X104.501 Y119.718 E15.37617
G1 X103.228 Y119.966 E15.43855
G1 X101.942 Y120.132 E15.50092
G1 X100.648 Y120.215 E15.56328
G1 X99.352 Y120.215 E15.62561
G1 X98.058 Y120.132 E15.68797
G1 X96.772 Y119.966 E15.75034
G1 X95.499 Y119.718 E15.81272
G1 X94.245 Y119.389 E15.87507
G1 X93.015 Y118.981 E15.9374
G1 X91.813 Y118.494 E15.99978
G1 X90.645 Y117.932 E16.06212
G1 X89.515 Y117.295 E16.12451
G1 X88.429 Y116.588 E16.18684
G1 X87.39 Y115.813 E16.24918
G1 X86.403 Y114.972 E16.31155
G1 X85.471 Y114.07 E16.37393
G1 X84.6 Y113.111 E16.43624
G1 X83.791 Y112.097 E16.49863
G1 X83.05 Y111.034 E16.56095
G1 X82.377 Y109.925 E16.62334
G1 X81.778 Y108.775 E16.6857
G1 X81.253 Y107.59 E16.74804
G1 X80.805 Y106.373 E16.81041
G1 X80.436 Y105.13 E16.87277
G1 X80.148 Y103.866 E16.93512
G1 X79.941 Y102.586 E16.99748
G1 X79.816 Y101.296 E17.05982
G1 X79.775 Y100 E17.12218
G1 X79.816 Y98.704 E17.18454
G1 X79.941 Y97.414 E17.24688
G1 X80.148 Y96.134 E17.30924
G1 X80.436 Y94.87 E17.37159
G1 X80.805 Y93.627 E17.43395
G1 X81.253 Y92.41 E17.49632
G1 X81.778 Y91.225 E17.55866
G1 X82.377 Y90.075 E17.62102
G1 X83.05 Y88.967 E17.68337
G1 X83.791 Y87.903 E17.74573
G1 X84.6 Y86.89 E17.80808
G1 X85.471 Y85.93 E17.87042
G1 X86.403 Y85.028 E17.9328
G1 X87.39 Y84.187 E17.99517
G1 X88.429 Y83.412 E18.05751
G1 X89.515 Y82.705 E18.11984
G1 X90.645 Y82.068 E18.18223
G1 X91.813 Y81.506 E18.24457
G1 X93.015 Y81.019 E18.30695
G1 X94.245 Y80.611 E18.36928
G1 X95.499 Y80.282 E18.43163
G1 X96.772 Y80.034 E18.49401
G1 X98.058 Y79.868 E18.55638
G1 X99.352 Y79.785 E18.61874
G1 X100.648 Y79.785 E18.68107
G1 X101.942 Y79.868 E18.74343
G1 X103.228 Y80.034 E18.8058
G1 X104.501 Y80.282 E18.86818
G1 X105.755 Y80.611 E18.93053
G1 X106.985 Y81.019 E18.99286
G1 X108.187 Y81.506 E19.05524
G1 X109.355 Y82.068 E19.11758
G1 X110.485 Y82.705 E19.17997
G1 X111.571 Y83.412 E19.2423
G1 X112.61 Y84.187 E19.30464
G1 X113.597 Y85.028 E19.36701
G1 X114.529 Y85.93 E19.42939
G1 X115.4 Y86.89 E19.49173
G1 X116.209 Y87.903 E19.55408
G1 X116.95 Y88.966 E19.6164
G1 X117.623 Y90.075 E19.67879
G1 X118.222 Y91.225 E19.74115
G1 X118.747 Y92.41 E19.80349
G1 X119.195 Y93.627 E19.86586
G1 X119.564 Y94.87 E19.92822
G1 X119.852 Y96.134 E19.99057
G1 X120.059 Y97.414 E20.05293
G1 X120.184 Y98.704 E20.11527
G1 X120.225 Y100 E20.17763
G1 X120.184 Y101.296 E20.23999
G1 X120.059 Y102.586 E20.30233
G1 X119.852 Y103.866 E20.36469
G1 X119.564 Y105.13 E20.42704
G1 X119.195 Y106.373 E20.4894
G1 X118.747 Y107.59 E20.55177
G1 X118.222 Y108.775 E20.61411
G1 X117.647 Y109.878 E20.67394
G1 X117.442 Y110.222 F7800
G1 E18.67394 F2400
G92 E0
G1 X124.004 Y124.004 F7800
G1 E2 F2400
;TYPE:Perimeter
G1 F3600
G1 X75.996 Y124.004 E4.30902
G1 X75.996 Y75.996 E6.61804
G1 X124.004 Y75.996 E8.92706
G1 X124.004 Y123.944 E11.23319
G1 X124.389 Y124.389 F7800
G1 F3600
G1 X75.611 Y124.389 E13.57924
G1 X75.611 Y75.611 E15.92529
G1 X124.389 Y75.611 E18.27134
G1 X124.389 Y124.329 E20.61451
G1 X124.775 Y124.775 F7800
;TYPE:External perimeter
G1 F1800
G1 X75.225 Y124.775 E22.99769
G1 X75.225 Y75.225 E25.38087
G1 X124.775 Y75.225 E27.76405
G1 X124.775 Y124.715 E30.14435
G1 X124.379 Y124.774 F7800
G1 E28.14435 F2400
G92 E0
G1 X123.715 Y121.401 F7800
G1 E2 F2400
;TYPE:Internal infill
;WIDTH:0.45
G1 F4800
G1 X123.715 Y123.715 E2.1113
G1 X115.044 Y115.044 E2.70109
G1 X116.387 Y113.574 E2.79686
G1 X123.715 Y111.611 E3.16174
G1 X123.715 Y107.354 E3.36649
G1 X120.806 Y104.445 E3.56436
G1 X121.105 Y102.759 E3.64672
G1 X121.239 Y101.401 E3.71235
G1 X121.275 Y100.288 E3.76591
G1 X123.715 Y99.634 E3.88741
G1 X123.715 Y100.891 E3.94787
G1 X117.599 Y123.715 E5.08436
G1 X115.285 Y123.715 E5.19566
G1 E3.19566 F2400
G92 E0
G1 X108.714 Y119.417 F7800
G1 E2 F2400
G1 F4800
G1 X106.553 Y120.24 E2.11122
G1 X105.622 Y123.715 E2.28425
G1 X107.354 Y123.715 E2.36755
G1 X104.448 Y120.809 E2.56521
G1 X102.164 Y121.172 E2.67644
G1 E.67644 F2400
G92 E0
G1 X83.983 Y123.715 F7800
G1 E2 F2400
G1 F4800
G1 X81.669 Y123.715 E2.1113
G1 X84.205 Y114.25 E2.58259
G1 X82.92 Y112.701 E2.67939
G1 X81.723 Y110.886 E2.78396
G1 X76.285 Y112.343 E3.05473
G1 X76.285 Y109.006 E3.21523
G1 X90.994 Y123.715 E4.21572
G1 X93.646 Y123.715 E4.34327
G1 X94.493 Y120.551 E4.50081
G1 X92.587 Y119.951 E4.59692
G1 X78.542 Y123.715 E5.29627
G1 X76.285 Y123.715 E5.40482
G1 X76.285 Y123.658 E5.40756
G1 E3.40756 F2400
G92 E0
G1 X76.285 Y78.599 F7800
G1 E2 F2400
G1 F4800
G1 X76.285 Y76.285 E2.1113
G1 X84.955 Y84.955 E2.70102
G1 X83.614 Y86.426 E2.79676
G1 X76.285 Y88.389 E3.16168
G1 X76.285 Y92.646 E3.36643
G1 X79.195 Y95.555 E3.56433
G1 X78.895 Y97.241 E3.64669
G1 X78.761 Y98.599 E3.71232
G1 X78.725 Y99.712 E3.76588
G1 X76.285 Y100.366 E3.88738
G1 X76.285 Y99.109 E3.94784
G1 X82.401 Y76.285 E5.08433
G1 X84.715 Y76.285 E5.19563
G1 E3.19563 F2400
G92 E0
G1 X91.287 Y80.585 F7800
G1 E2 F2400
G1 F4800
G1 X92.614 Y80.038 E2.06903
G1 X93.447 Y79.76 E2.11127
G1 X94.378 Y76.285 E2.2843
G1 X92.646 Y76.285 E2.3676
G1 X95.552 Y79.191 E2.56526
G1 X97.836 Y78.828 E2.67649
G1 E.67649 F2400
G92 E0
G1 X116.017 Y76.285 F7800
G1 E2 F2400
G1 F4800
G1 X118.331 Y76.285 E2.1113
G1 X115.795 Y85.75 E2.58259
G1 X117.08 Y87.299 E2.67939
G1 X118.277 Y89.114 E2.78396
G1 X123.715 Y87.657 E3.05473
G1 X123.715 Y90.994 E3.21523
G1 X109.006 Y76.285 E4.21572
G1 X106.354 Y76.285 E4.34327
G1 X105.507 Y79.449 E4.50081
G1 X107.413 Y80.049 E4.59692
G1 X121.458 Y76.285 E5.29627
G1 X123.715 Y76.285 E5.40482
G1 X123.715 Y76.342 E5.40756
G1 E3.40756 F2400
G92 E0
G92 E0
G1 X100.6 Y81.007 F7800
G1 E2 F2400
;TYPE:Perimeter
;WIDTH:0.45
G1 F3600
G1 X100.609 Y81.007 E2.00043
G1 X101.825 Y81.085 E2.05904
G1 X103.033 Y81.24 E2.11762
G1 X104.229 Y81.473 E2.17622
G1 X105.407 Y81.782 E2.23479
G1 X106.563 Y82.166 E2.29338
G1 X107.692 Y82.623 E2.35196
G1 X108.79 Y83.152 E2.41058
G1 X109.851 Y83.75 E2.46916
G1 X110.872 Y84.414 E2.52774
G1 X111.848 Y85.143 E2.58633
G1 X112.776 Y85.932 E2.64492
G1 X113.651 Y86.78 E2.70353
G1 X114.47 Y87.682 E2.76213
G1 X115.229 Y88.634 E2.82069
G1 X115.926 Y89.633 E2.87928
G1 X116.558 Y90.675 E2.93789
G1 X117.121 Y91.755 E2.99647
G1 X117.614 Y92.869 E3.05506
G1 X118.035 Y94.012 E3.11364
G1 X118.382 Y95.18 E3.17224
G1 X118.653 Y96.367 E3.2308
G1 X118.847 Y97.57 E3.28941
G1 X118.964 Y98.782 E3.34797
G1 X119.003 Y100 E3.40658
G1 X118.964 Y101.218 E3.46519
G1 X118.847 Y102.43 E3.52375
G1 X118.653 Y103.633 E3.58236
G1 X118.382 Y104.82 E3.64092
G1 X118.035 Y105.988 E3.69952
G1 X117.614 Y107.131 E3.7581
G1 X117.121 Y108.245 E3.81669
G1 X116.558 Y109.325 E3.87527
G1 X115.926 Y110.367 E3.93388
G1 X115.229 Y111.366 E3.99247
G1 X114.47 Y112.318 E4.05103
G1 X113.651 Y113.22 E4.10963
G1 X112.776 Y114.068 E4.16824
G1 X111.848 Y114.857 E4.22683
G1 X110.872 Y115.586 E4.28542
G1 X109.851 Y116.25 E4.344
G1 X108.79 Y116.848 E4.40258
G1 X107.692 Y117.377 E4.4612
G1 X106.563 Y117.834 E4.51978
G1 X105.407 Y118.218 E4.57837
G1 X104.229 Y118.527 E4.63694
G1 X103.033 Y118.76 E4.69554
G1 X101.825 Y118.915 E4.75412
G1 X100.609 Y118.993 E4.81273
G1 X99.391 Y118.993 E4.87131
G1 X98.175 Y118.915 E4.92992
G1 X96.967 Y118.76 E4.9885
G1 X95.771 Y118.527 E5.0471
G1 X94.593 Y118.218 E5.10567
G1 X93.437 Y117.834 E5.16426
G1 X92.308 Y117.377 E5.22284
G1 X91.21 Y116.848 E5.28146
G1 X90.149 Y116.25 E5.34004
G1 X89.128 Y115.586 E5.39862
G1 X88.152 Y114.857 E5.45721
G1 X87.224 Y114.068 E5.5158
G1 X86.349 Y113.22 E5.57441
G1 X85.53 Y112.318 E5.63301
G1 X84.771 Y111.366 E5.69157
G1 X84.074 Y110.367 E5.75016
G1 X83.442 Y109.325 E5.80877
G1 X82.879 Y108.245 E5.86735
G1 X82.386 Y107.131 E5.92594
G1 X81.965 Y105.988 E5.98452
G1 X81.618 Y104.82 E6.04312
G1 X81.347 Y103.633 E6.10168
G1 X81.153 Y102.43 E6.16029
G1 X81.036 Y101.218 E6.21885
G1 X80.997 Y100 E6.27746
G1 X81.036 Y98.782 E6.33607
G1 X81.153 Y97.57 E6.39463
G1 X81.347 Y96.367 E6.45324
G1 X81.618 Y95.18 E6.5118
G1 X81.965 Y94.012 E6.5704
G1 X82.386 Y92.869 E6.62898
G1 X82.879 Y91.755 E6.68757
G1 X83.442 Y90.675 E6.74615
G1 X84.074 Y89.633 E6.80476
G1 X84.771 Y88.634 E6.86335
G1 X85.53 Y87.682 E6.92191
G1 X86.349 Y86.78 E6.98051
G1 X87.224 Y85.932 E7.03912
G1 X88.152 Y85.143 E7.09771
G1 X89.128 Y84.414 E7.1563
G1 X90.149 Y83.75 E7.21488
G1 X91.21 Y83.152 E7.27346
G1 X92.308 Y82.623 E7.33208
G1 X93.437 Y82.166 E7.39066
G1 X94.593 Y81.782 E7.44925
G1 X95.771 Y81.473 E7.50782
G1 X96.967 Y81.24 E7.56642
G1 X98.175 Y81.085 E7.625
G1 X99.391 Y81.007 E7.68361
G1 X100.54 Y81.007 E7.73887
G1 X100.624 Y80.621 F7800
G1 F3600
G1 X101.862 Y80.701 E7.79854
G1 X103.094 Y80.859 E7.85828
G1 X104.314 Y81.097 E7.91806
G1 X105.517 Y81.412 E7.97787
G1 X106.696 Y81.804 E8.03763
G1 X107.848 Y82.27 E8.0974
G1 X108.968 Y82.81 E8.1572
G1 X110.051 Y83.42 E8.21698
G1 X111.093 Y84.098 E8.27677
G1 X112.089 Y84.841 E8.33653
G1 X113.035 Y85.647 E8.3963
G1 X113.928 Y86.511 E8.45606
G1 X114.764 Y87.431 E8.51585
G1 X115.539 Y88.403 E8.57564
G1 X116.25 Y89.423 E8.63544
G1 X116.894 Y90.485 E8.69518
G1 X117.469 Y91.587 E8.75496
G1 X117.972 Y92.724 E8.81476
G1 X118.401 Y93.89 E8.87452
G1 X118.755 Y95.082 E8.93433
G1 X119.032 Y96.294 E8.99413
G1 X119.23 Y97.521 E9.05391
G1 X119.349 Y98.758 E9.11368
G1 X119.389 Y100 E9.17345
G1 X119.349 Y101.242 E9.23322
G1 X119.23 Y102.479 E9.29299
G1 X119.032 Y103.706 E9.35277
G1 X118.755 Y104.918 E9.41257
G1 X118.401 Y106.11 E9.47238
G1 X117.972 Y107.276 E9.53214
G1 X117.469 Y108.413 E9.59194
G1 X116.894 Y109.515 E9.65172
G1 X116.25 Y110.577 E9.71146
G1 X115.539 Y111.597 E9.77126
G1 X114.764 Y112.569 E9.83105
G1 X113.928 Y113.489 E9.89084
G1 X113.035 Y114.353 E9.9506
G1 X112.089 Y115.159 E10.01037
G1 X111.093 Y115.902 E10.07013
G1 X110.051 Y116.58 E10.12992
G1 X108.968 Y117.19 E10.1897
G1 X107.848 Y117.73 E10.2495
G1 X106.696 Y118.196 E10.30927
G1 X105.517 Y118.588 E10.36903
G1 X104.314 Y118.903 E10.42884
G1 X103.094 Y119.141 E10.48862
G1 X101.862 Y119.299 E10.54836
G1 X100.621 Y119.379 E10.60817
G1 X99.379 Y119.379 E10.66791
G1 X98.138 Y119.299 E10.72772
G1 X96.906 Y119.141 E10.78746
G1 X95.686 Y118.903 E10.84724
G1 X94.483 Y118.588 E10.90705
G1 X93.304 Y118.196 E10.96681
G1 X92.152 Y117.73 E11.02658
G1 X91.032 Y117.19 E11.08638
G1 X89.949 Y116.58 E11.14616
G1 X88.907 Y115.902 E11.20595
G1 X87.911 Y115.159 E11.26571
G1 X86.965 Y114.353 E11.32548
G1 X86.072 Y113.489 E11.38524
G1 X85.236 Y112.569 E11.44503
G1 X84.461 Y111.597 E11.50482
G1 X83.75 Y110.577 E11.56462
G1 X83.106 Y109.515 E11.62436
G1 X82.531 Y108.413 E11.68414
G1 X82.028 Y107.276 E11.74394
G1 X81.599 Y106.11 E11.8037
G1 X81.245 Y104.918 E11.86351
G1 X80.968 Y103.706 E11.92331
G1 X80.77 Y102.479 E11.98309
G1 X80.651 Y101.242 E12.04286
G1 X80.611 Y100 E12.10263
G1 X80.651 Y98.758 E12.1624
G1 X80.77 Y97.521 E12.22217
G1 X80.968 Y96.294 E12.28195
G1 X81.245 Y95.082 E12.34175
G1 X81.599 Y93.89 E12.40156
G1 X82.028 Y92.724 E12.46132
G1 X82.531 Y91.587 E12.52112
G1 X83.106 Y90.485 E12.5809
G1 X83.75 Y89.423 E12.64064
G1 X84.461 Y88.403 E12.70044
G1 X85.236 Y87.431 E12.76023
G1 X86.072 Y86.511 E12.82002
G1 X86.965 Y85.647 E12.87978
G1 X87.911 Y84.841 E12.93955
G1 X88.907 Y84.098 E12.99931
G1 X89.949 Y83.42 E13.0591
G1 X91.032 Y82.81 E13.11888
G1 X92.152 Y82.27 E13.17868
G1 X93.304 Y81.804 E13.23845
G1 X94.483 Y81.412 E13.29821
G1 X95.686 Y81.097 E13.35802
G1 X96.906 Y80.859 E13.4178
G1 X98.138 Y80.701 E13.47754
G1 X99.379 Y80.621 E13.53735
G1 X100.564 Y80.621 E13.59434
G1 X100.649 Y80.236 F7800
;TYPE:External perimeter
G1 F1800
G1 X101.899 Y80.316 E13.65458
G1 X103.156 Y80.479 E13.71554
G1 X104.4 Y80.721 E13.77649
G1 X105.626 Y81.042 E13.83744
G1 X106.83 Y81.442 E13.89846
G1 X108.005 Y81.918 E13.95943
G1 X109.147 Y82.468 E14.02039
G1 X110.251 Y83.09 E14.08134
G1 X111.314 Y83.781 E14.14232
G1 X112.329 Y84.539 E14.20325
G1 X113.295 Y85.361 E14.26426
G1 X114.205 Y86.243 E14.32521
G1 X115.058 Y87.181 E14.38619
G1 X115.848 Y88.172 E14.44715
G1 X116.573 Y89.212 E14.50813
G1 X117.23 Y90.296 E14.5691
G1 X117.817 Y91.42 E14.63009
G1 X118.33 Y92.579 E14.69105
G1 X118.767 Y93.769 E14.75202
G1 X119.128 Y94.984 E14.81298
G1 X119.41 Y96.22 E14.87395
G1 X119.613 Y97.471 E14.93491
G1 X119.734 Y98.733 E14.99589
G1 X119.775 Y100 E15.05686
G1 X119.734 Y101.267 E15.11783
G1 X119.613 Y102.529 E15.17881
G1 X119.41 Y103.78 E15.23977
G1 X119.128 Y105.016 E15.30074
G1 X118.767 Y106.231 E15.3617
G1 X118.33 Y107.421 E15.42267
G1 X117.817 Y108.58 E15.48363
G1 X117.23 Y109.704 E15.54462
G1 X116.573 Y110.788 E15.60559
G1 X115.848 Y111.828 E15.66657
G1 X115.058 Y112.819 E15.72753
G1 X114.205 Y113.757 E15.78851
G1 X113.295 Y114.639 E15.84946
G1 X112.329 Y115.461 E15.91047
G1 X111.314 Y116.219 E15.9714
G1 X110.251 Y116.91 E16.03238
G1 X109.147 Y117.532 E16.09333
G1 X108.005 Y118.082 E16.15429
G1 X106.83 Y118.558 E16.21526
G1 X105.626 Y118.958 E16.27628
G1 X104.4 Y119.279 E16.33723
G1 X103.156 Y119.521 E16.39818
G1 X101.899 Y119.684 E16.45914
G1 X100.634 Y119.765 E16.52011
G1 X99.366 Y119.765 E16.5811
G1 X98.101 Y119.684 E16.64207
G1 X96.844 Y119.521 E16.70303
G1 X95.6 Y119.279 E16.76398
G1 X94.374 Y118.958 E16.82493
G1 X93.17 Y118.558 E16.88595
G1 X91.995 Y118.082 E16.94692
G1 X90.853 Y117.532 E17.00788
G1 X89.749 Y116.91 E17.06883
G1 X88.686 Y116.219 E17.12981
G1 X87.671 Y115.461 E17.19074
G1 X86.705 Y114.639 E17.25175
G1 X85.795 Y113.757 E17.3127
G1 X84.942 Y112.819 E17.37368
G1 X84.152 Y111.828 E17.43464
G1 X83.427 Y110.788 E17.49562
G1 X82.77 Y109.704 E17.55659
G1 X82.183 Y108.58 E17.61758
G1 X81.67 Y107.421 E17.67854
G1 X81.233 Y106.231 E17.73951
G1 X80.872 Y105.016 E17.80047
G1 X80.59 Y103.78 E17.86144
G1 X80.387 Y102.529 E17.9224
G1 X80.266 Y101.267 E17.98338
G1 X80.225 Y100 E18.04435
G1 X80.266 Y98.733 E18.10532
G1 X80.387 Y97.471 E18.1663
G1 X80.59 Y96.22 E18.22726
G1 X80.872 Y94.984 E18.28823
G1 X81.233 Y93.769 E18.34919
G1 X81.67 Y92.579 E18.41016
G1 X82.183 Y91.42 E18.47112
G1 X82.77 Y90.296 E18.53211
G1 X83.427 Y89.212 E18.59308
G1 X84.152 Y88.172 E18.65406
G1 X84.942 Y87.181 E18.71502
G1 X85.795 Y86.243 E18.776
G1 X86.705 Y85.361 E18.83695
G1 X87.671 Y84.539 E18.89796
G1 X88.686 Y83.781 E18.95889
G1 X89.749 Y83.09 E19.01987
G1 X90.853 Y82.468 E19.08082
G1 X91.995 Y81.918 E19.14178
G1 X93.17 Y81.442 E19.20275
G1 X94.374 Y81.042 E19.26377
G1 X95.6 Y80.721 E19.32472
G1 X96.844 Y80.479 E19.38567
G1 X98.101 Y80.316 E19.44663
G1 X99.366 Y80.235 E19.5076
G1 X100.589 Y80.235 E19.56642
G1 X100.988 Y80.258 F7800
G1 E17.56642 F2400
G92 E0
G1 X95.512 Y81.84 F7800
G1 E2 F2400
;TYPE:Internal infill
;WIDTH:0.45
G1 F4800
G1 X97.013 Y81.526 E2.07376
G1 X97.787 Y81.426 E2.1113
G1 X118.577 Y102.217 E3.52545
G1 X118.682 Y100.982 E3.58506
G1 X84.307 Y110.193 E5.29671
G1 X85.019 Y111.213 E5.35654
G1 X92.631 Y82.804 E6.77111
G1 X91.344 Y83.408 E6.83949
G1 X90.567 Y83.846 E6.88239
G1 E4.88239 F2400
G92 E0
G1 X87.007 Y86.545 F7800
G1 E2 F2400
G1 F4800
G1 X88.766 Y85.045 E2.11119
G1 X102.253 Y81.431 E2.78275
G1 X102.987 Y81.526 E2.81835
G1 X104.841 Y81.933 E2.90964
G1 X95.159 Y118.067 E4.70887
G1 X97.013 Y118.474 E4.80016
G1 X97.747 Y118.569 E4.83576
G1 X111.234 Y114.955 E5.50732
G1 X112.581 Y113.853 E5.59102
G1 X113.228 Y113.228 E5.63429
G1 X86.772 Y86.772 E7.4338
G1 X85.75 Y87.869 E7.50591
G1 X85.243 Y88.506 E7.54507
G1 E5.54507 F2400
G92 E0
G1 X104.488 Y118.16 F7800
G1 E2 F2400
G1 F4800
G1 X102.987 Y118.474 E2.07376
G1 X102.213 Y118.574 E2.1113
G1 X81.423 Y97.783 E3.52545
G1 X81.318 Y99.018 E3.58506
G1 X115.693 Y89.807 E5.29671
G1 X114.981 Y88.787 E5.35654
G1 X107.369 Y117.196 E6.77111
G1 X108.656 Y116.592 E6.83949
G1 X109.433 Y116.154 E6.88239
;LAYER_CHANGE
;Z:4.85
;HEIGHT:0.3
G1 E4.88239 F2400
G92 E0
G1 Z4.85 F7800
G92 E0
G1 X118.278 Y110.331
G1 E2 F2400
;TYPE:Perimeter
;WIDTH:0.45
G1 F3600
G1 X117.597 Y111.454 E2.06317
G1 X116.827 Y112.558 E2.12791
G1 X115.988 Y113.611 E2.19267
G1 X115.083 Y114.607 E2.2574
G1 X114.116 Y115.543 E2.32213
G1 X113.091 Y116.416 E2.38689
G1 X112.013 Y117.221 E2.4516
G1 X110.885 Y117.955 E2.51633
G1 X109.712 Y118.616 E2.58109
G1 X108.499 Y119.2 E2.64584
G1 X107.252 Y119.705 E2.71055
G1 X105.974 Y120.129 E2.77531
G1 X104.672 Y120.47 E2.84004
G1 X103.351 Y120.728 E2.90478
G1 X102.016 Y120.9 E2.96952
G1 X100.673 Y120.986 E3.03425
G1 X99.327 Y120.986 E3.09899
G1 X97.984 Y120.9 E3.16372
G1 X96.649 Y120.728 E3.22846
G1 X95.328 Y120.47 E3.2932
G1 X94.026 Y120.129 E3.35793
G1 X92.748 Y119.705 E3.42269
G1 X91.501 Y119.2 E3.4874
G1 X90.288 Y118.616 E3.55215
G1 X89.115 Y117.955 E3.61691
G1 X87.987 Y117.221 E3.68164
G1 X86.909 Y116.416 E3.74635
G1 X85.884 Y115.543 E3.81111
G1 X84.917 Y114.607 E3.87584
G1 X84.012 Y113.611 E3.94057
G1 X83.173 Y112.558 E4.00533
G1 X82.403 Y111.454 E4.07007
G1 X81.705 Y110.303 E4.13481
G1 X81.083 Y109.11 E4.19952
G1 X80.538 Y107.879 E4.26427
G1 X80.073 Y106.616 E4.329
G1 X79.69 Y105.326 E4.39372
G1 X79.39 Y104.014 E4.45845
G1 X79.176 Y102.685 E4.52319
G1 X79.046 Y101.345 E4.58794
G1 X79.003 Y100 E4.65266
G1 X79.046 Y98.655 E4.71738
G1 X79.176 Y97.315 E4.78213
G1 X79.39 Y95.986 E4.84687
G1 X79.69 Y94.674 E4.9116
G1 X80.073 Y93.384 E4.97632
G1 X80.538 Y92.121 E5.04105
G1 X81.083 Y90.89 E5.1058
G1 X81.705 Y89.697 E5.17051
G1 X82.403 Y88.546 E5.23525
G1 X83.173 Y87.442 E5.29999
G1 X84.012 Y86.389 E5.36475
G1 X84.917 Y85.393 E5.42948
G1 X85.884 Y84.457 E5.49421
G1 X86.909 Y83.584 E5.55897
G1 X87.987 Y82.779 E5.62368
G1 X89.115 Y82.045 E5.68841
G1 X90.288 Y81.384 E5.75317
G1 X91.501 Y80.8 E5.81792
G1 X92.748 Y80.295 E5.88263
G1 X94.026 Y79.871 E5.94739
G1 X95.328 Y79.53 E6.01212
G1 X96.649 Y79.272 E6.07686
G1 X97.984 Y79.1 E6.1416
G1 X99.327 Y79.014 E6.20633
G1 X100.673 Y79.014 E6.27107
G1 X102.016 Y79.1 E6.3358
G1 X103.351 Y79.272 E6.40054
G1 X104.672 Y79.53 E6.46528
G1 X105.974 Y79.871 E6.53001
G1 X107.252 Y80.295 E6.59477
G1 X108.499 Y80.8 E6.65948
G1 X109.712 Y81.384 E6.72423
G1 X110.885 Y82.045 E6.78899
G1 X112.013 Y82.779 E6.85372
G1 X113.091 Y83.584 E6.91843
G1 X114.116 Y84.457 E6.98319
G1 X115.083 Y85.393 E7.04792
G1 X115.988 Y86.389 E7.11265
G1 X116.827 Y87.442 E7.17741
G1 X117.597 Y88.546 E7.24215
G1 X118.295 Y89.697 E7.30689
G1 X118.917 Y90.89 E7.3716
G1 X119.462 Y92.121 E7.43635
G1 X119.927 Y93.384 E7.50108
G1 X120.31 Y94.674 E7.5658
G1 X120.61 Y95.986 E7.63053
G1 X120.824 Y97.315 E7.69527
G1 X120.954 Y98.655 E7.76002
G1 X120.997 Y100 E7.82474
G1 X120.954 Y101.345 E7.88946
G1 X120.824 Y102.685 E7.95421
G1 X120.61 Y104.014 E8.01895
G1 X120.31 Y105.326 E8.08368
G1 X119.927 Y106.616 E8.1484
G1 X119.462 Y107.879 E8.21313
G1 X118.917 Y109.11 E8.27788
G1 X118.308 Y110.279 E8.34128
G1 X117.949 Y110.131 F7800
G1 F3600
G1 X117.274 Y111.244 E8.40389
G1 X116.518 Y112.328 E8.46745
G1 X115.694 Y113.361 E8.531
G1 X114.806 Y114.339 E8.59454
G1 X113.857 Y115.258 E8.65808
G1 X112.851 Y116.114 E8.72161
G1 X111.792 Y116.905 E8.78518
G1 X110.685 Y117.625 E8.84869
G1 X109.533 Y118.274 E8.91228
G1 X108.343 Y118.847 E8.9758
G1 X107.118 Y119.343 E9.03936
G1 X105.864 Y119.759 E9.10291
G1 X104.586 Y120.094 E9.16645
G1 X103.29 Y120.347 E9.22996
G1 X101.979 Y120.516 E9.29354
G1 X100.661 Y120.6 E9.35706
G1 X99.339 Y120.6 E9.42064
G1 X98.021 Y120.516 E9.48416
G1 X96.711 Y120.347 E9.54769
G1 X95.414 Y120.094 E9.61125
G1 X94.136 Y119.759 E9.67479
G1 X92.882 Y119.343 E9.73834
G1 X91.657 Y118.847 E9.8019
G1 X90.467 Y118.274 E9.86542
G1 X89.315 Y117.625 E9.92901
G1 X88.208 Y116.905 E9.99252
G1 X87.149 Y116.114 E10.05609
G1 X86.143 Y115.258 E10.11962
G1 X85.194 Y114.339 E10.18316
G1 X84.306 Y113.361 E10.2467
G1 X83.482 Y112.328 E10.31025
G1 X82.726 Y111.244 E10.37381
G1 X82.041 Y110.114 E10.43737
G1 X81.43 Y108.943 E10.5009
G1 X80.895 Y107.735 E10.56444
G1 X80.439 Y106.495 E10.62798
G1 X80.063 Y105.228 E10.69155
G1 X79.769 Y103.94 E10.75509
G1 X79.558 Y102.636 E10.81862
G1 X79.431 Y101.321 E10.88216
G1 X79.389 Y100 E10.94573
G1 X79.431 Y98.679 E11.0093
G1 X79.558 Y97.364 E11.07284
G1 X79.769 Y96.06 E11.13637
G1 X80.063 Y94.772 E11.19991
G1 X80.439 Y93.505 E11.26348
G1 X80.895 Y92.265 E11.32702
G1 X81.43 Y91.057 E11.39056
G1 X82.041 Y89.886 E11.45409
G1 X82.726 Y88.756 E11.51765
G1 X83.482 Y87.672 E11.58121
G1 X84.306 Y86.639 E11.64476
G1 X85.194 Y85.661 E11.7083
G1 X86.143 Y84.742 E11.77184
G1 X87.149 Y83.886 E11.83537
G1 X88.208 Y83.095 E11.89894
G1 X89.315 Y82.375 E11.96245
G1 X90.467 Y81.726 E12.02604
G1 X91.657 Y81.153 E12.08956
G1 X92.882 Y80.657 E12.15312
G1 X94.136 Y80.241 E12.21667
G1 X95.414 Y79.906 E12.28021
G1 X96.71 Y79.653 E12.34372
G1 X98.021 Y79.484 E12.4073
G1 X99.339 Y79.4 E12.47082
G1 X100.661 Y79.4 E12.5344
G1 X101.979 Y79.484 E12.59792
G1 X103.289 Y79.653 E12.66145
G1 X104.586 Y79.906 E12.72501
G1 X105.864 Y80.241 E12.78855
G1 X107.118 Y80.657 E12.8521
G1 X108.343 Y81.153 E12.91566
G1 X109.533 Y81.726 E12.97918
G1 X110.685 Y82.375 E13.04277
G1 X111.792 Y83.095 E13.10628
G1 X112.851 Y83.886 E13.16985
G1 X113.857 Y84.742 E13.23338
G1 X114.806 Y85.661 E13.29692
G1 X115.694 Y86.639 E13.36046
G1 X116.518 Y87.672 E13.42401
G1 X117.274 Y88.756 E13.48757
G1 X117.959 Y89.886 E13.55113
G1 X118.57 Y91.057 E13.61466
G1 X119.105 Y92.265 E13.6782
G1 X119.561 Y93.505 E13.74174
G1 X119.937 Y94.772 E13.80531
G1 X120.231 Y96.06 E13.86885
G1 X120.442 Y97.364 E13.93238
G1 X120.569 Y98.679 E13.99592
G1 X120.611 Y100 E14.05949
G1 X120.569 Y101.321 E14.12306
G1 X120.442 Y102.636 E14.1866
G1 X120.231 Y103.94 E14.25013
G1 X119.937 Y105.228 E14.31367
G1 X119.561 Y106.495 E14.37724
G1 X119.105 Y107.735 E14.44078
G1 X118.57 Y108.943 E14.50432
G1 X117.977 Y110.078 E14.56591
G1 X117.619 Y109.931 F7800
;TYPE:External perimeter
G1 F1800
G1 X116.95 Y111.033 E14.62791
G1 X116.209 Y112.097 E14.69027
G1 X115.4 Y113.11 E14.75262
G1 X114.529 Y114.07 E14.81496
G1 X113.597 Y114.972 E14.87734
G1 X112.61 Y115.813 E14.93971
G1 X111.571 Y116.588 E15.00205
G1 X110.485 Y117.295 E15.06438
G1 X109.355 Y117.932 E15.12677
G1 X108.187 Y118.494 E15.18911
G1 X106.985 Y118.981 E15.25149
G1 X105.755 Y119.389 E15.31382
G1 X104.501 Y119.718 E15.37617
G1 X103.228 Y119.966 E15.43855
G1 X101.942 Y120.132 E15.50092
G1 X100.648 Y120.215 E15.56328
G1 X99.352 Y120.215 E15.62561
G1 X98.058 Y120.132 E15.68797
G1 X96.772 Y119.966 E15.75034
G1 X95.499 Y119.718 E15.81272
G1 X94.245 Y119.389 E15.87507
G1 X93.015 Y118.981 E15.9374
G1 X91.813 Y118.494 E15.99978
G1 X90.645 Y117.932 E16.06212
G1 X89.515 Y117.295 E16.12451
G1 X88.429 Y116.588 E16.18684
G1 X87.39 Y115.813 E16.24918
G1 X86.403 Y114.972 E16.31155
G1 X85.471 Y114.07 E16.37393
G1 X84.6 Y113.11 E16.43627
G1 X83.791 Y112.097 E16.49862
G1 X83.05 Y111.034 E16.56094
G1 X82.377 Y109.925 E16.62333
G1 X81.778 Y108.775 E16.68569
G1 X81.253 Y107.59 E16.74803
G1 X80.805 Y106.373 E16.8104
G1 X80.436 Y105.13 E16.87276
G1 X80.148 Y103.866 E16.93511
G1 X79.941 Y102.586 E16.99747
G1 X79.816 Y101.296 E17.05981
G1 X79.775 Y100 E17.12217
G1 X79.816 Y98.704 E17.18453
G1 X79.941 Y97.414 E17.24687
G1 X80.148 Y96.134 E17.30923
G1 X80.436 Y94.87 E17.37158
G1 X80.805 Y93.627 E17.43394
G1 X81.253 Y92.41 E17.49631
G1 X81.778 Y91.225 E17.55865
G1 X82.377 Y90.075 E17.62101
G1 X83.05 Y88.967 E17.68336
G1 X83.791 Y87.903 E17.74572
G1 X84.6 Y86.89 E17.80807
G1 X85.471 Y85.93 E17.87041
G1 X86.403 Y85.028 E17.93279
G1 X87.39 Y84.187 E17.99516
G1 X88.429 Y83.412 E18.0575
G1 X89.515 Y82.705 E18.11983
G1 X90.645 Y82.068 E18.18222
G1 X91.813 Y81.506 E18.24456
G1 X93.015 Y81.019 E18.30694
G1 X94.245 Y80.611 E18.36927
G1 X95.499 Y80.282 E18.43162
G1 X96.772 Y80.034 E18.494
G1 X98.058 Y79.868 E18.55637
G1 X99.352 Y79.785 E18.61873
G1 X100.648 Y79.785 E18.68106
G1 X101.942 Y79.868 E18.74342
G1 X103.228 Y80.034 E18.80579
G1 X104.501 Y80.282 E18.86817
G1 X105.755 Y80.611 E18.93052
G1 X106.985 Y81.019 E18.99285
G1 X108.187 Y81.506 E19.05523
G1 X109.355 Y82.068 E19.11757
G1 X110.485 Y82.705 E19.17996
G1 X111.571 Y83.412 E19.24229
G1 X112.61 Y84.187 E19.30463
G1 X113.597 Y85.028 E19.367
G1 X114.529 Y85.93 E19.42938
G1 X115.4 Y86.89 E19.49172
G1 X116.209 Y87.903 E19.55407
G1 X116.95 Y88.966 E19.61639
G1 X117.623 Y90.075 E19.67878
G1 X118.222 Y91.225 E19.74114
G1 X118.747 Y92.41 E19.80348
G1 X119.195 Y93.627 E19.86585
G1 X119.564 Y94.87 E19.92821
G1 X119.852 Y96.134 E19.99056
G1 X120.059 Y97.414 E20.05292
G1 X120.184 Y98.704 E20.11526
G1 X120.225 Y100 E20.17762
G1 X120.184 Y101.296 E20.23998
G1 X120.059 Y102.586 E20.30232
G1 X119.852 Y103.866 E20.36468
G1 X119.564 Y105.13 E20.42703
G1 X119.195 Y106.373 E20.48939
G1 X118.747 Y107.59 E20.55176
G1 X118.222 Y108.775 E20.6141
G1 X117.647 Y109.878 E20.67393
G1 X117.442 Y110.222 F7800
G1 E18.67393 F2400
G92 E0
G1 X124.004 Y124.004 F7800
G1 E2 F2400
;TYPE:Perimeter
G1 F3600
G1 X75.996 Y124.004 E4.30902
G1 X75.996 Y75.996 E6.61804
G1 X124.004 Y75.996 E8.92706
G1 X124.004 Y123.944 E11.23319
G1 X124.389 Y124.389 F7800
G1 F3600
G1 X75.611 Y124.389 E13.57924
G1 X75.611 Y75.611 E15.92529
G1 X124.389 Y75.611 E18.27134
G1 X124.389 Y124.329 E20.61451
G1 X124.775 Y124.775 F7800
;TYPE:External perimeter
G1 F1800
G1 X75.225 Y124.775 E22.99769
G1 X75.225 Y75.225 E25.38087
G1 X124.775 Y75.225 E27.76405
G1 X124.775 Y124.715 E30.14435
G1 X124.379 Y124.774 F7800
G1 E28.14435 F2400
G92 E0
G1 X123.715 Y121.401 F7800
G1 E2 F2400
;TYPE:Internal infill
;WIDTH:0.45
G1 F4800
G1 X123.715 Y123.715 E2.1113
G1 X115.044 Y115.044 E2.70109
G1 X116.384 Y113.575 E2.79672
G1 X123.715 Y111.611 E3.16175
G1 X123.715 Y107.354 E3.3665
G1 X120.806 Y104.445 E3.56437
G1 X121.105 Y102.759 E3.64673
G1 X121.239 Y101.401 E3.71236
G1 X121.275 Y100.288 E3.76592
G1 X123.715 Y99.634 E3.88742
G1 X123.715 Y100.891 E3.94788
G1 X117.599 Y123.715 E5.08437
G1 X115.285 Y123.715 E5.19567
G1 E3.19567 F2400
G92 E0
G1 X108.714 Y119.417 F7800
G1 E2 F2400
G1 F4800
G1 X106.553 Y120.24 E2.11122
G1 X105.622 Y123.715 E2.28425
G1 X107.354 Y123.715 E2.36755
G1 X104.448 Y120.809 E2.56521
G1 X102.164 Y121.172 E2.67644
G1 E.67644 F2400
G92 E0
G1 X83.983 Y123.715 F7800
G1 E2 F2400
G1 F4800
G1 X81.669 Y123.715 E2.1113
G1 X84.205 Y114.25 E2.58259
G1 X82.92 Y112.701 E2.67939
G1 X81.723 Y110.886 E2.78396
G1 X76.285 Y112.343 E3.05473
G1 X76.285 Y109.006 E3.21523
G1 X90.994 Y123.715 E4.21572
G1 X93.646 Y123.715 E4.34327
G1 X94.493 Y120.551 E4.50081
G1 X92.587 Y119.951 E4.59692
G1 X78.542 Y123.715 E5.29627
G1 X76.285 Y123.715 E5.40482
G1 X76.285 Y123.658 E5.40756
G1 E3.40756 F2400
G92 E0
G1 X76.285 Y78.599 F7800
G1 E2 F2400
G1 F4800
G1 X76.285 Y76.285 E2.1113
G1 X84.955 Y84.955 E2.70102
G1 X83.614 Y86.426 E2.79676
G1 X76.285 Y88.389 E3.16168
G1 X76.285 Y92.646 E3.36643
G1 X79.195 Y95.555 E3.56433
G1 X78.895 Y97.241 E3.64669
G1 X78.761 Y98.599 E3.71232
G1 X78.725 Y99.712 E3.76588
G1 X76.285 Y100.366 E3.88738
G1 X76.285 Y99.109 E3.94784
G1 X82.401 Y76.285 E5.08433
G1 X84.715 Y76.285 E5.19563
G1 E3.19563 F2400
G92 E0
G1 X91.287 Y80.585 F7800
G1 E2 F2400
G1 F4800
G1 X92.614 Y80.038 E2.06903
G1 X93.447 Y79.76 E2.11127
G1 X94.378 Y76.285 E2.2843
G1 X92.646 Y76.285 E2.3676
G1 X95.552 Y79.191 E2.56526
G1 X97.836 Y78.828 E2.67649
G1 E.67649 F2400
G92 E0
G1 X116.017 Y76.285 F7800
G1 E2 F2400
G1 F4800
G1 X118.331 Y76.285 E2.1113
G1 X115.795 Y85.75 E2.58259
G1 X117.08 Y87.299 E2.67939
G1 X118.277 Y89.114 E2.78396
G1 X123.715 Y87.657 E3.05473
G1 X123.715 Y90.994 E3.21523
G1 X109.006 Y76.285 E4.21572
G1 X106.354 Y76.285 E4.34327
G1 X105.507 Y79.449 E4.50081
G1 X107.413 Y80.049 E4.59692
G1 X121.458 Y76.285 E5.29627
G1 X123.715 Y76.285 E5.40482
G1 X123.715 Y76.342 E5.40756
G1 E3.40756 F2400
G92 E0
G92 E0
G1 X100.6 Y81.007 F7800
G1 E2 F2400
;TYPE:Perimeter
;WIDTH:0.45
G1 F3600
G1 X100.609 Y81.007 E2.00043
G1 X101.825 Y81.085 E2.05904
G1 X103.033 Y81.24 E2.11762
G1 X104.229 Y81.473 E2.17622
G1 X105.407 Y81.782 E2.23479
G1 X106.563 Y82.166 E2.29338
G1 X107.692 Y82.623 E2.35196
G1 X108.79 Y83.152 E2.41058
G1 X109.851 Y83.75 E2.46916
G1 X110.872 Y84.414 E2.52774
G1 X111.848 Y85.143 E2.58633
G1 X112.776 Y85.932 E2.64492
G1 X113.651 Y86.78 E2.70353
G1 X114.47 Y87.682 E2.76213
G1 X115.229 Y88.634 E2.82069
G1 X115.926 Y89.633 E2.87928
G1 X116.558 Y90.675 E2.93789
G1 X117.121 Y91.755 E2.99647
G1 X117.614 Y92.869 E3.05506
G1 X118.035 Y94.012 E3.11364
G1 X118.382 Y95.18 E3.17224
G1 X118.653 Y96.367 E3.2308
G1 X118.847 Y97.57 E3.28941
G1 X118.964 Y98.782 E3.34797
G1 X119.003 Y100 E3.40658
G1 X118.964 Y101.218 E3.46519
G1 X118.847 Y102.43 E3.52375
G1 X118.653 Y103.633 E3.58236
G1 X118.382 Y104.82 E3.64092
G1 X118.035 Y105.988 E3.69952
G1 X117.614 Y107.131 E3.7581
G1 X117.121 Y108.245 E3.81669
G1 X116.558 Y109.325 E3.87527
G1 X115.926 Y110.367 E3.93388
G1 X115.229 Y111.366 E3.99247
G1 X114.47 Y112.318 E4.05103
G1 X113.651 Y113.22 E4.10963
G1 X112.776 Y114.068 E4.16824
G1 X111.848 Y114.857 E4.22683
G1 X110.872 Y115.586 E4.28542
G1 X109.851 Y116.25 E4.344
G1 X108.79 Y116.848 E4.40258
G1 X107.692 Y117.377 E4.4612
G1 X106.563 Y117.834 E4.51978
G1 X105.407 Y118.218 E4.57837
G1 X104.229 Y118.527 E4.63694
G1 X103.033 Y118.76 E4.69554
G1 X101.825 Y118.915 E4.75412
G1 X100.609 Y118.993 E4.81273
G1 X99.391 Y118.993 E4.87131
G1 X98.175 Y118.915 E4.92992
G1 X96.967 Y118.76 E4.9885
G1 X95.771 Y118.527 E5.0471
G1 X94.593 Y118.218 E5.10567
G1 X93.437 Y117.834 E5.16426
G1 X92.308 Y117.377 E5.22284
G1 X91.21 Y116.848 E5.28146
G1 X90.149 Y116.25 E5.34004
G1 X89.128 Y115.586 E5.39862
G1 X88.152 Y114.857 E5.45721
G1 X87.224 Y114.068 E5.5158
G1 X86.349 Y113.22 E5.57441
G1 X85.53 Y112.318 E5.63301
G1 X84.771 Y111.366 E5.69157
G1 X84.074 Y110.367 E5.75016
G1 X83.442 Y109.325 E5.80877
G1 X82.879 Y108.245 E5.86735
G1 X82.386 Y107.131 E5.92594
G1 X81.965 Y105.988 E5.98452
G1 X81.618 Y104.82 E6.04312
G1 X81.347 Y103.633 E6.10168
G1 X81.153 Y102.43 E6.16029
G1 X81.036 Y101.218 E6.21885
G1 X80.997 Y100 E6.27746
G1 X81.036 Y98.782 E6.33607
G1 X81.153 Y97.57 E6.39463
G1 X81.347 Y96.367 E6.45324
G1 X81.618 Y95.18 E6.5118
G1 X81.965 Y94.012 E6.5704
G1 X82.386 Y92.869 E6.62898
G1 X82.879 Y91.755 E6.68757
G1 X83.442 Y90.675 E6.74615
G1 X84.074 Y89.633 E6.80476
G1 X84.771 Y88.634 E6.86335
G1 X85.53 Y87.682 E6.92191
G1 X86.349 Y86.78 E6.98051
G1 X87.224 Y85.932 E7.03912
G1 X88.152 Y85.143 E7.09771
G1 X89.128 Y84.414 E7.1563
G1 X90.149 Y83.75 E7.21488
G1 X91.21 Y83.152 E7.27346
G1 X92.308 Y82.623 E7.33208
G1 X93.437 Y82.166 E7.39066
G1 X94.593 Y81.782 E7.44925
G1 X95.771 Y81.473 E7.50782
G1 X96.967 Y81.24 E7.56642
G1 X98.175 Y81.085 E7.625
G1 X99.391 Y81.007 E7.68361
G1 X100.54 Y81.007 E7.73887
G1 X100.624 Y80.621 F7800
G1 F3600
G1 X101.862 Y80.701 E7.79854
G1 X103.094 Y80.859 E7.85828
G1 X104.314 Y81.097 E7.91806
G1 X105.517 Y81.412 E7.97787
G1 X106.696 Y81.804 E8.03763
G1 X107.848 Y82.27 E8.0974
G1 X108.968 Y82.81 E8.1572
G1 X110.051 Y83.42 E8.21698
G1 X111.093 Y84.098 E8.27677
G1 X112.089 Y84.841 E8.33653
G1 X113.035 Y85.647 E8.3963
G1 X113.928 Y86.511 E8.45606
G1 X114.764 Y87.431 E8.51585
G1 X115.539 Y88.403 E8.57564
G1 X116.25 Y89.423 E8.63544
G1 X116.894 Y90.485 E8.69518
G1 X117.469 Y91.587 E8.75496
G1 X117.972 Y92.724 E8.81476
G1 X118.401 Y93.89 E8.87452
G1 X118.755 Y95.082 E8.93433
G1 X119.032 Y96.294 E8.99413
G1 X119.23 Y97.521 E9.05391
G1 X119.349 Y98.758 E9.11368
G1 X119.389 Y100 E9.17345
G1 X119.349 Y101.242 E9.23322
G1 X119.23 Y102.479 E9.29299
G1 X119.032 Y103.706 E9.35277
G1 X118.755 Y104.918 E9.41257
G1 X118.401 Y106.11 E9.47238
G1 X117.972 Y107.276 E9.53214
G1 X117.469 Y108.413 E9.59194
G1 X116.894 Y109.515 E9.65172
G1 X116.25 Y110.577 E9.71146
G1 X115.539 Y111.597 E9.77126
G1 X114.764 Y112.569 E9.83105
G1 X113.928 Y113.489 E9.89084
G1 X113.035 Y114.353 E9.9506
G1 X112.089 Y115.159 E10.01037
G1 X111.093 Y115.902 E10.07013
G1 X110.051 Y116.58 E10.12992
G1 X108.968 Y117.19 E10.1897
G1 X107.848 Y117.73 E10.2495
G1 X106.696 Y118.196 E10.30927
G1 X105.517 Y118.588 E10.36903
G1 X104.314 Y118.903 E10.42884
G1 X103.094 Y119.141 E10.48862
G1 X101.862 Y119.299 E10.54836
G1 X100.621 Y119.379 E10.60817
G1 X99.379 Y119.379 E10.66791
G1 X98.138 Y119.299 E10.72772
G1 X96.906 Y119.141 E10.78746
G1 X95.686 Y118.903 E10.84724
G1 X94.483 Y118.588 E10.90705
G1 X93.304 Y118.196 E10.96681
G1 X92.152 Y117.73 E11.02658
G1 X91.032 Y117.19 E11.08638
G1 X89.949 Y116.58 E11.14616
G1 X88.907 Y115.902 E11.20595
G1 X87.911 Y115.159 E11.26571
G1 X86.965 Y114.353 E11.32548
G1 X86.072 Y113.489 E11.38524
G1 X85.236 Y112.569 E11.44503
G1 X84.461 Y111.597 E11.50482
G1 X83.75 Y110.577 E11.56462
G1 X83.106 Y109.515 E11.62436
G1 X82.531 Y108.413 E11.68414
G1 X82.028 Y107.276 E11.74394
G1 X81.599 Y106.11 E11.8037
G1 X81.245 Y104.918 E11.86351
G1 X80.968 Y103.706 E11.92331
G1 X80.77 Y102.479 E11.98309
G1 X80.651 Y101.242 E12.04286
G1 X80.611 Y100 E12.10263
G1 X80.651 Y98.758 E12.1624
G1 X80.77 Y97.521 E12.22217
G1 X80.968 Y96.294 E12.28195
G1 X81.245 Y95.082 E12.34175
G1 X81.599 Y93.89 E12.40156
G1 X82.028 Y92.724 E12.46132
G1 X82.531 Y91.587 E12.52112
G1 X83.106 Y90.485 E12.5809
G1 X83.75 Y89.423 E12.64064
G1 X84.461 Y88.403 E12.70044
G1 X85.236 Y87.431 E12.76023
G1 X86.072 Y86.511 E12.82002
G1 X86.965 Y85.647 E12.87978
G1 X87.911 Y84.841 E12.93955
G1 X88.907 Y84.098 E12.99931
G1 X89.949 Y83.42 E13.0591
G1 X91.032 Y82.81 E13.11888
G1 X92.152 Y82.27 E13.17868
G1 X93.304 Y81.804 E13.23845
G1 X94.483 Y81.412 E13.29821
G1 X95.686 Y81.097 E13.35802
G1 X96.906 Y80.859 E13.4178
G1 X98.138 Y80.701 E13.47754
G1 X99.379 Y80.621 E13.53735
G1 X100.564 Y80.621 E13.59434
G1 X100.649 Y80.236 F7800
;TYPE:External perimeter
G1 F1800
G1 X101.899 Y80.316 E13.65458
G1 X103.156 Y80.479 E13.71554
G1 X104.4 Y80.721 E13.77649
G1 X105.626 Y81.042 E13.83744
G1 X106.83 Y81.442 E13.89846
G1 X108.005 Y81.918 E13.95943
G1 X109.147 Y82.468 E14.02039
G1 X110.251 Y83.09 E14.08134
G1 X111.314 Y83.781 E14.14232
G1 X112.329 Y84.539 E14.20325
G1 X113.295 Y85.361 E14.26426
G1 X114.205 Y86.243 E14.32521
G1 X115.058 Y87.181 E14.38619
G1 X115.848 Y88.172 E14.44715
G1 X116.573 Y89.212 E14.50813
G1 X117.23 Y90.296 E14.5691
G1 X117.817 Y91.42 E14.63009
G1 X118.33 Y92.579 E14.69105
G1 X118.767 Y93.769 E14.75202
G1 X119.128 Y94.984 E14.81298
G1 X119.41 Y96.22 E14.87395
G1 X119.613 Y97.471 E14.93491
G1 X119.734 Y98.733 E14.99589
G1 X119.775 Y100 E15.05686
G1 X119.734 Y101.267 E15.11783
G1 X119.613 Y102.529 E15.17881
G1 X119.41 Y103.78 E15.23977
G1 X119.128 Y105.016 E15.30074
G1 X118.767 Y106.231 E15.3617
G1 X118.33 Y107.421 E15.42267
G1 X117.817 Y108.58 E15.48363
G1 X117.23 Y109.704 E15.54462
G1 X116.573 Y110.788 E15.60559
G1 X115.848 Y111.828 E15.66657
G1 X115.058 Y112.819 E15.72753
G1 X114.205 Y113.757 E15.78851
G1 X113.295 Y114.639 E15.84946
G1 X112.329 Y115.461 E15.91047
G1 X111.314 Y116.219 E15.9714
G1 X110.251 Y116.91 E16.03238
G1 X109.147 Y117.532 E16.09333
G1 X108.005 Y118.082 E16.15429
G1 X106.83 Y118.558 E16.21526
G1 X105.626 Y118.958 E16.27628
G1 X104.4 Y119.279 E16.33723
G1 X103.156 Y119.521 E16.39818
G1 X101.899 Y119.684 E16.45914
G1 X100.634 Y119.765 E16.52011
G1 X99.366 Y119.765 E16.5811
G1 X98.101 Y119.684 E16.64207
G1 X96.844 Y119.521 E16.70303
G1 X95.6 Y119.279 E16.76398
G1 X94.374 Y118.958 E16.82493
G1 X93.17 Y118.558 E16.88595
G1 X91.995 Y118.082 E16.94692
G1 X90.853 Y117.532 E17.00788
G1 X89.749 Y116.91 E17.06883
G1 X88.686 Y116.219 E17.12981
G1 X87.671 Y115.461 E17.19074
G1 X86.705 Y114.639 E17.25175
G1 X85.795 Y113.757 E17.3127
G1 X84.942 Y112.819 E17.37368
G1 X84.152 Y111.828 E17.43464
G1 X83.427 Y110.788 E17.49562
G1 X82.77 Y109.704 E17.55659
G1 X82.183 Y108.58 E17.61758
G1 X81.67 Y107.421 E17.67854
G1 X81.233 Y106.231 E17.73951
G1 X80.872 Y105.016 E17.80047
G1 X80.59 Y103.78 E17.86144
G1 X80.387 Y102.529 E17.9224
G1 X80.266 Y101.267 E17.98338
G1 X80.225 Y100 E18.04435
G1 X80.266 Y98.733 E18.10532
G1 X80.387 Y97.471 E18.1663
G1 X80.59 Y96.22 E18.22726
G1 X80.872 Y94.984 E18.28823
G1 X81.233 Y93.769 E18.34919
G1 X81.67 Y92.579 E18.41016
G1 X82.183 Y91.42 E18.47112
G1 X82.77 Y90.296 E18.53211
G1 X83.427 Y89.212 E18.59308
G1 X84.152 Y88.172 E18.65406
G1 X84.942 Y87.181 E18.71502
G1 X85.795 Y86.243 E18.776
G1 X86.705 Y85.361 E18.83695
G1 X87.671 Y84.539 E18.89796
G1 X88.686 Y83.781 E18.95889
G1 X89.749 Y83.09 E19.01987
G1 X90.853 Y82.468 E19.08082
G1 X91.995 Y81.918 E19.14178
G1 X93.17 Y81.442 E19.20275
G1 X94.374 Y81.042 E19.26377
G1 X95.6 Y80.721 E19.32472
G1 X96.844 Y80.479 E19.38567
G1 X98.101 Y80.316 E19.44663
G1 X99.366 Y80.235 E19.5076
G1 X100.589 Y80.235 E19.56642
G1 X100.988 Y80.258 F7800
G1 E17.56642 F2400
G92 E0
G1 X95.512 Y81.84 F7800
G1 E2 F2400
;TYPE:Internal infill
;WIDTH:0.45
G1 F4800
G1 X97.013 Y81.526 E2.07376
G1 X97.787 Y81.426 E2.1113
G1 X118.577 Y102.217 E3.52545
G1 X118.682 Y100.982 E3.58506
G1 X84.307 Y110.193 E5.29671
G1 X85.019 Y111.213 E5.35654
G1 X92.631 Y82.804 E6.77111
G1 X91.344 Y83.408 E6.83949
G1 X90.567 Y83.846 E6.88239
G1 E4.88239 F2400
G92 E0
G1 X87.007 Y86.545 F7800
G1 E2 F2400
G1 F4800
G1 X88.766 Y85.045 E2.11119
G1 X102.253 Y81.431 E2.78275
G1 X102.987 Y81.526 E2.81835
G1 X104.841 Y81.933 E2.90964
G1 X95.159 Y118.067 E4.70887
G1 X97.013 Y118.474 E4.80016
G1 X97.747 Y118.569 E4.83576
G1 X111.234 Y114.955 E5.50732
G1 X112.581 Y113.853 E5.59102
G1 X113.228 Y113.228 E5.63429
G1 X86.772 Y86.772 E7.4338
G1 X85.75 Y87.869 E7.50591
G1 X85.243 Y88.506 E7.54507
G1 E5.54507 F2400
G92 E0
G1 X104.488 Y118.16 F7800
G1 E2 F2400
G1 F4800
G1 X102.987 Y118.474 E2.07376
G1 X102.213 Y118.574 E2.1113
G1 X81.423 Y97.783 E3.52545
G1 X81.318 Y99.018 E3.58506
G1 X115.693 Y89.807 E5.29671
G1 X114.981 Y88.787 E5.35654
G1 X107.369 Y117.196 E6.77111
G1 X108.656 Y116.592 E6.83949
G1 X109.433 Y116.154 E6.88239
;LAYER_CHANGE
;Z:5.15
;HEIGHT:0.3
G1 E4.88239 F2400
G92 E0
G1 Z5.15 F7800
G92 E0
G1 X118.278 Y110.331
G1 E2 F2400
;TYPE:Perimeter
;WIDTH:0.45
G1 F3600
G1 X117.597 Y111.454 E2.06317
G1 X116.827 Y112.558 E2.12791
G1 X115.988 Y113.611 E2.19267
G1 X115.083 Y114.607 E2.2574
G1 X114.116 Y115.543 E2.32213
G1 X113.091 Y116.416 E2.38689
G1 X112.013 Y117.221 E2.4516
G1 X110.885 Y117.955 E2.51633
G1 X109.712 Y118.616 E2.58109
G1 X108.499 Y119.2 E2.64584
G1 X107.252 Y119.705 E2.71055
G1 X105.974 Y120.129 E2.77531
G1 X104.672 Y120.47 E2.84004
G1 X103.351 Y120.728 E2.90478
G1 X102.016 Y120.9 E2.96952
G1 X100.673 Y120.986 E3.03425
G1 X99.327 Y120.986 E3.09899
G1 X97.984 Y120.9 E3.16372
G1 X96.649 Y120.728 E3.22846
G1 X95.328 Y120.47 E3.2932
G1 X94.026 Y120.129 E3.35793
G1 X92.748 Y119.705 E3.42269
G1 X91.501 Y119.2 E3.4874
G1 X90.288 Y118.616 E3.55215
G1 X89.115 Y117.955 E3.61691
G1 X87.987 Y117.221 E3.68164
G1 X86.909 Y116.416 E3.74635
G1 X85.884 Y115.543 E3.81111
G1 X84.917 Y114.607 E3.87584
G1 X84.012 Y113.611 E3.94057
G1 X83.173 Y112.558 E4.00533
G1 X82.403 Y111.454 E4.07007
G1 X81.705 Y110.303 E4.13481
G1 X81.083 Y109.11 E4.19952
G1 X80.538 Y107.879 E4.26427
G1 X80.073 Y106.616 E4.329
G1 X79.69 Y105.326 E4.39372
G1 X79.39 Y104.014 E4.45845
G1 X79.176 Y102.685 E4.52319
G1 X79.046 Y101.345 E4.58794
G1 X79.003 Y100 E4.65266
G1 X79.046 Y98.655 E4.71738
G1 X79.176 Y97.315 E4.78213
G1 X79.39 Y95.986 E4.84687
G1 X79.69 Y94.674 E4.9116
G1 X80.073 Y93.384 E4.97632
G1 X80.538 Y92.121 E5.04105
G1 X81.083 Y90.89 E5.1058
G1 X81.705 Y89.697 E5.17051
G1 X82.403 Y88.546 E5.23525
G1 X83.173 Y87.442 E5.29999
G1 X84.012 Y86.389 E5.36475
G1 X84.917 Y85.393 E5.42948
G1 X85.884 Y84.457 E5.49421
G1 X86.909 Y83.584 E5.55897
G1 X87.987 Y82.779 E5.62368
G1 X89.115 Y82.045 E5.68841
G1 X90.288 Y81.384 E5.75317
G1 X91.501 Y80.8 E5.81792
G1 X92.748 Y80.295 E5.88263
G1 X94.026 Y79.871 E5.94739
G1 X95.328 Y79.53 E6.01212
G1 X96.649 Y79.272 E6.07686
G1 X97.984 Y79.1 E6.1416
G1 X99.327 Y79.014 E6.20633
G1 X100.673 Y79.014 E6.27107
G1 X102.016 Y79.1 E6.3358
G1 X103.351 Y79.272 E6.40054
G1 X104.672 Y79.53 E6.46528
G1 X105.974 Y79.871 E6.53001
G1 X107.252 Y80.295 E6.59477
G1 X108.499 Y80.8 E6.65948
G1 X109.712 Y81.384 E6.72423
G1 X110.885 Y82.045 E6.78899
G1 X112.013 Y82.779 E6.85372
G1 X113.091 Y83.584 E6.91843
G1 X114.116 Y84.457 E6.98319
G1 X115.083 Y85.393 E7.04792
G1 X115.988 Y86.389 E7.11265
G1 X116.827 Y87.442 E7.17741
G1 X117.597 Y88.546 E7.24215
G1 X118.295 Y89.697 E7.30689
G1 X118.917 Y90.89 E7.3716
G1 X119.462 Y92.121 E7.43635
G1 X119.927 Y93.384 E7.50108
G1 X120.31 Y94.674 E7.5658
G1 X120.61 Y95.986 E7.63053
G1 X120.824 Y97.315 E7.69527
G1 X120.954 Y98.655 E7.76002
G1 X120.997 Y100 E7.82474
G1 X120.954 Y101.345 E7.88946
G1 X120.824 Y102.685 E7.95421
G1 X120.61 Y104.014 E8.01895
G1 X120.31 Y105.326 E8.08368
G1 X119.927 Y106.616 E8.1484
G1 X119.462 Y107.879 E8.21313
G1 X118.917 Y109.11 E8.27788
G1 X118.308 Y110.279 E8.34128
G1 X117.949 Y110.131 F7800
G1 F3600
G1 X117.274 Y111.244 E8.40389
G1 X116.518 Y112.328 E8.46745
G1 X115.694 Y113.361 E8.531
G1 X114.806 Y114.339 E8.59454
G1 X113.857 Y115.258 E8.65808
G1 X112.851 Y116.114 E8.72161
G1 X111.792 Y116.905 E8.78518
G1 X110.685 Y117.625 E8.84869
G1 X109.533 Y118.274 E8.91228
G1 X108.343 Y118.847 E8.9758
G1 X107.118 Y119.343 E9.03936
G1 X105.864 Y119.759 E9.10291
G1 X104.586 Y120.094 E9.16645
G1 X103.29 Y120.347 E9.22996
G1 X101.979 Y120.516 E9.29354
G1 X100.661 Y120.6 E9.35706
G1 X99.339 Y120.6 E9.42064
G1 X98.021 Y120.516 E9.48416
G1 X96.711 Y120.347 E9.54769
G1 X95.414 Y120.094 E9.61125
G1 X94.136 Y119.759 E9.67479
G1 X92.882 Y119.343 E9.73834
G1 X91.657 Y118.847 E9.8019
G1 X90.467 Y118.274 E9.86542
G1 X89.315 Y117.625 E9.92901
G1 X88.208 Y116.905 E9.99252
G1 X87.149 Y116.114 E10.05609
G1 X86.143 Y115.258 E10.11962
G1 X85.194 Y114.339 E10.18316
G1 X84.306 Y113.361 E10.2467
G1 X83.482 Y112.328 E10.31025
G1 X82.726 Y111.244 E10.37381
G1 X82.041 Y110.114 E10.43737
G1 X81.43 Y108.943 E10.5009
G1 X80.895 Y107.735 E10.56444
G1 X80.439 Y106.495 E10.62798
G1 X80.063 Y105.228 E10.69155
G1 X79.769 Y103.94 E10.75509
G1 X79.558 Y102.636 E10.81862
G1 X79.431 Y101.321 E10.88216
G1 X79.389 Y100 E10.94573
G1 X79.431 Y98.679 E11.0093
G1 X79.558 Y97.364 E11.07284
G1 X79.769 Y96.06 E11.13637
G1 X80.063 Y94.772 E11.19991
G1 X80.439 Y93.505 E11.26348
G1 X80.895 Y92.265 E11.32702
G1 X81.43 Y91.057 E11.39056
G1 X82.041 Y89.886 E11.45409
G1 X82.726 Y88.756 E11.51765
G1 X83.482 Y87.672 E11.58121
G1 X84.306 Y86.639 E11.64476
G1 X85.194 Y85.661 E11.7083
G1 X86.143 Y84.742 E11.77184
G1 X87.149 Y83.886 E11.83537
G1 X88.208 Y83.095 E11.89894
G1 X89.315 Y82.375 E11.96245
G1 X90.467 Y81.726 E12.02604
G1 X91.657 Y81.153 E12.08956
G1 X92.882 Y80.657 E12.15312
G1 X94.136 Y80.241 E12.21667
G1 X95.414 Y79.906 E12.28021
G1 X96.71 Y79.653 E12.34372
G1 X98.021 Y79.484 E12.4073
G1 X99.339 Y79.4 E12.47082
G1 X100.661 Y79.4 E12.5344
G1 X101.979 Y79.484 E12.59792
G1 X103.289 Y79.653 E12.66145
G1 X104.586 Y79.906 E12.72501
G1 X105.864 Y80.241 E12.78855
G1 X107.118 Y80.657 E12.8521
G1 X108.343 Y81.153 E12.91566
G1 X109.533 Y81.726 E12.97918
G1 X110.685 Y82.375 E13.04277
G1 X111.792 Y83.095 E13.10628
G1 X112.851 Y83.886 E13.16985
G1 X113.857 Y84.742 E13.23338
G1 X114.806 Y85.661 E13.29692
G1 X115.694 Y86.639 E13.36046
G1 X116.518 Y87.672 E13.42401
G1 X117.274 Y88.756 E13.48757
G1 X117.959 Y89.886 E13.55113
G1 X118.57 Y91.057 E13.61466
G1 X119.105 Y92.265 E13.6782
G1 X119.561 Y93.505 E13.74174
G1 X119.937 Y94.772 E13.80531
G1 X120.231 Y96.06 E13.86885
G1 X120.442 Y97.364 E13.93238
G1 X120.569 Y98.679 E13.99592
G1 X120.611 Y100 E14.05949
G1 X120.569 Y101.321 E14.12306
G1 X120.442 Y102.636 E14.1866
G1 X120.231 Y103.94 E14.25013
G1 X119.937 Y105.228 E14.31367
G1 X119.561 Y106.495 E14.37724
G1 X119.105 Y107.735 E14.44078
G1 X118.57 Y108.943 E14.50432
G1 X117.977 Y110.078 E14.56591
G1 X117.619 Y109.931 F7800
;TYPE:External perimeter
G1 F1800
G1 X116.95 Y111.033 E14.62791
G1 X116.209 Y112.097 E14.69027
G1 X115.4 Y113.11 E14.75262
G1 X114.529 Y114.07 E14.81496
G1 X113.597 Y114.972 E14.87734
G1 X112.61 Y115.813 E14.93971
G1 X111.571 Y116.588 E15.00205
G1 X110.485 Y117.295 E15.06438
G1 X109.355 Y117.932 E15.12677
G1 X108.187 Y118.494 E15.18911
G1 X106.985 Y118.981 E15.25149
G1 X105.755 Y119.389 E15.31382
G1 X104.501 Y119.718 E15.37617
G1 X103.228 Y119.966 E15.43855
G1 X101.942 Y120.132 E15.50092
G1 X100.648 Y120.215 E15.56328
G1 X99.352 Y120.215 E15.62561
G1 X98.058 Y120.132 E15.68797
G1 X96.772 Y119.966 E15.75034
G1 X95.499 Y119.718 E15.81272
G1 X94.245 Y119.389 E15.87507
G1 X93.015 Y118.981 E15.9374
G1 X91.813 Y118.494 E15.99978
G1 X90.645 Y117.932 E16.06212
G1 X89.515 Y117.295 E16.12451
G1 X88.429 Y116.588 E16.18684
G1 X87.39 Y115.813 E16.24918
G1 X86.403 Y114.972 E16.31155
G1 X85.471 Y114.07 E16.37393
G1 X84.6 Y113.111 E16.43624
G1 X83.791 Y112.097 E16.49863
G1 X83.05 Y111.034 E16.56095
G1 X82.377 Y109.925 E16.62334
G1 X81.778 Y108.775 E16.6857
G1 X81.253 Y107.59 E16.74804
G1 X80.805 Y106.373 E16.81041
G1 X80.436 Y105.13 E16.87277
G1 X80.148 Y103.866 E16.93512
G1 X79.941 Y102.586 E16.99748
G1 X79.816 Y101.296 E17.05982
G1 X79.775 Y100 E17.12218
G1 X79.816 Y98.704 E17.18454
G1 X79.941 Y97.414 E17.24688
G1 X80.148 Y96.134 E17.30924
G1 X80.436 Y94.87 E17.37159
G1 X80.805 Y93.627 E17.43395
G1 X81.253 Y92.41 E17.49632
G1 X81.778 Y91.225 E17.55866
G1 X82.377 Y90.075 E17.62102
G1 X83.05 Y88.967 E17.68337
G1 X83.791 Y87.903 E17.74573
G1 X84.6 Y86.89 E17.80808
G1 X85.471 Y85.93 E17.87042
G1 X86.403 Y85.028 E17.9328
G1 X87.39 Y84.187 E17.99517
G1 X88.429 Y83.412 E18.05751
G1 X89.515 Y82.705 E18.11984
G1 X90.645 Y82.068 E18.18223
G1 X91.813 Y81.506 E18.24457
G1 X93.015 Y81.019 E18.30695
G1 X94.245 Y80.611 E18.36928
G1 X95.499 Y80.282 E18.43163
G1 X96.772 Y80.034 E18.49401
G1 X98.058 Y79.868 E18.55638
G1 X99.352 Y79.785 E18.61874
G1 X100.648 Y79.785 E18.68107
G1 X101.942 Y79.868 E18.74343
G1 X103.228 Y80.034 E18.8058
G1 X104.501 Y80.282 E18.86818
G1 X105.755 Y80.611 E18.93053
G1 X106.985 Y81.019 E18.99286
G1 X108.187 Y81.506 E19.05524
G1 X109.355 Y82.068 E19.11758
G1 X110.485 Y82.705 E19.17997
G1 X111.571 Y83.412 E19.2423
G1 X112.61 Y84.187 E19.30464
G1 X113.597 Y85.028 E19.36701
G1 X114.529 Y85.93 E19.42939
G1 X115.4 Y86.89 E19.49173
G1 X116.209 Y87.903 E19.55408
G1 X116.95 Y88.966 E19.6164
G1 X117.623 Y90.075 E19.67879
G1 X118.222 Y91.225 E19.74115
G1 X118.747 Y92.41 E19.80349
G1 X119.195 Y93.627 E19.86586
G1 X119.564 Y94.87 E19.92822
G1 X119.852 Y96.134 E19.99057
G1 X120.059 Y97.414 E20.05293
G1 X120.184 Y98.704 E20.11527
G1 X120.225 Y100 E20.17763
G1 X120.184 Y101.296 E20.23999
G1 X120.059 Y102.586 E20.30233
G1 X119.852 Y103.866 E20.36469
G1 X119.564 Y105.13 E20.42704
G1 X119.195 Y106.373 E20.4894
G1 X118.747 Y107.59 E20.55177
G1 X118.222 Y108.775 E20.61411
G1 X117.647 Y109.878 E20.67394
G1 X117.442 Y110.222 F7800
G1 E18.67394 F2400
G92 E0
G1 X124.004 Y124.004 F7800
G1 E2 F2400
;TYPE:Perimeter
G1 F3600
G1 X75.996 Y124.004 E4.30902
G1 X75.996 Y75.996 E6.61804
G1 X124.004 Y75.996 E8.92706
G1 X124.004 Y123.944 E11.23319
G1 X124.389 Y124.389 F7800
G1 F3600
G1 X75.611 Y124.389 E13.57924
G1 X75.611 Y75.611 E15.92529
G1 X124.389 Y75.611 E18.27134
G1 X124.389 Y124.329 E20.61451
G1 X124.775 Y124.775 F7800
;TYPE:External perimeter
G1 F1800
G1 X75.225 Y124.775 E22.99769
G1 X75.225 Y75.225 E25.38087
G1 X124.775 Y75.225 E27.76405
G1 X124.775 Y124.715 E30.14435
G1 X124.379 Y124.774 F7800
G1 E28.14435 F2400
G92 E0
G1 X123.715 Y121.401 F7800
G1 E2 F2400
;TYPE:Internal infill
;WIDTH:0.45
G1 F4800
G1 X123.715 Y123.715 E2.1113
G1 X115.044 Y115.044 E2.70109
G1 X116.384 Y113.575 E2.79672
G1 X123.715 Y111.611 E3.16175
G1 X123.715 Y107.354 E3.3665
G1 X120.806 Y104.445 E3.56437
G1 X121.105 Y102.759 E3.64673
G1 X121.239 Y101.401 E3.71236
G1 X121.275 Y100.288 E3.76592
G1 X123.715 Y99.634 E3.88742
G1 X123.715 Y100.891 E3.94788
G1 X117.599 Y123.715 E5.08437
G1 X115.285 Y123.715 E5.19567
G1 E3.19567 F2400
G92 E0
G1 X108.714 Y119.417 F7800
G1 E2 F2400
G1 F4800
G1 X106.553 Y120.24 E2.11122
G1 X105.622 Y123.715 E2.28425
G1 X107.354 Y123.715 E2.36755
G1 X104.448 Y120.809 E2.56521
G1 X102.164 Y121.172 E2.67644
G1 E.67644 F2400
G92 E0
G1 X83.983 Y123.715 F7800
G1 E2 F2400
G1 F4800
G1 X81.669 Y123.715 E2.1113
G1 X84.205 Y114.25 E2.58259
G1 X82.92 Y112.701 E2.67939
G1 X81.723 Y110.886 E2.78396
G1 X76.285 Y112.343 E3.05473
G1 X76.285 Y109.006 E3.21523
G1 X90.994 Y123.715 E4.21572
G1 X93.646 Y123.715 E4.34327
G1 X94.493 Y120.551 E4.50081
G1 X92.587 Y119.951 E4.59692
G1 X78.542 Y123.715 E5.29627
G1 X76.285 Y123.715 E5.40482
G1 X76.285 Y123.658 E5.40756
G1 E3.40756 F2400
G92 E0
G1 X76.285 Y78.599 F7800
G1 E2 F2400
G1 F4800
G1 X76.285 Y76.285 E2.1113
G1 X84.955 Y84.955 E2.70102
G1 X83.614 Y86.426 E2.79676
G1 X76.285 Y88.389 E3.16168
G1 X76.285 Y92.646 E3.36643
G1 X79.194 Y95.554 E3.56426
G1 X78.885 Y97.315 E3.65025
G1 X78.761 Y98.599 E3.71229
G1 X78.725 Y99.712 E3.76585
G1 X76.285 Y100.366 E3.88735
G1 X76.285 Y99.109 E3.94781
G1 X82.401 Y76.285 E5.0843
G1 X84.715 Y76.285 E5.1956
G1 E3.1956 F2400
G92 E0
G1 X91.287 Y80.585 F7800
G1 E2 F2400
G1 F4800
G1 X92.614 Y80.038 E2.06903
G1 X93.447 Y79.76 E2.11127
G1 X94.378 Y76.285 E2.2843
G1 X92.646 Y76.285 E2.3676
G1 X95.552 Y79.191 E2.56526
G1 X97.836 Y78.828 E2.67649
G1 E.67649 F2400
G92 E0
G1 X116.017 Y76.285 F7800
G1 E2 F2400
G1 F4800
G1 X118.331 Y76.285 E2.1113
G1 X115.795 Y85.75 E2.58259
G1 X117.08 Y87.299 E2.67939
G1 X118.277 Y89.114 E2.78396
G1 X123.715 Y87.657 E3.05473
G1 X123.715 Y90.994 E3.21523
G1 X109.006 Y76.285 E4.21572
G1 X106.354 Y76.285 E4.34327
G1 X105.507 Y79.449 E4.50081
G1 X107.413 Y80.049 E4.59692
G1 X121.458 Y76.285 E5.29627
G1 X123.715 Y76.285 E5.40482
G1 X123.715 Y76.342 E5.40756
G1 E3.40756 F2400
G92 E0
G92 E0
G1 X100.6 Y81.007 F7800
G1 E2 F2400
;TYPE:Perimeter
;WIDTH:0.45
G1 F3600
G1 X100.609 Y81.007 E2.00043
G1 X101.825 Y81.085 E2.05904
G1 X103.033 Y81.24 E2.11762
G1 X104.229 Y81.473 E2.17622
G1 X105.407 Y81.782 E2.23479
G1 X106.563 Y82.166 E2.29338
G1 X107.692 Y82.623 E2.35196
G1 X108.79 Y83.152 E2.41058
G1 X109.851 Y83.75 E2.46916
G1 X110.872 Y84.414 E2.52774
G1 X111.848 Y85.143 E2.58633
G1 X112.776 Y85.932 E2.64492
G1 X113.651 Y86.78 E2.70353
G1 X114.47 Y87.682 E2.76213
G1 X115.229 Y88.634 E2.82069
G1 X115.926 Y89.633 E2.87928
G1 X116.558 Y90.675 E2.93789
G1 X117.121 Y91.755 E2.99647
G1 X117.614 Y92.869 E3.05506
G1 X118.035 Y94.012 E3.11364
G1 X118.382 Y95.18 E3.17224
G1 X118.653 Y96.367 E3.2308
G1 X118.847 Y97.57 E3.28941
G1 X118.964 Y98.782 E3.34797
G1 X119.003 Y100 E3.40658
G1 X118.964 Y101.218 E3.46519
G1 X118.847 Y102.43 E3.52375
G1 X118.653 Y103.633 E3.58236
G1 X118.382 Y104.82 E3.64092
G1 X118.035 Y105.988 E3.69952
G1 X117.614 Y107.131 E3.7581
G1 X117.121 Y108.245 E3.81669
G1 X116.558 Y109.325 E3.87527
G1 X115.926 Y110.367 E3.93388
G1 X115.229 Y111.366 E3.99247
G1 X114.47 Y112.318 E4.05103
G1 X113.651 Y113.22 E4.10963
G1 X112.776 Y114.068 E4.16824
G1 X111.848 Y114.857 E4.22683
G1 X110.872 Y115.586 E4.28542
G1 X109.851 Y116.25 E4.344
G1 X108.79 Y116.848 E4.40258
G1 X107.692 Y117.377 E4.4612
G1 X106.563 Y117.834 E4.51978
G1 X105.407 Y118.218 E4.57837
G1 X104.229 Y118.527 E4.63694
G1 X103.033 Y118.76 E4.69554
G1 X101.825 Y118.915 E4.75412
G1 X100.609 Y118.993 E4.81273
G1 X99.391 Y118.993 E4.87131
G1 X98.175 Y118.915 E4.92992
G1 X96.967 Y118.76 E4.9885
G1 X95.771 Y118.527 E5.0471
G1 X94.593 Y118.218 E5.10567
G1 X93.437 Y117.834 E5.16426
G1 X92.308 Y117.377 E5.22284
G1 X91.21 Y116.848 E5.28146
G1 X90.149 Y116.25 E5.34004
G1 X89.128 Y115.586 E5.39862
G1 X88.152 Y114.857 E5.45721
G1 X87.224 Y114.068 E5.5158
G1 X86.349 Y113.22 E5.57441
G1 X85.53 Y112.318 E5.63301
G1 X84.771 Y111.366 E5.69157
G1 X84.074 Y110.367 E5.75016
G1 X83.442 Y109.325 E5.80877
G1 X82.879 Y108.245 E5.86735
G1 X82.386 Y107.131 E5.92594
G1 X81.965 Y105.988 E5.98452
G1 X81.618 Y104.82 E6.04312
G1 X81.347 Y103.633 E6.10168
G1 X81.153 Y102.43 E6.16029
G1 X81.036 Y101.218 E6.21885
G1 X80.997 Y100 E6.27746
G1 X81.036 Y98.782 E6.33607
G1 X81.153 Y97.57 E6.39463
G1 X81.347 Y96.367 E6.45324
G1 X81.618 Y95.18 E6.5118
G1 X81.965 Y94.012 E6.5704
G1 X82.386 Y92.869 E6.62898
G1 X82.879 Y91.755 E6.68757
G1 X83.442 Y90.675 E6.74615
G1 X84.074 Y89.633 E6.80476
G1 X84.771 Y88.634 E6.86335
G1 X85.53 Y87.682 E6.92191
G1 X86.349 Y86.78 E6.98051
G1 X87.224 Y85.932 E7.03912
G1 X88.152 Y85.143 E7.09771
G1 X89.128 Y84.414 E7.1563
G1 X90.149 Y83.75 E7.21488
G1 X91.21 Y83.152 E7.27346
G1 X92.308 Y82.623 E7.33208
G1 X93.437 Y82.166 E7.39066
G1 X94.593 Y81.782 E7.44925
G1 X95.771 Y81.473 E7.50782
G1 X96.967 Y81.24 E7.56642
G1 X98.175 Y81.085 E7.625
G1 X99.391 Y81.007 E7.68361
G1 X100.54 Y81.007 E7.73887
G1 X100.624 Y80.621 F7800
G1 F3600
G1 X101.862 Y80.701 E7.79854
G1 X103.094 Y80.859 E7.85828
G1 X104.314 Y81.097 E7.91806
G1 X105.517 Y81.412 E7.97787
G1 X106.696 Y81.804 E8.03763
G1 X107.848 Y82.27 E8.0974
G1 X108.968 Y82.81 E8.1572
G1 X110.051 Y83.42 E8.21698
G1 X111.093 Y84.098 E8.27677
G1 X112.089 Y84.841 E8.33653
G1 X113.035 Y85.647 E8.3963
G1 X113.928 Y86.511 E8.45606
G1 X114.764 Y87.431 E8.51585
G1 X115.539 Y88.403 E8.57564
G1 X116.25 Y89.423 E8.63544
G1 X116.894 Y90.485 E8.69518
G1 X117.469 Y91.587 E8.75496
G1 X117.972 Y92.724 E8.81476
G1 X118.401 Y93.89 E8.87452
G1 X118.755 Y95.082 E8.93433
G1 X119.032 Y96.294 E8.99413
G1 X119.23 Y97.521 E9.05391
G1 X119.349 Y98.758 E9.11368
G1 X119.389 Y100 E9.17345
G1 X119.349 Y101.242 E9.23322
G1 X119.23 Y102.479 E9.29299
G1 X119.032 Y103.706 E9.35277
G1 X118.755 Y104.918 E9.41257
G1 X118.401 Y106.11 E9.47238
G1 X117.972 Y107.276 E9.53214
G1 X117.469 Y108.413 E9.59194
G1 X116.894 Y109.515 E9.65172
G1 X116.25 Y110.577 E9.71146
G1 X115.539 Y111.597 E9.77126
G1 X114.764 Y112.569 E9.83105
G1 X113.928 Y113.489 E9.89084
G1 X113.035 Y114.353 E9.9506
G1 X112.089 Y115.159 E10.01037
G1 X111.093 Y115.902 E10.07013
G1 X110.051 Y116.58 E10.12992
G1 X108.968 Y117.19 E10.1897
G1 X107.848 Y117.73 E10.2495
G1 X106.696 Y118.196 E10.30927
G1 X105.517 Y118.588 E10.36903
G1 X104.314 Y118.903 E10.42884
G1 X103.094 Y119.141 E10.48862
G1 X101.862 Y119.299 E10.54836
G1 X100.621 Y119.379 E10.60817
G1 X99.379 Y119.379 E10.66791
G1 X98.138 Y119.299 E10.72772
G1 X96.906 Y119.141 E10.78746
G1 X95.686 Y118.903 E10.84724
G1 X94.483 Y118.588 E10.90705
G1 X93.304 Y118.196 E10.96681
G1 X92.152 Y117.73 E11.02658
G1 X91.032 Y117.19 E11.08638
G1 X89.949 Y116.58 E11.14616
G1 X88.907 Y115.902 E11.20595
G1 X87.911 Y115.159 E11.26571
G1 X86.965 Y114.353 E11.32548
G1 X86.072 Y113.489 E11.38524
G1 X85.236 Y112.569 E11.44503
G1 X84.461 Y111.597 E11.50482
G1 X83.75 Y110.577 E11.56462
G1 X83.106 Y109.515 E11.62436
G1 X82.531 Y108.413 E11.68414
G1 X82.028 Y107.276 E11.74394
G1 X81.599 Y106.11 E11.8037
G1 X81.245 Y104.918 E11.86351
G1 X80.968 Y103.706 E11.92331
G1 X80.77 Y102.479 E11.98309
G1 X80.651 Y101.242 E12.04286
G1 X80.611 Y100 E12.10263
G1 X80.651 Y98.758 E12.1624
G1 X80.77 Y97.521 E12.22217
G1 X80.968 Y96.294 E12.28195
G1 X81.245 Y95.082 E12.34175
G1 X81.599 Y93.89 E12.40156
G1 X82.028 Y92.724 E12.46132
G1 X82.531 Y91.587 E12.52112
G1 X83.106 Y90.485 E12.5809
G1 X83.75 Y89.423 E12.64064
G1 X84.461 Y88.403 E12.70044
G1 X85.236 Y87.431 E12.76023
G1 X86.072 Y86.511 E12.82002
G1 X86.965 Y85.647 E12.87978
G1 X87.911 Y84.841 E12.93955
G1 X88.907 Y84.098 E12.99931
G1 X89.949 Y83.42 E13.0591
G1 X91.032 Y82.81 E13.11888
G1 X92.152 Y82.27 E13.17868
G1 X93.304 Y81.804 E13.23845
G1 X94.483 Y81.412 E13.29821
G1 X95.686 Y81.097 E13.35802
G1 X96.906 Y80.859 E13.4178
G1 X98.138 Y80.701 E13.47754
G1 X99.379 Y80.621 E13.53735
G1 X100.564 Y80.621 E13.59434
G1 X100.649 Y80.236 F7800
;TYPE:External perimeter
G1 F1800
G1 X101.899 Y80.316 E13.65458
G1 X103.156 Y80.479 E13.71554
G1 X104.4 Y80.721 E13.77649
G1 X105.626 Y81.042 E13.83744
G1 X106.83 Y81.442 E13.89846
G1 X108.005 Y81.918 E13.95943
G1 X109.147 Y82.468 E14.02039
G1 X110.251 Y83.09 E14.08134
G1 X111.314 Y83.781 E14.14232
G1 X112.329 Y84.539 E14.20325
G1 X113.295 Y85.361 E14.26426
G1 X114.205 Y86.243 E14.32521
G1 X115.058 Y87.181 E14.38619
G1 X115.848 Y88.172 E14.44715
G1 X116.573 Y89.212 E14.50813
G1 X117.23 Y90.296 E14.5691
G1 X117.817 Y91.42 E14.63009
G1 X118.33 Y92.579 E14.69105
G1 X118.767 Y93.769 E14.75202
G1 X119.128 Y94.984 E14.81298
G1 X119.41 Y96.22 E14.87395
G1 X119.613 Y97.471 E14.93491
G1 X119.734 Y98.733 E14.99589
G1 X119.775 Y100 E15.05686
G1 X119.734 Y101.267 E15.11783
G1 X119.613 Y102.529 E15.17881
G1 X119.41 Y103.78 E15.23977
G1 X119.128 Y105.016 E15.30074
G1 X118.767 Y106.231 E15.3617
G1 X118.33 Y107.421 E15.42267
G1 X117.817 Y108.58 E15.48363
G1 X117.23 Y109.704 E15.54462
G1 X116.573 Y110.788 E15.60559
G1 X115.848 Y111.828 E15.66657
G1 X115.058 Y112.819 E15.72753
G1 X114.205 Y113.757 E15.78851
G1 X113.295 Y114.639 E15.84946
G1 X112.329 Y115.461 E15.91047
G1 X111.314 Y116.219 E15.9714
G1 X110.251 Y116.91 E16.03238
G1 X109.147 Y117.532 E16.09333
G1 X108.005 Y118.082 E16.15429
G1 X106.83 Y118.558 E16.21526
G1 X105.626 Y118.958 E16.27628
G1 X104.4 Y119.279 E16.33723
G1 X103.156 Y119.521 E16.39818
G1 X101.899 Y119.684 E16.45914
G1 X100.634 Y119.765 E16.52011
G1 X99.366 Y119.765 E16.5811
G1 X98.101 Y119.684 E16.64207
G1 X96.844 Y119.521 E16.70303
G1 X95.6 Y119.279 E16.76398
G1 X94.374 Y118.958 E16.82493
G1 X93.17 Y118.558 E16.88595
G1 X91.995 Y118.082 E16.94692
G1 X90.853 Y117.532 E17.00788
G1 X89.749 Y116.91 E17.06883
G1 X88.686 Y116.219 E17.12981
G1 X87.671 Y115.461 E17.19074
G1 X86.705 Y114.639 E17.25175
G1 X85.795 Y113.757 E17.3127
G1 X84.942 Y112.819 E17.37368
G1 X84.152 Y111.828 E17.43464
G1 X83.427 Y110.788 E17.49562
G1 X82.77 Y109.704 E17.55659
G1 X82.183 Y108.58 E17.61758
G1 X81.67 Y107.421 E17.67854
G1 X81.233 Y106.231 E17.73951
G1 X80.872 Y105.016 E17.80047
G1 X80.59 Y103.78 E17.86144
G1 X80.387 Y102.529 E17.9224
G1 X80.266 Y101.267 E17.98338
G1 X80.225 Y100 E18.04435
G1 X80.266 Y98.733 E18.10532
G1 X80.387 Y97.471 E18.1663
G1 X80.59 Y96.22 E18.22726
G1 X80.872 Y94.984 E18.28823
G1 X81.233 Y93.769 E18.34919
G1 X81.67 Y92.579 E18.41016
G1 X82.183 Y91.42 E18.47112
G1 X82.77 Y90.296 E18.53211
G1 X83.427 Y89.212 E18.59308
G1 X84.152 Y88.172 E18.65406
G1 X84.942 Y87.181 E18.71502
G1 X85.795 Y86.243 E18.776
G1 X86.705 Y85.361 E18.83695
G1 X87.671 Y84.539 E18.89796
G1 X88.686 Y83.781 E18.95889
G1 X89.749 Y83.09 E19.01987
G1 X90.853 Y82.468 E19.08082
G1 X91.995 Y81.918 E19.14178
G1 X93.17 Y81.442 E19.20275
G1 X94.374 Y81.042 E19.26377
G1 X95.6 Y80.721 E19.32472
G1 X96.844 Y80.479 E19.38567
G1 X98.101 Y80.316 E19.44663
G1 X99.366 Y80.235 E19.5076
G1 X100.589 Y80.235 E19.56642
G1 X100.988 Y80.258 F7800
G1 E17.56642 F2400
G92 E0
G1 X95.512 Y81.84 F7800
G1 E2 F2400
;TYPE:Internal infill
;WIDTH:0.45
G1 F4800
G1 X97.013 Y81.526 E2.07376
G1 X97.787 Y81.426 E2.1113
G1 X118.577 Y102.217 E3.52545
G1 X118.682 Y100.982 E3.58506
G1 X84.307 Y110.193 E5.29671
G1 X85.019 Y111.213 E5.35654
G1 X92.631 Y82.804 E6.77111
G1 X91.344 Y83.408 E6.83949
G1 X90.567 Y83.846 E6.88239
G1 E4.88239 F2400
G92 E0
G1 X87.007 Y86.545 F7800
G1 E2 F2400
G1 F4800
G1 X88.766 Y85.045 E2.11119
G1 X102.253 Y81.431 E2.78275
G1 X102.987 Y81.526 E2.81835
G1 X104.841 Y81.933 E2.90964
G1 X95.159 Y118.067 E4.70887
G1 X97.013 Y118.474 E4.80016
G1 X97.747 Y118.569 E4.83576
G1 X111.234 Y114.955 E5.50732
G1 X112.581 Y113.853 E5.59102
G1 X113.228 Y113.228 E5.63429
G1 X86.772 Y86.772 E7.4338
G1 X85.75 Y87.869 E7.50591
G1 X85.243 Y88.506 E7.54507
G1 E5.54507 F2400
G92 E0
G1 X104.488 Y118.16 F7800
G1 E2 F2400
G1 F4800
G1 X102.987 Y118.474 E2.07376
G1 X102.213 Y118.574 E2.1113
G1 X81.423 Y97.783 E3.52545
G1 X81.318 Y99.018 E3.58506
G1 X115.693 Y89.807 E5.29671
G1 X114.981 Y88.787 E5.35654
G1 X107.369 Y117.196 E6.77111
G1 X108.656 Y116.592 E6.83949
G1 X109.433 Y116.154 E6.88239
;LAYER_CHANGE
;Z:5.45
;HEIGHT:0.3
G1 E4.88239 F2400
G92 E0
G1 Z5.45 F7800
G92 E0
G1 X118.278 Y110.331
G1 E2 F2400
;TYPE:Perimeter
;WIDTH:0.45
G1 F3600
G1 X117.597 Y111.454 E2.06317
G1 X116.827 Y112.558 E2.12791
G1 X115.988 Y113.611 E2.19267
G1 X115.083 Y114.607 E2.2574
G1 X114.116 Y115.543 E2.32213
G1 X113.091 Y116.416 E2.38689
G1 X112.013 Y117.221 E2.4516
G1 X110.885 Y117.955 E2.51633
G1 X109.712 Y118.616 E2.58109
G1 X108.499 Y119.2 E2.64584
G1 X107.252 Y119.705 E2.71055
G1 X105.974 Y120.129 E2.77531
G1 X104.672 Y120.47 E2.84004
G1 X103.351 Y120.728 E2.90478
G1 X102.016 Y120.9 E2.96952
G1 X100.673 Y120.986 E3.03425
G1 X99.327 Y120.986 E3.09899
G1 X97.984 Y120.9 E3.16372
G1 X96.649 Y120.728 E3.22846
G1 X95.328 Y120.47 E3.2932
G1 X94.026 Y120.129 E3.35793
G1 X92.748 Y119.705 E3.42269
G1 X91.501 Y119.2 E3.4874
G1 X90.288 Y118.616 E3.55215
G1 X89.115 Y117.955 E3.61691
G1 X87.987 Y117.221 E3.68164
G1 X86.909 Y116.416 E3.74635
G1 X85.884 Y115.543 E3.81111
G1 X84.917 Y114.607 E3.87584
G1 X84.012 Y113.611 E3.94057
G1 X83.173 Y112.558 E4.00533
G1 X82.403 Y111.454 E4.07007
G1 X81.705 Y110.303 E4.13481
G1 X81.083 Y109.11 E4.19952
G1 X80.538 Y107.879 E4.26427
G1 X80.073 Y106.616 E4.329
G1 X79.69 Y105.326 E4.39372
G1 X79.39 Y104.014 E4.45845
G1 X79.176 Y102.685 E4.52319
G1 X79.046 Y101.345 E4.58794
G1 X79.003 Y100 E4.65266
G1 X79.046 Y98.655 E4.71738
G1 X79.176 Y97.315 E4.78213
G1 X79.39 Y95.986 E4.84687
G1 X79.69 Y94.674 E4.9116
G1 X80.073 Y93.384 E4.97632
G1 X80.538 Y92.121 E5.04105
G1 X81.083 Y90.89 E5.1058
G1 X81.705 Y89.697 E5.17051
G1 X82.403 Y88.546 E5.23525
G1 X83.173 Y87.442 E5.29999
G1 X84.012 Y86.389 E5.36475
G1 X84.917 Y85.393 E5.42948
G1 X85.884 Y84.457 E5.49421
G1 X86.909 Y83.584 E5.55897
G1 X87.987 Y82.779 E5.62368
G1 X89.115 Y82.045 E5.68841
G1 X90.288 Y81.384 E5.75317
G1 X91.501 Y80.8 E5.81792
G1 X92.748 Y80.295 E5.88263
G1 X94.026 Y79.871 E5.94739
G1 X95.328 Y79.53 E6.01212
G1 X96.649 Y79.272 E6.07686
G1 X97.984 Y79.1 E6.1416
G1 X99.327 Y79.014 E6.20633
G1 X100.673 Y79.014 E6.27107
G1 X102.016 Y79.1 E6.3358
G1 X103.351 Y79.272 E6.40054
G1 X104.672 Y79.53 E6.46528
G1 X105.974 Y79.871 E6.53001
G1 X107.252 Y80.295 E6.59477
G1 X108.499 Y80.8 E6.65948
G1 X109.712 Y81.384 E6.72423
G1 X110.885 Y82.045 E6.78899
G1 X112.013 Y82.779 E6.85372
G1 X113.091 Y83.584 E6.91843
G1 X114.116 Y84.457 E6.98319
G1 X115.083 Y85.393 E7.04792
G1 X115.988 Y86.389 E7.11265
G1 X116.827 Y87.442 E7.17741
G1 X117.597 Y88.546 E7.24215
G1 X118.295 Y89.697 E7.30689
G1 X118.917 Y90.89 E7.3716
G1 X119.462 Y92.121 E7.43635
G1 X119.927 Y93.384 E7.50108
G1 X120.31 Y94.674 E7.5658
G1 X120.61 Y95.986 E7.63053
G1 X120.824 Y97.315 E7.69527
G1 X120.954 Y98.655 E7.76002
G1 X120.997 Y100 E7.82474
G1 X120.954 Y101.345 E7.88946
G1 X120.824 Y102.685 E7.95421
G1 X120.61 Y104.014 E8.01895
G1 X120.31 Y105.326 E8.08368
G1 X119.927 Y106.616 E8.1484
G1 X119.462 Y107.879 E8.21313
G1 X118.917 Y109.11 E8.27788
G1 X118.308 Y110.279 E8.34128
G1 X117.949 Y110.131 F7800
G1 F3600
G1 X117.274 Y111.244 E8.40389
G1 X116.518 Y112.328 E8.46745
G1 X115.694 Y113.361 E8.531
G1 X114.806 Y114.339 E8.59454
G1 X113.857 Y115.258 E8.65808
G1 X112.851 Y116.114 E8.72161
G1 X111.792 Y116.905 E8.78518
G1 X110.685 Y117.625 E8.84869
G1 X109.533 Y118.274 E8.91228
G1 X108.343 Y118.847 E8.9758
G1 X107.118 Y119.343 E9.03936
G1 X105.864 Y119.759 E9.10291
G1 X104.586 Y120.094 E9.16645
G1 X103.29 Y120.347 E9.22996
G1 X101.979 Y120.516 E9.29354
G1 X100.661 Y120.6 E9.35706
G1 X99.339 Y120.6 E9.42064
G1 X98.021 Y120.516 E9.48416
G1 X96.711 Y120.347 E9.54769
G1 X95.414 Y120.094 E9.61125
G1 X94.136 Y119.759 E9.67479
G1 X92.882 Y119.343 E9.73834
G1 X91.657 Y118.847 E9.8019
G1 X90.467 Y118.274 E9.86542
G1 X89.315 Y117.625 E9.92901
G1 X88.208 Y116.905 E9.99252
G1 X87.149 Y116.114 E10.05609
G1 X86.143 Y115.258 E10.11962
G1 X85.194 Y114.339 E10.18316
G1 X84.306 Y113.361 E10.2467
G1 X83.482 Y112.328 E10.31025
G1 X82.726 Y111.244 E10.37381
G1 X82.041 Y110.114 E10.43737
G1 X81.43 Y108.943 E10.5009
G1 X80.895 Y107.735 E10.56444
G1 X80.439 Y106.495 E10.62798
G1 X80.063 Y105.228 E10.69155
G1 X79.769 Y103.94 E10.75509
G1 X79.558 Y102.636 E10.81862
G1 X79.431 Y101.321 E10.88216
G1 X79.389 Y100 E10.94573
G1 X79.431 Y98.679 E11.0093
G1 X79.558 Y97.364 E11.07284
G1 X79.769 Y96.06 E11.13637
G1 X80.063 Y94.772 E11.19991
G1 X80.439 Y93.505 E11.26348
G1 X80.895 Y92.265 E11.32702
G1 X81.43 Y91.057 E11.39056
G1 X82.041 Y89.886 E11.45409
G1 X82.726 Y88.756 E11.51765
G1 X83.482 Y87.672 E11.58121
G1 X84.306 Y86.639 E11.64476
G1 X85.194 Y85.661 E11.7083
G1 X86.143 Y84.742 E11.77184
G1 X87.149 Y83.886 E11.83537
G1 X88.208 Y83.095 E11.89894
G1 X89.315 Y82.375 E11.96245
G1 X90.467 Y81.726 E12.02604
G1 X91.657 Y81.153 E12.08956
G1 X92.882 Y80.657 E12.15312
G1 X94.136 Y80.241 E12.21667
G1 X95.414 Y79.906 E12.28021
G1 X96.71 Y79.653 E12.34372
G1 X98.021 Y79.484 E12.4073
G1 X99.339 Y79.4 E12.47082
G1 X100.661 Y79.4 E12.5344
G1 X101.979 Y79.484 E12.59792
G1 X103.289 Y79.653 E12.66145
G1 X104.586 Y79.906 E12.72501
G1 X105.864 Y80.241 E12.78855
G1 X107.118 Y80.657 E12.8521
G1 X108.343 Y81.153 E12.91566
G1 X109.533 Y81.726 E12.97918
G1 X110.685 Y82.375 E13.04277
G1 X111.792 Y83.095 E13.10628
G1 X112.851 Y83.886 E13.16985
G1 X113.857 Y84.742 E13.23338
G1 X114.806 Y85.661 E13.29692
G1 X115.694 Y86.639 E13.36046
G1 X116.518 Y87.672 E13.42401
G1 X117.274 Y88.756 E13.48757
G1 X117.959 Y89.886 E13.55113
G1 X118.57 Y91.057 E13.61466
G1 X119.105 Y92.265 E13.6782
G1 X119.561 Y93.505 E13.74174
G1 X119.937 Y94.772 E13.80531
G1 X120.231 Y96.06 E13.86885
G1 X120.442 Y97.364 E13.93238
G1 X120.569 Y98.679 E13.99592
G1 X120.611 Y100 E14.05949
G1 X120.569 Y101.321 E14.12306
G1 X120.442 Y102.636 E14.1866
G1 X120.231 Y103.94 E14.25013
G1 X119.937 Y105.228 E14.31367
G1 X119.561 Y106.495 E14.37724
G1 X119.105 Y107.735 E14.44078
G1 X118.57 Y108.943 E14.50432
G1 X117.977 Y110.078 E14.56591
G1 X117.619 Y109.931 F7800
;TYPE:External perimeter
G1 F1800
G1 X116.95 Y111.033 E14.62791
G1 X116.209 Y112.097 E14.69027
G1 X115.4 Y113.11 E14.75262
G1 X114.529 Y114.07 E14.81496
G1 X113.597 Y114.972 E14.87734
G1 X112.61 Y115.813 E14.93971
G1 X111.571 Y116.588 E15.00205
G1 X110.485 Y117.295 E15.06438
G1 X109.355 Y117.932 E15.12677
G1 X108.187 Y118.494 E15.18911
G1 X106.985 Y118.981 E15.25149
G1 X105.755 Y119.389 E15.31382
G1 X104.501 Y119.718 E15.37617
G1 X103.228 Y119.966 E15.43855
G1 X101.942 Y120.132 E15.50092
G1 X100.648 Y120.215 E15.56328
G1 X99.352 Y120.215 E15.62561
G1 X98.058 Y120.132 E15.68797
G1 X96.772 Y119.966 E15.75034
G1 X95.499 Y119.718 E15.81272
G1 X94.245 Y119.389 E15.87507
G1 X93.015 Y118.981 E15.9374
G1 X91.813 Y118.494 E15.99978
G1 X90.645 Y117.932 E16.06212
G1 X89.515 Y117.295 E16.12451
G1 X88.429 Y116.588 E16.18684
G1 X87.39 Y115.813 E16.24918
G1 X86.403 Y114.972 E16.31155
G1 X85.471 Y114.07 E16.37393
G1 X84.6 Y113.111 E16.43624
G1 X83.791 Y112.097 E16.49863
G1 X83.05 Y111.034 E16.56095
G1 X82.377 Y109.925 E16.62334
G1 X81.778 Y108.775 E16.6857
G1 X81.253 Y107.59 E16.74804
G1 X80.805 Y106.373 E16.81041
G1 X80.436 Y105.13 E16.87277
G1 X80.148 Y103.866 E16.93512
G1 X79.941 Y102.586 E16.99748
G1 X79.816 Y101.296 E17.05982
G1 X79.775 Y100 E17.12218
G1 X79.816 Y98.704 E17.18454
G1 X79.941 Y97.414 E17.24688
G1 X80.148 Y96.134 E17.30924
G1 X80.436 Y94.87 E17.37159
G1 X80.805 Y93.627 E17.43395
G1 X81.253 Y92.41 E17.49632
G1 X81.778 Y91.225 E17.55866
G1 X82.377 Y90.075 E17.62102
G1 X83.05 Y88.967 E17.68337
G1 X83.791 Y87.903 E17.74573
G1 X84.6 Y86.89 E17.80808
G1 X85.471 Y85.93 E17.87042
G1 X86.403 Y85.028 E17.9328
G1 X87.39 Y84.187 E17.99517
G1 X88.429 Y83.412 E18.05751
G1 X89.515 Y82.705 E18.11984
G1 X90.645 Y82.068 E18.18223
G1 X91.813 Y81.506 E18.24457
G1 X93.015 Y81.019 E18.30695
G1 X94.245 Y80.611 E18.36928
G1 X95.499 Y80.282 E18.43163
G1 X96.772 Y80.034 E18.49401
G1 X98.058 Y79.868 E18.55638
G1 X99.352 Y79.785 E18.61874
G1 X100.648 Y79.785 E18.68107
G1 X101.942 Y79.868 E18.74343
G1 X103.228 Y80.034 E18.8058
G1 X104.501 Y80.282 E18.86818
G1 X105.755 Y80.611 E18.93053
G1 X106.985 Y81.019 E18.99286
G1 X108.187 Y81.506 E19.05524
G1 X109.355 Y82.068 E19.11758
G1 X110.485 Y82.705 E19.17997
G1 X111.571 Y83.412 E19.2423
G1 X112.61 Y84.187 E19.30464
G1 X113.597 Y85.028 E19.36701
G1 X114.529 Y85.93 E19.42939
G1 X115.4 Y86.89 E19.49173
G1 X116.209 Y87.903 E19.55408
G1 X116.95 Y88.966 E19.6164
G1 X117.623 Y90.075 E19.67879
G1 X118.222 Y91.225 E19.74115
G1 X118.747 Y92.41 E19.80349
G1 X119.195 Y93.627 E19.86586
G1 X119.564 Y94.87 E19.92822
G1 X119.852 Y96.134 E19.99057
G1 X120.059 Y97.414 E20.05293
G1 X120.184 Y98.704 E20.11527
G1 X120.225 Y100 E20.17763
G1 X120.184 Y101.296 E20.23999
G1 X120.059 Y102.586 E20.30233
G1 X119.852 Y103.866 E20.36469
G1 X119.564 Y105.13 E20.42704
G1 X119.195 Y106.373 E20.4894
G1 X118.747 Y107.59 E20.55177
G1 X118.222 Y108.775 E20.61411
G1 X117.647 Y109.878 E20.67394
G1 X117.442 Y110.222 F7800
G1 E18.67394 F2400
G92 E0
G1 X124.004 Y124.004 F7800
G1 E2 F2400
;TYPE:Perimeter
G1 F3600
G1 X75.996 Y124.004 E4.30902
G1 X75.996 Y75.996 E6.61804
G1 X124.004 Y75.996 E8.92706
G1 X124.004 Y123.944 E11.23319
G1 X124.389 Y124.389 F7800
G1 F3600
G1 X75.611 Y124.389 E13.57924
G1 X75.611 Y75.611 E15.92529
G1 X124.389 Y75.611 E18.27134
G1 X124.389 Y124.329 E20.61451
G1 X124.775 Y124.775 F7800
;TYPE:External perimeter
G1 F1800
G1 X75.225 Y124.775 E22.99769
G1 X75.225 Y75.225 E25.38087
G1 X124.775 Y75.225 E27.76405
G1 X124.775 Y124.715 E30.14435
G1 X124.379 Y124.774 F7800
G1 E28.14435 F2400
G92 E0
G1 X123.715 Y121.401 F7800
G1 E2 F2400
;TYPE:Internal infill
;WIDTH:0.45
G1 F4800
G1 X123.715 Y123.715 E2.1113
G1 X115.044 Y115.044 E2.70109
G1 X116.387 Y113.574 E2.79686
G1 X123.715 Y111.611 E3.16174
G1 X123.715 Y107.354 E3.36649
G1 X120.806 Y104.445 E3.56436
G1 X121.105 Y102.759 E3.64672
G1 X121.239 Y101.401 E3.71235
G1 X121.275 Y100.288 E3.76591
G1 X123.715 Y99.634 E3.88741
G1 X123.715 Y100.891 E3.94787
G1 X117.599 Y123.715 E5.08436
G1 X115.285 Y123.715 E5.19566
G1 E3.19566 F2400
G92 E0
G1 X108.714 Y119.417 F7800
G1 E2 F2400
G1 F4800
G1 X106.553 Y120.24 E2.11122
G1 X105.622 Y123.715 E2.28425
G1 X107.354 Y123.715 E2.36755
G1 X104.448 Y120.809 E2.56521
G1 X102.164 Y121.172 E2.67644
G1 E.67644 F2400
G92 E0
G1 X83.983 Y123.715 F7800
G1 E2 F2400
G1 F4800
G1 X81.669 Y123.715 E2.1113
G1 X84.205 Y114.25 E2.58259
G1 X82.92 Y112.701 E2.67939
G1 X81.723 Y110.886 E2.78396
G1 X76.285 Y112.343 E3.05473
G1 X76.285 Y109.006 E3.21523
G1 X90.994 Y123.715 E4.21572
G1 X93.646 Y123.715 E4.34327
G1 X94.493 Y120.551 E4.50081
G1 X92.587 Y119.951 E4.59692
G1 X78.542 Y123.715 E5.29627
G1 X76.285 Y123.715 E5.40482
G1 X76.285 Y123.658 E5.40756
G1 E3.40756 F2400
G92 E0
G1 X76.285 Y78.599 F7800
G1 E2 F2400
G1 F4800
G1 X76.285 Y76.285 E2.1113
G1 X84.955 Y84.955 E2.70102
G1 X83.614 Y86.426 E2.79676
G1 X76.285 Y88.389 E3.16168
G1 X76.285 Y92.646 E3.36643
G1 X79.193 Y95.554 E3.56423
G1 X78.885 Y97.315 E3.65021
G1 X78.756 Y98.673 E3.71582
G1 X78.725 Y99.712 E3.76581
G1 X76.285 Y100.366 E3.88731
G1 X76.285 Y99.109 E3.94777
G1 X82.401 Y76.285 E5.08426
G1 X84.715 Y76.285 E5.19556
G1 E3.19556 F2400
G92 E0
G1 X91.287 Y80.585 F7800
G1 E2 F2400
G1 F4800
G1 X92.614 Y80.038 E2.06903
G1 X93.447 Y79.76 E2.11127
G1 X94.378 Y76.285 E2.2843
G1 X92.646 Y76.285 E2.3676
G1 X95.552 Y79.191 E2.56526
G1 X97.836 Y78.828 E2.67649
G1 E.67649 F2400
G92 E0
G1 X116.017 Y76.285 F7800
G1 E2 F2400
G1 F4800
G1 X118.331 Y76.285 E2.1113
G1 X115.795 Y85.75 E2.58259
G1 X117.08 Y87.299 E2.67939
G1 X118.277 Y89.114 E2.78396
G1 X123.715 Y87.657 E3.05473
G1 X123.715 Y90.994 E3.21523
G1 X109.006 Y76.285 E4.21572
G1 X106.354 Y76.285 E4.34327
G1 X105.507 Y79.449 E4.50081
G1 X107.413 Y80.049 E4.59692
G1 X121.458 Y76.285 E5.29627
G1 X123.715 Y76.285 E5.40482
G1 X123.715 Y76.342 E5.40756
G1 E3.40756 F2400
G92 E0
G92 E0
G1 X100.6 Y81.007 F7800
G1 E2 F2400
;TYPE:Perimeter
;WIDTH:0.45
G1 F3600
G1 X100.609 Y81.007 E2.00043
G1 X101.825 Y81.085 E2.05904
G1 X103.033 Y81.24 E2.11762
G1 X104.229 Y81.473 E2.17622
G1 X105.407 Y81.782 E2.23479
G1 X106.563 Y82.166 E2.29338
G1 X107.692 Y82.623 E2.35196
G1 X108.79 Y83.152 E2.41058
G1 X109.851 Y83.75 E2.46916
G1 X110.872 Y84.414 E2.52774
G1 X111.848 Y85.143 E2.58633
G1 X112.776 Y85.932 E2.64492
G1 X113.651 Y86.78 E2.70353
G1 X114.47 Y87.682 E2.76213
G1 X115.229 Y88.634 E2.82069
G1 X115.926 Y89.633 E2.87928
G1 X116.558 Y90.675 E2.93789
G1 X117.121 Y91.755 E2.99647
G1 X117.614 Y92.869 E3.05506
G1 X118.035 Y94.012 E3.11364
G1 X118.382 Y95.18 E3.17224
G1 X118.653 Y96.367 E3.2308
G1 X118.847 Y97.57 E3.28941
G1 X118.964 Y98.782 E3.34797
G1 X119.003 Y100 E3.40658
G1 X118.964 Y101.218 E3.46519
G1 X118.847 Y102.43 E3.52375
G1 X118.653 Y103.633 E3.58236
G1 X118.382 Y104.82 E3.64092
G1 X118.035 Y105.988 E3.69952
G1 X117.614 Y107.131 E3.7581
G1 X117.121 Y108.245 E3.81669
G1 X116.558 Y109.325 E3.87527
G1 X115.926 Y110.367 E3.93388
G1 X115.229 Y111.366 E3.99247
G1 X114.47 Y112.318 E4.05103
G1 X113.651 Y113.22 E4.10963
G1 X112.776 Y114.068 E4.16824
G1 X111.848 Y114.857 E4.22683
G1 X110.872 Y115.586 E4.28542
G1 X109.851 Y116.25 E4.344
G1 X108.79 Y116.848 E4.40258
G1 X107.692 Y117.377 E4.4612
G1 X106.563 Y117.834 E4.51978
G1 X105.407 Y118.218 E4.57837
G1 X104.229 Y118.527 E4.63694
G1 X103.033 Y118.76 E4.69554
G1 X101.825 Y118.915 E4.75412
G1 X100.609 Y118.993 E4.81273
G1 X99.391 Y118.993 E4.87131
G1 X98.175 Y118.915 E4.92992
G1 X96.967 Y118.76 E4.9885
G1 X95.771 Y118.527 E5.0471
G1 X94.593 Y118.218 E5.10567
G1 X93.437 Y117.834 E5.16426
G1 X92.308 Y117.377 E5.22284
G1 X91.21 Y116.848 E5.28146
G1 X90.149 Y116.25 E5.34004
G1 X89.128 Y115.586 E5.39862
G1 X88.152 Y114.857 E5.45721
G1 X87.224 Y114.068 E5.5158
G1 X86.349 Y113.22 E5.57441
G1 X85.53 Y112.318 E5.63301
G1 X84.771 Y111.366 E5.69157
G1 X84.074 Y110.367 E5.75016
G1 X83.442 Y109.325 E5.80877
G1 X82.879 Y108.245 E5.86735
G1 X82.386 Y107.131 E5.92594
G1 X81.965 Y105.988 E5.98452
G1 X81.618 Y104.82 E6.04312
G1 X81.347 Y103.633 E6.10168
G1 X81.153 Y102.43 E6.16029
G1 X81.036 Y101.218 E6.21885
G1 X80.997 Y100 E6.27746
G1 X81.036 Y98.782 E6.33607
G1 X81.153 Y97.57 E6.39463
G1 X81.347 Y96.367 E6.45324
G1 X81.618 Y95.18 E6.5118
G1 X81.965 Y94.012 E6.5704
G1 X82.386 Y92.869 E6.62898
G1 X82.879 Y91.755 E6.68757
G1 X83.442 Y90.675 E6.74615
G1 X84.074 Y89.633 E6.80476
G1 X84.771 Y88.634 E6.86335
G1 X85.53 Y87.682 E6.92191
G1 X86.349 Y86.78 E6.98051
G1 X87.224 Y85.932 E7.03912
G1 X88.152 Y85.143 E7.09771
G1 X89.128 Y84.414 E7.1563
G1 X90.149 Y83.75 E7.21488
G1 X91.21 Y83.152 E7.27346
G1 X92.308 Y82.623 E7.33208
G1 X93.437 Y82.166 E7.39066
G1 X94.593 Y81.782 E7.44925
G1 X95.771 Y81.473 E7.50782
G1 X96.967 Y81.24 E7.56642
G1 X98.175 Y81.085 E7.625
G1 X99.391 Y81.007 E7.68361
G1 X100.54 Y81.007 E7.73887
G1 X100.624 Y80.621 F7800
G1 F3600
G1 X101.862 Y80.701 E7.79854
G1 X103.094 Y80.859 E7.85828
G1 X104.314 Y81.097 E7.91806
G1 X105.517 Y81.412 E7.97787
G1 X106.696 Y81.804 E8.03763
G1 X107.848 Y82.27 E8.0974
G1 X108.968 Y82.81 E8.1572
G1 X110.051 Y83.42 E8.21698
G1 X111.093 Y84.098 E8.27677
G1 X112.089 Y84.841 E8.33653
G1 X113.035 Y85.647 E8.3963
G1 X113.928 Y86.511 E8.45606
G1 X114.764 Y87.431 E8.51585
G1 X115.539 Y88.403 E8.57564
G1 X116.25 Y89.423 E8.63544
G1 X116.894 Y90.485 E8.69518
G1 X117.469 Y91.587 E8.75496
G1 X117.972 Y92.724 E8.81476
G1 X118.401 Y93.89 E8.87452
G1 X118.755 Y95.082 E8.93433
G1 X119.032 Y96.294 E8.99413
G1 X119.23 Y97.521 E9.05391
G1 X119.349 Y98.758 E9.11368
G1 X119.389 Y100 E9.17345
G1 X119.349 Y101.242 E9.23322
G1 X119.23 Y102.479 E9.29299
G1 X119.032 Y103.706 E9.35277
G1 X118.755 Y104.918 E9.41257
G1 X118.401 Y106.11 E9.47238
G1 X117.972 Y107.276 E9.53214
G1 X117.469 Y108.413 E9.59194
G1 X116.894 Y109.515 E9.65172
G1 X116.25 Y110.577 E9.71146
G1 X115.539 Y111.597 E9.77126
G1 X114.764 Y112.569 E9.83105
G1 X113.928 Y113.489 E9.89084
G1 X113.035 Y114.353 E9.9506
G1 X112.089 Y115.159 E10.01037
G1 X111.093 Y115.902 E10.07013
G1 X110.051 Y116.58 E10.12992
G1 X108.968 Y117.19 E10.1897
G1 X107.848 Y117.73 E10.2495
G1 X106.696 Y118.196 E10.30927
G1 X105.517 Y118.588 E10.36903
G1 X104.314 Y118.903 E10.42884
G1 X103.094 Y119.141 E10.48862
G1 X101.862 Y119.299 E10.54836
G1 X100.621 Y119.379 E10.60817
G1 X99.379 Y119.379 E10.66791
G1 X98.138 Y119.299 E10.72772
G1 X96.906 Y119.141 E10.78746
G1 X95.686 Y118.903 E10.84724
G1 X94.483 Y118.588 E10.90705
G1 X93.304 Y118.196 E10.96681
G1 X92.152 Y117.73 E11.02658
G1 X91.032 Y117.19 E11.08638
G1 X89.949 Y116.58 E11.14616
G1 X88.907 Y115.902 E11.20595
G1 X87.911 Y115.159 E11.26571
G1 X86.965 Y114.353 E11.32548
G1 X86.072 Y113.489 E11.38524
G1 X85.236 Y112.569 E11.44503
G1 X84.461 Y111.597 E11.50482
G1 X83.75 Y110.577 E11.56462
G1 X83.106 Y109.515 E11.62436
G1 X82.531 Y108.413 E11.68414
G1 X82.028 Y107.276 E11.74394
G1 X81.599 Y106.11 E11.8037
G1 X81.245 Y104.918 E11.86351
G1 X80.968 Y103.706 E11.92331
G1 X80.77 Y102.479 E11.98309
G1 X80.651 Y101.242 E12.04286
G1 X80.611 Y100 E12.10263
G1 X80.651 Y98.758 E12.1624
G1 X80.77 Y97.521 E12.22217
G1 X80.968 Y96.294 E12.28195
G1 X81.245 Y95.082 E12.34175
G1 X81.599 Y93.89 E12.40156
G1 X82.028 Y92.724 E12.46132
G1 X82.531 Y91.587 E12.52112
G1 X83.106 Y90.485 E12.5809
G1 X83.75 Y89.423 E12.64064
G1 X84.461 Y88.403 E12.70044
G1 X85.236 Y87.431 E12.76023
G1 X86.072 Y86.511 E12.82002
G1 X86.965 Y85.647 E12.87978
G1 X87.911 Y84.841 E12.93955
G1 X88.907 Y84.098 E12.99931
G1 X89.949 Y83.42 E13.0591
G1 X91.032 Y82.81 E13.11888
G1 X92.152 Y82.27 E13.17868
G1 X93.304 Y81.804 E13.23845
G1 X94.483 Y81.412 E13.29821
G1 X95.686 Y81.097 E13.35802
G1 X96.906 Y80.859 E13.4178
G1 X98.138 Y80.701 E13.47754
G1 X99.379 Y80.621 E13.53735
G1 X100.564 Y80.621 E13.59434
G1 X100.649 Y80.236 F7800
;TYPE:External perimeter
G1 F1800
G1 X101.899 Y80.316 E13.65458
G1 X103.156 Y80.479 E13.71554
G1 X104.4 Y80.721 E13.77649
G1 X105.626 Y81.042 E13.83744
G1 X106.83 Y81.442 E13.89846
G1 X108.005 Y81.918 E13.95943
G1 X109.147 Y82.468 E14.02039
G1 X110.251 Y83.09 E14.08134
G1 X111.314 Y83.781 E14.14232
G1 X112.329 Y84.539 E14.20325
G1 X113.295 Y85.361 E14.26426
G1 X114.205 Y86.243 E14.32521
G1 X115.058 Y87.181 E14.38619
G1 X115.848 Y88.172 E14.44715
G1 X116.573 Y89.212 E14.50813
G1 X117.23 Y90.296 E14.5691
G1 X117.817 Y91.42 E14.63009
G1 X118.33 Y92.579 E14.69105
G1 X118.767 Y93.769 E14.75202
G1 X119.128 Y94.984 E14.81298
G1 X119.41 Y96.22 E14.87395
G1 X119.613 Y97.471 E14.93491
G1 X119.734 Y98.733 E14.99589
G1 X119.775 Y100 E15.05686
G1 X119.734 Y101.267 E15.11783
G1 X119.613 Y102.529 E15.17881
G1 X119.41 Y103.78 E15.23977
G1 X119.128 Y105.016 E15.30074
G1 X118.767 Y106.231 E15.3617
G1 X118.33 Y107.421 E15.42267
G1 X117.817 Y108.58 E15.48363
G1 X117.23 Y109.704 E15.54462
G1 X116.573 Y110.788 E15.60559
G1 X115.848 Y111.828 E15.66657
G1 X115.058 Y112.819 E15.72753
G1 X114.205 Y113.757 E15.78851
G1 X113.295 Y114.639 E15.84946
G1 X112.329 Y115.461 E15.91047
G1 X111.314 Y116.219 E15.9714
G1 X110.251 Y116.91 E16.03238
G1 X109.147 Y117.532 E16.09333
G1 X108.005 Y118.082 E16.15429
G1 X106.83 Y118.558 E16.21526
G1 X105.626 Y118.958 E16.27628
G1 X104.4 Y119.279 E16.33723
G1 X103.156 Y119.521 E16.39818
G1 X101.899 Y119.684 E16.45914
G1 X100.634 Y119.765 E16.52011
G1 X99.366 Y119.765 E16.5811
G1 X98.101 Y119.684 E16.64207
G1 X96.844 Y119.521 E16.70303
G1 X95.6 Y119.279 E16.76398
G1 X94.374 Y118.958 E16.82493
G1 X93.17 Y118.558 E16.88595
G1 X91.995 Y118.082 E16.94692
G1 X90.853 Y117.532 E17.00788
G1 X89.749 Y116.91 E17.06883
G1 X88.686 Y116.219 E17.12981
G1 X87.671 Y115.461 E17.19074
G1 X86.705 Y114.639 E17.25175
G1 X85.795 Y113.757 E17.3127
G1 X84.942 Y112.819 E17.37368
G1 X84.152 Y111.828 E17.43464
G1 X83.427 Y110.788 E17.49562
G1 X82.77 Y109.704 E17.55659
G1 X82.183 Y108.58 E17.61758
G1 X81.67 Y107.421 E17.67854
G1 X81.233 Y106.231 E17.73951
G1 X80.872 Y105.016 E17.80047
G1 X80.59 Y103.78 E17.86144
G1 X80.387 Y102.529 E17.9224
G1 X80.266 Y101.267 E17.98338
G1 X80.225 Y100 E18.04435
G1 X80.266 Y98.733 E18.10532
G1 X80.387 Y97.471 E18.1663
G1 X80.59 Y96.22 E18.22726
G1 X80.872 Y94.984 E18.28823
G1 X81.233 Y93.769 E18.34919
G1 X81.67 Y92.579 E18.41016
G1 X82.183 Y91.42 E18.47112
G1 X82.77 Y90.296 E18.53211
G1 X83.427 Y89.212 E18.59308
G1 X84.152 Y88.172 E18.65406
G1 X84.942 Y87.181 E18.71502
G1 X85.795 Y86.243 E18.776
G1 X86.705 Y85.361 E18.83695
G1 X87.671 Y84.539 E18.89796
G1 X88.686 Y83.781 E18.95889
G1 X89.749 Y83.09 E19.01987
G1 X90.853 Y82.468 E19.08082
G1 X91.995 Y81.918 E19.14178
G1 X93.17 Y81.442 E19.20275
G1 X94.374 Y81.042 E19.26377
G1 X95.6 Y80.721 E19.32472
G1 X96.844 Y80.479 E19.38567
G1 X98.101 Y80.316 E19.44663
G1 X99.366 Y80.235 E19.5076
G1 X100.589 Y80.235 E19.56642
G1 X100.988 Y80.258 F7800
G1 E17.56642 F2400
G92 E0
G1 X95.512 Y81.84 F7800
G1 E2 F2400
;TYPE:Internal infill
;WIDTH:0.45
G1 F4800
G1 X97.013 Y81.526 E2.07376
G1 X97.787 Y81.426 E2.1113
G1 X118.577 Y102.217 E3.52545
G1 X118.682 Y100.982 E3.58506
G1 X84.307 Y110.193 E5.29671
G1 X85.019 Y111.213 E5.35654
G1 X92.631 Y82.804 E6.77111
G1 X91.344 Y83.408 E6.83949
G1 X90.567 Y83.846 E6.88239
G1 E4.88239 F2400
G92 E0
G1 X87.007 Y86.545 F7800
G1 E2 F2400
G1 F4800
G1 X88.766 Y85.045 E2.11119
G1 X102.253 Y81.431 E2.78275
G1 X102.987 Y81.526 E2.81835
G1 X104.841 Y81.933 E2.90964
G1 X95.159 Y118.067 E4.70887
G1 X97.013 Y118.474 E4.80016
G1 X97.747 Y118.569 E4.83576
G1 X111.234 Y114.955 E5.50732
G1 X112.581 Y113.853 E5.59102
G1 X113.228 Y113.228 E5.63429
G1 X86.772 Y86.772 E7.4338
G1 X85.75 Y87.869 E7.50591
G1 X85.243 Y88.506 E7.54507
G1 E5.54507 F2400
G92 E0
G1 X104.488 Y118.16 F7800
G1 E2 F2400
G1 F4800
G1 X102.987 Y118.474 E2.07376
G1 X102.213 Y118.574 E2.1113
G1 X81.423 Y97.783 E3.52545
G1 X81.318 Y99.018 E3.58506
G1 X115.693 Y89.807 E5.29671
G1 X114.981 Y88.787 E5.35654
G1 X107.369 Y117.196 E6.77111
G1 X108.656 Y116.592 E6.83949
G1 X109.433 Y116.154 E6.88239
;LAYER_CHANGE
;Z:5.75
;HEIGHT:0.3
G1 E4.88239 F2400
G92 E0
G1 Z5.75 F7800
G92 E0
G1 X118.278 Y110.331
G1 E2 F2400
;TYPE:Perimeter
;WIDTH:0.45
G1 F3600
G1 X117.597 Y111.454 E2.06317
G1 X116.827 Y112.558 E2.12791
G1 X115.988 Y113.611 E2.19267
G1 X115.083 Y114.607 E2.2574
G1 X114.116 Y115.543 E2.32213
G1 X113.091 Y116.416 E2.38689
G1 X112.013 Y117.221 E2.4516
G1 X110.885 Y117.955 E2.51633
G1 X109.712 Y118.616 E2.58109
G1 X108.499 Y119.2 E2.64584
G1 X107.252 Y119.705 E2.71055
G1 X105.974 Y120.129 E2.77531
G1 X104.672 Y120.47 E2.84004
G1 X103.351 Y120.728 E2.90478
G1 X102.016 Y120.9 E2.96952
G1 X100.673 Y120.986 E3.03425
G1 X99.327 Y120.986 E3.09899
G1 X97.984 Y120.9 E3.16372
G1 X96.649 Y120.728 E3.22846
G1 X95.328 Y120.47 E3.2932
G1 X94.026 Y120.129 E3.35793
G1 X92.748 Y119.705 E3.42269
G1 X91.501 Y119.2 E3.4874
G1 X90.288 Y118.616 E3.55215
G1 X89.115 Y117.955 E3.61691
G1 X87.987 Y117.221 E3.68164
G1 X86.909 Y116.416 E3.74635
G1 X85.884 Y115.543 E3.81111
G1 X84.917 Y114.607 E3.87584
G1 X84.012 Y113.611 E3.94057
G1 X83.173 Y112.558 E4.00533
G1 X82.403 Y111.454 E4.07007
G1 X81.705 Y110.303 E4.13481
G1 X81.083 Y109.11 E4.19952
G1 X80.538 Y107.879 E4.26427
G1 X80.073 Y106.616 E4.329
G1 X79.69 Y105.326 E4.39372
G1 X79.39 Y104.014 E4.45845
G1 X79.176 Y102.685 E4.52319
G1 X79.046 Y101.345 E4.58794
G1 X79.003 Y100 E4.65266
G1 X79.046 Y98.655 E4.71738
G1 X79.176 Y97.315 E4.78213
G1 X79.39 Y95.986 E4.84687
G1 X79.69 Y94.674 E4.9116
G1 X80.073 Y93.384 E4.97632
G1 X80.538 Y92.121 E5.04105
G1 X81.083 Y90.89 E5.1058
G1 X81.705 Y89.697 E5.17051
G1 X82.403 Y88.546 E5.23525
G1 X83.173 Y87.442 E5.29999
G1 X84.012 Y86.389 E5.36475
G1 X84.917 Y85.393 E5.42948
G1 X85.884 Y84.457 E5.49421
G1 X86.909 Y83.584 E5.55897
G1 X87.987 Y82.779 E5.62368
G1 X89.115 Y82.045 E5.68841
G1 X90.288 Y81.384 E5.75317
G1 X91.501 Y80.8 E5.81792
G1 X92.748 Y80.295 E5.88263
G1 X94.026 Y79.871 E5.94739
G1 X95.328 Y79.53 E6.01212
G1 X96.649 Y79.272 E6.07686
G1 X97.984 Y79.1 E6.1416
G1 X99.327 Y79.014 E6.20633
G1 X100.673 Y79.014 E6.27107
G1 X102.016 Y79.1 E6.3358
G1 X103.351 Y79.272 E6.40054
G1 X104.672 Y79.53 E6.46528
G1 X105.974 Y79.871 E6.53001
G1 X107.252 Y80.295 E6.59477
G1 X108.499 Y80.8 E6.65948
G1 X109.712 Y81.384 E6.72423
G1 X110.885 Y82.045 E6.78899
G1 X112.013 Y82.779 E6.85372
G1 X113.091 Y83.584 E6.91843
G1 X114.116 Y84.457 E6.98319
G1 X115.083 Y85.393 E7.04792
G1 X115.988 Y86.389 E7.11265
G1 X116.827 Y87.442 E7.17741
G1 X117.597 Y88.546 E7.24215
G1 X118.295 Y89.697 E7.30689
G1 X118.917 Y90.89 E7.3716
G1 X119.462 Y92.121 E7.43635
G1 X119.927 Y93.384 E7.50108
G1 X120.31 Y94.674 E7.5658
G1 X120.61 Y95.986 E7.63053
G1 X120.824 Y97.315 E7.69527
G1 X120.954 Y98.655 E7.76002
G1 X120.997 Y100 E7.82474
G1 X120.954 Y101.345 E7.88946
G1 X120.824 Y102.685 E7.95421
G1 X120.61 Y104.014 E8.01895
G1 X120.31 Y105.326 E8.08368
G1 X119.927 Y106.616 E8.1484
G1 X119.462 Y107.879 E8.21313
G1 X118.917 Y109.11 E8.27788
G1 X118.308 Y110.279 E8.34128
G1 X117.949 Y110.131 F7800
G1 F3600
G1 X117.274 Y111.244 E8.40389
G1 X116.518 Y112.328 E8.46745
G1 X115.694 Y113.361 E8.531
G1 X114.806 Y114.339 E8.59454
G1 X113.857 Y115.258 E8.65808
G1 X112.851 Y116.114 E8.72161
G1 X111.792 Y116.905 E8.78518
G1 X110.685 Y117.625 E8.84869
G1 X109.533 Y118.274 E8.91228
G1 X108.343 Y118.847 E8.9758
G1 X107.118 Y119.343 E9.03936
G1 X105.864 Y119.759 E9.10291
G1 X104.586 Y120.094 E9.16645
G1 X103.29 Y120.347 E9.22996
G1 X101.979 Y120.516 E9.29354
G1 X100.661 Y120.6 E9.35706
G1 X99.339 Y120.6 E9.42064
G1 X98.021 Y120.516 E9.48416
G1 X96.711 Y120.347 E9.54769
G1 X95.414 Y120.094 E9.61125
G1 X94.136 Y119.759 E9.67479
G1 X92.882 Y119.343 E9.73834
G1 X91.657 Y118.847 E9.8019
G1 X90.467 Y118.274 E9.86542
G1 X89.315 Y117.625 E9.92901
G1 X88.208 Y116.905 E9.99252
G1 X87.149 Y116.114 E10.05609
G1 X86.143 Y115.258 E10.11962
G1 X85.194 Y114.339 E10.18316
G1 X84.306 Y113.361 E10.2467
G1 X83.482 Y112.328 E10.31025
G1 X82.726 Y111.244 E10.37381
G1 X82.041 Y110.114 E10.43737
G1 X81.43 Y108.943 E10.5009
G1 X80.895 Y107.735 E10.56444
G1 X80.439 Y106.495 E10.62798
G1 X80.063 Y105.228 E10.69155
G1 X79.769 Y103.94 E10.75509
G1 X79.558 Y102.636 E10.81862
G1 X79.431 Y101.321 E10.88216
G1 X79.389 Y100 E10.94573
G1 X79.431 Y98.679 E11.0093
G1 X79.558 Y97.364 E11.07284
G1 X79.769 Y96.06 E11.13637
G1 X80.063 Y94.772 E11.19991
G1 X80.439 Y93.505 E11.26348
G1 X80.895 Y92.265 E11.32702
G1 X81.43 Y91.057 E11.39056
G1 X82.041 Y89.886 E11.45409
G1 X82.726 Y88.756 E11.51765
G1 X83.482 Y87.672 E11.58121
G1 X84.306 Y86.639 E11.64476
G1 X85.194 Y85.661 E11.7083
G1 X86.143 Y84.742 E11.77184
G1 X87.149 Y83.886 E11.83537
G1 X88.208 Y83.095 E11.89894
G1 X89.315 Y82.375 E11.96245
G1 X90.467 Y81.726 E12.02604
G1 X91.657 Y81.153 E12.08956
G1 X92.882 Y80.657 E12.15312
G1 X94.136 Y80.241 E12.21667
G1 X95.414 Y79.906 E12.28021
G1 X96.71 Y79.653 E12.34372
G1 X98.021 Y79.484 E12.4073
G1 X99.339 Y79.4 E12.47082
G1 X100.661 Y79.4 E12.5344
G1 X101.979 Y79.484 E12.59792
G1 X103.289 Y79.653 E12.66145
G1 X104.586 Y79.906 E12.72501
G1 X105.864 Y80.241 E12.78855
G1 X107.118 Y80.657 E12.8521
G1 X108.343 Y81.153 E12.91566
G1 X109.533 Y81.726 E12.97918
G1 X110.685 Y82.375 E13.04277
G1 X111.792 Y83.095 E13.10628
G1 X112.851 Y83.886 E13.16985
G1 X113.857 Y84.742 E13.23338
G1 X114.806 Y85.661 E13.29692
G1 X115.694 Y86.639 E13.36046
G1 X116.518 Y87.672 E13.42401
G1 X117.274 Y88.756 E13.48757
G1 X117.959 Y89.886 E13.55113
G1 X118.57 Y91.057 E13.61466
G1 X119.105 Y92.265 E13.6782
G1 X119.561 Y93.505 E13.74174
G1 X119.937 Y94.772 E13.80531
G1 X120.231 Y96.06 E13.86885
G1 X120.442 Y97.364 E13.93238
G1 X120.569 Y98.679 E13.99592
G1 X120.611 Y100 E14.05949
G1 X120.569 Y101.321 E14.12306
G1 X120.442 Y102.636 E14.1866
G1 X120.231 Y103.94 E14.25013
G1 X119.937 Y105.228 E14.31367
G1 X119.561 Y106.495 E14.37724
G1 X119.105 Y107.735 E14.44078
G1 X118.57 Y108.943 E14.50432
G1 X117.977 Y110.078 E14.56591
G1 X117.619 Y109.931 F7800
;TYPE:External perimeter
G1 F1800
G1 X116.95 Y111.033 E14.62791
G1 X116.209 Y112.097 E14.69027
G1 X115.4 Y113.11 E14.75262
G1 X114.529 Y114.07 E14.81496
G1 X113.597 Y114.972 E14.87734
G1 X112.61 Y115.813 E14.93971
G1 X111.571 Y116.588 E15.00205
G1 X110.485 Y117.295 E15.06438
G1 X109.355 Y117.932 E15.12677
G1 X108.187 Y118.494 E15.18911
G1 X106.985 Y118.981 E15.25149
G1 X105.755 Y119.389 E15.31382
G1 X104.501 Y119.718 E15.37617
G1 X103.228 Y119.966 E15.43855
G1 X101.942 Y120.132 E15.50092
G1 X100.648 Y120.215 E15.56328
G1 X99.352 Y120.215 E15.62561
G1 X98.058 Y120.132 E15.68797
G1 X96.772 Y119.966 E15.75034
G1 X95.499 Y119.718 E15.81272
G1 X94.245 Y119.389 E15.87507
G1 X93.015 Y118.981 E15.9374
G1 X91.813 Y118.494 E15.99978
G1 X90.645 Y117.932 E16.06212
G1 X89.515 Y117.295 E16.12451
G1 X88.429 Y116.588 E16.18684
G1 X87.39 Y115.813 E16.24918
G1 X86.403 Y114.972 E16.31155
G1 X85.471 Y114.07 E16.37393
G1 X84.6 Y113.111 E16.43624
G1 X83.791 Y112.097 E16.49863
G1 X83.05 Y111.034 E16.56095
G1 X82.377 Y109.925 E16.62334
G1 X81.778 Y108.775 E16.6857
G1 X81.253 Y107.59 E16.74804
G1 X80.805 Y106.373 E16.81041
G1 X80.436 Y105.13 E16.87277
G1 X80.148 Y103.866 E16.93512
G1 X79.941 Y102.586 E16.99748
G1 X79.816 Y101.296 E17.05982
G1 X79.775 Y100 E17.12218
G1 X79.816 Y98.704 E17.18454
G1 X79.941 Y97.414 E17.24688
G1 X80.148 Y96.134 E17.30924
G1 X80.436 Y94.87 E17.37159
G1 X80.805 Y93.627 E17.43395
G1 X81.253 Y92.41 E17.49632
G1 X81.778 Y91.225 E17.55866
G1 X82.377 Y90.075 E17.62102
G1 X83.05 Y88.967 E17.68337
G1 X83.791 Y87.903 E17.74573
G1 X84.6 Y86.89 E17.80808
G1 X85.471 Y85.93 E17.87042
G1 X86.403 Y85.028 E17.9328
G1 X87.39 Y84.187 E17.99517
G1 X88.429 Y83.412 E18.05751
G1 X89.515 Y82.705 E18.11984
G1 X90.645 Y82.068 E18.18223
G1 X91.813 Y81.506 E18.24457
G1 X93.015 Y81.019 E18.30695
G1 X94.245 Y80.611 E18.36928
G1 X95.499 Y80.282 E18.43163
G1 X96.772 Y80.034 E18.49401
G1 X98.058 Y79.868 E18.55638
G1 X99.352 Y79.785 E18.61874
G1 X100.648 Y79.785 E18.68107
G1 X101.942 Y79.868 E18.74343
G1 X103.228 Y80.034 E18.8058
G1 X104.501 Y80.282 E18.86818
G1 X105.755 Y80.611 E18.93053
G1 X106.985 Y81.019 E18.99286
G1 X108.187 Y81.506 E19.05524
G1 X109.355 Y82.068 E19.11758
G1 X110.485 Y82.705 E19.17997
G1 X111.571 Y83.412 E19.2423
G1 X112.61 Y84.187 E19.30464
G1 X113.597 Y85.028 E19.36701
G1 X114.529 Y85.93 E19.42939
G1 X115.4 Y86.89 E19.49173
G1 X116.209 Y87.903 E19.55408
G1 X116.95 Y88.966 E19.6164
G1 X117.623 Y90.075 E19.67879
G1 X118.222 Y91.225 E19.74115
G1 X118.747 Y92.41 E19.80349
G1 X119.195 Y93.627 E19.86586
G1 X119.564 Y94.87 E19.92822
G1 X119.852 Y96.134 E19.99057
G1 X120.059 Y97.414 E20.05293
G1 X120.184 Y98.704 E20.11527
G1 X120.225 Y100 E20.17763
G1 X120.184 Y101.296 E20.23999
G1 X120.059 Y102.586 E20.30233
G1 X119.852 Y103.866 E20.36469
G1 X119.564 Y105.13 E20.42704
G1 X119.195 Y106.373 E20.4894
G1 X118.747 Y107.59 E20.55177
G1 X118.222 Y108.775 E20.61411
G1 X117.647 Y109.878 E20.67394
G1 X117.442 Y110.222 F7800
G1 E18.67394 F2400
G92 E0
G1 X124.004 Y124.004 F7800
G1 E2 F2400
;TYPE:Perimeter
G1 F3600
G1 X75.996 Y124.004 E4.30902
G1 X75.996 Y75.996 E6.61804
G1 X124.004 Y75.996 E8.92706
G1 X124.004 Y123.944 E11.23319
G1 X124.389 Y124.389 F7800
G1 F3600
G1 X75.611 Y124.389 E13.57924
G1 X75.611 Y75.611 E15.92529
G1 X124.389 Y75.611 E18.27134
G1 X124.389 Y124.329 E20.61451
G1 X124.775 Y124.775 F7800
;TYPE:External perimeter
G1 F1800
G1 X75.225 Y124.775 E22.99769
G1 X75.225 Y75.225 E25.38087
G1 X124.775 Y75.225 E27.76405
G1 X124.775 Y124.715 E30.14435
G1 X124.379 Y124.774 F7800
G1 E28.14435 F2400
G92 E0
G1 X123.715 Y121.401 F7800
G1 E2 F2400
;TYPE:Internal infill
;WIDTH:0.45
G1 F4800
G1 X123.715 Y123.715 E2.1113
G1 X115.044 Y115.044 E2.70109
G1 X116.384 Y113.575 E2.79672
G1 X123.715 Y111.611 E3.16175
G1 X123.715 Y107.354 E3.3665
G1 X120.806 Y104.445 E3.56437
G1 X121.105 Y102.759 E3.64673
G1 X121.239 Y101.401 E3.71236
G1 X121.275 Y100.288 E3.76592
G1 X123.715 Y99.634 E3.88742
G1 X123.715 Y100.891 E3.94788
G1 X117.599 Y123.715 E5.08437
G1 X115.285 Y123.715 E5.19567
G1 E3.19567 F2400
G92 E0
G1 X108.714 Y119.417 F7800
G1 E2 F2400
G1 F4800
G1 X106.553 Y120.24 E2.11122
G1 X105.622 Y123.715 E2.28425
G1 X107.354 Y123.715 E2.36755
G1 X104.448 Y120.809 E2.56521
G1 X102.164 Y121.172 E2.67644
G1 E.67644 F2400
G92 E0
G1 X83.983 Y123.715 F7800
G1 E2 F2400
G1 F4800
G1 X81.669 Y123.715 E2.1113
G1 X84.205 Y114.25 E2.58259
G1 X82.92 Y112.701 E2.67939
G1 X81.723 Y110.886 E2.78396
G1 X76.285 Y112.343 E3.05473
G1 X76.285 Y109.006 E3.21523
G1 X90.994 Y123.715 E4.21572
G1 X93.646 Y123.715 E4.34327
G1 X94.493 Y120.551 E4.50081
G1 X92.587 Y119.951 E4.59692
G1 X78.542 Y123.715 E5.29627
G1 X76.285 Y123.715 E5.40482
G1 X76.285 Y123.658 E5.40756
G1 E3.40756 F2400
G92 E0
G1 X76.285 Y78.599 F7800
G1 E2 F2400
G1 F4800
G1 X76.285 Y76.285 E2.1113
G1 X84.955 Y84.955 E2.70102
G1 X83.614 Y86.426 E2.79676
G1 X76.285 Y88.389 E3.16168
G1 X76.285 Y92.646 E3.36643
G1 X79.195 Y95.555 E3.56433
G1 X78.895 Y97.241 E3.64669
G1 X78.761 Y98.599 E3.71232
G1 X78.725 Y99.712 E3.76588
G1 X76.285 Y100.366 E3.88738
G1 X76.285 Y99.109 E3.94784
G1 X82.401 Y76.285 E5.08433
G1 X84.715 Y76.285 E5.19563
G1 E3.19563 F2400
G92 E0
G1 X91.287 Y80.585 F7800
G1 E2 F2400
G1 F4800
G1 X92.614 Y80.038 E2.06903
G1 X93.447 Y79.76 E2.11127
G1 X94.378 Y76.285 E2.2843
G1 X92.646 Y76.285 E2.3676
G1 X95.552 Y79.191 E2.56526
G1 X97.836 Y78.828 E2.67649
G1 E.67649 F2400
G92 E0
G1 X116.017 Y76.285 F7800
G1 E2 F2400
G1 F4800
G1 X118.331 Y76.285 E2.1113
G1 X115.795 Y85.75 E2.58259
G1 X117.08 Y87.299 E2.67939
G1 X118.277 Y89.114 E2.78396
G1 X123.715 Y87.657 E3.05473
G1 X123.715 Y90.994 E3.21523
G1 X109.006 Y76.285 E4.21572
G1 X106.354 Y76.285 E4.34327
G1 X105.507 Y79.449 E4.50081
G1 X107.413 Y80.049 E4.59692
G1 X121.458 Y76.285 E5.29627
G1 X123.715 Y76.285 E5.40482
G1 X123.715 Y76.342 E5.40756
G1 E3.40756 F2400
G92 E0
G92 E0
G1 X100.6 Y81.007 F7800
G1 E2 F2400
;TYPE:Perimeter
;WIDTH:0.45
G1 F3600
G1 X100.609 Y81.007 E2.00043
G1 X101.825 Y81.085 E2.05904
G1 X103.033 Y81.24 E2.11762
G1 X104.229 Y81.473 E2.17622
G1 X105.407 Y81.782 E2.23479
G1 X106.563 Y82.166 E2.29338
G1 X107.692 Y82.623 E2.35196
G1 X108.79 Y83.152 E2.41058
G1 X109.851 Y83.75 E2.46916
G1 X110.872 Y84.414 E2.52774
G1 X111.848 Y85.143 E2.58633
G1 X112.776 Y85.932 E2.64492
G1 X113.651 Y86.78 E2.70353
G1 X114.47 Y87.682 E2.76213
G1 X115.229 Y88.634 E2.82069
G1 X115.926 Y89.633 E2.87928
G1 X116.558 Y90.675 E2.93789
G1 X117.121 Y91.755 E2.99647
G1 X117.614 Y92.869 E3.05506
G1 X118.035 Y94.012 E3.11364
G1 X118.382 Y95.18 E3.17224
G1 X118.653 Y96.367 E3.2308
G1 X118.847 Y97.57 E3.28941
G1 X118.964 Y98.782 E3.34797
G1 X119.003 Y100 E3.40658
G1 X118.964 Y101.218 E3.46519
G1 X118.847 Y102.43 E3.52375
G1 X118.653 Y103.633 E3.58236
G1 X118.382 Y104.82 E3.64092
G1 X118.035 Y105.988 E3.69952
G1 X117.614 Y107.131 E3.7581
G1 X117.121 Y108.245 E3.81669
G1 X116.558 Y109.325 E3.87527
G1 X115.926 Y110.367 E3.93388
G1 X115.229 Y111.366 E3.99247
G1 X114.47 Y112.318 E4.05103
G1 X113.651 Y113.22 E4.10963
G1 X112.776 Y114.068 E4.16824
G1 X111.848 Y114.857 E4.22683
G1 X110.872 Y115.586 E4.28542
G1 X109.851 Y116.25 E4.344
G1 X108.79 Y116.848 E4.40258
G1 X107.692 Y117.377 E4.4612
G1 X106.563 Y117.834 E4.51978
G1 X105.407 Y118.218 E4.57837
G1 X104.229 Y118.527 E4.63694
G1 X103.033 Y118.76 E4.69554
G1 X101.825 Y118.915 E4.75412
G1 X100.609 Y118.993 E4.81273
G1 X99.391 Y118.993 E4.87131
G1 X98.175 Y118.915 E4.92992
G1 X96.967 Y118.76 E4.9885
G1 X95.771 Y118.527 E5.0471
G1 X94.593 Y118.218 E5.10567
G1 X93.437 Y117.834 E5.16426
G1 X92.308 Y117.377 E5.22284
G1 X91.21 Y116.848 E5.28146
G1 X90.149 Y116.25 E5.34004
G1 X89.128 Y115.586 E5.39862
G1 X88.152 Y114.857 E5.45721
G1 X87.224 Y114.068 E5.5158
G1 X86.349 Y113.22 E5.57441
G1 X85.53 Y112.318 E5.63301
G1 X84.771 Y111.366 E5.69157
G1 X84.074 Y110.367 E5.75016
G1 X83.442 Y109.325 E5.80877
G1 X82.879 Y108.245 E5.86735
G1 X82.386 Y107.131 E5.92594
G1 X81.965 Y105.988 E5.98452
G1 X81.618 Y104.82 E6.04312
G1 X81.347 Y103.633 E6.10168
G1 X81.153 Y102.43 E6.16029
G1 X81.036 Y101.218 E6.21885
G1 X80.997 Y100 E6.27746
G1 X81.036 Y98.782 E6.33607
G1 X81.153 Y97.57 E6.39463
G1 X81.347 Y96.367 E6.45324
G1 X81.618 Y95.18 E6.5118
G1 X81.965 Y94.012 E6.5704
G1 X82.386 Y92.869 E6.62898
G1 X82.879 Y91.755 E6.68757
G1 X83.442 Y90.675 E6.74615
G1 X84.074 Y89.633 E6.80476
G1 X84.771 Y88.634 E6.86335
G1 X85.53 Y87.682 E6.92191
G1 X86.349 Y86.78 E6.98051
G1 X87.224 Y85.932 E7.03912
G1 X88.152 Y85.143 E7.09771
G1 X89.128 Y84.414 E7.1563
G1 X90.149 Y83.75 E7.21488
G1 X91.21 Y83.152 E7.27346
G1 X92.308 Y82.623 E7.33208
G1 X93.437 Y82.166 E7.39066
G1 X94.593 Y81.782 E7.44925
G1 X95.771 Y81.473 E7.50782
G1 X96.967 Y81.24 E7.56642
G1 X98.175 Y81.085 E7.625
G1 X99.391 Y81.007 E7.68361
G1 X100.54 Y81.007 E7.73887
G1 X100.624 Y80.621 F7800
G1 F3600
G1 X101.862 Y80.701 E7.79854
G1 X103.094 Y80.859 E7.85828
G1 X104.314 Y81.097 E7.91806
G1 X105.517 Y81.412 E7.97787
G1 X106.696 Y81.804 E8.03763
G1 X107.848 Y82.27 E8.0974
G1 X108.968 Y82.81 E8.1572
G1 X110.051 Y83.42 E8.21698
G1 X111.093 Y84.098 E8.27677
G1 X112.089 Y84.841 E8.33653
G1 X113.035 Y85.647 E8.3963
G1 X113.928 Y86.511 E8.45606
G1 X114.764 Y87.431 E8.51585
G1 X115.539 Y88.403 E8.57564
G1 X116.25 Y89.423 E8.63544
G1 X116.894 Y90.485 E8.69518
G1 X117.469 Y91.587 E8.75496
G1 X117.972 Y92.724 E8.81476
G1 X118.401 Y93.89 E8.87452
G1 X118.755 Y95.082 E8.93433
G1 X119.032 Y96.294 E8.99413
G1 X119.23 Y97.521 E9.05391
G1 X119.349 Y98.758 E9.11368
G1 X119.389 Y100 E9.17345
G1 X119.349 Y101.242 E9.23322
G1 X119.23 Y102.479 E9.29299
G1 X119.032 Y103.706 E9.35277
G1 X118.755 Y104.918 E9.41257
G1 X118.401 Y106.11 E9.47238
G1 X117.972 Y107.276 E9.53214
G1 X117.469 Y108.413 E9.59194
G1 X116.894 Y109.515 E9.65172
G1 X116.25 Y110.577 E9.71146
G1 X115.539 Y111.597 E9.77126
G1 X114.764 Y112.569 E9.83105
G1 X113.928 Y113.489 E9.89084
G1 X113.035 Y114.353 E9.9506
G1 X112.089 Y115.159 E10.01037
G1 X111.093 Y115.902 E10.07013
G1 X110.051 Y116.58 E10.12992
G1 X108.968 Y117.19 E10.1897
G1 X107.848 Y117.73 E10.2495
G1 X106.696 Y118.196 E10.30927
G1 X105.517 Y118.588 E10.36903
G1 X104.314 Y118.903 E10.42884
G1 X103.094 Y119.141 E10.48862
G1 X101.862 Y119.299 E10.54836
G1 X100.621 Y119.379 E10.60817
G1 X99.379 Y119.379 E10.66791
G1 X98.138 Y119.299 E10.72772
G1 X96.906 Y119.141 E10.78746
G1 X95.686 Y118.903 E10.84724
G1 X94.483 Y118.588 E10.90705
G1 X93.304 Y118.196 E10.96681
G1 X92.152 Y117.73 E11.02658
G1 X91.032 Y117.19 E11.08638
G1 X89.949 Y116.58 E11.14616
G1 X88.907 Y115.902 E11.20595
G1 X87.911 Y115.159 E11.26571
G1 X86.965 Y114.353 E11.32548
G1 X86.072 Y113.489 E11.38524
G1 X85.236 Y112.569 E11.44503
G1 X84.461 Y111.597 E11.50482
G1 X83.75 Y110.577 E11.56462
G1 X83.106 Y109.515 E11.62436
G1 X82.531 Y108.413 E11.68414
G1 X82.028 Y107.276 E11.74394
G1 X81.599 Y106.11 E11.8037
G1 X81.245 Y104.918 E11.86351
G1 X80.968 Y103.706 E11.92331
G1 X80.77 Y102.479 E11.98309
G1 X80.651 Y101.242 E12.04286
G1 X80.611 Y100 E12.10263
G1 X80.651 Y98.758 E12.1624
G1 X80.77 Y97.521 E12.22217
G1 X80.968 Y96.294 E12.28195
G1 X81.245 Y95.082 E12.34175
G1 X81.599 Y93.89 E12.40156
G1 X82.028 Y92.724 E12.46132
G1 X82.531 Y91.587 E12.52112
G1 X83.106 Y90.485 E12.5809
G1 X83.75 Y89.423 E12.64064
G1 X84.461 Y88.403 E12.70044
G1 X85.236 Y87.431 E12.76023
G1 X86.072 Y86.511 E12.82002
G1 X86.965 Y85.647 E12.87978
G1 X87.911 Y84.841 E12.93955
G1 X88.907 Y84.098 E12.99931
G1 X89.949 Y83.42 E13.0591
G1 X91.032 Y82.81 E13.11888
G1 X92.152 Y82.27 E13.17868
G1 X93.304 Y81.804 E13.23845
G1 X94.483 Y81.412 E13.29821
G1 X95.686 Y81.097 E13.35802
G1 X96.906 Y80.859 E13.4178
G1 X98.138 Y80.701 E13.47754
G1 X99.379 Y80.621 E13.53735
G1 X100.564 Y80.621 E13.59434
G1 X100.649 Y80.236 F7800
;TYPE:External perimeter
G1 F1800
G1 X101.899 Y80.316 E13.65458
G1 X103.156 Y80.479 E13.71554
G1 X104.4 Y80.721 E13.77649
G1 X105.626 Y81.042 E13.83744
G1 X106.83 Y81.442 E13.89846
G1 X108.005 Y81.918 E13.95943
G1 X109.147 Y82.468 E14.02039
G1 X110.251 Y83.09 E14.08134
G1 X111.314 Y83.781 E14.14232
G1 X112.329 Y84.539 E14.20325
G1 X113.295 Y85.361 E14.26426
G1 X114.205 Y86.243 E14.32521
G1 X115.058 Y87.181 E14.38619
G1 X115.848 Y88.172 E14.44715
G1 X116.573 Y89.212 E14.50813
G1 X117.23 Y90.296 E14.5691
G1 X117.817 Y91.42 E14.63009
G1 X118.33 Y92.579 E14.69105
G1 X118.767 Y93.769 E14.75202
G1 X119.128 Y94.984 E14.81298
G1 X119.41 Y96.22 E14.87395
G1 X119.613 Y97.471 E14.93491
G1 X119.734 Y98.733 E14.99589
G1 X119.775 Y100 E15.05686
G1 X119.734 Y101.267 E15.11783
G1 X119.613 Y102.529 E15.17881
G1 X119.41 Y103.78 E15.23977
G1 X119.128 Y105.016 E15.30074
G1 X118.767 Y106.231 E15.3617
G1 X118.33 Y107.421 E15.42267
G1 X117.817 Y108.58 E15.48363
G1 X117.23 Y109.704 E15.54462
G1 X116.573 Y110.788 E15.60559
G1 X115.848 Y111.828 E15.66657
G1 X115.058 Y112.819 E15.72753
G1 X114.205 Y113.757 E15.78851
G1 X113.295 Y114.639 E15.84946
G1 X112.329 Y115.461 E15.91047
G1 X111.314 Y116.219 E15.9714
G1 X110.251 Y116.91 E16.03238
G1 X109.147 Y117.532 E16.09333
G1 X108.005 Y118.082 E16.15429
G1 X106.83 Y118.558 E16.21526
G1 X105.626 Y118.958 E16.27628
G1 X104.4 Y119.279 E16.33723
G1 X103.156 Y119.521 E16.39818
G1 X101.899 Y119.684 E16.45914
G1 X100.634 Y119.765 E16.52011
G1 X99.366 Y119.765 E16.5811
G1 X98.101 Y119.684 E16.64207
G1 X96.844 Y119.521 E16.70303
G1 X95.6 Y119.279 E16.76398
G1 X94.374 Y118.958 E16.82493
G1 X93.17 Y118.558 E16.88595
G1 X91.995 Y118.082 E16.94692
G1 X90.853 Y117.532 E17.00788
G1 X89.749 Y116.91 E17.06883
G1 X88.686 Y116.219 E17.12981
G1 X87.671 Y115.461 E17.19074
G1 X86.705 Y114.639 E17.25175
G1 X85.795 Y113.757 E17.3127
G1 X84.942 Y112.819 E17.37368
G1 X84.152 Y111.828 E17.43464
G1 X83.427 Y110.788 E17.49562
G1 X82.77 Y109.704 E17.55659
G1 X82.183 Y108.58 E17.61758
G1 X81.67 Y107.421 E17.67854
G1 X81.233 Y106.231 E17.73951
G1 X80.872 Y105.016 E17.80047
G1 X80.59 Y103.78 E17.86144
G1 X80.387 Y102.529 E17.9224
G1 X80.266 Y101.267 E17.98338
G1 X80.225 Y100 E18.04435
G1 X80.266 Y98.733 E18.10532
G1 X80.387 Y97.471 E18.1663
G1 X80.59 Y96.22 E18.22726
G1 X80.872 Y94.984 E18.28823
G1 X81.233 Y93.769 E18.34919
G1 X81.67 Y92.579 E18.41016
G1 X82.183 Y91.42 E18.47112
G1 X82.77 Y90.296 E18.53211
G1 X83.427 Y89.212 E18.59308
G1 X84.152 Y88.172 E18.65406
G1 X84.942 Y87.181 E18.71502
G1 X85.795 Y86.243 E18.776
G1 X86.705 Y85.361 E18.83695
G1 X87.671 Y84.539 E18.89796
G1 X88.686 Y83.781 E18.95889
G1 X89.749 Y83.09 E19.01987
G1 X90.853 Y82.468 E19.08082
G1 X91.995 Y81.918 E19.14178
G1 X93.17 Y81.442 E19.20275
G1 X94.374 Y81.042 E19.26377
G1 X95.6 Y80.721 E19.32472
G1 X96.844 Y80.479 E19.38567
G1 X98.101 Y80.316 E19.44663
G1 X99.366 Y80.235 E19.5076
G1 X100.589 Y80.235 E19.56642
G1 X100.988 Y80.258 F7800
G1 E17.56642 F2400
G92 E0
G1 X95.512 Y81.84 F7800
G1 E2 F2400
;TYPE:Internal infill
;WIDTH:0.45
G1 F4800
G1 X97.013 Y81.526 E2.07376
G1 X97.787 Y81.426 E2.1113
G1 X118.577 Y102.217 E3.52545
G1 X118.682 Y100.982 E3.58506
G1 X84.307 Y110.193 E5.29671
G1 X85.019 Y111.213 E5.35654
G1 X92.631 Y82.804 E6.77111
G1 X91.344 Y83.408 E6.83949
G1 X90.567 Y83.846 E6.88239
G1 E4.88239 F2400
G92 E0
G1 X87.007 Y86.545 F7800
G1 E2 F2400
G1 F4800
G1 X88.766 Y85.045 E2.11119
G1 X102.253 Y81.431 E2.78275
G1 X102.987 Y81.526 E2.81835
G1 X104.841 Y81.933 E2.90964
G1 X95.159 Y118.067 E4.70887
G1 X97.013 Y118.474 E4.80016
G1 X97.747 Y118.569 E4.83576
G1 X111.234 Y114.955 E5.50732
G1 X112.581 Y113.853 E5.59102
G1 X113.228 Y113.228 E5.63429
G1 X86.772 Y86.772 E7.4338
G1 X85.75 Y87.869 E7.50591
G1 X85.243 Y88.506 E7.54507
G1 E5.54507 F2400
G92 E0
G1 X104.488 Y118.16 F7800
G1 E2 F2400
G1 F4800
G1 X102.987 Y118.474 E2.07376
G1 X102.213 Y118.574 E2.1113
G1 X81.423 Y97.783 E3.52545
G1 X81.318 Y99.018 E3.58506
G1 X115.693 Y89.807 E5.29671
G1 X114.981 Y88.787 E5.35654
G1 X107.369 Y117.196 E6.77111
G1 X108.656 Y116.592 E6.83949
G1 X109.433 Y116.154 E6.88239
;LAYER_CHANGE
;Z:6.05
;HEIGHT:0.3
G1 E4.88239 F2400
G92 E0
G1 Z6.05 F7800
G92 E0
G1 X118.278 Y110.331
G1 E2 F2400
;TYPE:Perimeter
;WIDTH:0.45
G1 F3600
G1 X117.597 Y111.454 E2.06317
G1 X116.827 Y112.558 E2.12791
G1 X115.988 Y113.611 E2.19267
G1 X115.083 Y114.607 E2.2574
G1 X114.116 Y115.543 E2.32213
G1 X113.091 Y116.416 E2.38689
G1 X112.013 Y117.221 E2.4516
G1 X110.885 Y117.955 E2.51633
G1 X109.712 Y118.616 E2.58109
G1 X108.499 Y119.2 E2.64584
G1 X107.252 Y119.705 E2.71055
G1 X105.974 Y120.129 E2.77531
G1 X104.672 Y120.47 E2.84004
G1 X103.351 Y120.728 E2.90478
G1 X102.016 Y120.9 E2.96952
G1 X100.673 Y120.986 E3.03425
G1 X99.327 Y120.986 E3.09899
G1 X97.984 Y120.9 E3.16372
G1 X96.649 Y120.728 E3.22846
G1 X95.328 Y120.47 E3.2932
G1 X94.026 Y120.129 E3.35793
G1 X92.748 Y119.705 E3.42269
G1 X91.501 Y119.2 E3.4874
G1 X90.288 Y118.616 E3.55215
G1 X89.115 Y117.955 E3.61691
G1 X87.987 Y117.221 E3.68164
G1 X86.909 Y116.416 E3.74635
G1 X85.884 Y115.543 E3.81111
G1 X84.917 Y114.607 E3.87584
G1 X84.012 Y113.611 E3.94057
G1 X83.173 Y112.558 E4.00533
G1 X82.403 Y111.454 E4.07007
G1 X81.705 Y110.303 E4.13481
G1 X81.083 Y109.11 E4.19952
G1 X80.538 Y107.879 E4.26427
G1 X80.073 Y106.616 E4.329
G1 X79.69 Y105.326 E4.39372
G1 X79.39 Y104.014 E4.45845
G1 X79.176 Y102.685 E4.52319
G1 X79.046 Y101.345 E4.58794
G1 X79.003 Y100 E4.65266
G1 X79.046 Y98.655 E4.71738
G1 X79.176 Y97.315 E4.78213
G1 X79.39 Y95.986 E4.84687
G1 X79.69 Y94.674 E4.9116
G1 X80.073 Y93.384 E4.97632
G1 X80.538 Y92.121 E5.04105
G1 X81.083 Y90.89 E5.1058
G1 X81.705 Y89.697 E5.17051
G1 X82.403 Y88.546 E5.23525
G1 X83.173 Y87.442 E5.29999
G1 X84.012 Y86.389 E5.36475
G1 X84.917 Y85.393 E5.42948
G1 X85.884 Y84.457 E5.49421
G1 X86.909 Y83.584 E5.55897
G1 X87.987 Y82.779 E5.62368
G1 X89.115 Y82.045 E5.68841
G1 X90.288 Y81.384 E5.75317
G1 X91.501 Y80.8 E5.81792
G1 X92.748 Y80.295 E5.88263
G1 X94.026 Y79.871 E5.94739
G1 X95.328 Y79.53 E6.01212
G1 X96.649 Y79.272 E6.07686
G1 X97.984 Y79.1 E6.1416
G1 X99.327 Y79.014 E6.20633
G1 X100.673 Y79.014 E6.27107
G1 X102.016 Y79.1 E6.3358
G1 X103.351 Y79.272 E6.40054
G1 X104.672 Y79.53 E6.46528
G1 X105.974 Y79.871 E6.53001
G1 X107.252 Y80.295 E6.59477
G1 X108.499 Y80.8 E6.65948
G1 X109.712 Y81.384 E6.72423
G1 X110.885 Y82.045 E6.78899
G1 X112.013 Y82.779 E6.85372
G1 X113.091 Y83.584 E6.91843
G1 X114.116 Y84.457 E6.98319
G1 X115.083 Y85.393 E7.04792
G1 X115.988 Y86.389 E7.11265
G1 X116.827 Y87.442 E7.17741
G1 X117.597 Y88.546 E7.24215
G1 X118.295 Y89.697 E7.30689
G1 X118.917 Y90.89 E7.3716
G1 X119.462 Y92.121 E7.43635
G1 X119.927 Y93.384 E7.50108
G1 X120.31 Y94.674 E7.5658
G1 X120.61 Y95.986 E7.63053
G1 X120.824 Y97.315 E7.69527
G1 X120.954 Y98.655 E7.76002
G1 X120.997 Y100 E7.82474
G1 X120.954 Y101.345 E7.88946
G1 X120.824 Y102.685 E7.95421
G1 X120.61 Y104.014 E8.01895
G1 X120.31 Y105.326 E8.08368
G1 X119.927 Y106.616 E8.1484
G1 X119.462 Y107.879 E8.21313
G1 X118.917 Y109.11 E8.27788
G1 X118.308 Y110.279 E8.34128
G1 X117.949 Y110.131 F7800
G1 F3600
G1 X117.274 Y111.244 E8.40389
G1 X116.518 Y112.328 E8.46745
G1 X115.694 Y113.361 E8.531
G1 X114.806 Y114.339 E8.59454
G1 X113.857 Y115.258 E8.65808
G1 X112.851 Y116.114 E8.72161
G1 X111.792 Y116.905 E8.78518
G1 X110.685 Y117.625 E8.84869
G1 X109.533 Y118.274 E8.91228
G1 X108.343 Y118.847 E8.9758
G1 X107.118 Y119.343 E9.03936
G1 X105.864 Y119.759 E9.10291
G1 X104.586 Y120.094 E9.16645
G1 X103.29 Y120.347 E9.22996
G1 X101.979 Y120.516 E9.29354
G1 X100.661 Y120.6 E9.35706
G1 X99.339 Y120.6 E9.42064
G1 X98.021 Y120.516 E9.48416
G1 X96.711 Y120.347 E9.54769
G1 X95.414 Y120.094 E9.61125
G1 X94.136 Y119.759 E9.67479
G1 X92.882 Y119.343 E9.73834
G1 X91.657 Y118.847 E9.8019
G1 X90.467 Y118.274 E9.86542
G1 X89.315 Y117.625 E9.92901
G1 X88.208 Y116.905 E9.99252
G1 X87.149 Y116.114 E10.05609
G1 X86.143 Y115.258 E10.11962
G1 X85.194 Y114.339 E10.18316
G1 X84.306 Y113.361 E10.2467
G1 X83.482 Y112.328 E10.31025
G1 X82.726 Y111.244 E10.37381
G1 X82.041 Y110.114 E10.43737
G1 X81.43 Y108.943 E10.5009
G1 X80.895 Y107.735 E10.56444
G1 X80.439 Y106.495 E10.62798
G1 X80.063 Y105.228 E10.69155
G1 X79.769 Y103.94 E10.75509
G1 X79.558 Y102.636 E10.81862
G1 X79.431 Y101.321 E10.88216
G1 X79.389 Y100 E10.94573
G1 X79.431 Y98.679 E11.0093
G1 X79.558 Y97.364 E11.07284
G1 X79.769 Y96.06 E11.13637
G1 X80.063 Y94.772 E11.19991
G1 X80.439 Y93.505 E11.26348
G1 X80.895 Y92.265 E11.32702
G1 X81.43 Y91.057 E11.39056
G1 X82.041 Y89.886 E11.45409
G1 X82.726 Y88.756 E11.51765
G1 X83.482 Y87.672 E11.58121
G1 X84.306 Y86.639 E11.64476
G1 X85.194 Y85.661 E11.7083
G1 X86.143 Y84.742 E11.77184
G1 X87.149 Y83.886 E11.83537
G1 X88.208 Y83.095 E11.89894
G1 X89.315 Y82.375 E11.96245
G1 X90.467 Y81.726 E12.02604
G1 X91.657 Y81.153 E12.08956
G1 X92.882 Y80.657 E12.15312
G1 X94.136 Y80.241 E12.21667
G1 X95.414 Y79.906 E12.28021
G1 X96.71 Y79.653 E12.34372
G1 X98.021 Y79.484 E12.4073
G1 X99.339 Y79.4 E12.47082
G1 X100.661 Y79.4 E12.5344
G1 X101.979 Y79.484 E12.59792
G1 X103.289 Y79.653 E12.66145
G1 X104.586 Y79.906 E12.72501
G1 X105.864 Y80.241 E12.78855
G1 X107.118 Y80.657 E12.8521
G1 X108.343 Y81.153 E12.91566
G1 X109.533 Y81.726 E12.97918
G1 X110.685 Y82.375 E13.04277
G1 X111.792 Y83.095 E13.10628
G1 X112.851 Y83.886 E13.16985
G1 X113.857 Y84.742 E13.23338
G1 X114.806 Y85.661 E13.29692
G1 X115.694 Y86.639 E13.36046
G1 X116.518 Y87.672 E13.42401
G1 X117.274 Y88.756 E13.48757
G1 X117.959 Y89.886 E13.55113
G1 X118.57 Y91.057 E13.61466
G1 X119.105 Y92.265 E13.6782
G1 X119.561 Y93.505 E13.74174
G1 X119.937 Y94.772 E13.80531
G1 X120.231 Y96.06 E13.86885
G1 X120.442 Y97.364 E13.93238
G1 X120.569 Y98.679 E13.99592
G1 X120.611 Y100 E14.05949
G1 X120.569 Y101.321 E14.12306
G1 X120.442 Y102.636 E14.1866
G1 X120.231 Y103.94 E14.25013
G1 X119.937 Y105.228 E14.31367
G1 X119.561 Y106.495 E14.37724
G1 X119.105 Y107.735 E14.44078
G1 X118.57 Y108.943 E14.50432
G1 X117.977 Y110.078 E14.56591
G1 X117.619 Y109.931 F7800
;TYPE:External perimeter
G1 F1800
G1 X116.95 Y111.033 E14.62791
G1 X116.209 Y112.097 E14.69027
G1 X115.4 Y113.11 E14.75262
G1 X114.529 Y114.07 E14.81496
G1 X113.597 Y114.972 E14.87734
G1 X112.61 Y115.813 E14.93971
G1 X111.571 Y116.588 E15.00205
G1 X110.485 Y117.295 E15.06438
G1 X109.355 Y117.932 E15.12677
G1 X108.187 Y118.494 E15.18911
G1 X106.985 Y118.981 E15.25149
G1 X105.755 Y119.389 E15.31382
G1 X104.501 Y119.718 E15.37617
G1 X103.228 Y119.966 E15.43855
G1 X101.942 Y120.132 E15.50092
G1 X100.648 Y120.215 E15.56328
G1 X99.352 Y120.215 E15.62561
G1 X98.058 Y120.132 E15.68797
G1 X96.772 Y119.966 E15.75034
G1 X95.499 Y119.718 E15.81272
G1 X94.245 Y119.389 E15.87507
G1 X93.015 Y118.981 E15.9374
G1 X91.813 Y118.494 E15.99978
G1 X90.645 Y117.932 E16.06212
G1 X89.515 Y117.295 E16.12451
G1 X88.429 Y116.588 E16.18684
G1 X87.39 Y115.813 E16.24918
G1 X86.403 Y114.972 E16.31155
G1 X85.471 Y114.07 E16.37393
G1 X84.6 Y113.111 E16.43624
G1 X83.791 Y112.097 E16.49863
G1 X83.05 Y111.034 E16.56095
G1 X82.377 Y109.925 E16.62334
G1 X81.778 Y108.775 E16.6857
G1 X81.253 Y107.59 E16.74804
G1 X80.805 Y106.373 E16.81041
G1 X80.436 Y105.13 E16.87277
G1 X80.148 Y103.866 E16.93512
G1 X79.941 Y102.586 E16.99748
G1 X79.816 Y101.296 E17.05982
G1 X79.775 Y100 E17.12218
G1 X79.816 Y98.704 E17.18454
G1 X79.941 Y97.414 E17.24688
G1 X80.148 Y96.134 E17.30924
G1 X80.436 Y94.87 E17.37159
G1 X80.805 Y93.627 E17.43395
G1 X81.253 Y92.41 E17.49632
G1 X81.778 Y91.225 E17.55866
G1 X82.377 Y90.075 E17.62102
G1 X83.05 Y88.967 E17.68337
G1 X83.791 Y87.903 E17.74573
G1 X84.6 Y86.89 E17.80808
G1 X85.471 Y85.93 E17.87042
G1 X86.403 Y85.028 E17.9328
G1 X87.39 Y84.187 E17.99517
G1 X88.429 Y83.412 E18.05751
G1 X89.515 Y82.705 E18.11984
G1 X90.645 Y82.068 E18.18223
G1 X91.813 Y81.506 E18.24457
G1 X93.015 Y81.019 E18.30695
G1 X94.245 Y80.611 E18.36928
G1 X95.499 Y80.282 E18.43163
G1 X96.772 Y80.034 E18.49401
G1 X98.058 Y79.868 E18.55638
G1 X99.352 Y79.785 E18.61874
G1 X100.648 Y79.785 E18.68107
G1 X101.942 Y79.868 E18.74343
G1 X103.228 Y80.034 E18.8058
G1 X104.501 Y80.282 E18.86818
G1 X105.755 Y80.611 E18.93053
G1 X106.985 Y81.019 E18.99286
G1 X108.187 Y81.506 E19.05524
G1 X109.355 Y82.068 E19.11758
G1 X110.485 Y82.705 E19.17997
G1 X111.571 Y83.412 E19.2423
G1 X112.61 Y84.187 E19.30464
G1 X113.597 Y85.028 E19.36701
G1 X114.529 Y85.93 E19.42939
G1 X115.4 Y86.89 E19.49173
G1 X116.209 Y87.903 E19.55408
G1 X116.95 Y88.966 E19.6164
G1 X117.623 Y90.075 E19.67879
G1 X118.222 Y91.225 E19.74115
G1 X118.747 Y92.41 E19.80349
G1 X119.195 Y93.627 E19.86586
G1 X119.564 Y94.87 E19.92822
G1 X119.852 Y96.134 E19.99057
G1 X120.059 Y97.414 E20.05293
G1 X120.184 Y98.704 E20.11527
G1 X120.225 Y100 E20.17763
G1 X120.184 Y101.296 E20.23999
G1 X120.059 Y102.586 E20.30233
G1 X119.852 Y103.866 E20.36469
G1 X119.564 Y105.13 E20.42704
G1 X119.195 Y106.373 E20.4894
G1 X118.747 Y107.59 E20.55177
G1 X118.222 Y108.775 E20.61411
G1 X117.647 Y109.878 E20.67394
G1 X117.442 Y110.222 F7800
G1 E18.67394 F2400
G92 E0
G1 X124.004 Y124.004 F7800
G1 E2 F2400
;TYPE:Perimeter
G1 F3600
G1 X75.996 Y124.004 E4.30902
G1 X75.996 Y75.996 E6.61804
G1 X124.004 Y75.996 E8.92706
G1 X124.004 Y123.944 E11.23319
G1 X124.389 Y124.389 F7800
G1 F3600
G1 X75.611 Y124.389 E13.57924
G1 X75.611 Y75.611 E15.92529
G1 X124.389 Y75.611 E18.27134
G1 X124.389 Y124.329 E20.61451
G1 X124.775 Y124.775 F7800
;TYPE:External perimeter
G1 F1800
G1 X75.225 Y124.775 E22.99769
G1 X75.225 Y75.225 E25.38087
G1 X124.775 Y75.225 E27.76405
G1 X124.775 Y124.715 E30.14435
G1 X124.379 Y124.774 F7800
G1 E28.14435 F2400
G92 E0
G1 X123.715 Y121.401 F7800
G1 E2 F2400
;TYPE:Internal infill
;WIDTH:0.45
G1 F4800
G1 X123.715 Y123.715 E2.1113
G1 X115.044 Y115.044 E2.70109
G1 X116.384 Y113.575 E2.79672
G1 X123.715 Y111.611 E3.16175
G1 X123.715 Y107.354 E3.3665
G1 X120.806 Y104.445 E3.56437
G1 X121.105 Y102.759 E3.64673
G1 X121.239 Y101.401 E3.71236
G1 X121.275 Y100.288 E3.76592
G1 X123.715 Y99.634 E3.88742
G1 X123.715 Y100.891 E3.94788
G1 X117.599 Y123.715 E5.08437
G1 X115.285 Y123.715 E5.19567
G1 E3.19567 F2400
G92 E0
G1 X108.714 Y119.417 F7800
G1 E2 F2400
G1 F4800
G1 X106.553 Y120.24 E2.11122
G1 X105.622 Y123.715 E2.28425
G1 X107.354 Y123.715 E2.36755
G1 X104.448 Y120.809 E2.56521
G1 X102.164 Y121.172 E2.67644
G1 E.67644 F2400
G92 E0
G1 X83.983 Y123.715 F7800
G1 E2 F2400
G1 F4800
G1 X81.669 Y123.715 E2.1113
G1 X84.205 Y114.25 E2.58259
G1 X82.92 Y112.701 E2.67939
G1 X81.723 Y110.886 E2.78396
G1 X76.285 Y112.343 E3.05473
G1 X76.285 Y109.006 E3.21523
G1 X90.994 Y123.715 E4.21572
G1 X93.646 Y123.715 E4.34327
G1 X94.493 Y120.551 E4.50081
G1 X92.587 Y119.951 E4.59692
G1 X78.542 Y123.715 E5.29627
G1 X76.285 Y123.715 E5.40482
G1 X76.285 Y123.658 E5.40756
G1 E3.40756 F2400
G92 E0
G1 X76.285 Y78.599 F7800
G1 E2 F2400
G1 F4800
G1 X76.285 Y76.285 E2.1113
G1 X84.955 Y84.955 E2.70102
G1 X83.616 Y86.425 E2.79666
G1 X76.285 Y88.389 E3.16169
G1 X76.285 Y92.646 E3.36644
G1 X79.195 Y95.555 E3.56434
G1 X78.885 Y97.315 E3.65029
G1 X78.761 Y98.599 E3.71233
G1 X78.725 Y99.712 E3.76589
G1 X76.285 Y100.366 E3.88739
G1 X76.285 Y99.109 E3.94785
G1 X82.401 Y76.285 E5.08434
G1 X84.715 Y76.285 E5.19564
G1 E3.19564 F2400
G92 E0
G1 X91.287 Y80.585 F7800
G1 E2 F2400
G1 F4800
G1 X92.614 Y80.038 E2.06903
G1 X93.447 Y79.76 E2.11127
G1 X94.378 Y76.285 E2.2843
G1 X92.646 Y76.285 E2.3676
G1 X95.552 Y79.191 E2.56526
G1 X97.836 Y78.828 E2.67649
G1 E.67649 F2400
G92 E0
G1 X116.017 Y76.285 F7800
G1 E2 F2400
G1 F4800
G1 X118.331 Y76.285 E2.1113
G1 X115.795 Y85.75 E2.58259
G1 X117.08 Y87.299 E2.67939
G1 X118.277 Y89.114 E2.78396
G1 X123.715 Y87.657 E3.05473
G1 X123.715 Y90.994 E3.21523
G1 X109.006 Y76.285 E4.21572
G1 X106.354 Y76.285 E4.34327
G1 X105.507 Y79.449 E4.50081
G1 X107.413 Y80.049 E4.59692
G1 X121.458 Y76.285 E5.29627
G1 X123.715 Y76.285 E5.40482
G1 X123.715 Y76.342 E5.40756
G1 E3.40756 F2400
G92 E0
G92 E0
G1 X100.6 Y81.007 F7800
G1 E2 F2400
;TYPE:Perimeter
;WIDTH:0.45
G1 F3600
G1 X100.609 Y81.007 E2.00043
G1 X101.825 Y81.085 E2.05904
G1 X103.033 Y81.24 E2.11762
G1 X104.229 Y81.473 E2.17622
G1 X105.407 Y81.782 E2.23479
G1 X106.563 Y82.166 E2.29338
G1 X107.692 Y82.623 E2.35196
G1 X108.79 Y83.152 E2.41058
G1 X109.851 Y83.75 E2.46916
G1 X110.872 Y84.414 E2.52774
G1 X111.848 Y85.143 E2.58633
G1 X112.776 Y85.932 E2.64492
G1 X113.651 Y86.78 E2.70353
G1 X114.47 Y87.682 E2.76213
G1 X115.229 Y88.634 E2.82069
G1 X115.926 Y89.633 E2.87928
G1 X116.558 Y90.675 E2.93789
G1 X117.121 Y91.755 E2.99647
G1 X117.614 Y92.869 E3.05506
G1 X118.035 Y94.012 E3.11364
G1 X118.382 Y95.18 E3.17224
G1 X118.653 Y96.367 E3.2308
G1 X118.847 Y97.57 E3.28941
G1 X118.964 Y98.782 E3.34797
G1 X119.003 Y100 E3.40658
G1 X118.964 Y101.218 E3.46519
G1 X118.847 Y102.43 E3.52375
G1 X118.653 Y103.633 E3.58236
G1 X118.382 Y104.82 E3.64092
G1 X118.035 Y105.988 E3.69952
G1 X117.614 Y107.131 E3.7581
G1 X117.121 Y108.245 E3.81669
G1 X116.558 Y109.325 E3.87527
G1 X115.926 Y110.367 E3.93388
G1 X115.229 Y111.366 E3.99247
G1 X114.47 Y112.318 E4.05103
G1 X113.651 Y113.22 E4.10963
G1 X112.776 Y114.068 E4.16824
G1 X111.848 Y114.857 E4.22683
G1 X110.872 Y115.586 E4.28542
G1 X109.851 Y116.25 E4.344
G1 X108.79 Y116.848 E4.40258
G1 X107.692 Y117.377 E4.4612
G1 X106.563 Y117.834 E4.51978
G1 X105.407 Y118.218 E4.57837
G1 X104.229 Y118.527 E4.63694
G1 X103.033 Y118.76 E4.69554
G1 X101.825 Y118.915 E4.75412
G1 X100.609 Y118.993 E4.81273
G1 X99.391 Y118.993 E4.87131
G1 X98.175 Y118.915 E4.92992
G1 X96.967 Y118.76 E4.9885
G1 X95.771 Y118.527 E5.0471
G1 X94.593 Y118.218 E5.10567
G1 X93.437 Y117.834 E5.16426
G1 X92.308 Y117.377 E5.22284
G1 X91.21 Y116.848 E5.28146
G1 X90.149 Y116.25 E5.34004
G1 X89.128 Y115.586 E5.39862
G1 X88.152 Y114.857 E5.45721
G1 X87.224 Y114.068 E5.5158
G1 X86.349 Y113.22 E5.57441
G1 X85.53 Y112.318 E5.63301
G1 X84.771 Y111.366 E5.69157
G1 X84.074 Y110.367 E5.75016
G1 X83.442 Y109.325 E5.80877
G1 X82.879 Y108.245 E5.86735
G1 X82.386 Y107.131 E5.92594
G1 X81.965 Y105.988 E5.98452
G1 X81.618 Y104.82 E6.04312
G1 X81.347 Y103.633 E6.10168
G1 X81.153 Y102.43 E6.16029
G1 X81.036 Y101.218 E6.21885
G1 X80.997 Y100 E6.27746
G1 X81.036 Y98.782 E6.33607
G1 X81.153 Y97.57 E6.39463
G1 X81.347 Y96.367 E6.45324
G1 X81.618 Y95.18 E6.5118
G1 X81.965 Y94.012 E6.5704
G1 X82.386 Y92.869 E6.62898
G1 X82.879 Y91.755 E6.68757
G1 X83.442 Y90.675 E6.74615
G1 X84.074 Y89.633 E6.80476
G1 X84.771 Y88.634 E6.86335
G1 X85.53 Y87.682 E6.92191
G1 X86.349 Y86.78 E6.98051
G1 X87.224 Y85.932 E7.03912
G1 X88.152 Y85.143 E7.09771
G1 X89.128 Y84.414 E7.1563
G1 X90.149 Y83.75 E7.21488
G1 X91.21 Y83.152 E7.27346
G1 X92.308 Y82.623 E7.33208
G1 X93.437 Y82.166 E7.39066
G1 X94.593 Y81.782 E7.44925
G1 X95.771 Y81.473 E7.50782
G1 X96.967 Y81.24 E7.56642
G1 X98.175 Y81.085 E7.625
G1 X99.391 Y81.007 E7.68361
G1 X100.54 Y81.007 E7.73887
G1 X100.624 Y80.621 F7800
G1 F3600
G1 X101.862 Y80.701 E7.79854
G1 X103.094 Y80.859 E7.85828
G1 X104.314 Y81.097 E7.91806
G1 X105.517 Y81.412 E7.97787
G1 X106.696 Y81.804 E8.03763
G1 X107.848 Y82.27 E8.0974
G1 X108.968 Y82.81 E8.1572
G1 X110.051 Y83.42 E8.21698
G1 X111.093 Y84.098 E8.27677
G1 X112.089 Y84.841 E8.33653
G1 X113.035 Y85.647 E8.3963
G1 X113.928 Y86.511 E8.45606
G1 X114.764 Y87.431 E8.51585
G1 X115.539 Y88.403 E8.57564
G1 X116.25 Y89.423 E8.63544
G1 X116.894 Y90.485 E8.69518
G1 X117.469 Y91.587 E8.75496
G1 X117.972 Y92.724 E8.81476
G1 X118.401 Y93.89 E8.87452
G1 X118.755 Y95.082 E8.93433
G1 X119.032 Y96.294 E8.99413
G1 X119.23 Y97.521 E9.05391
G1 X119.349 Y98.758 E9.11368
G1 X119.389 Y100 E9.17345
G1 X119.349 Y101.242 E9.23322
G1 X119.23 Y102.479 E9.29299
G1 X119.032 Y103.706 E9.35277
G1 X118.755 Y104.918 E9.41257
G1 X118.401 Y106.11 E9.47238
G1 X117.972 Y107.276 E9.53214
G1 X117.469 Y108.413 E9.59194
G1 X116.894 Y109.515 E9.65172
G1 X116.25 Y110.577 E9.71146
G1 X115.539 Y111.597 E9.77126
G1 X114.764 Y112.569 E9.83105
G1 X113.928 Y113.489 E9.89084
G1 X113.035 Y114.353 E9.9506
G1 X112.089 Y115.159 E10.01037
G1 X111.093 Y115.902 E10.07013
G1 X110.051 Y116.58 E10.12992
G1 X108.968 Y117.19 E10.1897
G1 X107.848 Y117.73 E10.2495
G1 X106.696 Y118.196 E10.30927
G1 X105.517 Y118.588 E10.36903
G1 X104.314 Y118.903 E10.42884
G1 X103.094 Y119.141 E10.48862
G1 X101.862 Y119.299 E10.54836
G1 X100.621 Y119.379 E10.60817
G1 X99.379 Y119.379 E10.66791
G1 X98.138 Y119.299 E10.72772
G1 X96.906 Y119.141 E10.78746
G1 X95.686 Y118.903 E10.84724
G1 X94.483 Y118.588 E10.90705
G1 X93.304 Y118.196 E10.96681
G1 X92.152 Y117.73 E11.02658
G1 X91.032 Y117.19 E11.08638
G1 X89.949 Y116.58 E11.14616
G1 X88.907 Y115.902 E11.20595
G1 X87.911 Y115.159 E11.26571
G1 X86.965 Y114.353 E11.32548
G1 X86.072 Y113.489 E11.38524
G1 X85.236 Y112.569 E11.44503
G1 X84.461 Y111.597 E11.50482
G1 X83.75 Y110.577 E11.56462
G1 X83.106 Y109.515 E11.62436
G1 X82.531 Y108.413 E11.68414
G1 X82.028 Y107.276 E11.74394
G1 X81.599 Y106.11 E11.8037
G1 X81.245 Y104.918 E11.86351
G1 X80.968 Y103.706 E11.92331
G1 X80.77 Y102.479 E11.98309
G1 X80.651 Y101.242 E12.04286
G1 X80.611 Y100 E12.10263
G1 X80.651 Y98.758 E12.1624
G1 X80.77 Y97.521 E12.22217
G1 X80.968 Y96.294 E12.28195
G1 X81.245 Y95.082 E12.34175
G1 X81.599 Y93.89 E12.40156
G1 X82.028 Y92.724 E12.46132
G1 X82.531 Y91.587 E12.52112
G1 X83.106 Y90.485 E12.5809
G1 X83.75 Y89.423 E12.64064
G1 X84.461 Y88.403 E12.70044
G1 X85.236 Y87.431 E12.76023
G1 X86.072 Y86.511 E12.82002
G1 X86.965 Y85.647 E12.87978
G1 X87.911 Y84.841 E12.93955
G1 X88.907 Y84.098 E12.99931
G1 X89.949 Y83.42 E13.0591
G1 X91.032 Y82.81 E13.11888
G1 X92.152 Y82.27 E13.17868
G1 X93.304 Y81.804 E13.23845
G1 X94.483 Y81.412 E13.29821
G1 X95.686 Y81.097 E13.35802
G1 X96.906 Y80.859 E13.4178
G1 X98.138 Y80.701 E13.47754
G1 X99.379 Y80.621 E13.53735
G1 X100.564 Y80.621 E13.59434
G1 X100.649 Y80.236 F7800
;TYPE:External perimeter
G1 F1800
G1 X101.899 Y80.316 E13.65458
G1 X103.156 Y80.479 E13.71554
G1 X104.4 Y80.721 E13.77649
G1 X105.626 Y81.042 E13.83744
G1 X106.83 Y81.442 E13.89846
G1 X108.005 Y81.918 E13.95943
G1 X109.147 Y82.468 E14.02039
G1 X110.251 Y83.09 E14.08134
G1 X111.314 Y83.781 E14.14232
G1 X112.329 Y84.539 E14.20325
G1 X113.295 Y85.361 E14.26426
G1 X114.205 Y86.243 E14.32521
G1 X115.058 Y87.181 E14.38619
G1 X115.848 Y88.172 E14.44715
G1 X116.573 Y89.212 E14.50813
G1 X117.23 Y90.296 E14.5691
G1 X117.817 Y91.42 E14.63009
G1 X118.33 Y92.579 E14.69105
G1 X118.767 Y93.769 E14.75202
G1 X119.128 Y94.984 E14.81298
G1 X119.41 Y96.22 E14.87395
G1 X119.613 Y97.471 E14.93491
G1 X119.734 Y98.733 E14.99589
G1 X119.775 Y100 E15.05686
G1 X119.734 Y101.267 E15.11783
G1 X119.613 Y102.529 E15.17881
G1 X119.41 Y103.78 E15.23977
G1 X119.128 Y105.016 E15.30074
G1 X118.767 Y106.231 E15.3617
G1 X118.33 Y107.421 E15.42267
G1 X117.817 Y108.58 E15.48363
G1 X117.23 Y109.704 E15.54462
G1 X116.573 Y110.788 E15.60559
G1 X115.848 Y111.828 E15.66657
G1 X115.058 Y112.819 E15.72753
G1 X114.205 Y113.757 E15.78851
G1 X113.295 Y114.639 E15.84946
G1 X112.329 Y115.461 E15.91047
G1 X111.314 Y116.219 E15.9714
G1 X110.251 Y116.91 E16.03238
G1 X109.147 Y117.532 E16.09333
G1 X108.005 Y118.082 E16.15429
G1 X106.83 Y118.558 E16.21526
G1 X105.626 Y118.958 E16.27628
G1 X104.4 Y119.279 E16.33723
G1 X103.156 Y119.521 E16.39818
G1 X101.899 Y119.684 E16.45914
G1 X100.634 Y119.765 E16.52011
G1 X99.366 Y119.765 E16.5811
G1 X98.101 Y119.684 E16.64207
G1 X96.844 Y119.521 E16.70303
G1 X95.6 Y119.279 E16.76398
G1 X94.374 Y118.958 E16.82493
G1 X93.17 Y118.558 E16.88595
G1 X91.995 Y118.082 E16.94692
G1 X90.853 Y117.532 E17.00788
G1 X89.749 Y116.91 E17.06883
G1 X88.686 Y116.219 E17.12981
G1 X87.671 Y115.461 E17.19074
G1 X86.705 Y114.639 E17.25175
G1 X85.795 Y113.757 E17.3127
G1 X84.942 Y112.819 E17.37368
G1 X84.152 Y111.828 E17.43464
G1 X83.427 Y110.788 E17.49562
G1 X82.77 Y109.704 E17.55659
G1 X82.183 Y108.58 E17.61758
G1 X81.67 Y107.421 E17.67854
G1 X81.233 Y106.231 E17.73951
G1 X80.872 Y105.016 E17.80047
G1 X80.59 Y103.78 E17.86144
G1 X80.387 Y102.529 E17.9224
G1 X80.266 Y101.267 E17.98338
G1 X80.225 Y100 E18.04435
G1 X80.266 Y98.733 E18.10532
G1 X80.387 Y97.471 E18.1663
G1 X80.59 Y96.22 E18.22726
G1 X80.872 Y94.984 E18.28823
G1 X81.233 Y93.769 E18.34919
G1 X81.67 Y92.579 E18.41016
G1 X82.183 Y91.42 E18.47112
G1 X82.77 Y90.296 E18.53211
G1 X83.427 Y89.212 E18.59308
G1 X84.152 Y88.172 E18.65406
G1 X84.942 Y87.181 E18.71502
G1 X85.795 Y86.243 E18.776
G1 X86.705 Y85.361 E18.83695
G1 X87.671 Y84.539 E18.89796
G1 X88.686 Y83.781 E18.95889
G1 X89.749 Y83.09 E19.01987
G1 X90.853 Y82.468 E19.08082
G1 X91.995 Y81.918 E19.14178
G1 X93.17 Y81.442 E19.20275
G1 X94.374 Y81.042 E19.26377
G1 X95.6 Y80.721 E19.32472
G1 X96.844 Y80.479 E19.38567
G1 X98.101 Y80.316 E19.44663
G1 X99.366 Y80.235 E19.5076
G1 X100.589 Y80.235 E19.56642
G1 X100.988 Y80.258 F7800
G1 E17.56642 F2400
G92 E0
G1 X95.512 Y81.84 F7800
G1 E2 F2400
;TYPE:Internal infill
;WIDTH:0.45
G1 F4800
G1 X97.013 Y81.526 E2.07376
G1 X97.787 Y81.426 E2.1113
G1 X118.577 Y102.217 E3.52545
G1 X118.682 Y100.982 E3.58506
G1 X84.307 Y110.193 E5.29671
G1 X85.019 Y111.213 E5.35654
G1 X92.631 Y82.804 E6.77111
G1 X91.344 Y83.408 E6.83949
G1 X90.567 Y83.846 E6.88239
G1 E4.88239 F2400
G92 E0
G1 X87.007 Y86.545 F7800
G1 E2 F2400
G1 F4800
G1 X88.766 Y85.045 E2.11119
G1 X102.253 Y81.431 E2.78275
G1 X102.987 Y81.526 E2.81835
G1 X104.841 Y81.933 E2.90964
G1 X95.159 Y118.067 E4.70887
G1 X97.013 Y118.474 E4.80016
G1 X97.747 Y118.569 E4.83576
G1 X111.234 Y114.955 E5.50732
G1 X112.581 Y113.853 E5.59102
G1 X113.228 Y113.228 E5.63429
G1 X86.772 Y86.772 E7.4338
G1 X85.75 Y87.869 E7.50591
G1 X85.243 Y88.506 E7.54507
G1 E5.54507 F2400
G92 E0
G1 X104.488 Y118.16 F7800
G1 E2 F2400
G1 F4800
G1 X102.987 Y118.474 E2.07376
G1 X102.213 Y118.574 E2.1113
G1 X81.423 Y97.783 E3.52545
G1 X81.318 Y99.018 E3.58506
G1 X115.693 Y89.807 E5.29671
G1 X114.981 Y88.787 E5.35654
G1 X107.369 Y117.196 E6.77111
G1 X108.656 Y116.592 E6.83949
G1 X109.433 Y116.154 E6.88239
;LAYER_CHANGE
;Z:6.35
;HEIGHT:0.3
G1 E4.88239 F2400
G92 E0
G1 Z6.35 F7800
G92 E0
G1 X118.278 Y110.331
G1 E2 F2400
;TYPE:Perimeter
;WIDTH:0.45
G1 F3600
G1 X117.597 Y111.454 E2.06317
G1 X116.827 Y112.558 E2.12791
G1 X115.988 Y113.611 E2.19267
G1 X115.083 Y114.607 E2.2574
G1 X114.116 Y115.543 E2.32213
G1 X113.091 Y116.416 E2.38689
G1 X112.013 Y117.221 E2.4516
G1 X110.885 Y117.955 E2.51633
G1 X109.712 Y118.616 E2.58109
G1 X108.499 Y119.2 E2.64584
G1 X107.252 Y119.705 E2.71055
G1 X105.974 Y120.129 E2.77531
G1 X104.672 Y120.47 E2.84004
G1 X103.351 Y120.728 E2.90478
G1 X102.016 Y120.9 E2.96952
G1 X100.673 Y120.986 E3.03425
G1 X99.327 Y120.986 E3.09899
G1 X97.984 Y120.9 E3.16372
G1 X96.649 Y120.728 E3.22846
G1 X95.328 Y120.47 E3.2932
G1 X94.026 Y120.129 E3.35793
G1 X92.748 Y119.705 E3.42269
G1 X91.501 Y119.2 E3.4874
G1 X90.288 Y118.616 E3.55215
G1 X89.115 Y117.955 E3.61691
G1 X87.987 Y117.221 E3.68164
G1 X86.909 Y116.416 E3.74635
G1 X85.884 Y115.543 E3.81111
G1 X84.917 Y114.607 E3.87584
G1 X84.012 Y113.611 E3.94057
G1 X83.173 Y112.558 E4.00533
G1 X82.403 Y111.454 E4.07007
G1 X81.705 Y110.303 E4.13481
G1 X81.083 Y109.11 E4.19952
G1 X80.538 Y107.879 E4.26427
G1 X80.073 Y106.616 E4.329
G1 X79.69 Y105.326 E4.39372
G1 X79.39 Y104.014 E4.45845
G1 X79.176 Y102.685 E4.52319
G1 X79.046 Y101.345 E4.58794
G1 X79.003 Y100 E4.65266
G1 X79.046 Y98.655 E4.71738
G1 X79.176 Y97.315 E4.78213
G1 X79.39 Y95.986 E4.84687
G1 X79.69 Y94.674 E4.9116
G1 X80.073 Y93.384 E4.97632
G1 X80.538 Y92.121 E5.04105
G1 X81.083 Y90.89 E5.1058
G1 X81.705 Y89.697 E5.17051
G1 X82.403 Y88.546 E5.23525
G1 X83.173 Y87.442 E5.29999
G1 X84.012 Y86.389 E5.36475
G1 X84.917 Y85.393 E5.42948
G1 X85.884 Y84.457 E5.49421
G1 X86.909 Y83.584 E5.55897
G1 X87.987 Y82.779 E5.62368
G1 X89.115 Y82.045 E5.68841
G1 X90.288 Y81.384 E5.75317
G1 X91.501 Y80.8 E5.81792
G1 X92.748 Y80.295 E5.88263
G1 X94.026 Y79.871 E5.94739
G1 X95.328 Y79.53 E6.01212
G1 X96.649 Y79.272 E6.07686
G1 X97.984 Y79.1 E6.1416
G1 X99.327 Y79.014 E6.20633
G1 X100.673 Y79.014 E6.27107
G1 X102.016 Y79.1 E6.3358
G1 X103.351 Y79.272 E6.40054
G1 X104.672 Y79.53 E6.46528
G1 X105.974 Y79.871 E6.53001
G1 X107.252 Y80.295 E6.59477
G1 X108.499 Y80.8 E6.65948
G1 X109.712 Y81.384 E6.72423
G1 X110.885 Y82.045 E6.78899
G1 X112.013 Y82.779 E6.85372
G1 X113.091 Y83.584 E6.91843
G1 X114.116 Y84.457 E6.98319
G1 X115.083 Y85.393 E7.04792
G1 X115.988 Y86.389 E7.11265
G1 X116.827 Y87.442 E7.17741
G1 X117.597 Y88.546 E7.24215
G1 X118.295 Y89.697 E7.30689
G1 X118.917 Y90.89 E7.3716
G1 X119.462 Y92.121 E7.43635
G1 X119.927 Y93.384 E7.50108
G1 X120.31 Y94.674 E7.5658
G1 X120.61 Y95.986 E7.63053
G1 X120.824 Y97.315 E7.69527
G1 X120.954 Y98.655 E7.76002
G1 X120.997 Y100 E7.82474
G1 X120.954 Y101.345 E7.88946
G1 X120.824 Y102.685 E7.95421
G1 X120.61 Y104.014 E8.01895
G1 X120.31 Y105.326 E8.08368
G1 X119.927 Y106.616 E8.1484
G1 X119.462 Y107.879 E8.21313
G1 X118.917 Y109.11 E8.27788
G1 X118.308 Y110.279 E8.34128
G1 X117.949 Y110.131 F7800
G1 F3600
G1 X117.274 Y111.244 E8.40389
G1 X116.518 Y112.328 E8.46745
G1 X115.694 Y113.361 E8.531
G1 X114.806 Y114.339 E8.59454
G1 X113.857 Y115.258 E8.65808
G1 X112.851 Y116.114 E8.72161
G1 X111.792 Y116.905 E8.78518
G1 X110.685 Y117.625 E8.84869
G1 X109.533 Y118.274 E8.91228
G1 X108.343 Y118.847 E8.9758
G1 X107.118 Y119.343 E9.03936
G1 X105.864 Y119.759 E9.10291
G1 X104.586 Y120.094 E9.16645
G1 X103.29 Y120.347 E9.22996
G1 X101.979 Y120.516 E9.29354
G1 X100.661 Y120.6 E9.35706
G1 X99.339 Y120.6 E9.42064
G1 X98.021 Y120.516 E9.48416
G1 X96.711 Y120.347 E9.54769
G1 X95.414 Y120.094 E9.61125
G1 X94.136 Y119.759 E9.67479
G1 X92.882 Y119.343 E9.73834
G1 X91.657 Y118.847 E9.8019
G1 X90.467 Y118.274 E9.86542
G1 X89.315 Y117.625 E9.92901
G1 X88.208 Y116.905 E9.99252
G1 X87.149 Y116.114 E10.05609
G1 X86.143 Y115.258 E10.11962
G1 X85.194 Y114.339 E10.18316
G1 X84.306 Y113.361 E10.2467
G1 X83.482 Y112.328 E10.31025
G1 X82.726 Y111.244 E10.37381
G1 X82.041 Y110.114 E10.43737
G1 X81.43 Y108.943 E10.5009
G1 X80.895 Y107.735 E10.56444
G1 X80.439 Y106.495 E10.62798
G1 X80.063 Y105.228 E10.69155
G1 X79.769 Y103.94 E10.75509
G1 X79.558 Y102.636 E10.81862
G1 X79.431 Y101.321 E10.88216
G1 X79.389 Y100 E10.94573
G1 X79.431 Y98.679 E11.0093
G1 X79.558 Y97.364 E11.07284
G1 X79.769 Y96.06 E11.13637
G1 X80.063 Y94.772 E11.19991
G1 X80.439 Y93.505 E11.26348
G1 X80.895 Y92.265 E11.32702
G1 X81.43 Y91.057 E11.39056
G1 X82.041 Y89.886 E11.45409
G1 X82.726 Y88.756 E11.51765
G1 X83.482 Y87.672 E11.58121
G1 X84.306 Y86.639 E11.64476
G1 X85.194 Y85.661 E11.7083
G1 X86.143 Y84.742 E11.77184
G1 X87.149 Y83.886 E11.83537
G1 X88.208 Y83.095 E11.89894
G1 X89.315 Y82.375 E11.96245
G1 X90.467 Y81.726 E12.02604
G1 X91.657 Y81.153 E12.08956
G1 X92.882 Y80.657 E12.15312
G1 X94.136 Y80.241 E12.21667
G1 X95.414 Y79.906 E12.28021
G1 X96.71 Y79.653 E12.34372
G1 X98.021 Y79.484 E12.4073
G1 X99.339 Y79.4 E12.47082
G1 X100.661 Y79.4 E12.5344
G1 X101.979 Y79.484 E12.59792
G1 X103.289 Y79.653 E12.66145
G1 X104.586 Y79.906 E12.72501
G1 X105.864 Y80.241 E12.78855
G1 X107.118 Y80.657 E12.8521
G1 X108.343 Y81.153 E12.91566
G1 X109.533 Y81.726 E12.97918
G1 X110.685 Y82.375 E13.04277
G1 X111.792 Y83.095 E13.10628
G1 X112.851 Y83.886 E13.16985
G1 X113.857 Y84.742 E13.23338
G1 X114.806 Y85.661 E13.29692
G1 X115.694 Y86.639 E13.36046
G1 X116.518 Y87.672 E13.42401
G1 X117.274 Y88.756 E13.48757
G1 X117.959 Y89.886 E13.55113
G1 X118.57 Y91.057 E13.61466
G1 X119.105 Y92.265 E13.6782
G1 X119.561 Y93.505 E13.74174
G1 X119.937 Y94.772 E13.80531
G1 X120.231 Y96.06 E13.86885
G1 X120.442 Y97.364 E13.93238
G1 X120.569 Y98.679 E13.99592
G1 X120.611 Y100 E14.05949
G1 X120.569 Y101.321 E14.12306
G1 X120.442 Y102.636 E14.1866
G1 X120.231 Y103.94 E14.25013
G1 X119.937 Y105.228 E14.31367
G1 X119.561 Y106.495 E14.37724
G1 X119.105 Y107.735 E14.44078
G1 X118.57 Y108.943 E14.50432
G1 X117.977 Y110.078 E14.56591
G1 X117.619 Y109.931 F7800
;TYPE:External perimeter
G1 F1800
G1 X116.95 Y111.033 E14.62791
G1 X116.209 Y112.097 E14.69027
G1 X115.4 Y113.11 E14.75262
G1 X114.529 Y114.07 E14.81496
G1 X113.597 Y114.972 E14.87734
G1 X112.61 Y115.813 E14.93971
G1 X111.571 Y116.588 E15.00205
G1 X110.485 Y117.295 E15.06438
G1 X109.355 Y117.932 E15.12677
G1 X108.187 Y118.494 E15.18911
G1 X106.985 Y118.981 E15.25149
G1 X105.755 Y119.389 E15.31382
G1 X104.501 Y119.718 E15.37617
G1 X103.228 Y119.966 E15.43855
G1 X101.942 Y120.132 E15.50092
G1 X100.648 Y120.215 E15.56328
G1 X99.352 Y120.215 E15.62561
G1 X98.058 Y120.132 E15.68797
G1 X96.772 Y119.966 E15.75034
G1 X95.499 Y119.718 E15.81272
G1 X94.245 Y119.389 E15.87507
G1 X93.015 Y118.981 E15.9374
G1 X91.813 Y118.494 E15.99978
G1 X90.645 Y117.932 E16.06212
G1 X89.515 Y117.295 E16.12451
G1 X88.429 Y116.588 E16.18684
G1 X87.39 Y115.813 E16.24918
G1 X86.403 Y114.972 E16.31155
G1 X85.471 Y114.07 E16.37393
G1 X84.6 Y113.111 E16.43624
G1 X83.791 Y112.097 E16.49863
G1 X83.05 Y111.034 E16.56095
G1 X82.377 Y109.925 E16.62334
G1 X81.778 Y108.775 E16.6857
G1 X81.253 Y107.59 E16.74804
G1 X80.805 Y106.373 E16.81041
G1 X80.436 Y105.13 E16.87277
G1 X80.148 Y103.866 E16.93512
G1 X79.941 Y102.586 E16.99748
G1 X79.816 Y101.296 E17.05982
G1 X79.775 Y100 E17.12218
G1 X79.816 Y98.704 E17.18454
G1 X79.941 Y97.414 E17.24688
G1 X80.148 Y96.134 E17.30924
G1 X80.436 Y94.87 E17.37159
G1 X80.805 Y93.627 E17.43395
G1 X81.253 Y92.41 E17.49632
G1 X81.778 Y91.225 E17.55866
G1 X82.377 Y90.075 E17.62102
G1 X83.05 Y88.967 E17.68337
G1 X83.791 Y87.903 E17.74573
G1 X84.6 Y86.89 E17.80808
G1 X85.471 Y85.93 E17.87042
G1 X86.403 Y85.028 E17.9328
G1 X87.39 Y84.187 E17.99517
G1 X88.429 Y83.412 E18.05751
G1 X89.515 Y82.705 E18.11984
G1 X90.645 Y82.068 E18.18223
G1 X91.813 Y81.506 E18.24457
G1 X93.015 Y81.019 E18.30695
G1 X94.245 Y80.611 E18.36928
G1 X95.499 Y80.282 E18.43163
G1 X96.772 Y80.034 E18.49401
G1 X98.058 Y79.868 E18.55638
G1 X99.352 Y79.785 E18.61874
G1 X100.648 Y79.785 E18.68107
G1 X101.942 Y79.868 E18.74343
G1 X103.228 Y80.034 E18.8058
G1 X104.501 Y80.282 E18.86818
G1 X105.755 Y80.611 E18.93053
G1 X106.985 Y81.019 E18.99286
G1 X108.187 Y81.506 E19.05524
G1 X109.355 Y82.068 E19.11758
G1 X110.485 Y82.705 E19.17997
G1 X111.571 Y83.412 E19.2423
G1 X112.61 Y84.187 E19.30464
G1 X113.597 Y85.028 E19.36701
G1 X114.529 Y85.93 E19.42939
G1 X115.4 Y86.89 E19.49173
G1 X116.209 Y87.903 E19.55408
G1 X116.95 Y88.966 E19.6164
G1 X117.623 Y90.075 E19.67879
G1 X118.222 Y91.225 E19.74115
G1 X118.747 Y92.41 E19.80349
G1 X119.195 Y93.627 E19.86586
G1 X119.564 Y94.87 E19.92822
G1 X119.852 Y96.134 E19.99057
G1 X120.059 Y97.414 E20.05293
G1 X120.184 Y98.704 E20.11527
G1 X120.225 Y100 E20.17763
G1 X120.184 Y101.296 E20.23999
G1 X120.059 Y102.586 E20.30233
G1 X119.852 Y103.866 E20.36469
G1 X119.564 Y105.13 E20.42704
G1 X119.195 Y106.373 E20.4894
G1 X118.747 Y107.59 E20.55177
G1 X118.222 Y108.775 E20.61411
G1 X117.647 Y109.878 E20.67394
G1 X117.442 Y110.222 F7800
G1 E18.67394 F2400
G92 E0
G1 X124.004 Y124.004 F7800
G1 E2 F2400
;TYPE:Perimeter
G1 F3600
G1 X75.996 Y124.004 E4.30902
G1 X75.996 Y75.996 E6.61804
G1 X124.004 Y75.996 E8.92706
G1 X124.004 Y123.944 E11.23319
G1 X124.389 Y124.389 F7800
G1 F3600
G1 X75.611 Y124.389 E13.57924
G1 X75.611 Y75.611 E15.92529
G1 X124.389 Y75.611 E18.27134
G1 X124.389 Y124.329 E20.61451
G1 X124.775 Y124.775 F7800
;TYPE:External perimeter
G1 F1800
G1 X75.225 Y124.775 E22.99769
G1 X75.225 Y75.225 E25.38087
G1 X124.775 Y75.225 E27.76405
G1 X124.775 Y124.715 E30.14435
G1 X124.379 Y124.774 F7800
G1 E28.14435 F2400
G92 E0
G1 X123.715 Y121.401 F7800
G1 E2 F2400
;TYPE:Internal infill
;WIDTH:0.45
G1 F4800
G1 X123.715 Y123.715 E2.1113
G1 X115.044 Y115.044 E2.70109
G1 X116.384 Y113.575 E2.79672
G1 X123.715 Y111.611 E3.16175
G1 X123.715 Y107.354 E3.3665
G1 X120.806 Y104.445 E3.56437
G1 X121.105 Y102.759 E3.64673
G1 X121.239 Y101.401 E3.71236
G1 X121.275 Y100.288 E3.76592
G1 X123.715 Y99.634 E3.88742
G1 X123.715 Y100.891 E3.94788
G1 X117.599 Y123.715 E5.08437
G1 X115.285 Y123.715 E5.19567
G1 E3.19567 F2400
G92 E0
G1 X108.714 Y119.417 F7800
G1 E2 F2400
G1 F4800
G1 X106.553 Y120.24 E2.11122
G1 X105.622 Y123.715 E2.28425
G1 X107.354 Y123.715 E2.36755
G1 X104.448 Y120.809 E2.56521
G1 X102.164 Y121.172 E2.67644
G1 E.67644 F2400
G92 E0
G1 X83.983 Y123.715 F7800
G1 E2 F2400
G1 F4800
G1 X81.669 Y123.715 E2.1113
G1 X84.205 Y114.25 E2.58259
G1 X82.92 Y112.701 E2.67939
G1 X81.723 Y110.886 E2.78396
G1 X76.285 Y112.343 E3.05473
G1 X76.285 Y109.006 E3.21523
G1 X90.994 Y123.715 E4.21572
G1 X93.646 Y123.715 E4.34327
G1 X94.493 Y120.551 E4.50081
G1 X92.587 Y119.951 E4.59692
G1 X78.542 Y123.715 E5.29627
G1 X76.285 Y123.715 E5.40482
G1 X76.285 Y123.658 E5.40756
G1 E3.40756 F2400
G92 E0
G1 X76.285 Y78.599 F7800
G1 E2 F2400
G1 F4800
G1 X76.285 Y76.285 E2.1113
G1 X84.955 Y84.955 E2.70102
G1 X83.614 Y86.426 E2.79676
G1 X76.285 Y88.389 E3.16168
G1 X76.285 Y92.646 E3.36643
G1 X79.195 Y95.555 E3.56433
G1 X78.895 Y97.241 E3.64669
G1 X78.761 Y98.599 E3.71232
G1 X78.725 Y99.712 E3.76588
G1 X76.285 Y100.366 E3.88738
G1 X76.285 Y99.109 E3.94784
G1 X82.401 Y76.285 E5.08433
G1 X84.715 Y76.285 E5.19563
G1 E3.19563 F2400
G92 E0
G1 X91.287 Y80.585 F7800
G1 E2 F2400
G1 F4800
G1 X92.614 Y80.038 E2.06903
G1 X93.447 Y79.76 E2.11127
G1 X94.378 Y76.285 E2.2843
G1 X92.646 Y76.285 E2.3676
G1 X95.552 Y79.191 E2.56526
G1 X97.836 Y78.828 E2.67649
G1 E.67649 F2400
G92 E0
G1 X116.017 Y76.285 F7800
G1 E2 F2400
G1 F4800
G1 X118.331 Y76.285 E2.1113
G1 X115.795 Y85.75 E2.58259
G1 X117.08 Y87.299 E2.67939
G1 X118.277 Y89.114 E2.78396
G1 X123.715 Y87.657 E3.05473
G1 X123.715 Y90.994 E3.21523
G1 X109.006 Y76.285 E4.21572
G1 X106.354 Y76.285 E4.34327
G1 X105.507 Y79.449 E4.50081
G1 X107.413 Y80.049 E4.59692
G1 X121.458 Y76.285 E5.29627
G1 X123.715 Y76.285 E5.40482
G1 X123.715 Y76.342 E5.40756
G1 E3.40756 F2400
G92 E0
G92 E0
G1 X100.6 Y81.007 F7800
G1 E2 F2400
;TYPE:Perimeter
;WIDTH:0.45
G1 F3600
G1 X100.609 Y81.007 E2.00043
G1 X101.825 Y81.085 E2.05904
G1 X103.033 Y81.24 E2.11762
G1 X104.229 Y81.473 E2.17622
G1 X105.407 Y81.782 E2.23479
G1 X106.563 Y82.166 E2.29338
G1 X107.692 Y82.623 E2.35196
G1 X108.79 Y83.152 E2.41058
G1 X109.851 Y83.75 E2.46916
G1 X110.872 Y84.414 E2.52774
G1 X111.848 Y85.143 E2.58633
G1 X112.776 Y85.932 E2.64492
G1 X113.651 Y86.78 E2.70353
G1 X114.47 Y87.682 E2.76213
G1 X115.229 Y88.634 E2.82069
G1 X115.926 Y89.633 E2.87928
G1 X116.558 Y90.675 E2.93789
G1 X117.121 Y91.755 E2.99647
G1 X117.614 Y92.869 E3.05506
G1 X118.035 Y94.012 E3.11364
G1 X118.382 Y95.18 E3.17224
G1 X118.653 Y96.367 E3.2308
G1 X118.847 Y97.57 E3.28941
G1 X118.964 Y98.782 E3.34797
G1 X119.003 Y100 E3.40658
G1 X118.964 Y101.218 E3.46519
G1 X118.847 Y102.43 E3.52375
G1 X118.653 Y103.633 E3.58236
G1 X118.382 Y104.82 E3.64092
G1 X118.035 Y105.988 E3.69952
G1 X117.614 Y107.131 E3.7581
G1 X117.121 Y108.245 E3.81669
G1 X116.558 Y109.325 E3.87527
G1 X115.926 Y110.367 E3.93388
G1 X115.229 Y111.366 E3.99247
G1 X114.47 Y112.318 E4.05103
G1 X113.651 Y113.22 E4.10963
G1 X112.776 Y114.068 E4.16824
G1 X111.848 Y114.857 E4.22683
G1 X110.872 Y115.586 E4.28542
G1 X109.851 Y116.25 E4.344
G1 X108.79 Y116.848 E4.40258
G1 X107.692 Y117.377 E4.4612
G1 X106.563 Y117.834 E4.51978
G1 X105.407 Y118.218 E4.57837
G1 X104.229 Y118.527 E4.63694
G1 X103.033 Y118.76 E4.69554
G1 X101.825 Y118.915 E4.75412
G1 X100.609 Y118.993 E4.81273
G1 X99.391 Y118.993 E4.87131
G1 X98.175 Y118.915 E4.92992
G1 X96.967 Y118.76 E4.9885
G1 X95.771 Y118.527 E5.0471
G1 X94.593 Y118.218 E5.10567
G1 X93.437 Y117.834 E5.16426
G1 X92.308 Y117.377 E5.22284
G1 X91.21 Y116.848 E5.28146
G1 X90.149 Y116.25 E5.34004
G1 X89.128 Y115.586 E5.39862
G1 X88.152 Y114.857 E5.45721
G1 X87.224 Y114.068 E5.5158
G1 X86.349 Y113.22 E5.57441
G1 X85.53 Y112.318 E5.63301
G1 X84.771 Y111.366 E5.69157
G1 X84.074 Y110.367 E5.75016
G1 X83.442 Y109.325 E5.80877
G1 X82.879 Y108.245 E5.86735
G1 X82.386 Y107.131 E5.92594
G1 X81.965 Y105.988 E5.98452
G1 X81.618 Y104.82 E6.04312
G1 X81.347 Y103.633 E6.10168
G1 X81.153 Y102.43 E6.16029
G1 X81.036 Y101.218 E6.21885
G1 X80.997 Y100 E6.27746
G1 X81.036 Y98.782 E6.33607
G1 X81.153 Y97.57 E6.39463
G1 X81.347 Y96.367 E6.45324
G1 X81.618 Y95.18 E6.5118
G1 X81.965 Y94.012 E6.5704
G1 X82.386 Y92.869 E6.62898
G1 X82.879 Y91.755 E6.68757
G1 X83.442 Y90.675 E6.74615
G1 X84.074 Y89.633 E6.80476
G1 X84.771 Y88.634 E6.86335
G1 X85.53 Y87.682 E6.92191
G1 X86.349 Y86.78 E6.98051
G1 X87.224 Y85.932 E7.03912
G1 X88.152 Y85.143 E7.09771
G1 X89.128 Y84.414 E7.1563
G1 X90.149 Y83.75 E7.21488
G1 X91.21 Y83.152 E7.27346
G1 X92.308 Y82.623 E7.33208
G1 X93.437 Y82.166 E7.39066
G1 X94.593 Y81.782 E7.44925
G1 X95.771 Y81.473 E7.50782
G1 X96.967 Y81.24 E7.56642
G1 X98.175 Y81.085 E7.625
G1 X99.391 Y81.007 E7.68361
G1 X100.54 Y81.007 E7.73887
G1 X100.624 Y80.621 F7800
G1 F3600
G1 X101.862 Y80.701 E7.79854
G1 X103.094 Y80.859 E7.85828
G1 X104.314 Y81.097 E7.91806
G1 X105.517 Y81.412 E7.97787
G1 X106.696 Y81.804 E8.03763
G1 X107.848 Y82.27 E8.0974
G1 X108.968 Y82.81 E8.1572
G1 X110.051 Y83.42 E8.21698
G1 X111.093 Y84.098 E8.27677
G1 X112.089 Y84.841 E8.33653
G1 X113.035 Y85.647 E8.3963
G1 X113.928 Y86.511 E8.45606
G1 X114.764 Y87.431 E8.51585
G1 X115.539 Y88.403 E8.57564
G1 X116.25 Y89.423 E8.63544
G1 X116.894 Y90.485 E8.69518
G1 X117.469 Y91.587 E8.75496
G1 X117.972 Y92.724 E8.81476
G1 X118.401 Y93.89 E8.87452
G1 X118.755 Y95.082 E8.93433
G1 X119.032 Y96.294 E8.99413
G1 X119.23 Y97.521 E9.05391
G1 X119.349 Y98.758 E9.11368
G1 X119.389 Y100 E9.17345
G1 X119.349 Y101.242 E9.23322
G1 X119.23 Y102.479 E9.29299
G1 X119.032 Y103.706 E9.35277
G1 X118.755 Y104.918 E9.41257
G1 X118.401 Y106.11 E9.47238
G1 X117.972 Y107.276 E9.53214
G1 X117.469 Y108.413 E9.59194
G1 X116.894 Y109.515 E9.65172
G1 X116.25 Y110.577 E9.71146
G1 X115.539 Y111.597 E9.77126
G1 X114.764 Y112.569 E9.83105
G1 X113.928 Y113.489 E9.89084
G1 X113.035 Y114.353 E9.9506
G1 X112.089 Y115.159 E10.01037
G1 X111.093 Y115.902 E10.07013
G1 X110.051 Y116.58 E10.12992
G1 X108.968 Y117.19 E10.1897
G1 X107.848 Y117.73 E10.2495
G1 X106.696 Y118.196 E10.30927
G1 X105.517 Y118.588 E10.36903
G1 X104.314 Y118.903 E10.42884
G1 X103.094 Y119.141 E10.48862
G1 X101.862 Y119.299 E10.54836
G1 X100.621 Y119.379 E10.60817
G1 X99.379 Y119.379 E10.66791
G1 X98.138 Y119.299 E10.72772
G1 X96.906 Y119.141 E10.78746
G1 X95.686 Y118.903 E10.84724
G1 X94.483 Y118.588 E10.90705
G1 X93.304 Y118.196 E10.96681
G1 X92.152 Y117.73 E11.02658
G1 X91.032 Y117.19 E11.08638
G1 X89.949 Y116.58 E11.14616
G1 X88.907 Y115.902 E11.20595
G1 X87.911 Y115.159 E11.26571
G1 X86.965 Y114.353 E11.32548
G1 X86.072 Y113.489 E11.38524
G1 X85.236 Y112.569 E11.44503
G1 X84.461 Y111.597 E11.50482
G1 X83.75 Y110.577 E11.56462
G1 X83.106 Y109.515 E11.62436
G1 X82.531 Y108.413 E11.68414
G1 X82.028 Y107.276 E11.74394
G1 X81.599 Y106.11 E11.8037
G1 X81.245 Y104.918 E11.86351
G1 X80.968 Y103.706 E11.92331
G1 X80.77 Y102.479 E11.98309
G1 X80.651 Y101.242 E12.04286
G1 X80.611 Y100 E12.10263
G1 X80.651 Y98.758 E12.1624
G1 X80.77 Y97.521 E12.22217
G1 X80.968 Y96.294 E12.28195
G1 X81.245 Y95.082 E12.34175
G1 X81.599 Y93.89 E12.40156
G1 X82.028 Y92.724 E12.46132
G1 X82.531 Y91.587 E12.52112
G1 X83.106 Y90.485 E12.5809
G1 X83.75 Y89.423 E12.64064
G1 X84.461 Y88.403 E12.70044
G1 X85.236 Y87.431 E12.76023
G1 X86.072 Y86.511 E12.82002
G1 X86.965 Y85.647 E12.87978
G1 X87.911 Y84.841 E12.93955
G1 X88.907 Y84.098 E12.99931
G1 X89.949 Y83.42 E13.0591
G1 X91.032 Y82.81 E13.11888
G1 X92.152 Y82.27 E13.17868
G1 X93.304 Y81.804 E13.23845
G1 X94.483 Y81.412 E13.29821
G1 X95.686 Y81.097 E13.35802
G1 X96.906 Y80.859 E13.4178
G1 X98.138 Y80.701 E13.47754
G1 X99.379 Y80.621 E13.53735
G1 X100.564 Y80.621 E13.59434
G1 X100.649 Y80.236 F7800
;TYPE:External perimeter
G1 F1800
G1 X101.899 Y80.316 E13.65458
G1 X103.156 Y80.479 E13.71554
G1 X104.4 Y80.721 E13.77649
G1 X105.626 Y81.042 E13.83744
G1 X106.83 Y81.442 E13.89846
G1 X108.005 Y81.918 E13.95943
G1 X109.147 Y82.468 E14.02039
G1 X110.251 Y83.09 E14.08134
G1 X111.314 Y83.781 E14.14232
G1 X112.329 Y84.539 E14.20325
G1 X113.295 Y85.361 E14.26426
G1 X114.205 Y86.243 E14.32521
G1 X115.058 Y87.181 E14.38619
G1 X115.848 Y88.172 E14.44715
G1 X116.573 Y89.212 E14.50813
G1 X117.23 Y90.296 E14.5691
G1 X117.817 Y91.42 E14.63009
G1 X118.33 Y92.579 E14.69105
G1 X118.767 Y93.769 E14.75202
G1 X119.128 Y94.984 E14.81298
G1 X119.41 Y96.22 E14.87395
G1 X119.613 Y97.471 E14.93491
G1 X119.734 Y98.733 E14.99589
G1 X119.775 Y100 E15.05686
G1 X119.734 Y101.267 E15.11783
G1 X119.613 Y102.529 E15.17881
G1 X119.41 Y103.78 E15.23977
G1 X119.128 Y105.016 E15.30074
G1 X118.767 Y106.231 E15.3617
G1 X118.33 Y107.421 E15.42267
G1 X117.817 Y108.58 E15.48363
G1 X117.23 Y109.704 E15.54462
G1 X116.573 Y110.788 E15.60559
G1 X115.848 Y111.828 E15.66657
G1 X115.058 Y112.819 E15.72753
G1 X114.205 Y113.757 E15.78851
G1 X113.295 Y114.639 E15.84946
G1 X112.329 Y115.461 E15.91047
G1 X111.314 Y116.219 E15.9714
G1 X110.251 Y116.91 E16.03238
G1 X109.147 Y117.532 E16.09333
G1 X108.005 Y118.082 E16.15429
G1 X106.83 Y118.558 E16.21526
G1 X105.626 Y118.958 E16.27628
G1 X104.4 Y119.279 E16.33723
G1 X103.156 Y119.521 E16.39818
G1 X101.899 Y119.684 E16.45914
G1 X100.634 Y119.765 E16.52011
G1 X99.366 Y119.765 E16.5811
G1 X98.101 Y119.684 E16.64207
G1 X96.844 Y119.521 E16.70303
G1 X95.6 Y119.279 E16.76398
G1 X94.374 Y118.958 E16.82493
G1 X93.17 Y118.558 E16.88595
G1 X91.995 Y118.082 E16.94692
G1 X90.853 Y117.532 E17.00788
G1 X89.749 Y116.91 E17.06883
G1 X88.686 Y116.219 E17.12981
G1 X87.671 Y115.461 E17.19074
G1 X86.705 Y114.639 E17.25175
G1 X85.795 Y113.757 E17.3127
G1 X84.942 Y112.819 E17.37368
G1 X84.152 Y111.828 E17.43464
G1 X83.427 Y110.788 E17.49562
G1 X82.77 Y109.704 E17.55659
G1 X82.183 Y108.58 E17.61758
G1 X81.67 Y107.421 E17.67854
G1 X81.233 Y106.231 E17.73951
G1 X80.872 Y105.016 E17.80047
G1 X80.59 Y103.78 E17.86144
G1 X80.387 Y102.529 E17.9224
G1 X80.266 Y101.267 E17.98338
G1 X80.225 Y100 E18.04435
G1 X80.266 Y98.733 E18.10532
G1 X80.387 Y97.471 E18.1663
G1 X80.59 Y96.22 E18.22726
G1 X80.872 Y94.984 E18.28823
G1 X81.233 Y93.769 E18.34919
G1 X81.67 Y92.579 E18.41016
G1 X82.183 Y91.42 E18.47112
G1 X82.77 Y90.296 E18.53211
G1 X83.427 Y89.212 E18.59308
G1 X84.152 Y88.172 E18.65406
G1 X84.942 Y87.181 E18.71502
G1 X85.795 Y86.243 E18.776
G1 X86.705 Y85.361 E18.83695
G1 X87.671 Y84.539 E18.89796
G1 X88.686 Y83.781 E18.95889
G1 X89.749 Y83.09 E19.01987
G1 X90.853 Y82.468 E19.08082
G1 X91.995 Y81.918 E19.14178
G1 X93.17 Y81.442 E19.20275
G1 X94.374 Y81.042 E19.26377
G1 X95.6 Y80.721 E19.32472
G1 X96.844 Y80.479 E19.38567
G1 X98.101 Y80.316 E19.44663
G1 X99.366 Y80.235 E19.5076
G1 X100.589 Y80.235 E19.56642
G1 X100.988 Y80.258 F7800
G1 E17.56642 F2400
G92 E0
G1 X95.512 Y81.84 F7800
G1 E2 F2400
;TYPE:Internal infill
;WIDTH:0.45
G1 F4800
G1 X97.013 Y81.526 E2.07376
G1 X97.787 Y81.426 E2.1113
G1 X118.577 Y102.217 E3.52545
G1 X118.682 Y100.982 E3.58506
G1 X84.307 Y110.193 E5.29671
G1 X85.019 Y111.213 E5.35654
G1 X92.631 Y82.804 E6.77111
G1 X91.344 Y83.408 E6.83949
G1 X90.567 Y83.846 E6.88239
G1 E4.88239 F2400
G92 E0
G1 X87.007 Y86.545 F7800
G1 E2 F2400
G1 F4800
G1 X88.766 Y85.045 E2.11119
G1 X102.253 Y81.431 E2.78275
G1 X102.987 Y81.526 E2.81835
G1 X104.841 Y81.933 E2.90964
G1 X95.159 Y118.067 E4.70887
G1 X97.013 Y118.474 E4.80016
G1 X97.747 Y118.569 E4.83576
G1 X111.234 Y114.955 E5.50732
G1 X112.581 Y113.853 E5.59102
G1 X113.228 Y113.228 E5.63429
G1 X86.772 Y86.772 E7.4338
G1 X85.75 Y87.869 E7.50591
G1 X85.243 Y88.506 E7.54507
G1 E5.54507 F2400
G92 E0
G1 X104.488 Y118.16 F7800
G1 E2 F2400
G1 F4800
G1 X102.987 Y118.474 E2.07376
G1 X102.213 Y118.574 E2.1113
G1 X81.423 Y97.783 E3.52545
G1 X81.318 Y99.018 E3.58506
G1 X115.693 Y89.807 E5.29671
G1 X114.981 Y88.787 E5.35654
G1 X107.369 Y117.196 E6.77111
G1 X108.656 Y116.592 E6.83949
G1 X109.433 Y116.154 E6.88239
;LAYER_CHANGE
;Z:6.65
;HEIGHT:0.3
G1 E4.88239 F2400
G92 E0
G1 Z6.65 F7800
G92 E0
G1 X118.278 Y110.331
G1 E2 F2400
;TYPE:Perimeter
;WIDTH:0.45
G1 F3600
G1 X117.597 Y111.454 E2.06317
G1 X116.827 Y112.558 E2.12791
G1 X115.988 Y113.611 E2.19267
G1 X115.083 Y114.607 E2.2574
G1 X114.116 Y115.543 E2.32213
G1 X113.091 Y116.416 E2.38689
G1 X112.013 Y117.221 E2.4516
G1 X110.885 Y117.955 E2.51633
G1 X109.712 Y118.616 E2.58109
G1 X108.499 Y119.2 E2.64584
G1 X107.252 Y119.705 E2.71055
G1 X105.974 Y120.129 E2.77531
G1 X104.672 Y120.47 E2.84004
G1 X103.351 Y120.728 E2.90478
G1 X102.016 Y120.9 E2.96952
G1 X100.673 Y120.986 E3.03425
G1 X99.327 Y120.986 E3.09899
G1 X97.984 Y120.9 E3.16372
G1 X96.649 Y120.728 E3.22846
G1 X95.328 Y120.47 E3.2932
G1 X94.026 Y120.129 E3.35793
G1 X92.748 Y119.705 E3.42269
G1 X91.501 Y119.2 E3.4874
G1 X90.288 Y118.616 E3.55215
G1 X89.115 Y117.955 E3.61691
G1 X87.987 Y117.221 E3.68164
G1 X86.909 Y116.416 E3.74635
G1 X85.884 Y115.543 E3.81111
G1 X84.917 Y114.607 E3.87584
G1 X84.012 Y113.611 E3.94057
G1 X83.173 Y112.558 E4.00533
G1 X82.403 Y111.454 E4.07007
G1 X81.705 Y110.303 E4.13481
G1 X81.083 Y109.11 E4.19952
G1 X80.538 Y107.879 E4.26427
G1 X80.073 Y106.616 E4.329
G1 X79.69 Y105.326 E4.39372
G1 X79.39 Y104.014 E4.45845
G1 X79.176 Y102.685 E4.52319
G1 X79.046 Y101.345 E4.58794
G1 X79.003 Y100 E4.65266
G1 X79.046 Y98.655 E4.71738
G1 X79.176 Y97.315 E4.78213
G1 X79.39 Y95.986 E4.84687
G1 X79.69 Y94.674 E4.9116
G1 X80.073 Y93.384 E4.97632
G1 X80.538 Y92.121 E5.04105
G1 X81.083 Y90.89 E5.1058
G1 X81.705 Y89.697 E5.17051
G1 X82.403 Y88.546 E5.23525
G1 X83.173 Y87.442 E5.29999
G1 X84.012 Y86.389 E5.36475
G1 X84.917 Y85.393 E5.42948
G1 X85.884 Y84.457 E5.49421
G1 X86.909 Y83.584 E5.55897
G1 X87.987 Y82.779 E5.62368
G1 X89.115 Y82.045 E5.68841
G1 X90.288 Y81.384 E5.75317
G1 X91.501 Y80.8 E5.81792
G1 X92.748 Y80.295 E5.88263
G1 X94.026 Y79.871 E5.94739
G1 X95.328 Y79.53 E6.01212
G1 X96.649 Y79.272 E6.07686
G1 X97.984 Y79.1 E6.1416
G1 X99.327 Y79.014 E6.20633
G1 X100.673 Y79.014 E6.27107
G1 X102.016 Y79.1 E6.3358
G1 X103.351 Y79.272 E6.40054
G1 X104.672 Y79.53 E6.46528
G1 X105.974 Y79.871 E6.53001
G1 X107.252 Y80.295 E6.59477
G1 X108.499 Y80.8 E6.65948
G1 X109.712 Y81.384 E6.72423
G1 X110.885 Y82.045 E6.78899
G1 X112.013 Y82.779 E6.85372
G1 X113.091 Y83.584 E6.91843
G1 X114.116 Y84.457 E6.98319
G1 X115.083 Y85.393 E7.04792
G1 X115.988 Y86.389 E7.11265
G1 X116.827 Y87.442 E7.17741
G1 X117.597 Y88.546 E7.24215
G1 X118.295 Y89.697 E7.30689
G1 X118.917 Y90.89 E7.3716
G1 X119.462 Y92.121 E7.43635
G1 X119.927 Y93.384 E7.50108
G1 X120.31 Y94.674 E7.5658
G1 X120.61 Y95.986 E7.63053
G1 X120.824 Y97.315 E7.69527
G1 X120.954 Y98.655 E7.76002
G1 X120.997 Y100 E7.82474
G1 X120.954 Y101.345 E7.88946
G1 X120.824 Y102.685 E7.95421
G1 X120.61 Y104.014 E8.01895
G1 X120.31 Y105.326 E8.08368
G1 X119.927 Y106.616 E8.1484
G1 X119.462 Y107.879 E8.21313
G1 X118.917 Y109.11 E8.27788
G1 X118.308 Y110.279 E8.34128
G1 X117.949 Y110.131 F7800
G1 F3600
G1 X117.274 Y111.244 E8.40389
G1 X116.518 Y112.328 E8.46745
G1 X115.694 Y113.361 E8.531
G1 X114.806 Y114.339 E8.59454
G1 X113.857 Y115.258 E8.65808
G1 X112.851 Y116.114 E8.72161
G1 X111.792 Y116.905 E8.78518
G1 X110.685 Y117.625 E8.84869
G1 X109.533 Y118.274 E8.91228
G1 X108.343 Y118.847 E8.9758
G1 X107.118 Y119.343 E9.03936
G1 X105.864 Y119.759 E9.10291
G1 X104.586 Y120.094 E9.16645
G1 X103.29 Y120.347 E9.22996
G1 X101.979 Y120.516 E9.29354
G1 X100.661 Y120.6 E9.35706
G1 X99.339 Y120.6 E9.42064
G1 X98.021 Y120.516 E9.48416
G1 X96.711 Y120.347 E9.54769
G1 X95.414 Y120.094 E9.61125
G1 X94.136 Y119.759 E9.67479
G1 X92.882 Y119.343 E9.73834
G1 X91.657 Y118.847 E9.8019
G1 X90.467 Y118.274 E9.86542
G1 X89.315 Y117.625 E9.92901
G1 X88.208 Y116.905 E9.99252
G1 X87.149 Y116.114 E10.05609
G1 X86.143 Y115.258 E10.11962
G1 X85.194 Y114.339 E10.18316
G1 X84.306 Y113.361 E10.2467
G1 X83.482 Y112.328 E10.31025
G1 X82.726 Y111.244 E10.37381
G1 X82.041 Y110.114 E10.43737
G1 X81.43 Y108.943 E10.5009
G1 X80.895 Y107.735 E10.56444
G1 X80.439 Y106.495 E10.62798
G1 X80.063 Y105.228 E10.69155
G1 X79.769 Y103.94 E10.75509
G1 X79.558 Y102.636 E10.81862
G1 X79.431 Y101.321 E10.88216
G1 X79.389 Y100 E10.94573
G1 X79.431 Y98.679 E11.0093
G1 X79.558 Y97.364 E11.07284
G1 X79.769 Y96.06 E11.13637
G1 X80.063 Y94.772 E11.19991
G1 X80.439 Y93.505 E11.26348
G1 X80.895 Y92.265 E11.32702
G1 X81.43 Y91.057 E11.39056
G1 X82.041 Y89.886 E11.45409
G1 X82.726 Y88.756 E11.51765
G1 X83.482 Y87.672 E11.58121
G1 X84.306 Y86.639 E11.64476
G1 X85.194 Y85.661 E11.7083
G1 X86.143 Y84.742 E11.77184
G1 X87.149 Y83.886 E11.83537
G1 X88.208 Y83.095 E11.89894
G1 X89.315 Y82.375 E11.96245
G1 X90.467 Y81.726 E12.02604
G1 X91.657 Y81.153 E12.08956
G1 X92.882 Y80.657 E12.15312
G1 X94.136 Y80.241 E12.21667
G1 X95.414 Y79.906 E12.28021
G1 X96.71 Y79.653 E12.34372
G1 X98.021 Y79.484 E12.4073
G1 X99.339 Y79.4 E12.47082
G1 X100.661 Y79.4 E12.5344
G1 X101.979 Y79.484 E12.59792
G1 X103.289 Y79.653 E12.66145
G1 X104.586 Y79.906 E12.72501
G1 X105.864 Y80.241 E12.78855
G1 X107.118 Y80.657 E12.8521
G1 X108.343 Y81.153 E12.91566
G1 X109.533 Y81.726 E12.97918
G1 X110.685 Y82.375 E13.04277
G1 X111.792 Y83.095 E13.10628
G1 X112.851 Y83.886 E13.16985
G1 X113.857 Y84.742 E13.23338
G1 X114.806 Y85.661 E13.29692
G1 X115.694 Y86.639 E13.36046
G1 X116.518 Y87.672 E13.42401
G1 X117.274 Y88.756 E13.48757
G1 X117.959 Y89.886 E13.55113
G1 X118.57 Y91.057 E13.61466
G1 X119.105 Y92.265 E13.6782
G1 X119.561 Y93.505 E13.74174
G1 X119.937 Y94.772 E13.80531
G1 X120.231 Y96.06 E13.86885
G1 X120.442 Y97.364 E13.93238
G1 X120.569 Y98.679 E13.99592
G1 X120.611 Y100 E14.05949
G1 X120.569 Y101.321 E14.12306
G1 X120.442 Y102.636 E14.1866
G1 X120.231 Y103.94 E14.25013
G1 X119.937 Y105.228 E14.31367
G1 X119.561 Y106.495 E14.37724
G1 X119.105 Y107.735 E14.44078
G1 X118.57 Y108.943 E14.50432
G1 X117.977 Y110.078 E14.56591
G1 X117.619 Y109.931 F7800
;TYPE:External perimeter
G1 F1800
G1 X116.95 Y111.033 E14.62791
G1 X116.209 Y112.097 E14.69027
G1 X115.4 Y113.11 E14.75262
G1 X114.529 Y114.07 E14.81496
G1 X113.597 Y114.972 E14.87734
G1 X112.61 Y115.813 E14.93971
G1 X111.571 Y116.588 E15.00205
G1 X110.485 Y117.295 E15.06438
G1 X109.355 Y117.932 E15.12677
G1 X108.187 Y118.494 E15.18911
G1 X106.985 Y118.981 E15.25149
G1 X105.755 Y119.389 E15.31382
G1 X104.501 Y119.718 E15.37617
G1 X103.228 Y119.966 E15.43855
G1 X101.942 Y120.132 E15.50092
G1 X100.648 Y120.215 E15.56328
G1 X99.352 Y120.215 E15.62561
G1 X98.058 Y120.132 E15.68797
G1 X96.772 Y119.966 E15.75034
G1 X95.499 Y119.718 E15.81272
G1 X94.245 Y119.389 E15.87507
G1 X93.015 Y118.981 E15.9374
G1 X91.813 Y118.494 E15.99978
G1 X90.645 Y117.932 E16.06212
G1 X89.515 Y117.295 E16.12451
G1 X88.429 Y116.588 E16.18684
G1 X87.39 Y115.813 E16.24918
G1 X86.403 Y114.972 E16.31155
G1 X85.471 Y114.07 E16.37393
G1 X84.6 Y113.111 E16.43624
G1 X83.791 Y112.097 E16.49863
G1 X83.05 Y111.034 E16.56095
G1 X82.377 Y109.925 E16.62334
G1 X81.778 Y108.775 E16.6857
G1 X81.253 Y107.59 E16.74804
G1 X80.805 Y106.373 E16.81041
G1 X80.436 Y105.13 E16.87277
G1 X80.148 Y103.866 E16.93512
G1 X79.941 Y102.586 E16.99748
G1 X79.816 Y101.296 E17.05982
G1 X79.775 Y100 E17.12218
G1 X79.816 Y98.704 E17.18454
G1 X79.941 Y97.414 E17.24688
G1 X80.148 Y96.134 E17.30924
G1 X80.436 Y94.87 E17.37159
G1 X80.805 Y93.627 E17.43395
G1 X81.253 Y92.41 E17.49632
G1 X81.778 Y91.225 E17.55866
G1 X82.377 Y90.075 E17.62102
G1 X83.05 Y88.967 E17.68337
G1 X83.791 Y87.903 E17.74573
G1 X84.6 Y86.89 E17.80808
G1 X85.471 Y85.93 E17.87042
G1 X86.403 Y85.028 E17.9328
G1 X87.39 Y84.187 E17.99517
G1 X88.429 Y83.412 E18.05751
G1 X89.515 Y82.705 E18.11984
G1 X90.645 Y82.068 E18.18223
G1 X91.813 Y81.506 E18.24457
G1 X93.015 Y81.019 E18.30695
G1 X94.245 Y80.611 E18.36928
G1 X95.499 Y80.282 E18.43163
G1 X96.772 Y80.034 E18.49401
G1 X98.058 Y79.868 E18.55638
G1 X99.352 Y79.785 E18.61874
G1 X100.648 Y79.785 E18.68107
G1 X101.942 Y79.868 E18.74343
G1 X103.228 Y80.034 E18.8058
G1 X104.501 Y80.282 E18.86818
G1 X105.755 Y80.611 E18.93053
G1 X106.985 Y81.019 E18.99286
G1 X108.187 Y81.506 E19.05524
G1 X109.355 Y82.068 E19.11758
G1 X110.485 Y82.705 E19.17997
G1 X111.571 Y83.412 E19.2423
G1 X112.61 Y84.187 E19.30464
G1 X113.597 Y85.028 E19.36701
G1 X114.529 Y85.93 E19.42939
G1 X115.4 Y86.89 E19.49173
G1 X116.209 Y87.903 E19.55408
G1 X116.95 Y88.966 E19.6164
G1 X117.623 Y90.075 E19.67879
G1 X118.222 Y91.225 E19.74115
G1 X118.747 Y92.41 E19.80349
G1 X119.195 Y93.627 E19.86586
G1 X119.564 Y94.87 E19.92822
G1 X119.852 Y96.134 E19.99057
G1 X120.059 Y97.414 E20.05293
G1 X120.184 Y98.704 E20.11527
G1 X120.225 Y100 E20.17763
G1 X120.184 Y101.296 E20.23999
G1 X120.059 Y102.586 E20.30233
G1 X119.852 Y103.866 E20.36469
G1 X119.564 Y105.13 E20.42704
G1 X119.195 Y106.373 E20.4894
G1 X118.747 Y107.59 E20.55177
G1 X118.222 Y108.775 E20.61411
G1 X117.647 Y109.878 E20.67394
G1 X117.442 Y110.222 F7800
G1 E18.67394 F2400
G92 E0
G1 X124.004 Y124.004 F7800
G1 E2 F2400
;TYPE:Perimeter
G1 F3600
G1 X75.996 Y124.004 E4.30902
G1 X75.996 Y75.996 E6.61804
G1 X124.004 Y75.996 E8.92706
G1 X124.004 Y123.944 E11.23319
G1 X124.389 Y124.389 F7800
G1 F3600
G1 X75.611 Y124.389 E13.57924
G1 X75.611 Y75.611 E15.92529
G1 X124.389 Y75.611 E18.27134
G1 X124.389 Y124.329 E20.61451
G1 X124.775 Y124.775 F7800
;TYPE:External perimeter
G1 F1800
G1 X75.225 Y124.775 E22.99769
G1 X75.225 Y75.225 E25.38087
G1 X124.775 Y75.225 E27.76405
G1 X124.775 Y124.715 E30.14435
G1 X124.379 Y124.774 F7800
G1 E28.14435 F2400
G92 E0
G1 X123.715 Y121.401 F7800
G1 E2 F2400
;TYPE:Internal infill
;WIDTH:0.45
G1 F4800
G1 X123.715 Y123.715 E2.1113
G1 X115.046 Y115.046 E2.70096
G1 X116.386 Y113.574 E2.7967
G1 X123.715 Y111.611 E3.16162
G1 X123.715 Y107.354 E3.36637
G1 X120.806 Y104.446 E3.5642
G1 X121.105 Y102.759 E3.6466
G1 X121.239 Y101.401 E3.71223
G1 X121.275 Y100.288 E3.76579
G1 X123.715 Y99.634 E3.88729
G1 X123.715 Y100.891 E3.94775
G1 X117.599 Y123.715 E5.08424
G1 X115.285 Y123.715 E5.19554
G1 E3.19554 F2400
G92 E0
G1 X108.713 Y119.415 F7800
G1 E2 F2400
G1 F4800
G1 X107.386 Y119.962 E2.06903
G1 X106.553 Y120.24 E2.11127
G1 X105.622 Y123.715 E2.2843
G1 X107.354 Y123.715 E2.3676
G1 X104.448 Y120.809 E2.56526
G1 X102.164 Y121.172 E2.67649
G1 E.67649 F2400
G92 E0
G1 X83.983 Y123.715 F7800
G1 E2 F2400
G1 F4800
G1 X81.669 Y123.715 E2.1113
G1 X84.205 Y114.25 E2.58259
G1 X82.92 Y112.701 E2.67939
G1 X81.723 Y110.886 E2.78396
G1 X76.285 Y112.343 E3.05473
G1 X76.285 Y109.006 E3.21523
G1 X90.994 Y123.715 E4.21572
G1 X93.646 Y123.715 E4.34327
G1 X94.493 Y120.551 E4.50081
G1 X92.587 Y119.951 E4.59692
G1 X78.542 Y123.715 E5.29627
G1 X76.285 Y123.715 E5.40482
G1 X76.285 Y123.658 E5.40756
G1 E3.40756 F2400
G92 E0
G1 X76.285 Y78.599 F7800
G1 E2 F2400
G1 F4800
G1 X76.285 Y76.285 E2.1113
G1 X84.955 Y84.955 E2.70102
G1 X83.614 Y86.426 E2.79676
G1 X76.285 Y88.389 E3.16168
G1 X76.285 Y92.646 E3.36643
G1 X79.195 Y95.555 E3.56433
G1 X78.885 Y97.315 E3.65028
G1 X78.761 Y98.599 E3.71232
G1 X78.725 Y99.712 E3.76588
G1 X76.285 Y100.366 E3.88738
G1 X76.285 Y99.109 E3.94784
G1 X82.401 Y76.285 E5.08433
G1 X84.715 Y76.285 E5.19563
G1 E3.19563 F2400
G92 E0
G1 X91.287 Y80.585 F7800
G1 E2 F2400
G1 F4800
G1 X92.614 Y80.038 E2.06903
G1 X93.447 Y79.76 E2.11127
G1 X94.378 Y76.285 E2.2843
G1 X92.646 Y76.285 E2.3676
G1 X95.552 Y79.191 E2.56526
G1 X97.836 Y78.828 E2.67649
G1 E.67649 F2400
G92 E0
G1 X116.017 Y76.285 F7800
G1 E2 F2400
G1 F4800
G1 X118.331 Y76.285 E2.1113
G1 X115.795 Y85.75 E2.58259
G1 X117.08 Y87.299 E2.67939
G1 X118.277 Y89.114 E2.78396
G1 X123.715 Y87.657 E3.05473
G1 X123.715 Y90.994 E3.21523
G1 X109.006 Y76.285 E4.21572
G1 X106.354 Y76.285 E4.34327
G1 X105.507 Y79.449 E4.50081
G1 X107.413 Y80.049 E4.59692
G1 X121.458 Y76.285 E5.29627
G1 X123.715 Y76.285 E5.40482
G1 X123.715 Y76.342 E5.40756
G1 E3.40756 F2400
G92 E0
G92 E0
G1 X100.6 Y81.007 F7800
G1 E2 F2400
;TYPE:Perimeter
;WIDTH:0.45
G1 F3600
G1 X100.609 Y81.007 E2.00043
G1 X101.825 Y81.085 E2.05904
G1 X103.033 Y81.24 E2.11762
G1 X104.229 Y81.473 E2.17622
G1 X105.407 Y81.782 E2.23479
G1 X106.563 Y82.166 E2.29338
G1 X107.692 Y82.623 E2.35196
G1 X108.79 Y83.152 E2.41058
G1 X109.851 Y83.75 E2.46916
G1 X110.872 Y84.414 E2.52774
G1 X111.848 Y85.143 E2.58633
G1 X112.776 Y85.932 E2.64492
G1 X113.651 Y86.78 E2.70353
G1 X114.47 Y87.682 E2.76213
G1 X115.229 Y88.634 E2.82069
G1 X115.926 Y89.633 E2.87928
G1 X116.558 Y90.675 E2.93789
G1 X117.121 Y91.755 E2.99647
G1 X117.614 Y92.869 E3.05506
G1 X118.035 Y94.012 E3.11364
G1 X118.382 Y95.18 E3.17224
G1 X118.653 Y96.367 E3.2308
G1 X118.847 Y97.57 E3.28941
G1 X118.964 Y98.782 E3.34797
G1 X119.003 Y100 E3.40658
G1 X118.964 Y101.218 E3.46519
G1 X118.847 Y102.43 E3.52375
G1 X118.653 Y103.633 E3.58236
G1 X118.382 Y104.82 E3.64092
G1 X118.035 Y105.988 E3.69952
G1 X117.614 Y107.131 E3.7581
G1 X117.121 Y108.245 E3.81669
G1 X116.558 Y109.325 E3.87527
G1 X115.926 Y110.367 E3.93388
G1 X115.229 Y111.366 E3.99247
G1 X114.47 Y112.318 E4.05103
G1 X113.651 Y113.22 E4.10963
G1 X112.776 Y114.068 E4.16824
G1 X111.848 Y114.857 E4.22683
G1 X110.872 Y115.586 E4.28542
G1 X109.851 Y116.25 E4.344
G1 X108.79 Y116.848 E4.40258
G1 X107.692 Y117.377 E4.4612
G1 X106.563 Y117.834 E4.51978
G1 X105.407 Y118.218 E4.57837
G1 X104.229 Y118.527 E4.63694
G1 X103.033 Y118.76 E4.69554
G1 X101.825 Y118.915 E4.75412
G1 X100.609 Y118.993 E4.81273
G1 X99.391 Y118.993 E4.87131
G1 X98.175 Y118.915 E4.92992
G1 X96.967 Y118.76 E4.9885
G1 X95.771 Y118.527 E5.0471
G1 X94.593 Y118.218 E5.10567
G1 X93.437 Y117.834 E5.16426
G1 X92.308 Y117.377 E5.22284
G1 X91.21 Y116.848 E5.28146
G1 X90.149 Y116.25 E5.34004
G1 X89.128 Y115.586 E5.39862
G1 X88.152 Y114.857 E5.45721
G1 X87.224 Y114.068 E5.5158
G1 X86.349 Y113.22 E5.57441
G1 X85.53 Y112.318 E5.63301
G1 X84.771 Y111.366 E5.69157
G1 X84.074 Y110.367 E5.75016
G1 X83.442 Y109.325 E5.80877
G1 X82.879 Y108.245 E5.86735
G1 X82.386 Y107.131 E5.92594
G1 X81.965 Y105.988 E5.98452
G1 X81.618 Y104.82 E6.04312
G1 X81.347 Y103.633 E6.10168
G1 X81.153 Y102.43 E6.16029
G1 X81.036 Y101.218 E6.21885
G1 X80.997 Y100 E6.27746
G1 X81.036 Y98.782 E6.33607
G1 X81.153 Y97.57 E6.39463
G1 X81.347 Y96.367 E6.45324
G1 X81.618 Y95.18 E6.5118
G1 X81.965 Y94.012 E6.5704
G1 X82.386 Y92.869 E6.62898
G1 X82.879 Y91.755 E6.68757
G1 X83.442 Y90.675 E6.74615
G1 X84.074 Y89.633 E6.80476
G1 X84.771 Y88.634 E6.86335
G1 X85.53 Y87.682 E6.92191
G1 X86.349 Y86.78 E6.98051
G1 X87.224 Y85.932 E7.03912
G1 X88.152 Y85.143 E7.09771
G1 X89.128 Y84.414 E7.1563
G1 X90.149 Y83.75 E7.21488
G1 X91.21 Y83.152 E7.27346
G1 X92.308 Y82.623 E7.33208
G1 X93.437 Y82.166 E7.39066
G1 X94.593 Y81.782 E7.44925
G1 X95.771 Y81.473 E7.50782
G1 X96.967 Y81.24 E7.56642
G1 X98.175 Y81.085 E7.625
G1 X99.391 Y81.007 E7.68361
G1 X100.54 Y81.007 E7.73887
G1 X100.624 Y80.621 F7800
G1 F3600
G1 X101.862 Y80.701 E7.79854
G1 X103.094 Y80.859 E7.85828
G1 X104.314 Y81.097 E7.91806
G1 X105.517 Y81.412 E7.97787
G1 X106.696 Y81.804 E8.03763
G1 X107.848 Y82.27 E8.0974
G1 X108.968 Y82.81 E8.1572
G1 X110.051 Y83.42 E8.21698
G1 X111.093 Y84.098 E8.27677
G1 X112.089 Y84.841 E8.33653
G1 X113.035 Y85.647 E8.3963
G1 X113.928 Y86.511 E8.45606
G1 X114.764 Y87.431 E8.51585
G1 X115.539 Y88.403 E8.57564
G1 X116.25 Y89.423 E8.63544
G1 X116.894 Y90.485 E8.69518
G1 X117.469 Y91.587 E8.75496
G1 X117.972 Y92.724 E8.81476
G1 X118.401 Y93.89 E8.87452
G1 X118.755 Y95.082 E8.93433
G1 X119.032 Y96.294 E8.99413
G1 X119.23 Y97.521 E9.05391
G1 X119.349 Y98.758 E9.11368
G1 X119.389 Y100 E9.17345
G1 X119.349 Y101.242 E9.23322
G1 X119.23 Y102.479 E9.29299
G1 X119.032 Y103.706 E9.35277
G1 X118.755 Y104.918 E9.41257
G1 X118.401 Y106.11 E9.47238
G1 X117.972 Y107.276 E9.53214
G1 X117.469 Y108.413 E9.59194
G1 X116.894 Y109.515 E9.65172
G1 X116.25 Y110.577 E9.71146
G1 X115.539 Y111.597 E9.77126
G1 X114.764 Y112.569 E9.83105
G1 X113.928 Y113.489 E9.89084
G1 X113.035 Y114.353 E9.9506
G1 X112.089 Y115.159 E10.01037
G1 X111.093 Y115.902 E10.07013
G1 X110.051 Y116.58 E10.12992
G1 X108.968 Y117.19 E10.1897
G1 X107.848 Y117.73 E10.2495
G1 X106.696 Y118.196 E10.30927
G1 X105.517 Y118.588 E10.36903
G1 X104.314 Y118.903 E10.42884
G1 X103.094 Y119.141 E10.48862
G1 X101.862 Y119.299 E10.54836
G1 X100.621 Y119.379 E10.60817
G1 X99.379 Y119.379 E10.66791
G1 X98.138 Y119.299 E10.72772
G1 X96.906 Y119.141 E10.78746
G1 X95.686 Y118.903 E10.84724
G1 X94.483 Y118.588 E10.90705
G1 X93.304 Y118.196 E10.96681
G1 X92.152 Y117.73 E11.02658
G1 X91.032 Y117.19 E11.08638
G1 X89.949 Y116.58 E11.14616
G1 X88.907 Y115.902 E11.20595
G1 X87.911 Y115.159 E11.26571
G1 X86.965 Y114.353 E11.32548
G1 X86.072 Y113.489 E11.38524
G1 X85.236 Y112.569 E11.44503
G1 X84.461 Y111.597 E11.50482
G1 X83.75 Y110.577 E11.56462
G1 X83.106 Y109.515 E11.62436
G1 X82.531 Y108.413 E11.68414
G1 X82.028 Y107.276 E11.74394
G1 X81.599 Y106.11 E11.8037
G1 X81.245 Y104.918 E11.86351
G1 X80.968 Y103.706 E11.92331
G1 X80.77 Y102.479 E11.98309
G1 X80.651 Y101.242 E12.04286
G1 X80.611 Y100 E12.10263
G1 X80.651 Y98.758 E12.1624
G1 X80.77 Y97.521 E12.22217
G1 X80.968 Y96.294 E12.28195
G1 X81.245 Y95.082 E12.34175
G1 X81.599 Y93.89 E12.40156
G1 X82.028 Y92.724 E12.46132
G1 X82.531 Y91.587 E12.52112
G1 X83.106 Y90.485 E12.5809
G1 X83.75 Y89.423 E12.64064
G1 X84.461 Y88.403 E12.70044
G1 X85.236 Y87.431 E12.76023
G1 X86.072 Y86.511 E12.82002
G1 X86.965 Y85.647 E12.87978
G1 X87.911 Y84.841 E12.93955
G1 X88.907 Y84.098 E12.99931
G1 X89.949 Y83.42 E13.0591
G1 X91.032 Y82.81 E13.11888
G1 X92.152 Y82.27 E13.17868
G1 X93.304 Y81.804 E13.23845
G1 X94.483 Y81.412 E13.29821
G1 X95.686 Y81.097 E13.35802
G1 X96.906 Y80.859 E13.4178
G1 X98.138 Y80.701 E13.47754
G1 X99.379 Y80.621 E13.53735
G1 X100.564 Y80.621 E13.59434
G1 X100.649 Y80.236 F7800
;TYPE:External perimeter
G1 F1800
G1 X101.899 Y80.316 E13.65458
G1 X103.156 Y80.479 E13.71554
G1 X104.4 Y80.721 E13.77649
G1 X105.626 Y81.042 E13.83744
G1 X106.83 Y81.442 E13.89846
G1 X108.005 Y81.918 E13.95943
G1 X109.147 Y82.468 E14.02039
G1 X110.251 Y83.09 E14.08134
G1 X111.314 Y83.781 E14.14232
G1 X112.329 Y84.539 E14.20325
G1 X113.295 Y85.361 E14.26426
G1 X114.205 Y86.243 E14.32521
G1 X115.058 Y87.181 E14.38619
G1 X115.848 Y88.172 E14.44715
G1 X116.573 Y89.212 E14.50813
G1 X117.23 Y90.296 E14.5691
G1 X117.817 Y91.42 E14.63009
G1 X118.33 Y92.579 E14.69105
G1 X118.767 Y93.769 E14.75202
G1 X119.128 Y94.984 E14.81298
G1 X119.41 Y96.22 E14.87395
G1 X119.613 Y97.471 E14.93491
G1 X119.734 Y98.733 E14.99589
G1 X119.775 Y100 E15.05686
G1 X119.734 Y101.267 E15.11783
G1 X119.613 Y102.529 E15.17881
G1 X119.41 Y103.78 E15.23977
G1 X119.128 Y105.016 E15.30074
G1 X118.767 Y106.231 E15.3617
G1 X118.33 Y107.421 E15.42267
G1 X117.817 Y108.58 E15.48363
G1 X117.23 Y109.704 E15.54462
G1 X116.573 Y110.788 E15.60559
G1 X115.848 Y111.828 E15.66657
G1 X115.058 Y112.819 E15.72753
G1 X114.205 Y113.757 E15.78851
G1 X113.295 Y114.639 E15.84946
G1 X112.329 Y115.461 E15.91047
G1 X111.314 Y116.219 E15.9714
G1 X110.251 Y116.91 E16.03238
G1 X109.147 Y117.532 E16.09333
G1 X108.005 Y118.082 E16.15429
G1 X106.83 Y118.558 E16.21526
G1 X105.626 Y118.958 E16.27628
G1 X104.4 Y119.279 E16.33723
G1 X103.156 Y119.521 E16.39818
G1 X101.899 Y119.684 E16.45914
G1 X100.634 Y119.765 E16.52011
G1 X99.366 Y119.765 E16.5811
G1 X98.101 Y119.684 E16.64207
G1 X96.844 Y119.521 E16.70303
G1 X95.6 Y119.279 E16.76398
G1 X94.374 Y118.958 E16.82493
G1 X93.17 Y118.558 E16.88595
G1 X91.995 Y118.082 E16.94692
G1 X90.853 Y117.532 E17.00788
G1 X89.749 Y116.91 E17.06883
G1 X88.686 Y116.219 E17.12981
G1 X87.671 Y115.461 E17.19074
G1 X86.705 Y114.639 E17.25175
G1 X85.795 Y113.757 E17.3127
G1 X84.942 Y112.819 E17.37368
G1 X84.152 Y111.828 E17.43464
G1 X83.427 Y110.788 E17.49562
G1 X82.77 Y109.704 E17.55659
G1 X82.183 Y108.58 E17.61758
G1 X81.67 Y107.421 E17.67854
G1 X81.233 Y106.231 E17.73951
G1 X80.872 Y105.016 E17.80047
G1 X80.59 Y103.78 E17.86144
G1 X80.387 Y102.529 E17.9224
G1 X80.266 Y101.267 E17.98338
G1 X80.225 Y100 E18.04435
G1 X80.266 Y98.733 E18.10532
G1 X80.387 Y97.471 E18.1663
G1 X80.59 Y96.22 E18.22726
G1 X80.872 Y94.984 E18.28823
G1 X81.233 Y93.769 E18.34919
G1 X81.67 Y92.579 E18.41016
G1 X82.183 Y91.42 E18.47112
G1 X82.77 Y90.296 E18.53211
G1 X83.427 Y89.212 E18.59308
G1 X84.152 Y88.172 E18.65406
G1 X84.942 Y87.181 E18.71502
G1 X85.795 Y86.243 E18.776
G1 X86.705 Y85.361 E18.83695
G1 X87.671 Y84.539 E18.89796
G1 X88.686 Y83.781 E18.95889
G1 X89.749 Y83.09 E19.01987
G1 X90.853 Y82.468 E19.08082
G1 X91.995 Y81.918 E19.14178
G1 X93.17 Y81.442 E19.20275
G1 X94.374 Y81.042 E19.26377
G1 X95.6 Y80.721 E19.32472
G1 X96.844 Y80.479 E19.38567
G1 X98.101 Y80.316 E19.44663
G1 X99.366 Y80.235 E19.5076
G1 X100.589 Y80.235 E19.56642
G1 X100.988 Y80.258 F7800
G1 E17.56642 F2400
G92 E0
G1 X95.512 Y81.84 F7800
G1 E2 F2400
;TYPE:Internal infill
;WIDTH:0.45
G1 F4800
G1 X97.013 Y81.526 E2.07376
G1 X97.787 Y81.426 E2.1113
G1 X118.577 Y102.217 E3.52545
G1 X118.682 Y100.982 E3.58506
G1 X84.307 Y110.193 E5.29671
G1 X85.019 Y111.213 E5.35654
G1 X92.631 Y82.804 E6.77111
G1 X91.344 Y83.408 E6.83949
G1 X90.567 Y83.846 E6.88239
G1 E4.88239 F2400
G92 E0
G1 X87.007 Y86.545 F7800
G1 E2 F2400
G1 F4800
G1 X88.766 Y85.045 E2.11119
G1 X102.253 Y81.431 E2.78275
G1 X102.987 Y81.526 E2.81835
G1 X104.841 Y81.933 E2.90964
G1 X95.159 Y118.067 E4.70887
G1 X97.013 Y118.474 E4.80016
G1 X97.747 Y118.569 E4.83576
G1 X111.234 Y114.955 E5.50732
G1 X112.581 Y113.853 E5.59102
G1 X113.228 Y113.228 E5.63429
G1 X86.772 Y86.772 E7.4338
G1 X85.75 Y87.869 E7.50591
G1 X85.243 Y88.506 E7.54507
G1 E5.54507 F2400
G92 E0
G1 X104.488 Y118.16 F7800
G1 E2 F2400
G1 F4800
G1 X102.987 Y118.474 E2.07376
G1 X102.213 Y118.574 E2.1113
G1 X81.423 Y97.783 E3.52545
G1 X81.318 Y99.018 E3.58506
G1 X115.693 Y89.807 E5.29671
G1 X114.981 Y88.787 E5.35654
G1 X107.369 Y117.196 E6.77111
G1 X108.656 Y116.592 E6.83949
G1 X109.433 Y116.154 E6.88239
;LAYER_CHANGE
;Z:6.95
;HEIGHT:0.3
G1 E4.88239 F2400
G92 E0
G1 Z6.95 F7800
G92 E0
G1 X118.278 Y110.331
G1 E2 F2400
;TYPE:Perimeter
;WIDTH:0.45
G1 F3600
G1 X117.597 Y111.454 E2.06317
G1 X116.827 Y112.558 E2.12791
G1 X115.988 Y113.611 E2.19267
G1 X115.083 Y114.607 E2.2574
G1 X114.116 Y115.543 E2.32213
G1 X113.091 Y116.416 E2.38689
G1 X112.013 Y117.221 E2.4516
G1 X110.885 Y117.955 E2.51633
G1 X109.712 Y118.616 E2.58109
G1 X108.499 Y119.2 E2.64584
G1 X107.252 Y119.705 E2.71055
G1 X105.974 Y120.129 E2.77531
G1 X104.672 Y120.47 E2.84004
G1 X103.351 Y120.728 E2.90478
G1 X102.016 Y120.9 E2.96952
G1 X100.673 Y120.986 E3.03425
G1 X99.327 Y120.986 E3.09899
G1 X97.984 Y120.9 E3.16372
G1 X96.649 Y120.728 E3.22846
G1 X95.328 Y120.47 E3.2932
G1 X94.026 Y120.129 E3.35793
G1 X92.748 Y119.705 E3.42269
G1 X91.501 Y119.2 E3.4874
G1 X90.288 Y118.616 E3.55215
G1 X89.115 Y117.955 E3.61691
G1 X87.987 Y117.221 E3.68164
G1 X86.909 Y116.416 E3.74635
G1 X85.884 Y115.543 E3.81111
G1 X84.917 Y114.607 E3.87584
G1 X84.012 Y113.611 E3.94057
G1 X83.173 Y112.558 E4.00533
G1 X82.403 Y111.454 E4.07007
G1 X81.705 Y110.303 E4.13481
G1 X81.083 Y109.11 E4.19952
G1 X80.538 Y107.879 E4.26427
G1 X80.073 Y106.616 E4.329
G1 X79.69 Y105.326 E4.39372
G1 X79.39 Y104.014 E4.45845
G1 X79.176 Y102.685 E4.52319
G1 X79.046 Y101.345 E4.58794
G1 X79.003 Y100 E4.65266
G1 X79.046 Y98.655 E4.71738
G1 X79.176 Y97.315 E4.78213
G1 X79.39 Y95.986 E4.84687
G1 X79.69 Y94.674 E4.9116
G1 X80.073 Y93.384 E4.97632
G1 X80.538 Y92.121 E5.04105
G1 X81.083 Y90.89 E5.1058
G1 X81.705 Y89.697 E5.17051
G1 X82.403 Y88.546 E5.23525
G1 X83.173 Y87.442 E5.29999
G1 X84.012 Y86.389 E5.36475
G1 X84.917 Y85.393 E5.42948
G1 X85.884 Y84.457 E5.49421
G1 X86.909 Y83.584 E5.55897
G1 X87.987 Y82.779 E5.62368
G1 X89.115 Y82.045 E5.68841
G1 X90.288 Y81.384 E5.75317
G1 X91.501 Y80.8 E5.81792
G1 X92.748 Y80.295 E5.88263
G1 X94.026 Y79.871 E5.94739
G1 X95.328 Y79.53 E6.01212
G1 X96.649 Y79.272 E6.07686
G1 X97.984 Y79.1 E6.1416
G1 X99.327 Y79.014 E6.20633
G1 X100.673 Y79.014 E6.27107
G1 X102.016 Y79.1 E6.3358
G1 X103.351 Y79.272 E6.40054
G1 X104.672 Y79.53 E6.46528
G1 X105.974 Y79.871 E6.53001
G1 X107.252 Y80.295 E6.59477
G1 X108.499 Y80.8 E6.65948
G1 X109.712 Y81.384 E6.72423
G1 X110.885 Y82.045 E6.78899
G1 X112.013 Y82.779 E6.85372
G1 X113.091 Y83.584 E6.91843
G1 X114.116 Y84.457 E6.98319
G1 X115.083 Y85.393 E7.04792
G1 X115.988 Y86.389 E7.11265
G1 X116.827 Y87.442 E7.17741
G1 X117.597 Y88.546 E7.24215
G1 X118.295 Y89.697 E7.30689
G1 X118.917 Y90.89 E7.3716
G1 X119.462 Y92.121 E7.43635
G1 X119.927 Y93.384 E7.50108
G1 X120.31 Y94.674 E7.5658
G1 X120.61 Y95.986 E7.63053
G1 X120.824 Y97.315 E7.69527
G1 X120.954 Y98.655 E7.76002
G1 X120.997 Y100 E7.82474
G1 X120.954 Y101.345 E7.88946
G1 X120.824 Y102.685 E7.95421
G1 X120.61 Y104.014 E8.01895
G1 X120.31 Y105.326 E8.08368
G1 X119.927 Y106.616 E8.1484
G1 X119.462 Y107.879 E8.21313
G1 X118.917 Y109.11 E8.27788
G1 X118.308 Y110.279 E8.34128
G1 X117.949 Y110.131 F7800
G1 F3600
G1 X117.274 Y111.244 E8.40389
G1 X116.518 Y112.328 E8.46745
G1 X115.694 Y113.361 E8.531
G1 X114.806 Y114.339 E8.59454
G1 X113.857 Y115.258 E8.65808
G1 X112.851 Y116.114 E8.72161
G1 X111.792 Y116.905 E8.78518
G1 X110.685 Y117.625 E8.84869
G1 X109.533 Y118.274 E8.91228
G1 X108.343 Y118.847 E8.9758
G1 X107.118 Y119.343 E9.03936
G1 X105.864 Y119.759 E9.10291
G1 X104.586 Y120.094 E9.16645
G1 X103.29 Y120.347 E9.22996
G1 X101.979 Y120.516 E9.29354
G1 X100.661 Y120.6 E9.35706
G1 X99.339 Y120.6 E9.42064
G1 X98.021 Y120.516 E9.48416
G1 X96.711 Y120.347 E9.54769
G1 X95.414 Y120.094 E9.61125
G1 X94.136 Y119.759 E9.67479
G1 X92.882 Y119.343 E9.73834
G1 X91.657 Y118.847 E9.8019
G1 X90.467 Y118.274 E9.86542
G1 X89.315 Y117.625 E9.92901
G1 X88.208 Y116.905 E9.99252
G1 X87.149 Y116.114 E10.05609
G1 X86.143 Y115.258 E10.11962
G1 X85.194 Y114.339 E10.18316
G1 X84.306 Y113.361 E10.2467
G1 X83.482 Y112.328 E10.31025
G1 X82.726 Y111.244 E10.37381
G1 X82.041 Y110.114 E10.43737
G1 X81.43 Y108.943 E10.5009
G1 X80.895 Y107.735 E10.56444
G1 X80.439 Y106.495 E10.62798
G1 X80.063 Y105.228 E10.69155
G1 X79.769 Y103.94 E10.75509
G1 X79.558 Y102.636 E10.81862
G1 X79.431 Y101.321 E10.88216
G1 X79.389 Y100 E10.94573
G1 X79.431 Y98.679 E11.0093
G1 X79.558 Y97.364 E11.07284
G1 X79.769 Y96.06 E11.13637
G1 X80.063 Y94.772 E11.19991
G1 X80.439 Y93.505 E11.26348
G1 X80.895 Y92.265 E11.32702
G1 X81.43 Y91.057 E11.39056
G1 X82.041 Y89.886 E11.45409
G1 X82.726 Y88.756 E11.51765
G1 X83.482 Y87.672 E11.58121
G1 X84.306 Y86.639 E11.64476
G1 X85.194 Y85.661 E11.7083
G1 X86.143 Y84.742 E11.77184
G1 X87.149 Y83.886 E11.83537
G1 X88.208 Y83.095 E11.89894
G1 X89.315 Y82.375 E11.96245
G1 X90.467 Y81.726 E12.02604
G1 X91.657 Y81.153 E12.08956
G1 X92.882 Y80.657 E12.15312
G1 X94.136 Y80.241 E12.21667
G1 X95.414 Y79.906 E12.28021
G1 X96.71 Y79.653 E12.34372
G1 X98.021 Y79.484 E12.4073
G1 X99.339 Y79.4 E12.47082
G1 X100.661 Y79.4 E12.5344
G1 X101.979 Y79.484 E12.59792
G1 X103.29 Y79.653 E12.6615
G1 X104.586 Y79.906 E12.72501
G1 X105.864 Y80.241 E12.78855
G1 X107.118 Y80.657 E12.8521
G1 X108.343 Y81.153 E12.91566
G1 X109.533 Y81.726 E12.97918
G1 X110.685 Y82.375 E13.04277
G1 X111.792 Y83.095 E13.10628
G1 X112.851 Y83.886 E13.16985
G1 X113.857 Y84.742 E13.23338
G1 X114.806 Y85.661 E13.29692
G1 X115.694 Y86.639 E13.36046
G1 X116.518 Y87.672 E13.42401
G1 X117.274 Y88.756 E13.48757
G1 X117.959 Y89.886 E13.55113
G1 X118.57 Y91.057 E13.61466
G1 X119.105 Y92.265 E13.6782
G1 X119.561 Y93.505 E13.74174
G1 X119.937 Y94.772 E13.80531
G1 X120.231 Y96.06 E13.86885
G1 X120.442 Y97.364 E13.93238
G1 X120.569 Y98.679 E13.99592
G1 X120.611 Y100 E14.05949
G1 X120.569 Y101.321 E14.12306
G1 X120.442 Y102.636 E14.1866
G1 X120.231 Y103.94 E14.25013
G1 X119.937 Y105.228 E14.31367
G1 X119.561 Y106.495 E14.37724
G1 X119.105 Y107.735 E14.44078
G1 X118.57 Y108.943 E14.50432
G1 X117.977 Y110.078 E14.56591
G1 X117.619 Y109.931 F7800
;TYPE:External perimeter
G1 F1800
G1 X116.95 Y111.033 E14.62791
G1 X116.209 Y112.097 E14.69027
G1 X115.4 Y113.11 E14.75262
G1 X114.529 Y114.07 E14.81496
G1 X113.597 Y114.972 E14.87734
G1 X112.61 Y115.813 E14.93971
G1 X111.571 Y116.588 E15.00205
G1 X110.485 Y117.295 E15.06438
G1 X109.355 Y117.932 E15.12677
G1 X108.187 Y118.494 E15.18911
G1 X106.985 Y118.981 E15.25149
G1 X105.755 Y119.389 E15.31382
G1 X104.501 Y119.718 E15.37617
G1 X103.228 Y119.966 E15.43855
G1 X101.942 Y120.132 E15.50092
G1 X100.648 Y120.215 E15.56328
G1 X99.352 Y120.215 E15.62561
G1 X98.058 Y120.132 E15.68797
G1 X96.772 Y119.966 E15.75034
G1 X95.499 Y119.718 E15.81272
G1 X94.245 Y119.389 E15.87507
G1 X93.015 Y118.981 E15.9374
G1 X91.813 Y118.494 E15.99978
G1 X90.645 Y117.932 E16.06212
G1 X89.515 Y117.295 E16.12451
G1 X88.429 Y116.588 E16.18684
G1 X87.39 Y115.813 E16.24918
G1 X86.403 Y114.972 E16.31155
G1 X85.471 Y114.07 E16.37393
G1 X84.6 Y113.111 E16.43624
G1 X83.791 Y112.097 E16.49863
G1 X83.05 Y111.034 E16.56095
G1 X82.377 Y109.925 E16.62334
G1 X81.778 Y108.775 E16.6857
G1 X81.253 Y107.59 E16.74804
G1 X80.805 Y106.373 E16.81041
G1 X80.436 Y105.13 E16.87277
G1 X80.148 Y103.866 E16.93512
G1 X79.941 Y102.586 E16.99748
G1 X79.816 Y101.296 E17.05982
G1 X79.775 Y100 E17.12218
G1 X79.816 Y98.704 E17.18454
G1 X79.941 Y97.414 E17.24688
G1 X80.148 Y96.134 E17.30924
G1 X80.436 Y94.87 E17.37159
G1 X80.805 Y93.627 E17.43395
G1 X81.253 Y92.41 E17.49632
G1 X81.778 Y91.225 E17.55866
G1 X82.377 Y90.075 E17.62102
G1 X83.05 Y88.967 E17.68337
G1 X83.791 Y87.903 E17.74573
G1 X84.6 Y86.89 E17.80808
G1 X85.471 Y85.93 E17.87042
G1 X86.403 Y85.028 E17.9328
G1 X87.39 Y84.187 E17.99517
G1 X88.429 Y83.412 E18.05751
G1 X89.515 Y82.705 E18.11984
G1 X90.645 Y82.068 E18.18223
G1 X91.813 Y81.506 E18.24457
G1 X93.015 Y81.019 E18.30695
G1 X94.245 Y80.611 E18.36928
G1 X95.499 Y80.282 E18.43163
G1 X96.772 Y80.034 E18.49401
G1 X98.058 Y79.868 E18.55638
G1 X99.352 Y79.785 E18.61874
G1 X100.648 Y79.785 E18.68107
G1 X101.942 Y79.868 E18.74343
G1 X103.228 Y80.034 E18.8058
G1 X104.501 Y80.282 E18.86818
G1 X105.755 Y80.611 E18.93053
G1 X106.985 Y81.019 E18.99286
G1 X108.187 Y81.506 E19.05524
G1 X109.355 Y82.068 E19.11758
G1 X110.485 Y82.705 E19.17997
G1 X111.571 Y83.412 E19.2423
G1 X112.61 Y84.187 E19.30464
G1 X113.597 Y85.028 E19.36701
G1 X114.529 Y85.93 E19.42939
G1 X115.4 Y86.89 E19.49173
G1 X116.209 Y87.903 E19.55408
G1 X116.95 Y88.966 E19.6164
G1 X117.623 Y90.075 E19.67879
G1 X118.222 Y91.225 E19.74115
G1 X118.747 Y92.41 E19.80349
G1 X119.195 Y93.627 E19.86586
G1 X119.564 Y94.87 E19.92822
G1 X119.852 Y96.134 E19.99057
G1 X120.059 Y97.414 E20.05293
G1 X120.184 Y98.704 E20.11527
G1 X120.225 Y100 E20.17763
G1 X120.184 Y101.296 E20.23999
G1 X120.059 Y102.586 E20.30233
G1 X119.852 Y103.866 E20.36469
G1 X119.564 Y105.13 E20.42704
G1 X119.195 Y106.373 E20.4894
G1 X118.747 Y107.59 E20.55177
G1 X118.222 Y108.775 E20.61411
G1 X117.647 Y109.878 E20.67394
G1 X117.442 Y110.222 F7800
G1 E18.67394 F2400
G92 E0
G1 X124.004 Y124.004 F7800
G1 E2 F2400
;TYPE:Perimeter
G1 F3600
G1 X75.996 Y124.004 E4.30902
G1 X75.996 Y75.996 E6.61804
G1 X124.004 Y75.996 E8.92706
G1 X124.004 Y123.944 E11.23319
G1 X124.389 Y124.389 F7800
G1 F3600
G1 X75.611 Y124.389 E13.57924
G1 X75.611 Y75.611 E15.92529
G1 X124.389 Y75.611 E18.27134
G1 X124.389 Y124.329 E20.61451
G1 X124.775 Y124.775 F7800
;TYPE:External perimeter
G1 F1800
G1 X75.225 Y124.775 E22.99769
G1 X75.225 Y75.225 E25.38087
G1 X124.775 Y75.225 E27.76405
G1 X124.775 Y124.715 E30.14435
G1 X124.379 Y124.774 F7800
G1 E28.14435 F2400
G92 E0
G1 X123.715 Y121.401 F7800
G1 E2 F2400
;TYPE:Internal infill
;WIDTH:0.45
G1 F4800
G1 X123.715 Y123.715 E2.1113
G1 X115.044 Y115.044 E2.70109
G1 X116.384 Y113.575 E2.79672
G1 X123.715 Y111.611 E3.16175
G1 X123.715 Y107.354 E3.3665
G1 X120.806 Y104.445 E3.56437
G1 X121.105 Y102.759 E3.64673
G1 X121.239 Y101.401 E3.71236
G1 X121.275 Y100.288 E3.76592
G1 X123.715 Y99.634 E3.88742
G1 X123.715 Y100.891 E3.94788
G1 X117.599 Y123.715 E5.08437
G1 X115.285 Y123.715 E5.19567
G1 E3.19567 F2400
G92 E0
G1 X108.714 Y119.417 F7800
G1 E2 F2400
G1 F4800
G1 X106.553 Y120.24 E2.11122
G1 X105.622 Y123.715 E2.28425
G1 X107.354 Y123.715 E2.36755
G1 X104.448 Y120.809 E2.56521
G1 X102.164 Y121.172 E2.67644
G1 E.67644 F2400
G92 E0
G1 X83.983 Y123.715 F7800
G1 E2 F2400
G1 F4800
G1 X81.669 Y123.715 E2.1113
G1 X84.205 Y114.25 E2.58259
G1 X82.92 Y112.701 E2.67939
G1 X81.723 Y110.886 E2.78396
G1 X76.285 Y112.343 E3.05473
G1 X76.285 Y109.006 E3.21523
G1 X90.994 Y123.715 E4.21572
G1 X93.646 Y123.715 E4.34327
G1 X94.493 Y120.551 E4.50081
G1 X92.587 Y119.951 E4.59692
G1 X78.542 Y123.715 E5.29627
G1 X76.285 Y123.715 E5.40482
G1 X76.285 Y123.658 E5.40756
G1 E3.40756 F2400
G92 E0
G1 X76.285 Y78.599 F7800
G1 E2 F2400
G1 F4800
G1 X76.285 Y76.285 E2.1113
G1 X84.955 Y84.955 E2.70102
G1 X83.614 Y86.426 E2.79676
G1 X76.285 Y88.389 E3.16168
G1 X76.285 Y92.646 E3.36643
G1 X79.195 Y95.555 E3.56433
G1 X78.895 Y97.241 E3.64669
G1 X78.761 Y98.599 E3.71232
G1 X78.725 Y99.712 E3.76588
G1 X76.285 Y100.366 E3.88738
G1 X76.285 Y99.109 E3.94784
G1 X82.401 Y76.285 E5.08433
G1 X84.715 Y76.285 E5.19563
G1 E3.19563 F2400
G92 E0
G1 X91.287 Y80.585 F7800
G1 E2 F2400
G1 F4800
G1 X92.614 Y80.038 E2.06903
G1 X93.447 Y79.76 E2.11127
G1 X94.378 Y76.285 E2.2843
G1 X92.646 Y76.285 E2.3676
G1 X95.552 Y79.191 E2.56526
G1 X97.836 Y78.828 E2.67649
G1 E.67649 F2400
G92 E0
G1 X116.017 Y76.285 F7800
G1 E2 F2400
G1 F4800
G1 X118.331 Y76.285 E2.1113
G1 X115.795 Y85.75 E2.58259
G1 X117.08 Y87.299 E2.67939
G1 X118.277 Y89.114 E2.78396
G1 X123.715 Y87.657 E3.05473
G1 X123.715 Y90.994 E3.21523
G1 X109.006 Y76.285 E4.21572
G1 X106.354 Y76.285 E4.34327
G1 X105.507 Y79.449 E4.50081
G1 X107.413 Y80.049 E4.59692
G1 X121.458 Y76.285 E5.29627
G1 X123.715 Y76.285 E5.40482
G1 X123.715 Y76.342 E5.40756
G1 E3.40756 F2400
G92 E0
G92 E0
G1 X100.6 Y81.007 F7800
G1 E2 F2400
;TYPE:Perimeter
;WIDTH:0.45
G1 F3600
G1 X100.609 Y81.007 E2.00043
G1 X101.825 Y81.085 E2.05904
G1 X103.033 Y81.24 E2.11762
G1 X104.229 Y81.473 E2.17622
G1 X105.407 Y81.782 E2.23479
G1 X106.563 Y82.166 E2.29338
G1 X107.692 Y82.623 E2.35196
G1 X108.79 Y83.152 E2.41058
G1 X109.851 Y83.75 E2.46916
G1 X110.872 Y84.414 E2.52774
G1 X111.848 Y85.143 E2.58633
G1 X112.776 Y85.932 E2.64492
G1 X113.651 Y86.78 E2.70353
G1 X114.47 Y87.682 E2.76213
G1 X115.229 Y88.634 E2.82069
G1 X115.926 Y89.633 E2.87928
G1 X116.558 Y90.675 E2.93789
G1 X117.121 Y91.755 E2.99647
G1 X117.614 Y92.869 E3.05506
G1 X118.035 Y94.012 E3.11364
G1 X118.382 Y95.18 E3.17224
G1 X118.653 Y96.367 E3.2308
G1 X118.847 Y97.57 E3.28941
G1 X118.964 Y98.782 E3.34797
G1 X119.003 Y100 E3.40658
G1 X118.964 Y101.218 E3.46519
G1 X118.847 Y102.43 E3.52375
G1 X118.653 Y103.633 E3.58236
G1 X118.382 Y104.82 E3.64092
G1 X118.035 Y105.988 E3.69952
G1 X117.614 Y107.131 E3.7581
G1 X117.121 Y108.245 E3.81669
G1 X116.558 Y109.325 E3.87527
G1 X115.926 Y110.367 E3.93388
G1 X115.229 Y111.366 E3.99247
G1 X114.47 Y112.318 E4.05103
G1 X113.651 Y113.22 E4.10963
G1 X112.776 Y114.068 E4.16824
G1 X111.848 Y114.857 E4.22683
G1 X110.872 Y115.586 E4.28542
G1 X109.851 Y116.25 E4.344
G1 X108.79 Y116.848 E4.40258
G1 X107.692 Y117.377 E4.4612
G1 X106.563 Y117.834 E4.51978
G1 X105.407 Y118.218 E4.57837
G1 X104.229 Y118.527 E4.63694
G1 X103.033 Y118.76 E4.69554
G1 X101.825 Y118.915 E4.75412
G1 X100.609 Y118.993 E4.81273
G1 X99.391 Y118.993 E4.87131
G1 X98.175 Y118.915 E4.92992
G1 X96.967 Y118.76 E4.9885
G1 X95.771 Y118.527 E5.0471
G1 X94.593 Y118.218 E5.10567
G1 X93.437 Y117.834 E5.16426
G1 X92.308 Y117.377 E5.22284
G1 X91.21 Y116.848 E5.28146
G1 X90.149 Y116.25 E5.34004
G1 X89.128 Y115.586 E5.39862
G1 X88.152 Y114.857 E5.45721
G1 X87.224 Y114.068 E5.5158
G1 X86.349 Y113.22 E5.57441
G1 X85.53 Y112.318 E5.63301
G1 X84.771 Y111.366 E5.69157
G1 X84.074 Y110.367 E5.75016
G1 X83.442 Y109.325 E5.80877
G1 X82.879 Y108.245 E5.86735
G1 X82.386 Y107.131 E5.92594
G1 X81.965 Y105.988 E5.98452
G1 X81.618 Y104.82 E6.04312
G1 X81.347 Y103.633 E6.10168
G1 X81.153 Y102.43 E6.16029
G1 X81.036 Y101.218 E6.21885
G1 X80.997 Y100 E6.27746
G1 X81.036 Y98.782 E6.33607
G1 X81.153 Y97.57 E6.39463
G1 X81.347 Y96.367 E6.45324
G1 X81.618 Y95.18 E6.5118
G1 X81.965 Y94.012 E6.5704
G1 X82.386 Y92.869 E6.62898
G1 X82.879 Y91.755 E6.68757
G1 X83.442 Y90.675 E6.74615
G1 X84.074 Y89.633 E6.80476
G1 X84.771 Y88.634 E6.86335
G1 X85.53 Y87.682 E6.92191
G1 X86.349 Y86.78 E6.98051
G1 X87.224 Y85.932 E7.03912
G1 X88.152 Y85.143 E7.09771
G1 X89.128 Y84.414 E7.1563
G1 X90.149 Y83.75 E7.21488
G1 X91.21 Y83.152 E7.27346
G1 X92.308 Y82.623 E7.33208
G1 X93.437 Y82.166 E7.39066
G1 X94.593 Y81.782 E7.44925
G1 X95.771 Y81.473 E7.50782
G1 X96.967 Y81.24 E7.56642
G1 X98.175 Y81.085 E7.625
G1 X99.391 Y81.007 E7.68361
G1 X100.54 Y81.007 E7.73887
G1 X100.624 Y80.621 F7800
G1 F3600
G1 X101.862 Y80.701 E7.79854
G1 X103.094 Y80.859 E7.85828
G1 X104.314 Y81.097 E7.91806
G1 X105.517 Y81.412 E7.97787
G1 X106.696 Y81.804 E8.03763
G1 X107.848 Y82.27 E8.0974
G1 X108.968 Y82.81 E8.1572
G1 X110.051 Y83.42 E8.21698
G1 X111.093 Y84.098 E8.27677
G1 X112.089 Y84.841 E8.33653
G1 X113.035 Y85.647 E8.3963
G1 X113.928 Y86.511 E8.45606
G1 X114.764 Y87.431 E8.51585
G1 X115.539 Y88.403 E8.57564
G1 X116.25 Y89.423 E8.63544
G1 X116.894 Y90.485 E8.69518
G1 X117.469 Y91.587 E8.75496
G1 X117.972 Y92.724 E8.81476
G1 X118.401 Y93.89 E8.87452
G1 X118.755 Y95.082 E8.93433
G1 X119.032 Y96.294 E8.99413
G1 X119.23 Y97.521 E9.05391
G1 X119.349 Y98.758 E9.11368
G1 X119.389 Y100 E9.17345
G1 X119.349 Y101.242 E9.23322
G1 X119.23 Y102.479 E9.29299
G1 X119.032 Y103.706 E9.35277
G1 X118.755 Y104.918 E9.41257
G1 X118.401 Y106.11 E9.47238
G1 X117.972 Y107.276 E9.53214
G1 X117.469 Y108.413 E9.59194
G1 X116.894 Y109.515 E9.65172
G1 X116.25 Y110.577 E9.71146
G1 X115.539 Y111.597 E9.77126
G1 X114.764 Y112.569 E9.83105
G1 X113.928 Y113.489 E9.89084
G1 X113.035 Y114.353 E9.9506
G1 X112.089 Y115.159 E10.01037
G1 X111.093 Y115.902 E10.07013
G1 X110.051 Y116.58 E10.12992
G1 X108.968 Y117.19 E10.1897
G1 X107.848 Y117.73 E10.2495
G1 X106.696 Y118.196 E10.30927
G1 X105.517 Y118.588 E10.36903
G1 X104.314 Y118.903 E10.42884
G1 X103.094 Y119.141 E10.48862
G1 X101.862 Y119.299 E10.54836
G1 X100.621 Y119.379 E10.60817
G1 X99.379 Y119.379 E10.66791
G1 X98.138 Y119.299 E10.72772
G1 X96.906 Y119.141 E10.78746
G1 X95.686 Y118.903 E10.84724
G1 X94.483 Y118.588 E10.90705
G1 X93.304 Y118.196 E10.96681
G1 X92.152 Y117.73 E11.02658
G1 X91.032 Y117.19 E11.08638
G1 X89.949 Y116.58 E11.14616
G1 X88.907 Y115.902 E11.20595
G1 X87.911 Y115.159 E11.26571
G1 X86.965 Y114.353 E11.32548
G1 X86.072 Y113.489 E11.38524
G1 X85.236 Y112.569 E11.44503
G1 X84.461 Y111.597 E11.50482
G1 X83.75 Y110.577 E11.56462
G1 X83.106 Y109.515 E11.62436
G1 X82.531 Y108.413 E11.68414
G1 X82.028 Y107.276 E11.74394
G1 X81.599 Y106.11 E11.8037
G1 X81.245 Y104.918 E11.86351
G1 X80.968 Y103.706 E11.92331
G1 X80.77 Y102.479 E11.98309
G1 X80.651 Y101.242 E12.04286
G1 X80.611 Y100 E12.10263
G1 X80.651 Y98.758 E12.1624
G1 X80.77 Y97.521 E12.22217
G1 X80.968 Y96.294 E12.28195
G1 X81.245 Y95.082 E12.34175
G1 X81.599 Y93.89 E12.40156
G1 X82.028 Y92.724 E12.46132
G1 X82.531 Y91.587 E12.52112
G1 X83.106 Y90.485 E12.5809
G1 X83.75 Y89.423 E12.64064
G1 X84.461 Y88.403 E12.70044
G1 X85.236 Y87.431 E12.76023
G1 X86.072 Y86.511 E12.82002
G1 X86.965 Y85.647 E12.87978
G1 X87.911 Y84.841 E12.93955
G1 X88.907 Y84.098 E12.99931
G1 X89.949 Y83.42 E13.0591
G1 X91.032 Y82.81 E13.11888
G1 X92.152 Y82.27 E13.17868
G1 X93.304 Y81.804 E13.23845
G1 X94.483 Y81.412 E13.29821
G1 X95.686 Y81.097 E13.35802
G1 X96.906 Y80.859 E13.4178
G1 X98.138 Y80.701 E13.47754
G1 X99.379 Y80.621 E13.53735
G1 X100.564 Y80.621 E13.59434
G1 X100.649 Y80.236 F7800
;TYPE:External perimeter
G1 F1800
G1 X101.899 Y80.316 E13.65458
G1 X103.156 Y80.479 E13.71554
G1 X104.4 Y80.721 E13.77649
G1 X105.626 Y81.042 E13.83744
G1 X106.83 Y81.442 E13.89846
G1 X108.005 Y81.918 E13.95943
G1 X109.147 Y82.468 E14.02039
G1 X110.251 Y83.09 E14.08134
G1 X111.314 Y83.781 E14.14232
G1 X112.329 Y84.539 E14.20325
G1 X113.295 Y85.361 E14.26426
G1 X114.205 Y86.243 E14.32521
G1 X115.058 Y87.181 E14.38619
G1 X115.848 Y88.172 E14.44715
G1 X116.573 Y89.212 E14.50813
G1 X117.23 Y90.296 E14.5691
G1 X117.817 Y91.42 E14.63009
G1 X118.33 Y92.579 E14.69105
G1 X118.767 Y93.769 E14.75202
G1 X119.128 Y94.984 E14.81298
G1 X119.41 Y96.22 E14.87395
G1 X119.613 Y97.471 E14.93491
G1 X119.734 Y98.733 E14.99589
G1 X119.775 Y100 E15.05686
G1 X119.734 Y101.267 E15.11783
G1 X119.613 Y102.529 E15.17881
G1 X119.41 Y103.78 E15.23977
G1 X119.128 Y105.016 E15.30074
G1 X118.767 Y106.231 E15.3617
G1 X118.33 Y107.421 E15.42267
G1 X117.817 Y108.58 E15.48363
G1 X117.23 Y109.704 E15.54462
G1 X116.573 Y110.788 E15.60559
G1 X115.848 Y111.828 E15.66657
G1 X115.058 Y112.819 E15.72753
G1 X114.205 Y113.757 E15.78851
G1 X113.295 Y114.639 E15.84946
G1 X112.329 Y115.461 E15.91047
G1 X111.314 Y116.219 E15.9714
G1 X110.251 Y116.91 E16.03238
G1 X109.147 Y117.532 E16.09333
G1 X108.005 Y118.082 E16.15429
G1 X106.83 Y118.558 E16.21526
G1 X105.626 Y118.958 E16.27628
G1 X104.4 Y119.279 E16.33723
G1 X103.156 Y119.521 E16.39818
G1 X101.899 Y119.684 E16.45914
G1 X100.634 Y119.765 E16.52011
G1 X99.366 Y119.765 E16.5811
G1 X98.101 Y119.684 E16.64207
G1 X96.844 Y119.521 E16.70303
G1 X95.6 Y119.279 E16.76398
G1 X94.374 Y118.958 E16.82493
G1 X93.17 Y118.558 E16.88595
G1 X91.995 Y118.082 E16.94692
G1 X90.853 Y117.532 E17.00788
G1 X89.749 Y116.91 E17.06883
G1 X88.686 Y116.219 E17.12981
G1 X87.671 Y115.461 E17.19074
G1 X86.705 Y114.639 E17.25175
G1 X85.795 Y113.757 E17.3127
G1 X84.942 Y112.819 E17.37368
G1 X84.152 Y111.828 E17.43464
G1 X83.427 Y110.788 E17.49562
G1 X82.77 Y109.704 E17.55659
G1 X82.183 Y108.58 E17.61758
G1 X81.67 Y107.421 E17.67854
G1 X81.233 Y106.231 E17.73951
G1 X80.872 Y105.016 E17.80047
G1 X80.59 Y103.78 E17.86144
G1 X80.387 Y102.529 E17.9224
G1 X80.266 Y101.267 E17.98338
G1 X80.225 Y100 E18.04435
G1 X80.266 Y98.733 E18.10532
G1 X80.387 Y97.471 E18.1663
G1 X80.59 Y96.22 E18.22726
G1 X80.872 Y94.984 E18.28823
G1 X81.233 Y93.769 E18.34919
G1 X81.67 Y92.579 E18.41016
G1 X82.183 Y91.42 E18.47112
G1 X82.77 Y90.296 E18.53211
G1 X83.427 Y89.212 E18.59308
G1 X84.152 Y88.172 E18.65406
G1 X84.942 Y87.181 E18.71502
G1 X85.795 Y86.243 E18.776
G1 X86.705 Y85.361 E18.83695
G1 X87.671 Y84.539 E18.89796
G1 X88.686 Y83.781 E18.95889
G1 X89.749 Y83.09 E19.01987
G1 X90.853 Y82.468 E19.08082
G1 X91.995 Y81.918 E19.14178
G1 X93.17 Y81.442 E19.20275
G1 X94.374 Y81.042 E19.26377
G1 X95.6 Y80.721 E19.32472
G1 X96.844 Y80.479 E19.38567
G1 X98.101 Y80.316 E19.44663
G1 X99.366 Y80.235 E19.5076
G1 X100.589 Y80.235 E19.56642
G1 X100.988 Y80.258 F7800
G1 E17.56642 F2400
G92 E0
G1 X95.512 Y81.84 F7800
G1 E2 F2400
;TYPE:Internal infill
;WIDTH:0.45
G1 F4800
G1 X97.013 Y81.526 E2.07376
G1 X97.787 Y81.426 E2.1113
G1 X118.577 Y102.217 E3.52545
G1 X118.682 Y100.982 E3.58506
G1 X84.307 Y110.193 E5.29671
G1 X85.019 Y111.213 E5.35654
G1 X92.631 Y82.804 E6.77111
G1 X91.344 Y83.408 E6.83949
G1 X90.567 Y83.846 E6.88239
G1 E4.88239 F2400
G92 E0
G1 X87.007 Y86.545 F7800
G1 E2 F2400
G1 F4800
G1 X88.766 Y85.045 E2.11119
G1 X102.253 Y81.431 E2.78275
G1 X102.987 Y81.526 E2.81835
G1 X104.841 Y81.933 E2.90964
G1 X95.159 Y118.067 E4.70887
G1 X97.013 Y118.474 E4.80016
G1 X97.747 Y118.569 E4.83576
G1 X111.234 Y114.955 E5.50732
G1 X112.581 Y113.853 E5.59102
G1 X113.228 Y113.228 E5.63429
G1 X86.772 Y86.772 E7.4338
G1 X85.75 Y87.869 E7.50591
G1 X85.243 Y88.506 E7.54507
G1 E5.54507 F2400
G92 E0
G1 X104.488 Y118.16 F7800
G1 E2 F2400
G1 F4800
G1 X102.987 Y118.474 E2.07376
G1 X102.213 Y118.574 E2.1113
G1 X81.423 Y97.783 E3.52545
G1 X81.318 Y99.018 E3.58506
G1 X115.693 Y89.807 E5.29671
G1 X114.981 Y88.787 E5.35654
G1 X107.369 Y117.196 E6.77111
G1 X108.656 Y116.592 E6.83949
G1 X109.433 Y116.154 E6.88239
;LAYER_CHANGE
;Z:7.25
;HEIGHT:0.3
G1 E4.88239 F2400
G92 E0
G1 Z7.25 F7800
G92 E0
G1 X118.278 Y110.331
G1 E2 F2400
;TYPE:Perimeter
;WIDTH:0.45
G1 F3600
G1 X117.597 Y111.454 E2.06317
G1 X116.827 Y112.558 E2.12791
G1 X115.988 Y113.611 E2.19267
G1 X115.083 Y114.607 E2.2574
G1 X114.116 Y115.543 E2.32213
G1 X113.091 Y116.416 E2.38689
G1 X112.013 Y117.221 E2.4516
G1 X110.885 Y117.955 E2.51633
G1 X109.712 Y118.616 E2.58109
G1 X108.499 Y119.2 E2.64584
G1 X107.252 Y119.705 E2.71055
G1 X105.974 Y120.129 E2.77531
G1 X104.672 Y120.47 E2.84004
G1 X103.351 Y120.728 E2.90478
G1 X102.016 Y120.9 E2.96952
G1 X100.673 Y120.986 E3.03425
G1 X99.327 Y120.986 E3.09899
G1 X97.984 Y120.9 E3.16372
G1 X96.649 Y120.728 E3.22846
G1 X95.328 Y120.47 E3.2932
G1 X94.026 Y120.129 E3.35793
G1 X92.748 Y119.705 E3.42269
G1 X91.501 Y119.2 E3.4874
G1 X90.288 Y118.616 E3.55215
G1 X89.115 Y117.955 E3.61691
G1 X87.987 Y117.221 E3.68164
G1 X86.909 Y116.416 E3.74635
G1 X85.884 Y115.543 E3.81111
G1 X84.917 Y114.607 E3.87584
G1 X84.012 Y113.611 E3.94057
G1 X83.173 Y112.558 E4.00533
G1 X82.403 Y111.454 E4.07007
G1 X81.705 Y110.303 E4.13481
G1 X81.083 Y109.11 E4.19952
G1 X80.538 Y107.879 E4.26427
G1 X80.073 Y106.616 E4.329
G1 X79.69 Y105.326 E4.39372
G1 X79.39 Y104.014 E4.45845
G1 X79.176 Y102.685 E4.52319
G1 X79.046 Y101.345 E4.58794
G1 X79.003 Y100 E4.65266
G1 X79.046 Y98.655 E4.71738
G1 X79.176 Y97.315 E4.78213
G1 X79.39 Y95.986 E4.84687
G1 X79.69 Y94.674 E4.9116
G1 X80.073 Y93.384 E4.97632
G1 X80.538 Y92.121 E5.04105
G1 X81.083 Y90.89 E5.1058
G1 X81.705 Y89.697 E5.17051
G1 X82.403 Y88.546 E5.23525
G1 X83.173 Y87.442 E5.29999
G1 X84.012 Y86.389 E5.36475
G1 X84.917 Y85.393 E5.42948
G1 X85.884 Y84.457 E5.49421
G1 X86.909 Y83.584 E5.55897
G1 X87.987 Y82.779 E5.62368
G1 X89.115 Y82.045 E5.68841
G1 X90.288 Y81.384 E5.75317
G1 X91.501 Y80.8 E5.81792
G1 X92.748 Y80.295 E5.88263
G1 X94.026 Y79.871 E5.94739
G1 X95.328 Y79.53 E6.01212
G1 X96.649 Y79.272 E6.07686
G1 X97.984 Y79.1 E6.1416
G1 X99.327 Y79.014 E6.20633
G1 X100.673 Y79.014 E6.27107
G1 X102.016 Y79.1 E6.3358
G1 X103.351 Y79.272 E6.40054
G1 X104.672 Y79.53 E6.46528
G1 X105.974 Y79.871 E6.53001
G1 X107.252 Y80.295 E6.59477
G1 X108.499 Y80.8 E6.65948
G1 X109.712 Y81.384 E6.72423
G1 X110.885 Y82.045 E6.78899
G1 X112.013 Y82.779 E6.85372
G1 X113.091 Y83.584 E6.91843
G1 X114.116 Y84.457 E6.98319
G1 X115.083 Y85.393 E7.04792
G1 X115.988 Y86.389 E7.11265
G1 X116.827 Y87.442 E7.17741
G1 X117.597 Y88.546 E7.24215
G1 X118.295 Y89.697 E7.30689
G1 X118.917 Y90.89 E7.3716
G1 X119.462 Y92.121 E7.43635
G1 X119.927 Y93.384 E7.50108
G1 X120.31 Y94.674 E7.5658
G1 X120.61 Y95.986 E7.63053
G1 X120.824 Y97.315 E7.69527
G1 X120.954 Y98.655 E7.76002
G1 X120.997 Y100 E7.82474
G1 X120.954 Y101.345 E7.88946
G1 X120.824 Y102.685 E7.95421
G1 X120.61 Y104.014 E8.01895
G1 X120.31 Y105.326 E8.08368
G1 X119.927 Y106.616 E8.1484
G1 X119.462 Y107.879 E8.21313
G1 X118.917 Y109.11 E8.27788
G1 X118.308 Y110.279 E8.34128
G1 X117.949 Y110.131 F7800
G1 F3600
G1 X117.274 Y111.244 E8.40389
G1 X116.518 Y112.328 E8.46745
G1 X115.694 Y113.361 E8.531
G1 X114.806 Y114.339 E8.59454
G1 X113.857 Y115.258 E8.65808
G1 X112.851 Y116.114 E8.72161
G1 X111.792 Y116.905 E8.78518
G1 X110.685 Y117.625 E8.84869
G1 X109.533 Y118.274 E8.91228
G1 X108.343 Y118.847 E8.9758
G1 X107.118 Y119.343 E9.03936
G1 X105.864 Y119.759 E9.10291
G1 X104.586 Y120.094 E9.16645
G1 X103.29 Y120.347 E9.22996
G1 X101.979 Y120.516 E9.29354
G1 X100.661 Y120.6 E9.35706
G1 X99.339 Y120.6 E9.42064
G1 X98.021 Y120.516 E9.48416
G1 X96.711 Y120.347 E9.54769
G1 X95.414 Y120.094 E9.61125
G1 X94.136 Y119.759 E9.67479
G1 X92.882 Y119.343 E9.73834
G1 X91.657 Y118.847 E9.8019
G1 X90.467 Y118.274 E9.86542
G1 X89.315 Y117.625 E9.92901
G1 X88.208 Y116.905 E9.99252
G1 X87.149 Y116.114 E10.05609
G1 X86.143 Y115.258 E10.11962
G1 X85.194 Y114.339 E10.18316
G1 X84.306 Y113.361 E10.2467
G1 X83.482 Y112.328 E10.31025
G1 X82.726 Y111.244 E10.37381
G1 X82.041 Y110.114 E10.43737
G1 X81.43 Y108.943 E10.5009
G1 X80.895 Y107.735 E10.56444
G1 X80.439 Y106.495 E10.62798
G1 X80.063 Y105.228 E10.69155
G1 X79.769 Y103.94 E10.75509
G1 X79.558 Y102.636 E10.81862
G1 X79.431 Y101.321 E10.88216
G1 X79.389 Y100 E10.94573
G1 X79.431 Y98.679 E11.0093
G1 X79.558 Y97.364 E11.07284
G1 X79.769 Y96.06 E11.13637
G1 X80.063 Y94.772 E11.19991
G1 X80.439 Y93.505 E11.26348
G1 X80.895 Y92.265 E11.32702
G1 X81.43 Y91.057 E11.39056
G1 X82.041 Y89.886 E11.45409
G1 X82.726 Y88.756 E11.51765
G1 X83.482 Y87.672 E11.58121
G1 X84.306 Y86.639 E11.64476
G1 X85.194 Y85.661 E11.7083
G1 X86.143 Y84.742 E11.77184
G1 X87.149 Y83.886 E11.83537
G1 X88.208 Y83.095 E11.89894
G1 X89.315 Y82.375 E11.96245
G1 X90.467 Y81.726 E12.02604
G1 X91.657 Y81.153 E12.08956
G1 X92.882 Y80.657 E12.15312
G1 X94.136 Y80.241 E12.21667
G1 X95.414 Y79.906 E12.28021
G1 X96.71 Y79.653 E12.34372
G1 X98.021 Y79.484 E12.4073
G1 X99.339 Y79.4 E12.47082
G1 X100.661 Y79.4 E12.5344
G1 X101.979 Y79.484 E12.59792
G1 X103.29 Y79.653 E12.6615
G1 X104.586 Y79.906 E12.72501
G1 X105.864 Y80.241 E12.78855
G1 X107.118 Y80.657 E12.8521
G1 X108.343 Y81.153 E12.91566
G1 X109.533 Y81.726 E12.97918
G1 X110.685 Y82.375 E13.04277
G1 X111.792 Y83.095 E13.10628
G1 X112.851 Y83.886 E13.16985
G1 X113.857 Y84.742 E13.23338
G1 X114.806 Y85.661 E13.29692
G1 X115.694 Y86.639 E13.36046
G1 X116.518 Y87.672 E13.42401
G1 X117.274 Y88.756 E13.48757
G1 X117.959 Y89.886 E13.55113
G1 X118.57 Y91.057 E13.61466
G1 X119.105 Y92.265 E13.6782
G1 X119.561 Y93.505 E13.74174
G1 X119.937 Y94.772 E13.80531
G1 X120.231 Y96.06 E13.86885
G1 X120.442 Y97.364 E13.93238
G1 X120.569 Y98.679 E13.99592
G1 X120.611 Y100 E14.05949
G1 X120.569 Y101.321 E14.12306
G1 X120.442 Y102.636 E14.1866
G1 X120.231 Y103.94 E14.25013
G1 X119.937 Y105.228 E14.31367
G1 X119.561 Y106.495 E14.37724
G1 X119.105 Y107.735 E14.44078
G1 X118.57 Y108.943 E14.50432
G1 X117.977 Y110.078 E14.56591
G1 X117.619 Y109.931 F7800
;TYPE:External perimeter
G1 F1800
G1 X116.95 Y111.033 E14.62791
G1 X116.209 Y112.097 E14.69027
G1 X115.4 Y113.11 E14.75262
G1 X114.529 Y114.07 E14.81496
G1 X113.597 Y114.972 E14.87734
G1 X112.61 Y115.813 E14.93971
G1 X111.571 Y116.588 E15.00205
G1 X110.485 Y117.295 E15.06438
G1 X109.355 Y117.932 E15.12677
G1 X108.187 Y118.494 E15.18911
G1 X106.985 Y118.981 E15.25149
G1 X105.755 Y119.389 E15.31382
G1 X104.501 Y119.718 E15.37617
G1 X103.228 Y119.966 E15.43855
G1 X101.942 Y120.132 E15.50092
G1 X100.648 Y120.215 E15.56328
G1 X99.352 Y120.215 E15.62561
G1 X98.058 Y120.132 E15.68797
G1 X96.772 Y119.966 E15.75034
G1 X95.499 Y119.718 E15.81272
G1 X94.245 Y119.389 E15.87507
G1 X93.015 Y118.981 E15.9374
G1 X91.813 Y118.494 E15.99978
G1 X90.645 Y117.932 E16.06212
G1 X89.515 Y117.295 E16.12451
G1 X88.429 Y116.588 E16.18684
G1 X87.39 Y115.813 E16.24918
G1 X86.403 Y114.972 E16.31155
G1 X85.471 Y114.07 E16.37393
G1 X84.6 Y113.111 E16.43624
G1 X83.791 Y112.097 E16.49863
G1 X83.05 Y111.034 E16.56095
G1 X82.377 Y109.925 E16.62334
G1 X81.778 Y108.775 E16.6857
G1 X81.253 Y107.59 E16.74804
G1 X80.805 Y106.373 E16.81041
G1 X80.436 Y105.13 E16.87277
G1 X80.148 Y103.866 E16.93512
G1 X79.941 Y102.586 E16.99748
G1 X79.816 Y101.296 E17.05982
G1 X79.775 Y100 E17.12218
G1 X79.816 Y98.704 E17.18454
G1 X79.941 Y97.414 E17.24688
G1 X80.148 Y96.134 E17.30924
G1 X80.436 Y94.87 E17.37159
G1 X80.805 Y93.627 E17.43395
G1 X81.253 Y92.41 E17.49632
G1 X81.778 Y91.225 E17.55866
G1 X82.377 Y90.075 E17.62102
G1 X83.05 Y88.967 E17.68337
G1 X83.791 Y87.903 E17.74573
G1 X84.6 Y86.89 E17.80808
G1 X85.471 Y85.93 E17.87042
G1 X86.403 Y85.028 E17.9328
G1 X87.39 Y84.187 E17.99517
G1 X88.429 Y83.412 E18.05751
G1 X89.515 Y82.705 E18.11984
G1 X90.645 Y82.068 E18.18223
G1 X91.813 Y81.506 E18.24457
G1 X93.015 Y81.019 E18.30695
G1 X94.245 Y80.611 E18.36928
G1 X95.499 Y80.282 E18.43163
G1 X96.772 Y80.034 E18.49401
G1 X98.058 Y79.868 E18.55638
G1 X99.352 Y79.785 E18.61874
G1 X100.648 Y79.785 E18.68107
G1 X101.942 Y79.868 E18.74343
G1 X103.228 Y80.034 E18.8058
G1 X104.501 Y80.282 E18.86818
G1 X105.755 Y80.611 E18.93053
G1 X106.985 Y81.019 E18.99286
G1 X108.187 Y81.506 E19.05524
G1 X109.355 Y82.068 E19.11758
G1 X110.485 Y82.705 E19.17997
G1 X111.571 Y83.412 E19.2423
G1 X112.61 Y84.187 E19.30464
G1 X113.597 Y85.028 E19.36701
G1 X114.529 Y85.93 E19.42939
G1 X115.4 Y86.89 E19.49173
G1 X116.209 Y87.903 E19.55408
G1 X116.95 Y88.966 E19.6164
G1 X117.623 Y90.075 E19.67879
G1 X118.222 Y91.225 E19.74115
G1 X118.747 Y92.41 E19.80349
G1 X119.195 Y93.627 E19.86586
G1 X119.564 Y94.87 E19.92822
G1 X119.852 Y96.134 E19.99057
G1 X120.059 Y97.414 E20.05293
G1 X120.184 Y98.704 E20.11527
G1 X120.225 Y100 E20.17763
G1 X120.184 Y101.296 E20.23999
G1 X120.059 Y102.586 E20.30233
G1 X119.852 Y103.866 E20.36469
G1 X119.564 Y105.13 E20.42704
G1 X119.195 Y106.373 E20.4894
G1 X118.747 Y107.59 E20.55177
G1 X118.222 Y108.775 E20.61411
G1 X117.647 Y109.878 E20.67394
G1 X117.442 Y110.222 F7800
G1 E18.67394 F2400
G92 E0
G1 X124.004 Y124.004 F7800
G1 E2 F2400
;TYPE:Perimeter
G1 F3600
G1 X75.996 Y124.004 E4.30902
G1 X75.996 Y75.996 E6.61804
G1 X124.004 Y75.996 E8.92706
G1 X124.004 Y123.944 E11.23319
G1 X124.389 Y124.389 F7800
G1 F3600
G1 X75.611 Y124.389 E13.57924
G1 X75.611 Y75.611 E15.92529
G1 X124.389 Y75.611 E18.27134
G1 X124.389 Y124.329 E20.61451
G1 X124.775 Y124.775 F7800
;TYPE:External perimeter
G1 F1800
G1 X75.225 Y124.775 E22.99769
G1 X75.225 Y75.225 E25.38087
G1 X124.775 Y75.225 E27.76405
G1 X124.775 Y124.715 E30.14435
G1 X124.379 Y124.774 F7800
G1 E28.14435 F2400
G92 E0
G1 X123.715 Y121.401 F7800
G1 E2 F2400
;TYPE:Internal infill
;WIDTH:0.45
G1 F4800
G1 X123.715 Y123.715 E2.1113
G1 X115.044 Y115.044 E2.70109
G1 X116.384 Y113.575 E2.79672
G1 X123.715 Y111.611 E3.16175
G1 X123.715 Y107.354 E3.3665
G1 X120.806 Y104.445 E3.56437
G1 X121.105 Y102.759 E3.64673
G1 X121.239 Y101.401 E3.71236
G1 X121.275 Y100.288 E3.76592
G1 X123.715 Y99.634 E3.88742
G1 X123.715 Y100.891 E3.94788
G1 X117.599 Y123.715 E5.08437
G1 X115.285 Y123.715 E5.19567
G1 E3.19567 F2400
G92 E0
G1 X108.714 Y119.417 F7800
G1 E2 F2400
G1 F4800
G1 X106.553 Y120.24 E2.11122
G1 X105.622 Y123.715 E2.28425
G1 X107.354 Y123.715 E2.36755
G1 X104.448 Y120.809 E2.56521
G1 X102.164 Y121.172 E2.67644
G1 E.67644 F2400
G92 E0
G1 X83.983 Y123.715 F7800
G1 E2 F2400
G1 F4800
G1 X81.669 Y123.715 E2.1113
G1 X84.205 Y114.25 E2.58259
G1 X82.92 Y112.701 E2.67939
G1 X81.723 Y110.886 E2.78396
G1 X76.285 Y112.343 E3.05473
G1 X76.285 Y109.006 E3.21523
G1 X90.994 Y123.715 E4.21572
G1 X93.646 Y123.715 E4.34327
G1 X94.493 Y120.551 E4.50081
G1 X92.587 Y119.951 E4.59692
G1 X78.542 Y123.715 E5.29627
G1 X76.285 Y123.715 E5.40482
G1 X76.285 Y123.658 E5.40756
G1 E3.40756 F2400
G92 E0
G1 X76.285 Y78.599 F7800
G1 E2 F2400
G1 F4800
G1 X76.285 Y76.285 E2.1113
G1 X84.955 Y84.955 E2.70102
G1 X83.614 Y86.426 E2.79676
G1 X76.285 Y88.389 E3.16168
G1 X76.285 Y92.646 E3.36643
G1 X79.195 Y95.555 E3.56433
G1 X78.885 Y97.315 E3.65028
G1 X78.761 Y98.599 E3.71232
G1 X78.725 Y99.712 E3.76588
G1 X76.285 Y100.366 E3.88738
G1 X76.285 Y99.109 E3.94784
G1 X82.401 Y76.285 E5.08433
G1 X84.715 Y76.285 E5.19563
G1 E3.19563 F2400
G92 E0
G1 X91.287 Y80.585 F7800
G1 E2 F2400
G1 F4800
G1 X92.614 Y80.038 E2.06903
G1 X93.447 Y79.76 E2.11127
G1 X94.378 Y76.285 E2.2843
G1 X92.646 Y76.285 E2.3676
G1 X95.552 Y79.191 E2.56526
G1 X97.836 Y78.828 E2.67649
G1 E.67649 F2400
G92 E0
G1 X116.017 Y76.285 F7800
G1 E2 F2400
G1 F4800
G1 X118.331 Y76.285 E2.1113
G1 X115.795 Y85.75 E2.58259
G1 X117.08 Y87.299 E2.67939
G1 X118.277 Y89.114 E2.78396
G1 X123.715 Y87.657 E3.05473
G1 X123.715 Y90.994 E3.21523
G1 X109.006 Y76.285 E4.21572
G1 X106.354 Y76.285 E4.34327
G1 X105.507 Y79.449 E4.50081
G1 X107.413 Y80.049 E4.59692
G1 X121.458 Y76.285 E5.29627
G1 X123.715 Y76.285 E5.40482
G1 X123.715 Y76.342 E5.40756
G1 E3.40756 F2400
G92 E0
G92 E0
G1 X100.6 Y81.007 F7800
G1 E2 F2400
;TYPE:Perimeter
;WIDTH:0.45
G1 F3600
G1 X100.609 Y81.007 E2.00043
G1 X101.825 Y81.085 E2.05904
G1 X103.033 Y81.24 E2.11762
G1 X104.229 Y81.473 E2.17622
G1 X105.407 Y81.782 E2.23479
G1 X106.563 Y82.166 E2.29338
G1 X107.692 Y82.623 E2.35196
G1 X108.79 Y83.152 E2.41058
G1 X109.851 Y83.75 E2.46916
G1 X110.872 Y84.414 E2.52774
G1 X111.848 Y85.143 E2.58633
G1 X112.776 Y85.932 E2.64492
G1 X113.651 Y86.78 E2.70353
G1 X114.47 Y87.682 E2.76213
G1 X115.229 Y88.634 E2.82069
G1 X115.926 Y89.633 E2.87928
G1 X116.558 Y90.675 E2.93789
G1 X117.121 Y91.755 E2.99647
G1 X117.614 Y92.869 E3.05506
G1 X118.035 Y94.012 E3.11364
G1 X118.382 Y95.18 E3.17224
G1 X118.653 Y96.367 E3.2308
G1 X118.847 Y97.57 E3.28941
G1 X118.964 Y98.782 E3.34797
G1 X119.003 Y100 E3.40658
G1 X118.964 Y101.218 E3.46519
G1 X118.847 Y102.43 E3.52375
G1 X118.653 Y103.633 E3.58236
G1 X118.382 Y104.82 E3.64092
G1 X118.035 Y105.988 E3.69952
G1 X117.614 Y107.131 E3.7581
G1 X117.121 Y108.245 E3.81669
G1 X116.558 Y109.325 E3.87527
G1 X115.926 Y110.367 E3.93388
G1 X115.229 Y111.366 E3.99247
G1 X114.47 Y112.318 E4.05103
G1 X113.651 Y113.22 E4.10963
G1 X112.776 Y114.068 E4.16824
G1 X111.848 Y114.857 E4.22683
G1 X110.872 Y115.586 E4.28542
G1 X109.851 Y116.25 E4.344
G1 X108.79 Y116.848 E4.40258
G1 X107.692 Y117.377 E4.4612
G1 X106.563 Y117.834 E4.51978
G1 X105.407 Y118.218 E4.57837
G1 X104.229 Y118.527 E4.63694
G1 X103.033 Y118.76 E4.69554
G1 X101.825 Y118.915 E4.75412
G1 X100.609 Y118.993 E4.81273
G1 X99.391 Y118.993 E4.87131
G1 X98.175 Y118.915 E4.92992
G1 X96.967 Y118.76 E4.9885
G1 X95.771 Y118.527 E5.0471
G1 X94.593 Y118.218 E5.10567
G1 X93.437 Y117.834 E5.16426
G1 X92.308 Y117.377 E5.22284
G1 X91.21 Y116.848 E5.28146
G1 X90.149 Y116.25 E5.34004
G1 X89.128 Y115.586 E5.39862
G1 X88.152 Y114.857 E5.45721
G1 X87.224 Y114.068 E5.5158
G1 X86.349 Y113.22 E5.57441
G1 X85.53 Y112.318 E5.63301
G1 X84.771 Y111.366 E5.69157
G1 X84.074 Y110.367 E5.75016
G1 X83.442 Y109.325 E5.80877
G1 X82.879 Y108.245 E5.86735
G1 X82.386 Y107.131 E5.92594
G1 X81.965 Y105.988 E5.98452
G1 X81.618 Y104.82 E6.04312
G1 X81.347 Y103.633 E6.10168
G1 X81.153 Y102.43 E6.16029
G1 X81.036 Y101.218 E6.21885
G1 X80.997 Y100 E6.27746
G1 X81.036 Y98.782 E6.33607
G1 X81.153 Y97.57 E6.39463
G1 X81.347 Y96.367 E6.45324
G1 X81.618 Y95.18 E6.5118
G1 X81.965 Y94.012 E6.5704
G1 X82.386 Y92.869 E6.62898
G1 X82.879 Y91.755 E6.68757
G1 X83.442 Y90.675 E6.74615
G1 X84.074 Y89.633 E6.80476
G1 X84.771 Y88.634 E6.86335
G1 X85.53 Y87.682 E6.92191
G1 X86.349 Y86.78 E6.98051
G1 X87.224 Y85.932 E7.03912
G1 X88.152 Y85.143 E7.09771
G1 X89.128 Y84.414 E7.1563
G1 X90.149 Y83.75 E7.21488
G1 X91.21 Y83.152 E7.27346
G1 X92.308 Y82.623 E7.33208
G1 X93.437 Y82.166 E7.39066
G1 X94.593 Y81.782 E7.44925
G1 X95.771 Y81.473 E7.50782
G1 X96.967 Y81.24 E7.56642
G1 X98.175 Y81.085 E7.625
G1 X99.391 Y81.007 E7.68361
G1 X100.54 Y81.007 E7.73887
G1 X100.624 Y80.621 F7800
G1 F3600
G1 X101.862 Y80.701 E7.79854
G1 X103.094 Y80.859 E7.85828
G1 X104.314 Y81.097 E7.91806
G1 X105.517 Y81.412 E7.97787
G1 X106.696 Y81.804 E8.03763
G1 X107.848 Y82.27 E8.0974
G1 X108.968 Y82.81 E8.1572
G1 X110.051 Y83.42 E8.21698
G1 X111.093 Y84.098 E8.27677
G1 X112.089 Y84.841 E8.33653
G1 X113.035 Y85.647 E8.3963
G1 X113.928 Y86.511 E8.45606
G1 X114.764 Y87.431 E8.51585
G1 X115.539 Y88.403 E8.57564
G1 X116.25 Y89.423 E8.63544
G1 X116.894 Y90.485 E8.69518
G1 X117.469 Y91.587 E8.75496
G1 X117.972 Y92.724 E8.81476
G1 X118.401 Y93.89 E8.87452
G1 X118.755 Y95.082 E8.93433
G1 X119.032 Y96.294 E8.99413
G1 X119.23 Y97.521 E9.05391
G1 X119.349 Y98.758 E9.11368
G1 X119.389 Y100 E9.17345
G1 X119.349 Y101.242 E9.23322
G1 X119.23 Y102.479 E9.29299
G1 X119.032 Y103.706 E9.35277
G1 X118.755 Y104.918 E9.41257
G1 X118.401 Y106.11 E9.47238
G1 X117.972 Y107.276 E9.53214
G1 X117.469 Y108.413 E9.59194
G1 X116.894 Y109.515 E9.65172
G1 X116.25 Y110.577 E9.71146
G1 X115.539 Y111.597 E9.77126
G1 X114.764 Y112.569 E9.83105
G1 X113.928 Y113.489 E9.89084
G1 X113.035 Y114.353 E9.9506
G1 X112.089 Y115.159 E10.01037
G1 X111.093 Y115.902 E10.07013
G1 X110.051 Y116.58 E10.12992
G1 X108.968 Y117.19 E10.1897
G1 X107.848 Y117.73 E10.2495
G1 X106.696 Y118.196 E10.30927
G1 X105.517 Y118.588 E10.36903
G1 X104.314 Y118.903 E10.42884
G1 X103.094 Y119.141 E10.48862
G1 X101.862 Y119.299 E10.54836
G1 X100.621 Y119.379 E10.60817
G1 X99.379 Y119.379 E10.66791
G1 X98.138 Y119.299 E10.72772
G1 X96.906 Y119.141 E10.78746
G1 X95.686 Y118.903 E10.84724
G1 X94.483 Y118.588 E10.90705
G1 X93.304 Y118.196 E10.96681
G1 X92.152 Y117.73 E11.02658
G1 X91.032 Y117.19 E11.08638
G1 X89.949 Y116.58 E11.14616
G1 X88.907 Y115.902 E11.20595
G1 X87.911 Y115.159 E11.26571
G1 X86.965 Y114.353 E11.32548
G1 X86.072 Y113.489 E11.38524
G1 X85.236 Y112.569 E11.44503
G1 X84.461 Y111.597 E11.50482
G1 X83.75 Y110.577 E11.56462
G1 X83.106 Y109.515 E11.62436
G1 X82.531 Y108.413 E11.68414
G1 X82.028 Y107.276 E11.74394
G1 X81.599 Y106.11 E11.8037
G1 X81.245 Y104.918 E11.86351
G1 X80.968 Y103.706 E11.92331
G1 X80.77 Y102.479 E11.98309
G1 X80.651 Y101.242 E12.04286
G1 X80.611 Y100 E12.10263
G1 X80.651 Y98.758 E12.1624
G1 X80.77 Y97.521 E12.22217
G1 X80.968 Y96.294 E12.28195
G1 X81.245 Y95.082 E12.34175
G1 X81.599 Y93.89 E12.40156
G1 X82.028 Y92.724 E12.46132
G1 X82.531 Y91.587 E12.52112
G1 X83.106 Y90.485 E12.5809
G1 X83.75 Y89.423 E12.64064
G1 X84.461 Y88.403 E12.70044
G1 X85.236 Y87.431 E12.76023
G1 X86.072 Y86.511 E12.82002
G1 X86.965 Y85.647 E12.87978
G1 X87.911 Y84.841 E12.93955
G1 X88.907 Y84.098 E12.99931
G1 X89.949 Y83.42 E13.0591
G1 X91.032 Y82.81 E13.11888
G1 X92.152 Y82.27 E13.17868
G1 X93.304 Y81.804 E13.23845
G1 X94.483 Y81.412 E13.29821
G1 X95.686 Y81.097 E13.35802
G1 X96.906 Y80.859 E13.4178
G1 X98.138 Y80.701 E13.47754
G1 X99.379 Y80.621 E13.53735
G1 X100.564 Y80.621 E13.59434
G1 X100.649 Y80.236 F7800
;TYPE:External perimeter
G1 F1800
G1 X101.899 Y80.316 E13.65458
G1 X103.156 Y80.479 E13.71554
G1 X104.4 Y80.721 E13.77649
G1 X105.626 Y81.042 E13.83744
G1 X106.83 Y81.442 E13.89846
G1 X108.005 Y81.918 E13.95943
G1 X109.147 Y82.468 E14.02039
G1 X110.251 Y83.09 E14.08134
G1 X111.314 Y83.781 E14.14232
G1 X112.329 Y84.539 E14.20325
G1 X113.295 Y85.361 E14.26426
G1 X114.205 Y86.243 E14.32521
G1 X115.058 Y87.181 E14.38619
G1 X115.848 Y88.172 E14.44715
G1 X116.573 Y89.212 E14.50813
G1 X117.23 Y90.296 E14.5691
G1 X117.817 Y91.42 E14.63009
G1 X118.33 Y92.579 E14.69105
G1 X118.767 Y93.769 E14.75202
G1 X119.128 Y94.984 E14.81298
G1 X119.41 Y96.22 E14.87395
G1 X119.613 Y97.471 E14.93491
G1 X119.734 Y98.733 E14.99589
G1 X119.775 Y100 E15.05686
G1 X119.734 Y101.267 E15.11783
G1 X119.613 Y102.529 E15.17881
G1 X119.41 Y103.78 E15.23977
G1 X119.128 Y105.016 E15.30074
G1 X118.767 Y106.231 E15.3617
G1 X118.33 Y107.421 E15.42267
G1 X117.817 Y108.58 E15.48363
G1 X117.23 Y109.704 E15.54462
G1 X116.573 Y110.788 E15.60559
G1 X115.848 Y111.828 E15.66657
G1 X115.058 Y112.819 E15.72753
G1 X114.205 Y113.757 E15.78851
G1 X113.295 Y114.639 E15.84946
G1 X112.329 Y115.461 E15.91047
G1 X111.314 Y116.219 E15.9714
G1 X110.251 Y116.91 E16.03238
G1 X109.147 Y117.532 E16.09333
G1 X108.005 Y118.082 E16.15429
G1 X106.83 Y118.558 E16.21526
G1 X105.626 Y118.958 E16.27628
G1 X104.4 Y119.279 E16.33723
G1 X103.156 Y119.521 E16.39818
G1 X101.899 Y119.684 E16.45914
G1 X100.634 Y119.765 E16.52011
G1 X99.366 Y119.765 E16.5811
G1 X98.101 Y119.684 E16.64207
G1 X96.844 Y119.521 E16.70303
G1 X95.6 Y119.279 E16.76398
G1 X94.374 Y118.958 E16.82493
G1 X93.17 Y118.558 E16.88595
G1 X91.995 Y118.082 E16.94692
G1 X90.853 Y117.532 E17.00788
G1 X89.749 Y116.91 E17.06883
G1 X88.686 Y116.219 E17.12981
G1 X87.671 Y115.461 E17.19074
G1 X86.705 Y114.639 E17.25175
G1 X85.795 Y113.757 E17.3127
G1 X84.942 Y112.819 E17.37368
G1 X84.152 Y111.828 E17.43464
G1 X83.427 Y110.788 E17.49562
G1 X82.77 Y109.704 E17.55659
G1 X82.183 Y108.58 E17.61758
G1 X81.67 Y107.421 E17.67854
G1 X81.233 Y106.231 E17.73951
G1 X80.872 Y105.016 E17.80047
G1 X80.59 Y103.78 E17.86144
G1 X80.387 Y102.529 E17.9224
G1 X80.266 Y101.267 E17.98338
G1 X80.225 Y100 E18.04435
G1 X80.266 Y98.733 E18.10532
G1 X80.387 Y97.471 E18.1663
G1 X80.59 Y96.22 E18.22726
G1 X80.872 Y94.984 E18.28823
G1 X81.233 Y93.769 E18.34919
G1 X81.67 Y92.579 E18.41016
G1 X82.183 Y91.42 E18.47112
G1 X82.77 Y90.296 E18.53211
G1 X83.427 Y89.212 E18.59308
G1 X84.152 Y88.172 E18.65406
G1 X84.942 Y87.181 E18.71502
G1 X85.795 Y86.243 E18.776
G1 X86.705 Y85.361 E18.83695
G1 X87.671 Y84.539 E18.89796
G1 X88.686 Y83.781 E18.95889
G1 X89.749 Y83.09 E19.01987
G1 X90.853 Y82.468 E19.08082
G1 X91.995 Y81.918 E19.14178
G1 X93.17 Y81.442 E19.20275
G1 X94.374 Y81.042 E19.26377
G1 X95.6 Y80.721 E19.32472
G1 X96.844 Y80.479 E19.38567
G1 X98.101 Y80.316 E19.44663
G1 X99.366 Y80.235 E19.5076
G1 X100.589 Y80.235 E19.56642
G1 X100.988 Y80.258 F7800
G1 E17.56642 F2400
G92 E0
G1 X95.512 Y81.84 F7800
G1 E2 F2400
;TYPE:Internal infill
;WIDTH:0.45
G1 F4800
G1 X97.013 Y81.526 E2.07376
G1 X97.787 Y81.426 E2.1113
G1 X118.577 Y102.217 E3.52545
G1 X118.682 Y100.982 E3.58506
G1 X84.307 Y110.193 E5.29671
G1 X85.019 Y111.213 E5.35654
G1 X92.631 Y82.804 E6.77111
G1 X91.344 Y83.408 E6.83949
G1 X90.567 Y83.846 E6.88239
G1 E4.88239 F2400
G92 E0
G1 X87.007 Y86.545 F7800
G1 E2 F2400
G1 F4800
G1 X88.766 Y85.045 E2.11119
G1 X102.253 Y81.431 E2.78275
G1 X102.987 Y81.526 E2.81835
G1 X104.841 Y81.933 E2.90964
G1 X95.159 Y118.067 E4.70887
G1 X97.013 Y118.474 E4.80016
G1 X97.747 Y118.569 E4.83576
G1 X111.234 Y114.955 E5.50732
G1 X112.581 Y113.853 E5.59102
G1 X113.228 Y113.228 E5.63429
G1 X86.772 Y86.772 E7.4338
G1 X85.75 Y87.869 E7.50591
G1 X85.243 Y88.506 E7.54507
G1 E5.54507 F2400
G92 E0
G1 X104.488 Y118.16 F7800
G1 E2 F2400
G1 F4800
G1 X102.987 Y118.474 E2.07376
G1 X102.213 Y118.574 E2.1113
G1 X81.423 Y97.783 E3.52545
G1 X81.318 Y99.018 E3.58506
G1 X115.693 Y89.807 E5.29671
G1 X114.981 Y88.787 E5.35654
G1 X107.369 Y117.196 E6.77111
G1 X108.656 Y116.592 E6.83949
G1 X109.433 Y116.154 E6.88239
;LAYER_CHANGE
;Z:7.55
;HEIGHT:0.3
G1 E4.88239 F2400
G92 E0
G1 Z7.55 F7800
G92 E0
G1 X118.278 Y110.331
G1 E2 F2400
;TYPE:Perimeter
;WIDTH:0.45
G1 F3600
G1 X117.597 Y111.454 E2.06317
G1 X116.827 Y112.558 E2.12791
G1 X115.988 Y113.611 E2.19267
G1 X115.083 Y114.607 E2.2574
G1 X114.116 Y115.543 E2.32213
G1 X113.091 Y116.416 E2.38689
G1 X112.013 Y117.221 E2.4516
G1 X110.885 Y117.955 E2.51633
G1 X109.712 Y118.616 E2.58109
G1 X108.499 Y119.2 E2.64584
G1 X107.252 Y119.705 E2.71055
G1 X105.974 Y120.129 E2.77531
G1 X104.672 Y120.47 E2.84004
G1 X103.351 Y120.728 E2.90478
G1 X102.016 Y120.9 E2.96952
G1 X100.673 Y120.986 E3.03425
G1 X99.327 Y120.986 E3.09899
G1 X97.984 Y120.9 E3.16372
G1 X96.649 Y120.728 E3.22846
G1 X95.328 Y120.47 E3.2932
G1 X94.026 Y120.129 E3.35793
G1 X92.748 Y119.705 E3.42269
G1 X91.501 Y119.2 E3.4874
G1 X90.288 Y118.616 E3.55215
G1 X89.115 Y117.955 E3.61691
G1 X87.987 Y117.221 E3.68164
G1 X86.909 Y116.416 E3.74635
G1 X85.884 Y115.543 E3.81111
G1 X84.917 Y114.607 E3.87584
G1 X84.012 Y113.611 E3.94057
G1 X83.173 Y112.558 E4.00533
G1 X82.403 Y111.454 E4.07007
G1 X81.705 Y110.303 E4.13481
G1 X81.083 Y109.11 E4.19952
G1 X80.538 Y107.879 E4.26427
G1 X80.073 Y106.616 E4.329
G1 X79.69 Y105.326 E4.39372
G1 X79.39 Y104.014 E4.45845
G1 X79.176 Y102.685 E4.52319
G1 X79.046 Y101.345 E4.58794
G1 X79.003 Y100 E4.65266
G1 X79.046 Y98.655 E4.71738
G1 X79.176 Y97.315 E4.78213
G1 X79.39 Y95.986 E4.84687
G1 X79.69 Y94.674 E4.9116
G1 X80.073 Y93.384 E4.97632
G1 X80.538 Y92.121 E5.04105
G1 X81.083 Y90.89 E5.1058
G1 X81.705 Y89.697 E5.17051
G1 X82.403 Y88.546 E5.23525
G1 X83.173 Y87.442 E5.29999
G1 X84.012 Y86.389 E5.36475
G1 X84.917 Y85.393 E5.42948
G1 X85.884 Y84.457 E5.49421
G1 X86.909 Y83.584 E5.55897
G1 X87.987 Y82.779 E5.62368
G1 X89.115 Y82.045 E5.68841
G1 X90.288 Y81.384 E5.75317
G1 X91.501 Y80.8 E5.81792
G1 X92.748 Y80.295 E5.88263
G1 X94.026 Y79.871 E5.94739
G1 X95.328 Y79.53 E6.01212
G1 X96.649 Y79.272 E6.07686
G1 X97.984 Y79.1 E6.1416
G1 X99.327 Y79.014 E6.20633
G1 X100.673 Y79.014 E6.27107
G1 X102.016 Y79.1 E6.3358
G1 X103.351 Y79.272 E6.40054
G1 X104.672 Y79.53 E6.46528
G1 X105.974 Y79.871 E6.53001
G1 X107.252 Y80.295 E6.59477
G1 X108.499 Y80.8 E6.65948
G1 X109.712 Y81.384 E6.72423
G1 X110.885 Y82.045 E6.78899
G1 X112.013 Y82.779 E6.85372
G1 X113.091 Y83.584 E6.91843
G1 X114.116 Y84.457 E6.98319
G1 X115.083 Y85.393 E7.04792
G1 X115.988 Y86.389 E7.11265
G1 X116.827 Y87.442 E7.17741
G1 X117.597 Y88.546 E7.24215
G1 X118.295 Y89.697 E7.30689
G1 X118.917 Y90.89 E7.3716
G1 X119.462 Y92.121 E7.43635
G1 X119.927 Y93.384 E7.50108
G1 X120.31 Y94.674 E7.5658
G1 X120.61 Y95.986 E7.63053
G1 X120.824 Y97.315 E7.69527
G1 X120.954 Y98.655 E7.76002
G1 X120.997 Y100 E7.82474
G1 X120.954 Y101.345 E7.88946
G1 X120.824 Y102.685 E7.95421
G1 X120.61 Y104.014 E8.01895
G1 X120.31 Y105.326 E8.08368
G1 X119.927 Y106.616 E8.1484
G1 X119.462 Y107.879 E8.21313
G1 X118.917 Y109.11 E8.27788
G1 X118.308 Y110.279 E8.34128
G1 X117.949 Y110.131 F7800
G1 F3600
G1 X117.274 Y111.244 E8.40389
G1 X116.518 Y112.328 E8.46745
G1 X115.694 Y113.361 E8.531
G1 X114.806 Y114.339 E8.59454
G1 X113.857 Y115.258 E8.65808
G1 X112.851 Y116.114 E8.72161
G1 X111.792 Y116.905 E8.78518
G1 X110.685 Y117.625 E8.84869
G1 X109.533 Y118.274 E8.91228
G1 X108.343 Y118.847 E8.9758
G1 X107.118 Y119.343 E9.03936
G1 X105.864 Y119.759 E9.10291
G1 X104.586 Y120.094 E9.16645
G1 X103.29 Y120.347 E9.22996
G1 X101.979 Y120.516 E9.29354
G1 X100.661 Y120.6 E9.35706
G1 X99.339 Y120.6 E9.42064
G1 X98.021 Y120.516 E9.48416
G1 X96.711 Y120.347 E9.54769
G1 X95.414 Y120.094 E9.61125
G1 X94.136 Y119.759 E9.67479
G1 X92.882 Y119.343 E9.73834
G1 X91.657 Y118.847 E9.8019
G1 X90.467 Y118.274 E9.86542
G1 X89.315 Y117.625 E9.92901
G1 X88.208 Y116.905 E9.99252
G1 X87.149 Y116.114 E10.05609
G1 X86.143 Y115.258 E10.11962
G1 X85.194 Y114.339 E10.18316
G1 X84.306 Y113.361 E10.2467
G1 X83.482 Y112.328 E10.31025
G1 X82.726 Y111.244 E10.37381
G1 X82.041 Y110.114 E10.43737
G1 X81.43 Y108.943 E10.5009
G1 X80.895 Y107.735 E10.56444
G1 X80.439 Y106.495 E10.62798
G1 X80.063 Y105.228 E10.69155
G1 X79.769 Y103.94 E10.75509
G1 X79.558 Y102.636 E10.81862
G1 X79.431 Y101.321 E10.88216
G1 X79.389 Y100 E10.94573
G1 X79.431 Y98.679 E11.0093
G1 X79.558 Y97.364 E11.07284
G1 X79.769 Y96.06 E11.13637
G1 X80.063 Y94.772 E11.19991
G1 X80.439 Y93.505 E11.26348
G1 X80.895 Y92.265 E11.32702
G1 X81.43 Y91.057 E11.39056
G1 X82.041 Y89.886 E11.45409
G1 X82.726 Y88.756 E11.51765
G1 X83.482 Y87.672 E11.58121
G1 X84.306 Y86.639 E11.64476
G1 X85.194 Y85.661 E11.7083
G1 X86.143 Y84.742 E11.77184
G1 X87.149 Y83.886 E11.83537
G1 X88.208 Y83.095 E11.89894
G1 X89.315 Y82.375 E11.96245
G1 X90.467 Y81.726 E12.02604
G1 X91.657 Y81.153 E12.08956
G1 X92.882 Y80.657 E12.15312
G1 X94.136 Y80.241 E12.21667
G1 X95.414 Y79.906 E12.28021
G1 X96.71 Y79.653 E12.34372
G1 X98.021 Y79.484 E12.4073
G1 X99.339 Y79.4 E12.47082
G1 X100.661 Y79.4 E12.5344
G1 X101.979 Y79.484 E12.59792
G1 X103.289 Y79.653 E12.66145
G1 X104.586 Y79.906 E12.72501
G1 X105.864 Y80.241 E12.78855
G1 X107.118 Y80.657 E12.8521
G1 X108.343 Y81.153 E12.91566
G1 X109.533 Y81.726 E12.97918
G1 X110.685 Y82.375 E13.04277
G1 X111.792 Y83.095 E13.10628
G1 X112.851 Y83.886 E13.16985
G1 X113.857 Y84.742 E13.23338
G1 X114.806 Y85.661 E13.29692
G1 X115.694 Y86.639 E13.36046
G1 X116.518 Y87.672 E13.42401
G1 X117.274 Y88.756 E13.48757
G1 X117.959 Y89.886 E13.55113
G1 X118.57 Y91.057 E13.61466
G1 X119.105 Y92.265 E13.6782
G1 X119.561 Y93.505 E13.74174
G1 X119.937 Y94.772 E13.80531
G1 X120.231 Y96.06 E13.86885
G1 X120.442 Y97.364 E13.93238
G1 X120.569 Y98.679 E13.99592
G1 X120.611 Y100 E14.05949
G1 X120.569 Y101.321 E14.12306
G1 X120.442 Y102.636 E14.1866
G1 X120.231 Y103.94 E14.25013
G1 X119.937 Y105.228 E14.31367
G1 X119.561 Y106.495 E14.37724
G1 X119.105 Y107.735 E14.44078
G1 X118.57 Y108.943 E14.50432
G1 X117.977 Y110.078 E14.56591
G1 X117.619 Y109.931 F7800
;TYPE:External perimeter
G1 F1800
G1 X116.95 Y111.033 E14.62791
G1 X116.209 Y112.097 E14.69027
G1 X115.4 Y113.11 E14.75262
G1 X114.529 Y114.07 E14.81496
G1 X113.597 Y114.972 E14.87734
G1 X112.61 Y115.813 E14.93971
G1 X111.571 Y116.588 E15.00205
G1 X110.485 Y117.295 E15.06438
G1 X109.355 Y117.932 E15.12677
G1 X108.187 Y118.494 E15.18911
G1 X106.985 Y118.981 E15.25149
G1 X105.755 Y119.389 E15.31382
G1 X104.501 Y119.718 E15.37617
G1 X103.228 Y119.966 E15.43855
G1 X101.942 Y120.132 E15.50092
G1 X100.648 Y120.215 E15.56328
G1 X99.352 Y120.215 E15.62561
G1 X98.058 Y120.132 E15.68797
G1 X96.772 Y119.966 E15.75034
G1 X95.499 Y119.718 E15.81272
G1 X94.245 Y119.389 E15.87507
G1 X93.015 Y118.981 E15.9374
G1 X91.813 Y118.494 E15.99978
G1 X90.645 Y117.932 E16.06212
G1 X89.515 Y117.295 E16.12451
G1 X88.429 Y116.588 E16.18684
G1 X87.39 Y115.813 E16.24918
G1 X86.403 Y114.972 E16.31155
G1 X85.471 Y114.07 E16.37393
G1 X84.6 Y113.111 E16.43624
G1 X83.791 Y112.097 E16.49863
G1 X83.05 Y111.034 E16.56095
G1 X82.377 Y109.925 E16.62334
G1 X81.778 Y108.775 E16.6857
G1 X81.253 Y107.59 E16.74804
G1 X80.805 Y106.373 E16.81041
G1 X80.436 Y105.13 E16.87277
G1 X80.148 Y103.866 E16.93512
G1 X79.941 Y102.586 E16.99748
G1 X79.816 Y101.296 E17.05982
G1 X79.775 Y100 E17.12218
G1 X79.816 Y98.704 E17.18454
G1 X79.941 Y97.414 E17.24688
G1 X80.148 Y96.134 E17.30924
G1 X80.436 Y94.87 E17.37159
G1 X80.805 Y93.627 E17.43395
G1 X81.253 Y92.41 E17.49632
G1 X81.778 Y91.225 E17.55866
G1 X82.377 Y90.075 E17.62102
G1 X83.05 Y88.967 E17.68337
G1 X83.791 Y87.903 E17.74573
G1 X84.6 Y86.89 E17.80808
G1 X85.471 Y85.93 E17.87042
G1 X86.403 Y85.028 E17.9328
G1 X87.39 Y84.187 E17.99517
G1 X88.429 Y83.412 E18.05751
G1 X89.515 Y82.705 E18.11984
G1 X90.645 Y82.068 E18.18223
G1 X91.813 Y81.506 E18.24457
G1 X93.015 Y81.019 E18.30695
G1 X94.245 Y80.611 E18.36928
G1 X95.499 Y80.282 E18.43163
G1 X96.772 Y80.034 E18.49401
G1 X98.058 Y79.868 E18.55638
G1 X99.352 Y79.785 E18.61874
G1 X100.648 Y79.785 E18.68107
G1 X101.942 Y79.868 E18.74343
G1 X103.228 Y80.034 E18.8058
G1 X104.501 Y80.282 E18.86818
G1 X105.755 Y80.611 E18.93053
G1 X106.985 Y81.019 E18.99286
G1 X108.187 Y81.506 E19.05524
G1 X109.355 Y82.068 E19.11758
G1 X110.485 Y82.705 E19.17997
G1 X111.571 Y83.412 E19.2423
G1 X112.61 Y84.187 E19.30464
G1 X113.597 Y85.028 E19.36701
G1 X114.529 Y85.93 E19.42939
G1 X115.4 Y86.89 E19.49173
G1 X116.209 Y87.903 E19.55408
G1 X116.95 Y88.966 E19.6164
G1 X117.623 Y90.075 E19.67879
G1 X118.222 Y91.225 E19.74115
G1 X118.747 Y92.41 E19.80349
G1 X119.195 Y93.627 E19.86586
G1 X119.564 Y94.87 E19.92822
G1 X119.852 Y96.134 E19.99057
G1 X120.059 Y97.414 E20.05293
G1 X120.184 Y98.704 E20.11527
G1 X120.225 Y100 E20.17763
G1 X120.184 Y101.296 E20.23999
G1 X120.059 Y102.586 E20.30233
G1 X119.852 Y103.866 E20.36469
G1 X119.564 Y105.13 E20.42704
G1 X119.195 Y106.373 E20.4894
G1 X118.747 Y107.59 E20.55177
G1 X118.222 Y108.775 E20.61411
G1 X117.647 Y109.878 E20.67394
G1 X117.442 Y110.222 F7800
G1 E18.67394 F2400
G92 E0
G1 X124.004 Y124.004 F7800
G1 E2 F2400
;TYPE:Perimeter
G1 F3600
G1 X75.996 Y124.004 E4.30902
G1 X75.996 Y75.996 E6.61804
G1 X124.004 Y75.996 E8.92706
G1 X124.004 Y123.944 E11.23319
G1 X124.389 Y124.389 F7800
G1 F3600
G1 X75.611 Y124.389 E13.57924
G1 X75.611 Y75.611 E15.92529
G1 X124.389 Y75.611 E18.27134
G1 X124.389 Y124.329 E20.61451
G1 X124.775 Y124.775 F7800
;TYPE:External perimeter
G1 F1800
G1 X75.225 Y124.775 E22.99769
G1 X75.225 Y75.225 E25.38087
G1 X124.775 Y75.225 E27.76405
G1 X124.775 Y124.715 E30.14435
G1 X124.379 Y124.774 F7800
G1 E28.14435 F2400
G92 E0
G1 X123.715 Y121.401 F7800
G1 E2 F2400
;TYPE:Internal infill
;WIDTH:0.45
G1 F4800
G1 X123.715 Y123.715 E2.1113
G1 X115.044 Y115.044 E2.70109
G1 X116.387 Y113.574 E2.79686
G1 X123.715 Y111.611 E3.16174
G1 X123.715 Y107.354 E3.36649
G1 X120.806 Y104.445 E3.56436
G1 X121.105 Y102.759 E3.64672
G1 X121.239 Y101.401 E3.71235
G1 X121.275 Y100.288 E3.76591
G1 X123.715 Y99.634 E3.88741
G1 X123.715 Y100.891 E3.94787
G1 X117.599 Y123.715 E5.08436
G1 X115.285 Y123.715 E5.19566
G1 E3.19566 F2400
G92 E0
G1 X108.714 Y119.417 F7800
G1 E2 F2400
G1 F4800
G1 X106.553 Y120.24 E2.11122
G1 X105.622 Y123.715 E2.28425
G1 X107.354 Y123.715 E2.36755
G1 X104.448 Y120.809 E2.56521
G1 X102.164 Y121.172 E2.67644
G1 E.67644 F2400
G92 E0
G1 X83.983 Y123.715 F7800
G1 E2 F2400
G1 F4800
G1 X81.669 Y123.715 E2.1113
G1 X84.205 Y114.25 E2.58259
G1 X82.92 Y112.701 E2.67939
G1 X81.723 Y110.886 E2.78396
G1 X76.285 Y112.343 E3.05473
G1 X76.285 Y109.006 E3.21523
G1 X90.994 Y123.715 E4.21572
G1 X93.646 Y123.715 E4.34327
G1 X94.493 Y120.551 E4.50081
G1 X92.587 Y119.951 E4.59692
G1 X78.542 Y123.715 E5.29627
G1 X76.285 Y123.715 E5.40482
G1 X76.285 Y123.658 E5.40756
G1 E3.40756 F2400
G92 E0
G1 X76.285 Y78.599 F7800
G1 E2 F2400
G1 F4800
G1 X76.285 Y76.285 E2.1113
G1 X84.956 Y84.956 E2.70109
G1 X83.613 Y86.426 E2.79686
G1 X76.285 Y88.389 E3.16174
G1 X76.285 Y92.646 E3.36649
G1 X79.195 Y95.555 E3.56439
G1 X78.885 Y97.315 E3.65034
G1 X78.761 Y98.599 E3.71238
G1 X78.725 Y99.712 E3.76594
G1 X76.285 Y100.366 E3.88744
G1 X76.285 Y99.109 E3.9479
G1 X82.401 Y76.285 E5.08439
G1 X84.715 Y76.285 E5.19569
G1 E3.19569 F2400
G92 E0
G1 X91.287 Y80.585 F7800
G1 E2 F2400
G1 F4800
G1 X93.447 Y79.76 E2.11121
G1 X94.378 Y76.285 E2.28424
G1 X92.646 Y76.285 E2.36754
G1 X95.552 Y79.191 E2.5652
G1 X97.836 Y78.828 E2.67643
G1 E.67643 F2400
G92 E0
G1 X116.017 Y76.285 F7800
G1 E2 F2400
G1 F4800
G1 X118.331 Y76.285 E2.1113
G1 X115.795 Y85.75 E2.58259
G1 X117.08 Y87.299 E2.67939
G1 X118.277 Y89.114 E2.78396
G1 X123.715 Y87.657 E3.05473
G1 X123.715 Y90.994 E3.21523
G1 X109.006 Y76.285 E4.21572
G1 X106.354 Y76.285 E4.34327
G1 X105.507 Y79.449 E4.50081
G1 X107.413 Y80.049 E4.59692
G1 X121.458 Y76.285 E5.29627
G1 X123.715 Y76.285 E5.40482
G1 X123.715 Y76.342 E5.40756
G1 E3.40756 F2400
G92 E0
G92 E0
G1 X100.6 Y81.007 F7800
G1 E2 F2400
;TYPE:Perimeter
;WIDTH:0.45
G1 F3600
G1 X100.609 Y81.007 E2.00043
G1 X101.825 Y81.085 E2.05904
G1 X103.033 Y81.24 E2.11762
G1 X104.229 Y81.473 E2.17622
G1 X105.407 Y81.782 E2.23479
G1 X106.563 Y82.166 E2.29338
G1 X107.692 Y82.623 E2.35196
G1 X108.79 Y83.152 E2.41058
G1 X109.851 Y83.75 E2.46916
G1 X110.872 Y84.414 E2.52774
G1 X111.848 Y85.143 E2.58633
G1 X112.776 Y85.932 E2.64492
G1 X113.651 Y86.78 E2.70353
G1 X114.47 Y87.682 E2.76213
G1 X115.229 Y88.634 E2.82069
G1 X115.926 Y89.633 E2.87928
G1 X116.558 Y90.675 E2.93789
G1 X117.121 Y91.755 E2.99647
G1 X117.614 Y92.869 E3.05506
G1 X118.035 Y94.012 E3.11364
G1 X118.382 Y95.18 E3.17224
G1 X118.653 Y96.367 E3.2308
G1 X118.847 Y97.57 E3.28941
G1 X118.964 Y98.782 E3.34797
G1 X119.003 Y100 E3.40658
G1 X118.964 Y101.218 E3.46519
G1 X118.847 Y102.43 E3.52375
G1 X118.653 Y103.633 E3.58236
G1 X118.382 Y104.82 E3.64092
G1 X118.035 Y105.988 E3.69952
G1 X117.614 Y107.131 E3.7581
G1 X117.121 Y108.245 E3.81669
G1 X116.558 Y109.325 E3.87527
G1 X115.926 Y110.367 E3.93388
G1 X115.229 Y111.366 E3.99247
G1 X114.47 Y112.318 E4.05103
G1 X113.651 Y113.22 E4.10963
G1 X112.776 Y114.068 E4.16824
G1 X111.848 Y114.857 E4.22683
G1 X110.872 Y115.586 E4.28542
G1 X109.851 Y116.25 E4.344
G1 X108.79 Y116.848 E4.40258
G1 X107.692 Y117.377 E4.4612
G1 X106.563 Y117.834 E4.51978
G1 X105.407 Y118.218 E4.57837
G1 X104.229 Y118.527 E4.63694
G1 X103.033 Y118.76 E4.69554
G1 X101.825 Y118.915 E4.75412
G1 X100.609 Y118.993 E4.81273
G1 X99.391 Y118.993 E4.87131
G1 X98.175 Y118.915 E4.92992
G1 X96.967 Y118.76 E4.9885
G1 X95.771 Y118.527 E5.0471
G1 X94.593 Y118.218 E5.10567
G1 X93.437 Y117.834 E5.16426
G1 X92.308 Y117.377 E5.22284
G1 X91.21 Y116.848 E5.28146
G1 X90.149 Y116.25 E5.34004
G1 X89.128 Y115.586 E5.39862
G1 X88.152 Y114.857 E5.45721
G1 X87.224 Y114.068 E5.5158
G1 X86.349 Y113.22 E5.57441
G1 X85.53 Y112.318 E5.63301
G1 X84.771 Y111.366 E5.69157
G1 X84.074 Y110.367 E5.75016
G1 X83.442 Y109.325 E5.80877
G1 X82.879 Y108.245 E5.86735
G1 X82.386 Y107.131 E5.92594
G1 X81.965 Y105.988 E5.98452
G1 X81.618 Y104.82 E6.04312
G1 X81.347 Y103.633 E6.10168
G1 X81.153 Y102.43 E6.16029
G1 X81.036 Y101.218 E6.21885
G1 X80.997 Y100 E6.27746
G1 X81.036 Y98.782 E6.33607
G1 X81.153 Y97.57 E6.39463
G1 X81.347 Y96.367 E6.45324
G1 X81.618 Y95.18 E6.5118
G1 X81.965 Y94.012 E6.5704
G1 X82.386 Y92.869 E6.62898
G1 X82.879 Y91.755 E6.68757
G1 X83.442 Y90.675 E6.74615
G1 X84.074 Y89.633 E6.80476
G1 X84.771 Y88.634 E6.86335
G1 X85.53 Y87.682 E6.92191
G1 X86.349 Y86.78 E6.98051
G1 X87.224 Y85.932 E7.03912
G1 X88.152 Y85.143 E7.09771
G1 X89.128 Y84.414 E7.1563
G1 X90.149 Y83.75 E7.21488
G1 X91.21 Y83.152 E7.27346
G1 X92.308 Y82.623 E7.33208
G1 X93.437 Y82.166 E7.39066
G1 X94.593 Y81.782 E7.44925
G1 X95.771 Y81.473 E7.50782
G1 X96.967 Y81.24 E7.56642
G1 X98.175 Y81.085 E7.625
G1 X99.391 Y81.007 E7.68361
G1 X100.54 Y81.007 E7.73887
G1 X100.624 Y80.621 F7800
G1 F3600
G1 X101.862 Y80.701 E7.79854
G1 X103.094 Y80.859 E7.85828
G1 X104.314 Y81.097 E7.91806
G1 X105.517 Y81.412 E7.97787
G1 X106.696 Y81.804 E8.03763
G1 X107.848 Y82.27 E8.0974
G1 X108.968 Y82.81 E8.1572
G1 X110.051 Y83.42 E8.21698
G1 X111.093 Y84.098 E8.27677
G1 X112.089 Y84.841 E8.33653
G1 X113.035 Y85.647 E8.3963
G1 X113.928 Y86.511 E8.45606
G1 X114.764 Y87.431 E8.51585
G1 X115.539 Y88.403 E8.57564
G1 X116.25 Y89.423 E8.63544
G1 X116.894 Y90.485 E8.69518
G1 X117.469 Y91.587 E8.75496
G1 X117.972 Y92.724 E8.81476
G1 X118.401 Y93.89 E8.87452
G1 X118.755 Y95.082 E8.93433
G1 X119.032 Y96.294 E8.99413
G1 X119.23 Y97.521 E9.05391
G1 X119.349 Y98.758 E9.11368
G1 X119.389 Y100 E9.17345
G1 X119.349 Y101.242 E9.23322
G1 X119.23 Y102.479 E9.29299
G1 X119.032 Y103.706 E9.35277
G1 X118.755 Y104.918 E9.41257
G1 X118.401 Y106.11 E9.47238
G1 X117.972 Y107.276 E9.53214
G1 X117.469 Y108.413 E9.59194
G1 X116.894 Y109.515 E9.65172
G1 X116.25 Y110.577 E9.71146
G1 X115.539 Y111.597 E9.77126
G1 X114.764 Y112.569 E9.83105
G1 X113.928 Y113.489 E9.89084
G1 X113.035 Y114.353 E9.9506
G1 X112.089 Y115.159 E10.01037
G1 X111.093 Y115.902 E10.07013
G1 X110.051 Y116.58 E10.12992
G1 X108.968 Y117.19 E10.1897
G1 X107.848 Y117.73 E10.2495
G1 X106.696 Y118.196 E10.30927
G1 X105.517 Y118.588 E10.36903
G1 X104.314 Y118.903 E10.42884
G1 X103.094 Y119.141 E10.48862
G1 X101.862 Y119.299 E10.54836
G1 X100.621 Y119.379 E10.60817
G1 X99.379 Y119.379 E10.66791
G1 X98.138 Y119.299 E10.72772
G1 X96.906 Y119.141 E10.78746
G1 X95.686 Y118.903 E10.84724
G1 X94.483 Y118.588 E10.90705
G1 X93.304 Y118.196 E10.96681
G1 X92.152 Y117.73 E11.02658
G1 X91.032 Y117.19 E11.08638
G1 X89.949 Y116.58 E11.14616
G1 X88.907 Y115.902 E11.20595
G1 X87.911 Y115.159 E11.26571
G1 X86.965 Y114.353 E11.32548
G1 X86.072 Y113.489 E11.38524
G1 X85.236 Y112.569 E11.44503
G1 X84.461 Y111.597 E11.50482
G1 X83.75 Y110.577 E11.56462
G1 X83.106 Y109.515 E11.62436
G1 X82.531 Y108.413 E11.68414
G1 X82.028 Y107.276 E11.74394
G1 X81.599 Y106.11 E11.8037
G1 X81.245 Y104.918 E11.86351
G1 X80.968 Y103.706 E11.92331
G1 X80.77 Y102.479 E11.98309
G1 X80.651 Y101.242 E12.04286
G1 X80.611 Y100 E12.10263
G1 X80.651 Y98.758 E12.1624
G1 X80.77 Y97.521 E12.22217
G1 X80.968 Y96.294 E12.28195
G1 X81.245 Y95.082 E12.34175
G1 X81.599 Y93.89 E12.40156
G1 X82.028 Y92.724 E12.46132
G1 X82.531 Y91.587 E12.52112
G1 X83.106 Y90.485 E12.5809
G1 X83.75 Y89.423 E12.64064
G1 X84.461 Y88.403 E12.70044
G1 X85.236 Y87.431 E12.76023
G1 X86.072 Y86.511 E12.82002
G1 X86.965 Y85.647 E12.87978
G1 X87.911 Y84.841 E12.93955
G1 X88.907 Y84.098 E12.99931
G1 X89.949 Y83.42 E13.0591
G1 X91.032 Y82.81 E13.11888
G1 X92.152 Y82.27 E13.17868
G1 X93.304 Y81.804 E13.23845
G1 X94.483 Y81.412 E13.29821
G1 X95.686 Y81.097 E13.35802
G1 X96.906 Y80.859 E13.4178
G1 X98.138 Y80.701 E13.47754
G1 X99.379 Y80.621 E13.53735
G1 X100.564 Y80.621 E13.59434
G1 X100.649 Y80.236 F7800
;TYPE:External perimeter
G1 F1800
G1 X101.899 Y80.316 E13.65458
G1 X103.156 Y80.479 E13.71554
G1 X104.4 Y80.721 E13.77649
G1 X105.626 Y81.042 E13.83744
G1 X106.83 Y81.442 E13.89846
G1 X108.005 Y81.918 E13.95943
G1 X109.147 Y82.468 E14.02039
G1 X110.251 Y83.09 E14.08134
G1 X111.314 Y83.781 E14.14232
G1 X112.329 Y84.539 E14.20325
G1 X113.295 Y85.361 E14.26426
G1 X114.205 Y86.243 E14.32521
G1 X115.058 Y87.181 E14.38619
G1 X115.848 Y88.172 E14.44715
G1 X116.573 Y89.212 E14.50813
G1 X117.23 Y90.296 E14.5691
G1 X117.817 Y91.42 E14.63009
G1 X118.33 Y92.579 E14.69105
G1 X118.767 Y93.769 E14.75202
G1 X119.128 Y94.984 E14.81298
G1 X119.41 Y96.22 E14.87395
G1 X119.613 Y97.471 E14.93491
G1 X119.734 Y98.733 E14.99589
G1 X119.775 Y100 E15.05686
G1 X119.734 Y101.267 E15.11783
G1 X119.613 Y102.529 E15.17881
G1 X119.41 Y103.78 E15.23977
G1 X119.128 Y105.016 E15.30074
G1 X118.767 Y106.231 E15.3617
G1 X118.33 Y107.421 E15.42267
G1 X117.817 Y108.58 E15.48363
G1 X117.23 Y109.704 E15.54462
G1 X116.573 Y110.788 E15.60559
G1 X115.848 Y111.828 E15.66657
G1 X115.058 Y112.819 E15.72753
G1 X114.205 Y113.757 E15.78851
G1 X113.295 Y114.639 E15.84946
G1 X112.329 Y115.461 E15.91047
G1 X111.314 Y116.219 E15.9714
G1 X110.251 Y116.91 E16.03238
G1 X109.147 Y117.532 E16.09333
G1 X108.005 Y118.082 E16.15429
G1 X106.83 Y118.558 E16.21526
G1 X105.626 Y118.958 E16.27628
G1 X104.4 Y119.279 E16.33723
G1 X103.156 Y119.521 E16.39818
G1 X101.899 Y119.684 E16.45914
G1 X100.634 Y119.765 E16.52011
G1 X99.366 Y119.765 E16.5811
G1 X98.101 Y119.684 E16.64207
G1 X96.844 Y119.521 E16.70303
G1 X95.6 Y119.279 E16.76398
G1 X94.374 Y118.958 E16.82493
G1 X93.17 Y118.558 E16.88595
G1 X91.995 Y118.082 E16.94692
G1 X90.853 Y117.532 E17.00788
G1 X89.749 Y116.91 E17.06883
G1 X88.686 Y116.219 E17.12981
G1 X87.671 Y115.461 E17.19074
G1 X86.705 Y114.639 E17.25175
G1 X85.795 Y113.757 E17.3127
G1 X84.942 Y112.819 E17.37368
G1 X84.152 Y111.828 E17.43464
G1 X83.427 Y110.788 E17.49562
G1 X82.77 Y109.704 E17.55659
G1 X82.183 Y108.58 E17.61758
G1 X81.67 Y107.421 E17.67854
G1 X81.233 Y106.231 E17.73951
G1 X80.872 Y105.016 E17.80047
G1 X80.59 Y103.78 E17.86144
G1 X80.387 Y102.529 E17.9224
G1 X80.266 Y101.267 E17.98338
G1 X80.225 Y100 E18.04435
G1 X80.266 Y98.733 E18.10532
G1 X80.387 Y97.471 E18.1663
G1 X80.59 Y96.22 E18.22726
G1 X80.872 Y94.984 E18.28823
G1 X81.233 Y93.769 E18.34919
G1 X81.67 Y92.579 E18.41016
G1 X82.183 Y91.42 E18.47112
G1 X82.77 Y90.296 E18.53211
G1 X83.427 Y89.212 E18.59308
G1 X84.152 Y88.172 E18.65406
G1 X84.942 Y87.181 E18.71502
G1 X85.795 Y86.243 E18.776
G1 X86.705 Y85.361 E18.83695
G1 X87.671 Y84.539 E18.89796
G1 X88.686 Y83.781 E18.95889
G1 X89.749 Y83.09 E19.01987
G1 X90.853 Y82.468 E19.08082
G1 X91.995 Y81.918 E19.14178
G1 X93.17 Y81.442 E19.20275
G1 X94.374 Y81.042 E19.26377
G1 X95.6 Y80.721 E19.32472
G1 X96.844 Y80.479 E19.38567
G1 X98.101 Y80.316 E19.44663
G1 X99.366 Y80.235 E19.5076
G1 X100.589 Y80.235 E19.56642
G1 X100.988 Y80.258 F7800
G1 E17.56642 F2400
G92 E0
G1 X95.512 Y81.84 F7800
G1 E2 F2400
;TYPE:Internal infill
;WIDTH:0.45
G1 F4800
G1 X97.013 Y81.526 E2.07376
G1 X97.787 Y81.426 E2.1113
G1 X118.577 Y102.217 E3.52545
G1 X118.682 Y100.982 E3.58506
G1 X84.307 Y110.193 E5.29671
G1 X85.019 Y111.213 E5.35654
G1 X92.631 Y82.804 E6.77111
G1 X91.344 Y83.408 E6.83949
G1 X90.567 Y83.846 E6.88239
G1 E4.88239 F2400
G92 E0
G1 X87.007 Y86.545 F7800
G1 E2 F2400
G1 F4800
G1 X88.766 Y85.045 E2.11119
G1 X102.253 Y81.431 E2.78275
G1 X102.987 Y81.526 E2.81835
G1 X104.841 Y81.933 E2.90964
G1 X95.159 Y118.067 E4.70887
G1 X97.013 Y118.474 E4.80016
G1 X97.747 Y118.569 E4.83576
G1 X111.234 Y114.955 E5.50732
G1 X112.581 Y113.853 E5.59102
G1 X113.228 Y113.228 E5.63429
G1 X86.772 Y86.772 E7.4338
G1 X85.75 Y87.869 E7.50591
G1 X85.243 Y88.506 E7.54507
G1 E5.54507 F2400
G92 E0
G1 X104.488 Y118.16 F7800
G1 E2 F2400
G1 F4800
G1 X102.987 Y118.474 E2.07376
G1 X102.213 Y118.574 E2.1113
G1 X81.423 Y97.783 E3.52545
G1 X81.318 Y99.018 E3.58506
G1 X115.693 Y89.807 E5.29671
G1 X114.981 Y88.787 E5.35654
G1 X107.369 Y117.196 E6.77111
G1 X108.656 Y116.592 E6.83949
G1 X109.433 Y116.154 E6.88239
;LAYER_CHANGE
;Z:7.85
;HEIGHT:0.3
G1 E4.88239 F2400
G92 E0
G1 Z7.85 F7800
G92 E0
G1 X118.278 Y110.331
G1 E2 F2400
;TYPE:Perimeter
;WIDTH:0.45
G1 F3600
G1 X117.597 Y111.454 E2.06317
G1 X116.827 Y112.558 E2.12791
G1 X115.988 Y113.611 E2.19267
G1 X115.083 Y114.607 E2.2574
G1 X114.116 Y115.543 E2.32213
G1 X113.091 Y116.416 E2.38689
G1 X112.013 Y117.221 E2.4516
G1 X110.885 Y117.955 E2.51633
G1 X109.712 Y118.616 E2.58109
G1 X108.499 Y119.2 E2.64584
G1 X107.252 Y119.705 E2.71055
G1 X105.974 Y120.129 E2.77531
G1 X104.672 Y120.47 E2.84004
G1 X103.351 Y120.728 E2.90478
G1 X102.016 Y120.9 E2.96952
G1 X100.673 Y120.986 E3.03425
G1 X99.327 Y120.986 E3.09899
G1 X97.984 Y120.9 E3.16372
G1 X96.649 Y120.728 E3.22846
G1 X95.328 Y120.47 E3.2932
G1 X94.026 Y120.129 E3.35793
G1 X92.748 Y119.705 E3.42269
G1 X91.501 Y119.2 E3.4874
G1 X90.288 Y118.616 E3.55215
G1 X89.115 Y117.955 E3.61691
G1 X87.987 Y117.221 E3.68164
G1 X86.909 Y116.416 E3.74635
G1 X85.884 Y115.543 E3.81111
G1 X84.917 Y114.607 E3.87584
G1 X84.012 Y113.611 E3.94057
G1 X83.173 Y112.558 E4.00533
G1 X82.403 Y111.454 E4.07007
G1 X81.705 Y110.303 E4.13481
G1 X81.083 Y109.11 E4.19952
G1 X80.538 Y107.879 E4.26427
G1 X80.073 Y106.616 E4.329
G1 X79.69 Y105.326 E4.39372
G1 X79.39 Y104.014 E4.45845
G1 X79.176 Y102.685 E4.52319
G1 X79.046 Y101.345 E4.58794
G1 X79.003 Y100 E4.65266
G1 X79.046 Y98.655 E4.71738
G1 X79.176 Y97.315 E4.78213
G1 X79.39 Y95.986 E4.84687
G1 X79.69 Y94.674 E4.9116
G1 X80.073 Y93.384 E4.97632
G1 X80.538 Y92.121 E5.04105
G1 X81.083 Y90.89 E5.1058
G1 X81.705 Y89.697 E5.17051
G1 X82.403 Y88.546 E5.23525
G1 X83.173 Y87.442 E5.29999
G1 X84.012 Y86.389 E5.36475
G1 X84.917 Y85.393 E5.42948
G1 X85.884 Y84.457 E5.49421
G1 X86.909 Y83.584 E5.55897
G1 X87.987 Y82.779 E5.62368
G1 X89.115 Y82.045 E5.68841
G1 X90.288 Y81.384 E5.75317
G1 X91.501 Y80.8 E5.81792
G1 X92.748 Y80.295 E5.88263
G1 X94.026 Y79.871 E5.94739
G1 X95.328 Y79.53 E6.01212
G1 X96.649 Y79.272 E6.07686
G1 X97.984 Y79.1 E6.1416
G1 X99.327 Y79.014 E6.20633
G1 X100.673 Y79.014 E6.27107
G1 X102.016 Y79.1 E6.3358
G1 X103.351 Y79.272 E6.40054
G1 X104.672 Y79.53 E6.46528
G1 X105.974 Y79.871 E6.53001
G1 X107.252 Y80.295 E6.59477
G1 X108.499 Y80.8 E6.65948
G1 X109.712 Y81.384 E6.72423
G1 X110.885 Y82.045 E6.78899
G1 X112.013 Y82.779 E6.85372
G1 X113.091 Y83.584 E6.91843
G1 X114.116 Y84.457 E6.98319
G1 X115.083 Y85.393 E7.04792
G1 X115.988 Y86.389 E7.11265
G1 X116.827 Y87.442 E7.17741
G1 X117.597 Y88.546 E7.24215
G1 X118.295 Y89.697 E7.30689
G1 X118.917 Y90.89 E7.3716
G1 X119.462 Y92.121 E7.43635
G1 X119.927 Y93.384 E7.50108
G1 X120.31 Y94.674 E7.5658
G1 X120.61 Y95.986 E7.63053
G1 X120.824 Y97.315 E7.69527
G1 X120.954 Y98.655 E7.76002
G1 X120.997 Y100 E7.82474
G1 X120.954 Y101.345 E7.88946
G1 X120.824 Y102.685 E7.95421
G1 X120.61 Y104.014 E8.01895
G1 X120.31 Y105.326 E8.08368
G1 X119.927 Y106.616 E8.1484
G1 X119.462 Y107.879 E8.21313
G1 X118.917 Y109.11 E8.27788
G1 X118.308 Y110.279 E8.34128
G1 X117.949 Y110.131 F7800
G1 F3600
G1 X117.274 Y111.244 E8.40389
G1 X116.518 Y112.328 E8.46745
G1 X115.694 Y113.361 E8.531
G1 X114.806 Y114.339 E8.59454
G1 X113.857 Y115.258 E8.65808
G1 X112.851 Y116.114 E8.72161
G1 X111.792 Y116.905 E8.78518
G1 X110.685 Y117.625 E8.84869
G1 X109.533 Y118.274 E8.91228
G1 X108.343 Y118.847 E8.9758
G1 X107.118 Y119.343 E9.03936
G1 X105.864 Y119.759 E9.10291
G1 X104.586 Y120.094 E9.16645
G1 X103.29 Y120.347 E9.22996
G1 X101.979 Y120.516 E9.29354
G1 X100.661 Y120.6 E9.35706
G1 X99.339 Y120.6 E9.42064
G1 X98.021 Y120.516 E9.48416
G1 X96.711 Y120.347 E9.54769
G1 X95.414 Y120.094 E9.61125
G1 X94.136 Y119.759 E9.67479
G1 X92.882 Y119.343 E9.73834
G1 X91.657 Y118.847 E9.8019
G1 X90.467 Y118.274 E9.86542
G1 X89.315 Y117.625 E9.92901
G1 X88.208 Y116.905 E9.99252
G1 X87.149 Y116.114 E10.05609
G1 X86.143 Y115.258 E10.11962
G1 X85.194 Y114.339 E10.18316
G1 X84.306 Y113.361 E10.2467
G1 X83.482 Y112.328 E10.31025
G1 X82.726 Y111.244 E10.37381
G1 X82.041 Y110.114 E10.43737
G1 X81.43 Y108.943 E10.5009
G1 X80.895 Y107.735 E10.56444
G1 X80.439 Y106.495 E10.62798
G1 X80.063 Y105.228 E10.69155
G1 X79.769 Y103.94 E10.75509
G1 X79.558 Y102.636 E10.81862
G1 X79.431 Y101.321 E10.88216
G1 X79.389 Y100 E10.94573
G1 X79.431 Y98.679 E11.0093
G1 X79.558 Y97.364 E11.07284
G1 X79.769 Y96.06 E11.13637
G1 X80.063 Y94.772 E11.19991
G1 X80.439 Y93.505 E11.26348
G1 X80.895 Y92.265 E11.32702
G1 X81.43 Y91.057 E11.39056
G1 X82.041 Y89.886 E11.45409
G1 X82.726 Y88.756 E11.51765
G1 X83.482 Y87.672 E11.58121
G1 X84.306 Y86.639 E11.64476
G1 X85.194 Y85.661 E11.7083
G1 X86.143 Y84.742 E11.77184
G1 X87.149 Y83.886 E11.83537
G1 X88.208 Y83.095 E11.89894
G1 X89.315 Y82.375 E11.96245
G1 X90.467 Y81.726 E12.02604
G1 X91.657 Y81.153 E12.08956
G1 X92.882 Y80.657 E12.15312
G1 X94.136 Y80.241 E12.21667
G1 X95.414 Y79.906 E12.28021
G1 X96.71 Y79.653 E12.34372
G1 X98.021 Y79.484 E12.4073
G1 X99.339 Y79.4 E12.47082
G1 X100.661 Y79.4 E12.5344
G1 X101.979 Y79.484 E12.59792
G1 X103.289 Y79.653 E12.66145
G1 X104.586 Y79.906 E12.72501
G1 X105.864 Y80.241 E12.78855
G1 X107.118 Y80.657 E12.8521
G1 X108.343 Y81.153 E12.91566
G1 X109.533 Y81.726 E12.97918
G1 X110.685 Y82.375 E13.04277
G1 X111.792 Y83.095 E13.10628
G1 X112.851 Y83.886 E13.16985
G1 X113.857 Y84.742 E13.23338
G1 X114.806 Y85.661 E13.29692
G1 X115.694 Y86.639 E13.36046
G1 X116.518 Y87.672 E13.42401
G1 X117.274 Y88.756 E13.48757
G1 X117.959 Y89.886 E13.55113
G1 X118.57 Y91.057 E13.61466
G1 X119.105 Y92.265 E13.6782
G1 X119.561 Y93.505 E13.74174
G1 X119.937 Y94.772 E13.80531
G1 X120.231 Y96.06 E13.86885
G1 X120.442 Y97.364 E13.93238
G1 X120.569 Y98.679 E13.99592
G1 X120.611 Y100 E14.05949
G1 X120.569 Y101.321 E14.12306
G1 X120.442 Y102.636 E14.1866
G1 X120.231 Y103.94 E14.25013
G1 X119.937 Y105.228 E14.31367
G1 X119.561 Y106.495 E14.37724
G1 X119.105 Y107.735 E14.44078
G1 X118.57 Y108.943 E14.50432
G1 X117.977 Y110.078 E14.56591
G1 X117.619 Y109.931 F7800
;TYPE:External perimeter
G1 F1800
G1 X116.95 Y111.033 E14.62791
G1 X116.209 Y112.097 E14.69027
G1 X115.4 Y113.11 E14.75262
G1 X114.529 Y114.07 E14.81496
G1 X113.597 Y114.972 E14.87734
G1 X112.61 Y115.813 E14.93971
G1 X111.571 Y116.588 E15.00205
G1 X110.485 Y117.295 E15.06438
G1 X109.355 Y117.932 E15.12677
G1 X108.187 Y118.494 E15.18911
G1 X106.985 Y118.981 E15.25149
G1 X105.755 Y119.389 E15.31382
G1 X104.501 Y119.718 E15.37617
G1 X103.228 Y119.966 E15.43855
G1 X101.942 Y120.132 E15.50092
G1 X100.648 Y120.215 E15.56328
G1 X99.352 Y120.215 E15.62561
G1 X98.058 Y120.132 E15.68797
G1 X96.772 Y119.966 E15.75034
G1 X95.499 Y119.718 E15.81272
G1 X94.245 Y119.389 E15.87507
G1 X93.015 Y118.981 E15.9374
G1 X91.813 Y118.494 E15.99978
G1 X90.645 Y117.932 E16.06212
G1 X89.515 Y117.295 E16.12451
G1 X88.429 Y116.588 E16.18684
G1 X87.39 Y115.813 E16.24918
G1 X86.403 Y114.972 E16.31155
G1 X85.471 Y114.07 E16.37393
G1 X84.6 Y113.111 E16.43624
G1 X83.791 Y112.097 E16.49863
G1 X83.05 Y111.034 E16.56095
G1 X82.377 Y109.925 E16.62334
G1 X81.778 Y108.775 E16.6857
G1 X81.253 Y107.59 E16.74804
G1 X80.805 Y106.373 E16.81041
G1 X80.436 Y105.13 E16.87277
G1 X80.148 Y103.866 E16.93512
G1 X79.941 Y102.586 E16.99748
G1 X79.816 Y101.296 E17.05982
G1 X79.775 Y100 E17.12218
G1 X79.816 Y98.704 E17.18454
G1 X79.941 Y97.414 E17.24688
G1 X80.148 Y96.134 E17.30924
G1 X80.436 Y94.87 E17.37159
G1 X80.805 Y93.627 E17.43395
G1 X81.253 Y92.41 E17.49632
G1 X81.778 Y91.225 E17.55866
G1 X82.377 Y90.075 E17.62102
G1 X83.05 Y88.967 E17.68337
G1 X83.791 Y87.903 E17.74573
G1 X84.6 Y86.89 E17.80808
G1 X85.471 Y85.93 E17.87042
G1 X86.403 Y85.028 E17.9328
G1 X87.39 Y84.187 E17.99517
G1 X88.429 Y83.412 E18.05751
G1 X89.515 Y82.705 E18.11984
G1 X90.645 Y82.068 E18.18223
G1 X91.813 Y81.506 E18.24457
G1 X93.015 Y81.019 E18.30695
G1 X94.245 Y80.611 E18.36928
G1 X95.499 Y80.282 E18.43163
G1 X96.772 Y80.034 E18.49401
G1 X98.058 Y79.868 E18.55638
G1 X99.352 Y79.785 E18.61874
G1 X100.648 Y79.785 E18.68107
G1 X101.942 Y79.868 E18.74343
G1 X103.228 Y80.034 E18.8058
G1 X104.501 Y80.282 E18.86818
G1 X105.755 Y80.611 E18.93053
G1 X106.985 Y81.019 E18.99286
G1 X108.187 Y81.506 E19.05524
G1 X109.355 Y82.068 E19.11758
G1 X110.485 Y82.705 E19.17997
G1 X111.571 Y83.412 E19.2423
G1 X112.61 Y84.187 E19.30464
G1 X113.597 Y85.028 E19.36701
G1 X114.529 Y85.93 E19.42939
G1 X115.4 Y86.89 E19.49173
G1 X116.209 Y87.903 E19.55408
G1 X116.95 Y88.966 E19.6164
G1 X117.623 Y90.075 E19.67879
G1 X118.222 Y91.225 E19.74115
G1 X118.747 Y92.41 E19.80349
G1 X119.195 Y93.627 E19.86586
G1 X119.564 Y94.87 E19.92822
G1 X119.852 Y96.134 E19.99057
G1 X120.059 Y97.414 E20.05293
G1 X120.184 Y98.704 E20.11527
G1 X120.225 Y100 E20.17763
G1 X120.184 Y101.296 E20.23999
G1 X120.059 Y102.586 E20.30233
G1 X119.852 Y103.866 E20.36469
G1 X119.564 Y105.13 E20.42704
G1 X119.195 Y106.373 E20.4894
G1 X118.747 Y107.59 E20.55177
G1 X118.222 Y108.775 E20.61411
G1 X117.647 Y109.878 E20.67394
G1 X117.442 Y110.222 F7800
G1 E18.67394 F2400
G92 E0
G1 X124.004 Y124.004 F7800
G1 E2 F2400
;TYPE:Perimeter
G1 F3600
G1 X75.996 Y124.004 E4.30902
G1 X75.996 Y75.996 E6.61804
G1 X124.004 Y75.996 E8.92706
G1 X124.004 Y123.944 E11.23319
G1 X124.389 Y124.389 F7800
G1 F3600
G1 X75.611 Y124.389 E13.57924
G1 X75.611 Y75.611 E15.92529
G1 X124.389 Y75.611 E18.27134
G1 X124.389 Y124.329 E20.61451
G1 X124.775 Y124.775 F7800
;TYPE:External perimeter
G1 F1800
G1 X75.225 Y124.775 E22.99769
G1 X75.225 Y75.225 E25.38087
G1 X124.775 Y75.225 E27.76405
G1 X124.775 Y124.715 E30.14435
G1 X124.379 Y124.774 F7800
G1 E28.14435 F2400
G92 E0
G1 X123.715 Y121.401 F7800
G1 E2 F2400
;TYPE:Internal infill
;WIDTH:0.45
G1 F4800
G1 X123.715 Y123.715 E2.1113
G1 X115.044 Y115.044 E2.70109
G1 X116.387 Y113.574 E2.79686
G1 X123.715 Y111.611 E3.16174
G1 X123.715 Y107.354 E3.36649
G1 X120.806 Y104.445 E3.56436
G1 X121.105 Y102.759 E3.64672
G1 X121.239 Y101.401 E3.71235
G1 X121.275 Y100.288 E3.76591
G1 X123.715 Y99.634 E3.88741
G1 X123.715 Y100.891 E3.94787
G1 X117.599 Y123.715 E5.08436
G1 X115.285 Y123.715 E5.19566
G1 E3.19566 F2400
G92 E0
G1 X108.714 Y119.417 F7800
G1 E2 F2400
G1 F4800
G1 X106.553 Y120.24 E2.11122
G1 X105.622 Y123.715 E2.28425
G1 X107.354 Y123.715 E2.36755
G1 X104.448 Y120.809 E2.56521
G1 X102.164 Y121.172 E2.67644
G1 E.67644 F2400
G92 E0
G1 X83.983 Y123.715 F7800
G1 E2 F2400
G1 F4800
G1 X81.669 Y123.715 E2.1113
G1 X84.205 Y114.25 E2.58259
G1 X82.92 Y112.701 E2.67939
G1 X81.723 Y110.886 E2.78396
G1 X76.285 Y112.343 E3.05473
G1 X76.285 Y109.006 E3.21523
G1 X90.994 Y123.715 E4.21572
G1 X93.646 Y123.715 E4.34327
G1 X94.493 Y120.551 E4.50081
G1 X92.587 Y119.951 E4.59692
G1 X78.542 Y123.715 E5.29627
G1 X76.285 Y123.715 E5.40482
G1 X76.285 Y123.658 E5.40756
G1 E3.40756 F2400
G92 E0
G1 X76.285 Y78.599 F7800
G1 E2 F2400
G1 F4800
G1 X76.285 Y76.285 E2.1113
G1 X84.955 Y84.955 E2.70102
G1 X83.616 Y86.425 E2.79666
G1 X76.285 Y88.389 E3.16169
G1 X76.285 Y92.646 E3.36644
G1 X79.195 Y95.555 E3.56434
G1 X78.885 Y97.315 E3.65029
G1 X78.761 Y98.599 E3.71233
G1 X78.725 Y99.712 E3.76589
G1 X76.285 Y100.366 E3.88739
G1 X76.285 Y99.109 E3.94785
G1 X82.401 Y76.285 E5.08434
G1 X84.715 Y76.285 E5.19564
G1 E3.19564 F2400
G92 E0
G1 X91.287 Y80.585 F7800
G1 E2 F2400
G1 F4800
G1 X92.614 Y80.038 E2.06903
G1 X93.447 Y79.76 E2.11127
G1 X94.378 Y76.285 E2.2843
G1 X92.646 Y76.285 E2.3676
G1 X95.552 Y79.191 E2.56526
G1 X97.836 Y78.828 E2.67649
G1 E.67649 F2400
G92 E0
G1 X116.017 Y76.285 F7800
G1 E2 F2400
G1 F4800
G1 X118.331 Y76.285 E2.1113
G1 X115.795 Y85.75 E2.58259
G1 X117.08 Y87.299 E2.67939
G1 X118.277 Y89.114 E2.78396
G1 X123.715 Y87.657 E3.05473
G1 X123.715 Y90.994 E3.21523
G1 X109.006 Y76.285 E4.21572
G1 X106.354 Y76.285 E4.34327
G1 X105.507 Y79.449 E4.50081
G1 X107.413 Y80.049 E4.59692
G1 X121.458 Y76.285 E5.29627
G1 X123.715 Y76.285 E5.40482
G1 X123.715 Y76.342 E5.40756
G1 E3.40756 F2400
G92 E0
G92 E0
G1 X100.6 Y81.007 F7800
G1 E2 F2400
;TYPE:Perimeter
;WIDTH:0.45
G1 F3600
G1 X100.609 Y81.007 E2.00043
G1 X101.825 Y81.085 E2.05904
G1 X103.033 Y81.24 E2.11762
G1 X104.229 Y81.473 E2.17622
G1 X105.407 Y81.782 E2.23479
G1 X106.563 Y82.166 E2.29338
G1 X107.692 Y82.623 E2.35196
G1 X108.79 Y83.152 E2.41058
G1 X109.851 Y83.75 E2.46916
G1 X110.872 Y84.414 E2.52774
G1 X111.848 Y85.143 E2.58633
G1 X112.776 Y85.932 E2.64492
G1 X113.651 Y86.78 E2.70353
G1 X114.47 Y87.682 E2.76213
G1 X115.229 Y88.634 E2.82069
G1 X115.926 Y89.633 E2.87928
G1 X116.558 Y90.675 E2.93789
G1 X117.121 Y91.755 E2.99647
G1 X117.614 Y92.869 E3.05506
G1 X118.035 Y94.012 E3.11364
G1 X118.382 Y95.18 E3.17224
G1 X118.653 Y96.367 E3.2308
G1 X118.847 Y97.57 E3.28941
G1 X118.964 Y98.782 E3.34797
G1 X119.003 Y100 E3.40658
G1 X118.964 Y101.218 E3.46519
G1 X118.847 Y102.43 E3.52375
G1 X118.653 Y103.633 E3.58236
G1 X118.382 Y104.82 E3.64092
G1 X118.035 Y105.988 E3.69952
G1 X117.614 Y107.131 E3.7581
G1 X117.121 Y108.245 E3.81669
G1 X116.558 Y109.325 E3.87527
G1 X115.926 Y110.367 E3.93388
G1 X115.229 Y111.366 E3.99247
G1 X114.47 Y112.318 E4.05103
G1 X113.651 Y113.22 E4.10963
G1 X112.776 Y114.068 E4.16824
G1 X111.848 Y114.857 E4.22683
G1 X110.872 Y115.586 E4.28542
G1 X109.851 Y116.25 E4.344
G1 X108.79 Y116.848 E4.40258
G1 X107.692 Y117.377 E4.4612
G1 X106.563 Y117.834 E4.51978
G1 X105.407 Y118.218 E4.57837
G1 X104.229 Y118.527 E4.63694
G1 X103.033 Y118.76 E4.69554
G1 X101.825 Y118.915 E4.75412
G1 X100.609 Y118.993 E4.81273
G1 X99.391 Y118.993 E4.87131
G1 X98.175 Y118.915 E4.92992
G1 X96.967 Y118.76 E4.9885
G1 X95.771 Y118.527 E5.0471
G1 X94.593 Y118.218 E5.10567
G1 X93.437 Y117.834 E5.16426
G1 X92.308 Y117.377 E5.22284
G1 X91.21 Y116.848 E5.28146
G1 X90.149 Y116.25 E5.34004
G1 X89.128 Y115.586 E5.39862
G1 X88.152 Y114.857 E5.45721
G1 X87.224 Y114.068 E5.5158
G1 X86.349 Y113.22 E5.57441
G1 X85.53 Y112.318 E5.63301
G1 X84.771 Y111.366 E5.69157
G1 X84.074 Y110.367 E5.75016
G1 X83.442 Y109.325 E5.80877
G1 X82.879 Y108.245 E5.86735
G1 X82.386 Y107.131 E5.92594
G1 X81.965 Y105.988 E5.98452
G1 X81.618 Y104.82 E6.04312
G1 X81.347 Y103.633 E6.10168
G1 X81.153 Y102.43 E6.16029
G1 X81.036 Y101.218 E6.21885
G1 X80.997 Y100 E6.27746
G1 X81.036 Y98.782 E6.33607
G1 X81.153 Y97.57 E6.39463
G1 X81.347 Y96.367 E6.45324
G1 X81.618 Y95.18 E6.5118
G1 X81.965 Y94.012 E6.5704
G1 X82.386 Y92.869 E6.62898
G1 X82.879 Y91.755 E6.68757
G1 X83.442 Y90.675 E6.74615
G1 X84.074 Y89.633 E6.80476
G1 X84.771 Y88.634 E6.86335
G1 X85.53 Y87.682 E6.92191
G1 X86.349 Y86.78 E6.98051
G1 X87.224 Y85.932 E7.03912
G1 X88.152 Y85.143 E7.09771
G1 X89.128 Y84.414 E7.1563
G1 X90.149 Y83.75 E7.21488
G1 X91.21 Y83.152 E7.27346
G1 X92.308 Y82.623 E7.33208
G1 X93.437 Y82.166 E7.39066
G1 X94.593 Y81.782 E7.44925
G1 X95.771 Y81.473 E7.50782
G1 X96.967 Y81.24 E7.56642
G1 X98.175 Y81.085 E7.625
G1 X99.391 Y81.007 E7.68361
G1 X100.54 Y81.007 E7.73887
G1 X100.624 Y80.621 F7800
G1 F3600
G1 X101.862 Y80.701 E7.79854
G1 X103.094 Y80.859 E7.85828
G1 X104.314 Y81.097 E7.91806
G1 X105.517 Y81.412 E7.97787
G1 X106.696 Y81.804 E8.03763
G1 X107.848 Y82.27 E8.0974
G1 X108.968 Y82.81 E8.1572
G1 X110.051 Y83.42 E8.21698
G1 X111.093 Y84.098 E8.27677
G1 X112.089 Y84.841 E8.33653
G1 X113.035 Y85.647 E8.3963
G1 X113.928 Y86.511 E8.45606
G1 X114.764 Y87.431 E8.51585
G1 X115.539 Y88.403 E8.57564
G1 X116.25 Y89.423 E8.63544
G1 X116.894 Y90.485 E8.69518
G1 X117.469 Y91.587 E8.75496
G1 X117.972 Y92.724 E8.81476
G1 X118.401 Y93.89 E8.87452
G1 X118.755 Y95.082 E8.93433
G1 X119.032 Y96.294 E8.99413
G1 X119.23 Y97.521 E9.05391
G1 X119.349 Y98.758 E9.11368
G1 X119.389 Y100 E9.17345
G1 X119.349 Y101.242 E9.23322
G1 X119.23 Y102.479 E9.29299
G1 X119.032 Y103.706 E9.35277
G1 X118.755 Y104.918 E9.41257
G1 X118.401 Y106.11 E9.47238
G1 X117.972 Y107.276 E9.53214
G1 X117.469 Y108.413 E9.59194
G1 X116.894 Y109.515 E9.65172
G1 X116.25 Y110.577 E9.71146
G1 X115.539 Y111.597 E9.77126
G1 X114.764 Y112.569 E9.83105
G1 X113.928 Y113.489 E9.89084
G1 X113.035 Y114.353 E9.9506
G1 X112.089 Y115.159 E10.01037
G1 X111.093 Y115.902 E10.07013
G1 X110.051 Y116.58 E10.12992
G1 X108.968 Y117.19 E10.1897
G1 X107.848 Y117.73 E10.2495
G1 X106.696 Y118.196 E10.30927
G1 X105.517 Y118.588 E10.36903
G1 X104.314 Y118.903 E10.42884
G1 X103.094 Y119.141 E10.48862
G1 X101.862 Y119.299 E10.54836
G1 X100.621 Y119.379 E10.60817
G1 X99.379 Y119.379 E10.66791
G1 X98.138 Y119.299 E10.72772
G1 X96.906 Y119.141 E10.78746
G1 X95.686 Y118.903 E10.84724
G1 X94.483 Y118.588 E10.90705
G1 X93.304 Y118.196 E10.96681
G1 X92.152 Y117.73 E11.02658
G1 X91.032 Y117.19 E11.08638
G1 X89.949 Y116.58 E11.14616
G1 X88.907 Y115.902 E11.20595
G1 X87.911 Y115.159 E11.26571
G1 X86.965 Y114.353 E11.32548
G1 X86.072 Y113.489 E11.38524
G1 X85.236 Y112.569 E11.44503
G1 X84.461 Y111.597 E11.50482
G1 X83.75 Y110.577 E11.56462
G1 X83.106 Y109.515 E11.62436
G1 X82.531 Y108.413 E11.68414
G1 X82.028 Y107.276 E11.74394
G1 X81.599 Y106.11 E11.8037
G1 X81.245 Y104.918 E11.86351
G1 X80.968 Y103.706 E11.92331
G1 X80.77 Y102.479 E11.98309
G1 X80.651 Y101.242 E12.04286
G1 X80.611 Y100 E12.10263
G1 X80.651 Y98.758 E12.1624
G1 X80.77 Y97.521 E12.22217
G1 X80.968 Y96.294 E12.28195
G1 X81.245 Y95.082 E12.34175
G1 X81.599 Y93.89 E12.40156
G1 X82.028 Y92.724 E12.46132
G1 X82.531 Y91.587 E12.52112
G1 X83.106 Y90.485 E12.5809
G1 X83.75 Y89.423 E12.64064
G1 X84.461 Y88.403 E12.70044
G1 X85.236 Y87.431 E12.76023
G1 X86.072 Y86.511 E12.82002
G1 X86.965 Y85.647 E12.87978
G1 X87.911 Y84.841 E12.93955
G1 X88.907 Y84.098 E12.99931
G1 X89.949 Y83.42 E13.0591
G1 X91.032 Y82.81 E13.11888
G1 X92.152 Y82.27 E13.17868
G1 X93.304 Y81.804 E13.23845
G1 X94.483 Y81.412 E13.29821
G1 X95.686 Y81.097 E13.35802
G1 X96.906 Y80.859 E13.4178
G1 X98.138 Y80.701 E13.47754
G1 X99.379 Y80.621 E13.53735
G1 X100.564 Y80.621 E13.59434
G1 X100.649 Y80.236 F7800
;TYPE:External perimeter
G1 F1800
G1 X101.899 Y80.316 E13.65458
G1 X103.156 Y80.479 E13.71554
G1 X104.4 Y80.721 E13.77649
G1 X105.626 Y81.042 E13.83744
G1 X106.83 Y81.442 E13.89846
G1 X108.005 Y81.918 E13.95943
G1 X109.147 Y82.468 E14.02039
G1 X110.251 Y83.09 E14.08134
G1 X111.314 Y83.781 E14.14232
G1 X112.329 Y84.539 E14.20325
G1 X113.295 Y85.361 E14.26426
G1 X114.205 Y86.243 E14.32521
G1 X115.058 Y87.181 E14.38619
G1 X115.848 Y88.172 E14.44715
G1 X116.573 Y89.212 E14.50813
G1 X117.23 Y90.296 E14.5691
G1 X117.817 Y91.42 E14.63009
G1 X118.33 Y92.579 E14.69105
G1 X118.767 Y93.769 E14.75202
G1 X119.128 Y94.984 E14.81298
G1 X119.41 Y96.22 E14.87395
G1 X119.613 Y97.471 E14.93491
G1 X119.734 Y98.733 E14.99589
G1 X119.775 Y100 E15.05686
G1 X119.734 Y101.267 E15.11783
G1 X119.613 Y102.529 E15.17881
G1 X119.41 Y103.78 E15.23977
G1 X119.128 Y105.016 E15.30074
G1 X118.767 Y106.231 E15.3617
G1 X118.33 Y107.421 E15.42267
G1 X117.817 Y108.58 E15.48363
G1 X117.23 Y109.704 E15.54462
G1 X116.573 Y110.788 E15.60559
G1 X115.848 Y111.828 E15.66657
G1 X115.058 Y112.819 E15.72753
G1 X114.205 Y113.757 E15.78851
G1 X113.295 Y114.639 E15.84946
G1 X112.329 Y115.461 E15.91047
G1 X111.314 Y116.219 E15.9714
G1 X110.251 Y116.91 E16.03238
G1 X109.147 Y117.532 E16.09333
G1 X108.005 Y118.082 E16.15429
G1 X106.83 Y118.558 E16.21526
G1 X105.626 Y118.958 E16.27628
G1 X104.4 Y119.279 E16.33723
G1 X103.156 Y119.521 E16.39818
G1 X101.899 Y119.684 E16.45914
G1 X100.634 Y119.765 E16.52011
G1 X99.366 Y119.765 E16.5811
G1 X98.101 Y119.684 E16.64207
G1 X96.844 Y119.521 E16.70303
G1 X95.6 Y119.279 E16.76398
G1 X94.374 Y118.958 E16.82493
G1 X93.17 Y118.558 E16.88595
G1 X91.995 Y118.082 E16.94692
G1 X90.853 Y117.532 E17.00788
G1 X89.749 Y116.91 E17.06883
G1 X88.686 Y116.219 E17.12981
G1 X87.671 Y115.461 E17.19074
G1 X86.705 Y114.639 E17.25175
G1 X85.795 Y113.757 E17.3127
G1 X84.942 Y112.819 E17.37368
G1 X84.152 Y111.828 E17.43464
G1 X83.427 Y110.788 E17.49562
G1 X82.77 Y109.704 E17.55659
G1 X82.183 Y108.58 E17.61758
G1 X81.67 Y107.421 E17.67854
G1 X81.233 Y106.231 E17.73951
G1 X80.872 Y105.016 E17.80047
G1 X80.59 Y103.78 E17.86144
G1 X80.387 Y102.529 E17.9224
G1 X80.266 Y101.267 E17.98338
G1 X80.225 Y100 E18.04435
G1 X80.266 Y98.733 E18.10532
G1 X80.387 Y97.471 E18.1663
G1 X80.59 Y96.22 E18.22726
G1 X80.872 Y94.984 E18.28823
G1 X81.233 Y93.769 E18.34919
G1 X81.67 Y92.579 E18.41016
G1 X82.183 Y91.42 E18.47112
G1 X82.77 Y90.296 E18.53211
G1 X83.427 Y89.212 E18.59308
G1 X84.152 Y88.172 E18.65406
G1 X84.942 Y87.181 E18.71502
G1 X85.795 Y86.243 E18.776
G1 X86.705 Y85.361 E18.83695
G1 X87.671 Y84.539 E18.89796
G1 X88.686 Y83.781 E18.95889
G1 X89.749 Y83.09 E19.01987
G1 X90.853 Y82.468 E19.08082
G1 X91.995 Y81.918 E19.14178
G1 X93.17 Y81.442 E19.20275
G1 X94.374 Y81.042 E19.26377
G1 X95.6 Y80.721 E19.32472
G1 X96.844 Y80.479 E19.38567
G1 X98.101 Y80.316 E19.44663
G1 X99.366 Y80.235 E19.5076
G1 X100.589 Y80.235 E19.56642
G1 X100.988 Y80.258 F7800
G1 E17.56642 F2400
G92 E0
G1 X95.512 Y81.84 F7800
G1 E2 F2400
;TYPE:Internal infill
;WIDTH:0.45
G1 F4800
G1 X97.013 Y81.526 E2.07376
G1 X97.787 Y81.426 E2.1113
G1 X118.577 Y102.217 E3.52545
G1 X118.682 Y100.982 E3.58506
G1 X84.307 Y110.193 E5.29671
G1 X85.019 Y111.213 E5.35654
G1 X92.631 Y82.804 E6.77111
G1 X91.344 Y83.408 E6.83949
G1 X90.567 Y83.846 E6.88239
G1 E4.88239 F2400
G92 E0
G1 X87.007 Y86.545 F7800
G1 E2 F2400
G1 F4800
G1 X88.766 Y85.045 E2.11119
G1 X102.253 Y81.431 E2.78275
G1 X102.987 Y81.526 E2.81835
G1 X104.841 Y81.933 E2.90964
G1 X95.159 Y118.067 E4.70887
G1 X97.013 Y118.474 E4.80016
G1 X97.747 Y118.569 E4.83576
G1 X111.234 Y114.955 E5.50732
G1 X112.581 Y113.853 E5.59102
G1 X113.228 Y113.228 E5.63429
G1 X86.772 Y86.772 E7.4338
G1 X85.75 Y87.869 E7.50591
G1 X85.243 Y88.506 E7.54507
G1 E5.54507 F2400
G92 E0
G1 X104.488 Y118.16 F7800
G1 E2 F2400
G1 F4800
G1 X102.987 Y118.474 E2.07376
G1 X102.213 Y118.574 E2.1113
G1 X81.423 Y97.783 E3.52545
G1 X81.318 Y99.018 E3.58506
G1 X115.693 Y89.807 E5.29671
G1 X114.981 Y88.787 E5.35654
G1 X107.369 Y117.196 E6.77111
G1 X108.656 Y116.592 E6.83949
G1 X109.433 Y116.154 E6.88239
;LAYER_CHANGE
;Z:8.15
;HEIGHT:0.3
G1 E4.88239 F2400
G92 E0
G1 Z8.15 F7800
G92 E0
G1 X118.278 Y110.331
G1 E2 F2400
;TYPE:Perimeter
;WIDTH:0.45
G1 F3600
G1 X117.597 Y111.454 E2.06317
G1 X116.827 Y112.558 E2.12791
G1 X115.988 Y113.611 E2.19267
G1 X115.083 Y114.607 E2.2574
G1 X114.116 Y115.543 E2.32213
G1 X113.091 Y116.416 E2.38689
G1 X112.013 Y117.221 E2.4516
G1 X110.885 Y117.955 E2.51633
G1 X109.712 Y118.616 E2.58109
G1 X108.499 Y119.2 E2.64584
G1 X107.252 Y119.705 E2.71055
G1 X105.974 Y120.129 E2.77531
G1 X104.672 Y120.47 E2.84004
G1 X103.351 Y120.728 E2.90478
G1 X102.016 Y120.9 E2.96952
G1 X100.673 Y120.986 E3.03425
G1 X99.327 Y120.986 E3.09899
G1 X97.984 Y120.9 E3.16372
G1 X96.649 Y120.728 E3.22846
G1 X95.328 Y120.47 E3.2932
G1 X94.026 Y120.129 E3.35793
G1 X92.748 Y119.705 E3.42269
G1 X91.501 Y119.2 E3.4874
G1 X90.288 Y118.616 E3.55215
G1 X89.115 Y117.955 E3.61691
G1 X87.987 Y117.221 E3.68164
G1 X86.909 Y116.416 E3.74635
G1 X85.884 Y115.543 E3.81111
G1 X84.917 Y114.607 E3.87584
G1 X84.012 Y113.611 E3.94057
G1 X83.173 Y112.558 E4.00533
G1 X82.403 Y111.454 E4.07007
G1 X81.705 Y110.303 E4.13481
G1 X81.083 Y109.11 E4.19952
G1 X80.538 Y107.879 E4.26427
G1 X80.073 Y106.616 E4.329
G1 X79.69 Y105.326 E4.39372
G1 X79.39 Y104.014 E4.45845
G1 X79.176 Y102.685 E4.52319
G1 X79.046 Y101.345 E4.58794
G1 X79.003 Y100 E4.65266
G1 X79.046 Y98.655 E4.71738
G1 X79.176 Y97.315 E4.78213
G1 X79.39 Y95.986 E4.84687
G1 X79.69 Y94.674 E4.9116
G1 X80.073 Y93.384 E4.97632
G1 X80.538 Y92.121 E5.04105
G1 X81.083 Y90.89 E5.1058
G1 X81.705 Y89.697 E5.17051
G1 X82.403 Y88.546 E5.23525
G1 X83.173 Y87.442 E5.29999
G1 X84.012 Y86.389 E5.36475
G1 X84.917 Y85.393 E5.42948
G1 X85.884 Y84.457 E5.49421
G1 X86.909 Y83.584 E5.55897
G1 X87.987 Y82.779 E5.62368
G1 X89.115 Y82.045 E5.68841
G1 X90.288 Y81.384 E5.75317
G1 X91.501 Y80.8 E5.81792
G1 X92.748 Y80.295 E5.88263
G1 X94.026 Y79.871 E5.94739
G1 X95.328 Y79.53 E6.01212
G1 X96.649 Y79.272 E6.07686
G1 X97.984 Y79.1 E6.1416
G1 X99.327 Y79.014 E6.20633
G1 X100.673 Y79.014 E6.27107
G1 X102.016 Y79.1 E6.3358
G1 X103.351 Y79.272 E6.40054
G1 X104.672 Y79.53 E6.46528
G1 X105.974 Y79.871 E6.53001
G1 X107.252 Y80.295 E6.59477
G1 X108.499 Y80.8 E6.65948
G1 X109.712 Y81.384 E6.72423
G1 X110.885 Y82.045 E6.78899
G1 X112.013 Y82.779 E6.85372
G1 X113.091 Y83.584 E6.91843
G1 X114.116 Y84.457 E6.98319
G1 X115.083 Y85.393 E7.04792
G1 X115.988 Y86.389 E7.11265
G1 X116.827 Y87.442 E7.17741
G1 X117.597 Y88.546 E7.24215
G1 X118.295 Y89.697 E7.30689
G1 X118.917 Y90.89 E7.3716
G1 X119.462 Y92.121 E7.43635
G1 X119.927 Y93.384 E7.50108
G1 X120.31 Y94.674 E7.5658
G1 X120.61 Y95.986 E7.63053
G1 X120.824 Y97.315 E7.69527
G1 X120.954 Y98.655 E7.76002
G1 X120.997 Y100 E7.82474
G1 X120.954 Y101.345 E7.88946
G1 X120.824 Y102.685 E7.95421
G1 X120.61 Y104.014 E8.01895
G1 X120.31 Y105.326 E8.08368
G1 X119.927 Y106.616 E8.1484
G1 X119.462 Y107.879 E8.21313
G1 X118.917 Y109.11 E8.27788
G1 X118.308 Y110.279 E8.34128
G1 X117.949 Y110.131 F7800
G1 F3600
G1 X117.274 Y111.244 E8.40389
G1 X116.518 Y112.328 E8.46745
G1 X115.694 Y113.361 E8.531
G1 X114.806 Y114.339 E8.59454
G1 X113.857 Y115.258 E8.65808
G1 X112.851 Y116.114 E8.72161
G1 X111.792 Y116.905 E8.78518
G1 X110.685 Y117.625 E8.84869
G1 X109.533 Y118.274 E8.91228
G1 X108.343 Y118.847 E8.9758
G1 X107.118 Y119.343 E9.03936
G1 X105.864 Y119.759 E9.10291
G1 X104.586 Y120.094 E9.16645
G1 X103.29 Y120.347 E9.22996
G1 X101.979 Y120.516 E9.29354
G1 X100.661 Y120.6 E9.35706
G1 X99.339 Y120.6 E9.42064
G1 X98.021 Y120.516 E9.48416
G1 X96.71 Y120.347 E9.54774
G1 X95.414 Y120.094 E9.61125
G1 X94.136 Y119.759 E9.67479
G1 X92.882 Y119.343 E9.73834
G1 X91.657 Y118.847 E9.8019
G1 X90.467 Y118.274 E9.86542
G1 X89.315 Y117.625 E9.92901
G1 X88.208 Y116.905 E9.99252
G1 X87.149 Y116.114 E10.05609
G1 X86.143 Y115.258 E10.11962
G1 X85.194 Y114.339 E10.18316
G1 X84.306 Y113.361 E10.2467
G1 X83.482 Y112.328 E10.31025
G1 X82.726 Y111.244 E10.37381
G1 X82.041 Y110.114 E10.43737
G1 X81.43 Y108.943 E10.5009
G1 X80.895 Y107.735 E10.56444
G1 X80.439 Y106.495 E10.62798
G1 X80.063 Y105.228 E10.69155
G1 X79.769 Y103.94 E10.75509
G1 X79.558 Y102.636 E10.81862
G1 X79.431 Y101.321 E10.88216
G1 X79.389 Y100 E10.94573
G1 X79.431 Y98.679 E11.0093
G1 X79.558 Y97.364 E11.07284
G1 X79.769 Y96.06 E11.13637
G1 X80.063 Y94.772 E11.19991
G1 X80.439 Y93.505 E11.26348
G1 X80.895 Y92.265 E11.32702
G1 X81.43 Y91.057 E11.39056
G1 X82.041 Y89.886 E11.45409
G1 X82.726 Y88.756 E11.51765
G1 X83.482 Y87.672 E11.58121
G1 X84.306 Y86.639 E11.64476
G1 X85.194 Y85.661 E11.7083
G1 X86.143 Y84.742 E11.77184
G1 X87.149 Y83.886 E11.83537
G1 X88.208 Y83.095 E11.89894
G1 X89.315 Y82.375 E11.96245
G1 X90.467 Y81.726 E12.02604
G1 X91.657 Y81.153 E12.08956
G1 X92.882 Y80.657 E12.15312
G1 X94.136 Y80.241 E12.21667
G1 X95.414 Y79.906 E12.28021
G1 X96.71 Y79.653 E12.34372
G1 X98.021 Y79.484 E12.4073
G1 X99.339 Y79.4 E12.47082
G1 X100.661 Y79.4 E12.5344
G1 X101.979 Y79.484 E12.59792
G1 X103.289 Y79.653 E12.66145
G1 X104.586 Y79.906 E12.72501
G1 X105.864 Y80.241 E12.78855
G1 X107.118 Y80.657 E12.8521
G1 X108.343 Y81.153 E12.91566
G1 X109.533 Y81.726 E12.97918
G1 X110.685 Y82.375 E13.04277
G1 X111.792 Y83.095 E13.10628
G1 X112.851 Y83.886 E13.16985
G1 X113.857 Y84.742 E13.23338
G1 X114.806 Y85.661 E13.29692
G1 X115.694 Y86.639 E13.36046
G1 X116.518 Y87.672 E13.42401
G1 X117.274 Y88.756 E13.48757
G1 X117.959 Y89.886 E13.55113
G1 X118.57 Y91.057 E13.61466
G1 X119.105 Y92.265 E13.6782
G1 X119.561 Y93.505 E13.74174
G1 X119.937 Y94.772 E13.80531
G1 X120.231 Y96.06 E13.86885
G1 X120.442 Y97.364 E13.93238
G1 X120.569 Y98.679 E13.99592
G1 X120.611 Y100 E14.05949
G1 X120.569 Y101.321 E14.12306
G1 X120.442 Y102.636 E14.1866
G1 X120.231 Y103.94 E14.25013
G1 X119.937 Y105.228 E14.31367
G1 X119.561 Y106.495 E14.37724
G1 X119.105 Y107.735 E14.44078
G1 X118.57 Y108.943 E14.50432
G1 X117.977 Y110.078 E14.56591
G1 X117.619 Y109.931 F7800
;TYPE:External perimeter
G1 F1800
G1 X116.95 Y111.033 E14.62791
G1 X116.209 Y112.097 E14.69027
G1 X115.4 Y113.11 E14.75262
G1 X114.529 Y114.07 E14.81496
G1 X113.597 Y114.972 E14.87734
G1 X112.61 Y115.813 E14.93971
G1 X111.571 Y116.588 E15.00205
G1 X110.485 Y117.295 E15.06438
G1 X109.355 Y117.932 E15.12677
G1 X108.187 Y118.494 E15.18911
G1 X106.985 Y118.981 E15.25149
G1 X105.755 Y119.389 E15.31382
G1 X104.501 Y119.718 E15.37617
G1 X103.228 Y119.966 E15.43855
G1 X101.942 Y120.132 E15.50092
G1 X100.648 Y120.215 E15.56328
G1 X99.352 Y120.215 E15.62561
G1 X98.058 Y120.132 E15.68797
G1 X96.772 Y119.966 E15.75034
G1 X95.499 Y119.718 E15.81272
G1 X94.245 Y119.389 E15.87507
G1 X93.015 Y118.981 E15.9374
G1 X91.813 Y118.494 E15.99978
G1 X90.645 Y117.932 E16.06212
G1 X89.515 Y117.295 E16.12451
G1 X88.429 Y116.588 E16.18684
G1 X87.39 Y115.813 E16.24918
G1 X86.403 Y114.972 E16.31155
G1 X85.471 Y114.07 E16.37393
G1 X84.6 Y113.11 E16.43627
G1 X83.791 Y112.097 E16.49862
G1 X83.05 Y111.034 E16.56094
G1 X82.377 Y109.925 E16.62333
G1 X81.778 Y108.775 E16.68569
G1 X81.253 Y107.59 E16.74803
G1 X80.805 Y106.373 E16.8104
G1 X80.436 Y105.13 E16.87276
G1 X80.148 Y103.866 E16.93511
G1 X79.941 Y102.586 E16.99747
G1 X79.816 Y101.296 E17.05981
G1 X79.775 Y100 E17.12217
G1 X79.816 Y98.704 E17.18453
G1 X79.941 Y97.414 E17.24687
G1 X80.148 Y96.134 E17.30923
G1 X80.436 Y94.87 E17.37158
G1 X80.805 Y93.627 E17.43394
G1 X81.253 Y92.41 E17.49631
G1 X81.778 Y91.225 E17.55865
G1 X82.377 Y90.075 E17.62101
G1 X83.05 Y88.967 E17.68336
G1 X83.791 Y87.903 E17.74572
G1 X84.6 Y86.89 E17.80807
G1 X85.471 Y85.93 E17.87041
G1 X86.403 Y85.028 E17.93279
G1 X87.39 Y84.187 E17.99516
G1 X88.429 Y83.412 E18.0575
G1 X89.515 Y82.705 E18.11983
G1 X90.645 Y82.068 E18.18222
G1 X91.813 Y81.506 E18.24456
G1 X93.015 Y81.019 E18.30694
G1 X94.245 Y80.611 E18.36927
G1 X95.499 Y80.282 E18.43162
G1 X96.772 Y80.034 E18.494
G1 X98.058 Y79.868 E18.55637
G1 X99.352 Y79.785 E18.61873
G1 X100.648 Y79.785 E18.68106
G1 X101.942 Y79.868 E18.74342
G1 X103.228 Y80.034 E18.80579
G1 X104.501 Y80.282 E18.86817
G1 X105.755 Y80.611 E18.93052
G1 X106.985 Y81.019 E18.99285
G1 X108.187 Y81.506 E19.05523
G1 X109.355 Y82.068 E19.11757
G1 X110.485 Y82.705 E19.17996
G1 X111.571 Y83.412 E19.24229
G1 X112.61 Y84.187 E19.30463
G1 X113.597 Y85.028 E19.367
G1 X114.529 Y85.93 E19.42938
G1 X115.4 Y86.89 E19.49172
G1 X116.209 Y87.903 E19.55407
G1 X116.95 Y88.966 E19.61639
G1 X117.623 Y90.075 E19.67878
G1 X118.222 Y91.225 E19.74114
G1 X118.747 Y92.41 E19.80348
G1 X119.195 Y93.627 E19.86585
G1 X119.564 Y94.87 E19.92821
G1 X119.852 Y96.134 E19.99056
G1 X120.059 Y97.414 E20.05292
G1 X120.184 Y98.704 E20.11526
G1 X120.225 Y100 E20.17762
G1 X120.184 Y101.296 E20.23998
G1 X120.059 Y102.586 E20.30232
G1 X119.852 Y103.866 E20.36468
G1 X119.564 Y105.13 E20.42703
G1 X119.195 Y106.373 E20.48939
G1 X118.747 Y107.59 E20.55176
G1 X118.222 Y108.775 E20.6141
G1 X117.647 Y109.878 E20.67393
G1 X117.442 Y110.222 F7800
G1 E18.67393 F2400
G92 E0
G1 X124.004 Y124.004 F7800
G1 E2 F2400
;TYPE:Perimeter
G1 F3600
G1 X75.996 Y124.004 E4.30902
G1 X75.996 Y75.996 E6.61804
G1 X124.004 Y75.996 E8.92706
G1 X124.004 Y123.944 E11.23319
G1 X124.389 Y124.389 F7800
G1 F3600
G1 X75.611 Y124.389 E13.57924
G1 X75.611 Y75.611 E15.92529
G1 X124.389 Y75.611 E18.27134
G1 X124.389 Y124.329 E20.61451
G1 X124.775 Y124.775 F7800
;TYPE:External perimeter
G1 F1800
G1 X75.225 Y124.775 E22.99769
G1 X75.225 Y75.225 E25.38087
G1 X124.775 Y75.225 E27.76405
G1 X124.775 Y124.715 E30.14435
G1 X124.379 Y124.774 F7800
G1 E28.14435 F2400
G92 E0
G1 X123.715 Y121.401 F7800
G1 E2 F2400
;TYPE:Internal infill
;WIDTH:0.45
G1 F4800
G1 X123.715 Y123.715 E2.1113
G1 X115.044 Y115.044 E2.70109
G1 X116.387 Y113.574 E2.79686
G1 X123.715 Y111.611 E3.16174
G1 X123.715 Y107.354 E3.36649
G1 X120.806 Y104.445 E3.56436
G1 X121.105 Y102.759 E3.64672
G1 X121.239 Y101.401 E3.71235
G1 X121.275 Y100.288 E3.76591
G1 X123.715 Y99.634 E3.88741
G1 X123.715 Y100.891 E3.94787
G1 X117.599 Y123.715 E5.08436
G1 X115.285 Y123.715 E5.19566
G1 E3.19566 F2400
G92 E0
G1 X108.714 Y119.417 F7800
G1 E2 F2400
G1 F4800
G1 X106.553 Y120.24 E2.11122
G1 X105.622 Y123.715 E2.28425
G1 X107.354 Y123.715 E2.36755
G1 X104.448 Y120.809 E2.56521
G1 X102.164 Y121.172 E2.67644
G1 E.67644 F2400
G92 E0
G1 X83.983 Y123.715 F7800
G1 E2 F2400
G1 F4800
G1 X81.669 Y123.715 E2.1113
G1 X84.205 Y114.25 E2.58259
G1 X82.92 Y112.701 E2.67939
G1 X81.723 Y110.886 E2.78396
G1 X76.285 Y112.343 E3.05473
G1 X76.285 Y109.006 E3.21523
G1 X90.994 Y123.715 E4.21572
G1 X93.646 Y123.715 E4.34327
G1 X94.493 Y120.551 E4.50081
G1 X92.587 Y119.951 E4.59692
G1 X78.542 Y123.715 E5.29627
G1 X76.285 Y123.715 E5.40482
G1 X76.285 Y123.658 E5.40756
G1 E3.40756 F2400
G92 E0
G1 X76.285 Y78.599 F7800
G1 E2 F2400
G1 F4800
G1 X76.285 Y76.285 E2.1113
G1 X84.954 Y84.954 E2.70096
G1 X83.614 Y86.426 E2.7967
G1 X76.285 Y88.389 E3.16162
G1 X76.285 Y92.646 E3.36637
G1 X79.195 Y95.555 E3.56427
G1 X78.885 Y97.315 E3.65022
G1 X78.761 Y98.599 E3.71226
G1 X78.725 Y99.712 E3.76582
G1 X76.285 Y100.366 E3.88732
G1 X76.285 Y99.109 E3.94778
G1 X82.401 Y76.285 E5.08427
G1 X84.715 Y76.285 E5.19557
G1 E3.19557 F2400
G92 E0
G1 X91.287 Y80.585 F7800
G1 E2 F2400
G1 F4800
G1 X92.614 Y80.038 E2.06903
G1 X93.447 Y79.76 E2.11127
G1 X94.378 Y76.285 E2.2843
G1 X92.646 Y76.285 E2.3676
G1 X95.552 Y79.191 E2.56526
G1 X97.836 Y78.828 E2.67649
G1 E.67649 F2400
G92 E0
G1 X116.017 Y76.285 F7800
G1 E2 F2400
G1 F4800
G1 X118.331 Y76.285 E2.1113
G1 X115.795 Y85.75 E2.58259
G1 X117.08 Y87.299 E2.67939
G1 X118.277 Y89.114 E2.78396
G1 X123.715 Y87.657 E3.05473
G1 X123.715 Y90.994 E3.21523
G1 X109.006 Y76.285 E4.21572
G1 X106.354 Y76.285 E4.34327
G1 X105.507 Y79.449 E4.50081
G1 X107.413 Y80.049 E4.59692
G1 X121.458 Y76.285 E5.29627
G1 X123.715 Y76.285 E5.40482
G1 X123.715 Y76.342 E5.40756
G1 E3.40756 F2400
G92 E0
G92 E0
G1 X100.6 Y81.007 F7800
G1 E2 F2400
;TYPE:Perimeter
;WIDTH:0.45
G1 F3600
G1 X100.609 Y81.007 E2.00043
G1 X101.825 Y81.085 E2.05904
G1 X103.033 Y81.24 E2.11762
G1 X104.229 Y81.473 E2.17622
G1 X105.407 Y81.782 E2.23479
G1 X106.563 Y82.166 E2.29338
G1 X107.692 Y82.623 E2.35196
G1 X108.79 Y83.152 E2.41058
G1 X109.851 Y83.75 E2.46916
G1 X110.872 Y84.414 E2.52774
G1 X111.848 Y85.143 E2.58633
G1 X112.776 Y85.932 E2.64492
G1 X113.651 Y86.78 E2.70353
G1 X114.47 Y87.682 E2.76213
G1 X115.229 Y88.634 E2.82069
G1 X115.926 Y89.633 E2.87928
G1 X116.558 Y90.675 E2.93789
G1 X117.121 Y91.755 E2.99647
G1 X117.614 Y92.869 E3.05506
G1 X118.035 Y94.012 E3.11364
G1 X118.382 Y95.18 E3.17224
G1 X118.653 Y96.367 E3.2308
G1 X118.847 Y97.57 E3.28941
G1 X118.964 Y98.782 E3.34797
G1 X119.003 Y100 E3.40658
G1 X118.964 Y101.218 E3.46519
G1 X118.847 Y102.43 E3.52375
G1 X118.653 Y103.633 E3.58236
G1 X118.382 Y104.82 E3.64092
G1 X118.035 Y105.988 E3.69952
G1 X117.614 Y107.131 E3.7581
G1 X117.121 Y108.245 E3.81669
G1 X116.558 Y109.325 E3.87527
G1 X115.926 Y110.367 E3.93388
G1 X115.229 Y111.366 E3.99247
G1 X114.47 Y112.318 E4.05103
G1 X113.651 Y113.22 E4.10963
G1 X112.776 Y114.068 E4.16824
G1 X111.848 Y114.857 E4.22683
G1 X110.872 Y115.586 E4.28542
G1 X109.851 Y116.25 E4.344
G1 X108.79 Y116.848 E4.40258
G1 X107.692 Y117.377 E4.4612
G1 X106.563 Y117.834 E4.51978
G1 X105.407 Y118.218 E4.57837
G1 X104.229 Y118.527 E4.63694
G1 X103.033 Y118.76 E4.69554
G1 X101.825 Y118.915 E4.75412
G1 X100.609 Y118.993 E4.81273
G1 X99.391 Y118.993 E4.87131
G1 X98.175 Y118.915 E4.92992
G1 X96.967 Y118.76 E4.9885
G1 X95.771 Y118.527 E5.0471
G1 X94.593 Y118.218 E5.10567
G1 X93.437 Y117.834 E5.16426
G1 X92.308 Y117.377 E5.22284
G1 X91.21 Y116.848 E5.28146
G1 X90.149 Y116.25 E5.34004
G1 X89.128 Y115.586 E5.39862
G1 X88.152 Y114.857 E5.45721
G1 X87.224 Y114.068 E5.5158
G1 X86.349 Y113.22 E5.57441
G1 X85.53 Y112.318 E5.63301
G1 X84.771 Y111.366 E5.69157
G1 X84.074 Y110.367 E5.75016
G1 X83.442 Y109.325 E5.80877
G1 X82.879 Y108.245 E5.86735
G1 X82.386 Y107.131 E5.92594
G1 X81.965 Y105.988 E5.98452
G1 X81.618 Y104.82 E6.04312
G1 X81.347 Y103.633 E6.10168
G1 X81.153 Y102.43 E6.16029
G1 X81.036 Y101.218 E6.21885
G1 X80.997 Y100 E6.27746
G1 X81.036 Y98.782 E6.33607
G1 X81.153 Y97.57 E6.39463
G1 X81.347 Y96.367 E6.45324
G1 X81.618 Y95.18 E6.5118
G1 X81.965 Y94.012 E6.5704
G1 X82.386 Y92.869 E6.62898
G1 X82.879 Y91.755 E6.68757
G1 X83.442 Y90.675 E6.74615
G1 X84.074 Y89.633 E6.80476
G1 X84.771 Y88.634 E6.86335
G1 X85.53 Y87.682 E6.92191
G1 X86.349 Y86.78 E6.98051
G1 X87.224 Y85.932 E7.03912
G1 X88.152 Y85.143 E7.09771
G1 X89.128 Y84.414 E7.1563
G1 X90.149 Y83.75 E7.21488
G1 X91.21 Y83.152 E7.27346
G1 X92.308 Y82.623 E7.33208
G1 X93.437 Y82.166 E7.39066
G1 X94.593 Y81.782 E7.44925
G1 X95.771 Y81.473 E7.50782
G1 X96.967 Y81.24 E7.56642
G1 X98.175 Y81.085 E7.625
G1 X99.391 Y81.007 E7.68361
G1 X100.54 Y81.007 E7.73887
G1 X100.624 Y80.621 F7800
G1 F3600
G1 X101.862 Y80.701 E7.79854
G1 X103.094 Y80.859 E7.85828
G1 X104.314 Y81.097 E7.91806
G1 X105.517 Y81.412 E7.97787
G1 X106.696 Y81.804 E8.03763
G1 X107.848 Y82.27 E8.0974
G1 X108.968 Y82.81 E8.1572
G1 X110.051 Y83.42 E8.21698
G1 X111.093 Y84.098 E8.27677
G1 X112.089 Y84.841 E8.33653
G1 X113.035 Y85.647 E8.3963
G1 X113.928 Y86.511 E8.45606
G1 X114.764 Y87.431 E8.51585
G1 X115.539 Y88.403 E8.57564
G1 X116.25 Y89.423 E8.63544
G1 X116.894 Y90.485 E8.69518
G1 X117.469 Y91.587 E8.75496
G1 X117.972 Y92.724 E8.81476
G1 X118.401 Y93.89 E8.87452
G1 X118.755 Y95.082 E8.93433
G1 X119.032 Y96.294 E8.99413
G1 X119.23 Y97.521 E9.05391
G1 X119.349 Y98.758 E9.11368
G1 X119.389 Y100 E9.17345
G1 X119.349 Y101.242 E9.23322
G1 X119.23 Y102.479 E9.29299
G1 X119.032 Y103.706 E9.35277
G1 X118.755 Y104.918 E9.41257
G1 X118.401 Y106.11 E9.47238
G1 X117.972 Y107.276 E9.53214
G1 X117.469 Y108.413 E9.59194
G1 X116.894 Y109.515 E9.65172
G1 X116.25 Y110.577 E9.71146
G1 X115.539 Y111.597 E9.77126
G1 X114.764 Y112.569 E9.83105
G1 X113.928 Y113.489 E9.89084
G1 X113.035 Y114.353 E9.9506
G1 X112.089 Y115.159 E10.01037
G1 X111.093 Y115.902 E10.07013
G1 X110.051 Y116.58 E10.12992
G1 X108.968 Y117.19 E10.1897
G1 X107.848 Y117.73 E10.2495
G1 X106.696 Y118.196 E10.30927
G1 X105.517 Y118.588 E10.36903
G1 X104.314 Y118.903 E10.42884
G1 X103.094 Y119.141 E10.48862
G1 X101.862 Y119.299 E10.54836
G1 X100.621 Y119.379 E10.60817
G1 X99.379 Y119.379 E10.66791
G1 X98.138 Y119.299 E10.72772
G1 X96.906 Y119.141 E10.78746
G1 X95.686 Y118.903 E10.84724
G1 X94.483 Y118.588 E10.90705
G1 X93.304 Y118.196 E10.96681
G1 X92.152 Y117.73 E11.02658
G1 X91.032 Y117.19 E11.08638
G1 X89.949 Y116.58 E11.14616
G1 X88.907 Y115.902 E11.20595
G1 X87.911 Y115.159 E11.26571
G1 X86.965 Y114.353 E11.32548
G1 X86.072 Y113.489 E11.38524
G1 X85.236 Y112.569 E11.44503
G1 X84.461 Y111.597 E11.50482
G1 X83.75 Y110.577 E11.56462
G1 X83.106 Y109.515 E11.62436
G1 X82.531 Y108.413 E11.68414
G1 X82.028 Y107.276 E11.74394
G1 X81.599 Y106.11 E11.8037
G1 X81.245 Y104.918 E11.86351
G1 X80.968 Y103.706 E11.92331
G1 X80.77 Y102.479 E11.98309
G1 X80.651 Y101.242 E12.04286
G1 X80.611 Y100 E12.10263
G1 X80.651 Y98.758 E12.1624
G1 X80.77 Y97.521 E12.22217
G1 X80.968 Y96.294 E12.28195
G1 X81.245 Y95.082 E12.34175
G1 X81.599 Y93.89 E12.40156
G1 X82.028 Y92.724 E12.46132
G1 X82.531 Y91.587 E12.52112
G1 X83.106 Y90.485 E12.5809
G1 X83.75 Y89.423 E12.64064
G1 X84.461 Y88.403 E12.70044
G1 X85.236 Y87.431 E12.76023
G1 X86.072 Y86.511 E12.82002
G1 X86.965 Y85.647 E12.87978
G1 X87.911 Y84.841 E12.93955
G1 X88.907 Y84.098 E12.99931
G1 X89.949 Y83.42 E13.0591
G1 X91.032 Y82.81 E13.11888
G1 X92.152 Y82.27 E13.17868
G1 X93.304 Y81.804 E13.23845
G1 X94.483 Y81.412 E13.29821
G1 X95.686 Y81.097 E13.35802
G1 X96.906 Y80.859 E13.4178
G1 X98.138 Y80.701 E13.47754
G1 X99.379 Y80.621 E13.53735
G1 X100.564 Y80.621 E13.59434
G1 X100.649 Y80.236 F7800
;TYPE:External perimeter
G1 F1800
G1 X101.899 Y80.316 E13.65458
G1 X103.156 Y80.479 E13.71554
G1 X104.4 Y80.721 E13.77649
G1 X105.626 Y81.042 E13.83744
G1 X106.83 Y81.442 E13.89846
G1 X108.005 Y81.918 E13.95943
G1 X109.147 Y82.468 E14.02039
G1 X110.251 Y83.09 E14.08134
G1 X111.314 Y83.781 E14.14232
G1 X112.329 Y84.539 E14.20325
G1 X113.295 Y85.361 E14.26426
G1 X114.205 Y86.243 E14.32521
G1 X115.058 Y87.181 E14.38619
G1 X115.848 Y88.172 E14.44715
G1 X116.573 Y89.212 E14.50813
G1 X117.23 Y90.296 E14.5691
G1 X117.817 Y91.42 E14.63009
G1 X118.33 Y92.579 E14.69105
G1 X118.767 Y93.769 E14.75202
G1 X119.128 Y94.984 E14.81298
G1 X119.41 Y96.22 E14.87395
G1 X119.613 Y97.471 E14.93491
G1 X119.734 Y98.733 E14.99589
G1 X119.775 Y100 E15.05686
G1 X119.734 Y101.267 E15.11783
G1 X119.613 Y102.529 E15.17881
G1 X119.41 Y103.78 E15.23977
G1 X119.128 Y105.016 E15.30074
G1 X118.767 Y106.231 E15.3617
G1 X118.33 Y107.421 E15.42267
G1 X117.817 Y108.58 E15.48363
G1 X117.23 Y109.704 E15.54462
G1 X116.573 Y110.788 E15.60559
G1 X115.848 Y111.828 E15.66657
G1 X115.058 Y112.819 E15.72753
G1 X114.205 Y113.757 E15.78851
G1 X113.295 Y114.639 E15.84946
G1 X112.329 Y115.461 E15.91047
G1 X111.314 Y116.219 E15.9714
G1 X110.251 Y116.91 E16.03238
G1 X109.147 Y117.532 E16.09333
G1 X108.005 Y118.082 E16.15429
G1 X106.83 Y118.558 E16.21526
G1 X105.626 Y118.958 E16.27628
G1 X104.4 Y119.279 E16.33723
G1 X103.156 Y119.521 E16.39818
G1 X101.899 Y119.684 E16.45914
G1 X100.634 Y119.765 E16.52011
G1 X99.366 Y119.765 E16.5811
G1 X98.101 Y119.684 E16.64207
G1 X96.844 Y119.521 E16.70303
G1 X95.6 Y119.279 E16.76398
G1 X94.374 Y118.958 E16.82493
G1 X93.17 Y118.558 E16.88595
G1 X91.995 Y118.082 E16.94692
G1 X90.853 Y117.532 E17.00788
G1 X89.749 Y116.91 E17.06883
G1 X88.686 Y116.219 E17.12981
G1 X87.671 Y115.461 E17.19074
G1 X86.705 Y114.639 E17.25175
G1 X85.795 Y113.757 E17.3127
G1 X84.942 Y112.819 E17.37368
G1 X84.152 Y111.828 E17.43464
G1 X83.427 Y110.788 E17.49562
G1 X82.77 Y109.704 E17.55659
G1 X82.183 Y108.58 E17.61758
G1 X81.67 Y107.421 E17.67854
G1 X81.233 Y106.231 E17.73951
G1 X80.872 Y105.016 E17.80047
G1 X80.59 Y103.78 E17.86144
G1 X80.387 Y102.529 E17.9224
G1 X80.266 Y101.267 E17.98338
G1 X80.225 Y100 E18.04435
G1 X80.266 Y98.733 E18.10532
G1 X80.387 Y97.471 E18.1663
G1 X80.59 Y96.22 E18.22726
G1 X80.872 Y94.984 E18.28823
G1 X81.233 Y93.769 E18.34919
G1 X81.67 Y92.579 E18.41016
G1 X82.183 Y91.42 E18.47112
G1 X82.77 Y90.296 E18.53211
G1 X83.427 Y89.212 E18.59308
G1 X84.152 Y88.172 E18.65406
G1 X84.942 Y87.181 E18.71502
G1 X85.795 Y86.243 E18.776
G1 X86.705 Y85.361 E18.83695
G1 X87.671 Y84.539 E18.89796
G1 X88.686 Y83.781 E18.95889
G1 X89.749 Y83.09 E19.01987
G1 X90.853 Y82.468 E19.08082
G1 X91.995 Y81.918 E19.14178
G1 X93.17 Y81.442 E19.20275
G1 X94.374 Y81.042 E19.26377
G1 X95.6 Y80.721 E19.32472
G1 X96.844 Y80.479 E19.38567
G1 X98.101 Y80.316 E19.44663
G1 X99.366 Y80.235 E19.5076
G1 X100.589 Y80.235 E19.56642
G1 X100.988 Y80.258 F7800
G1 E17.56642 F2400
G92 E0
G1 X95.512 Y81.84 F7800
G1 E2 F2400
;TYPE:Internal infill
;WIDTH:0.45
G1 F4800
G1 X97.013 Y81.526 E2.07376
G1 X97.787 Y81.426 E2.1113
G1 X118.577 Y102.217 E3.52545
G1 X118.682 Y100.982 E3.58506
G1 X84.307 Y110.193 E5.29671
G1 X85.019 Y111.213 E5.35654
G1 X92.631 Y82.804 E6.77111
G1 X91.344 Y83.408 E6.83949
G1 X90.567 Y83.846 E6.88239
G1 E4.88239 F2400
G92 E0
G1 X87.007 Y86.545 F7800
G1 E2 F2400
G1 F4800
G1 X88.766 Y85.045 E2.11119
G1 X102.253 Y81.431 E2.78275
G1 X102.987 Y81.526 E2.81835
G1 X104.841 Y81.933 E2.90964
G1 X95.159 Y118.067 E4.70887
G1 X97.013 Y118.474 E4.80016
G1 X97.747 Y118.569 E4.83576
G1 X111.234 Y114.955 E5.50732
G1 X112.581 Y113.853 E5.59102
G1 X113.228 Y113.228 E5.63429
G1 X86.772 Y86.772 E7.4338
G1 X85.75 Y87.869 E7.50591
G1 X85.243 Y88.506 E7.54507
G1 E5.54507 F2400
G92 E0
G1 X104.488 Y118.16 F7800
G1 E2 F2400
G1 F4800
G1 X102.987 Y118.474 E2.07376
G1 X102.213 Y118.574 E2.1113
G1 X81.423 Y97.783 E3.52545
G1 X81.318 Y99.018 E3.58506
G1 X115.693 Y89.807 E5.29671
G1 X114.981 Y88.787 E5.35654
G1 X107.369 Y117.196 E6.77111
G1 X108.656 Y116.592 E6.83949
G1 X109.433 Y116.154 E6.88239
;LAYER_CHANGE
;Z:8.45
;HEIGHT:0.3
G1 E4.88239 F2400
G92 E0
G1 Z8.45 F7800
G92 E0
G1 X118.31 Y110.275
G1 E2 F2400
;TYPE:Perimeter
;WIDTH:0.45
G1 F3600
G1 X118.295 Y110.303 E2.00153
G1 X117.597 Y111.454 E2.06627
G1 X116.827 Y112.558 E2.13101
G1 X115.988 Y113.611 E2.19577
G1 X115.083 Y114.607 E2.2605
G1 X114.116 Y115.543 E2.32523
G1 X113.091 Y116.416 E2.38999
G1 X112.013 Y117.221 E2.4547
G1 X110.885 Y117.955 E2.51943
G1 X109.712 Y118.616 E2.58419
G1 X108.499 Y119.2 E2.64894
G1 X107.252 Y119.705 E2.71365
G1 X105.974 Y120.129 E2.77841
G1 X104.672 Y120.47 E2.84314
G1 X103.351 Y120.728 E2.90788
G1 X102.016 Y120.9 E2.97262
G1 X100.673 Y120.986 E3.03735
G1 X99.327 Y120.986 E3.10209
G1 X97.984 Y120.9 E3.16682
G1 X96.649 Y120.728 E3.23156
G1 X95.328 Y120.47 E3.2963
G1 X94.026 Y120.129 E3.36103
G1 X92.748 Y119.705 E3.42579
G1 X91.501 Y119.2 E3.4905
G1 X90.288 Y118.616 E3.55525
G1 X89.115 Y117.955 E3.62001
G1 X87.987 Y117.221 E3.68474
G1 X86.909 Y116.416 E3.74945
G1 X85.88 Y115.54 E3.81445
G1 X84.75 Y114.423 E3.89087
G1 X84.012 Y113.611 E3.94364
G1 X83.173 Y112.558 E4.0084
G1 X82.403 Y111.454 E4.07314
G1 X81.705 Y110.303 E4.13788
G1 X81.08 Y109.106 E4.20283
G1 X80.461 Y107.67 E4.27804
G1 X80.073 Y106.616 E4.33206
G1 X79.69 Y105.326 E4.39678
G1 X79.39 Y104.014 E4.46151
G1 X79.175 Y102.68 E4.5265
G1 X79.039 Y101.123 E4.60167
G1 X79.003 Y100 E4.65571
G1 X79.046 Y98.655 E4.72043
G1 X79.176 Y97.315 E4.78518
G1 X79.39 Y95.986 E4.84992
G1 X79.69 Y94.674 E4.91465
G1 X80.073 Y93.384 E4.97937
G1 X80.538 Y92.121 E5.0441
G1 X81.083 Y90.89 E5.10885
G1 X81.705 Y89.697 E5.17356
G1 X82.405 Y88.542 E5.23852
G1 X83.312 Y87.268 E5.31374
G1 X84.012 Y86.389 E5.36778
G1 X84.917 Y85.393 E5.43251
G1 X85.884 Y84.457 E5.49724
G1 X86.909 Y83.584 E5.562
G1 X87.991 Y82.776 E5.62695
G1 X89.309 Y81.936 E5.70212
G1 X90.288 Y81.384 E5.75618
G1 X91.501 Y80.8 E5.82093
G1 X92.748 Y80.295 E5.88564
G1 X94.026 Y79.871 E5.9504
G1 X95.332 Y79.529 E6.01533
G1 X96.87 Y79.244 E6.09056
G1 X97.984 Y79.1 E6.14459
G1 X99.332 Y79.014 E6.20956
G1 X100.895 Y79.028 E6.28474
G1 X102.016 Y79.1 E6.33877
G1 X103.351 Y79.272 E6.40351
G1 X104.672 Y79.53 E6.46825
G1 X105.974 Y79.871 E6.53298
G1 X107.252 Y80.295 E6.59774
G1 X108.499 Y80.8 E6.66245
G1 X109.712 Y81.384 E6.7272
G1 X110.885 Y82.045 E6.79196
G1 X112.013 Y82.779 E6.85669
G1 X113.091 Y83.584 E6.9214
G1 X114.116 Y84.457 E6.98616
G1 X115.086 Y85.396 E7.05109
G1 X116.127 Y86.563 E7.1263
G1 X116.827 Y87.442 E7.18034
G1 X117.597 Y88.546 E7.24508
G1 X118.295 Y89.697 E7.30982
G1 X118.917 Y90.89 E7.37453
G1 X119.462 Y92.121 E7.43928
G1 X119.927 Y93.384 E7.50401
G1 X120.31 Y94.674 E7.56873
G1 X120.611 Y95.991 E7.63371
G1 X120.846 Y97.537 E7.70892
G1 X120.954 Y98.655 E7.76294
G1 X120.997 Y100 E7.82766
G1 X120.954 Y101.345 E7.89238
G1 X120.824 Y102.685 E7.95713
G1 X120.61 Y104.014 E8.02187
G1 X120.31 Y105.326 E8.0866
G1 X119.927 Y106.616 E8.15132
G1 X119.462 Y107.879 E8.21605
G1 X118.917 Y109.11 E8.2808
G1 X118.337 Y110.222 E8.34112
G1 X117.968 Y110.097 F7800
G1 F3600
G1 X117.959 Y110.114 E8.34205
G1 X117.274 Y111.244 E8.40561
G1 X116.518 Y112.328 E8.46917
G1 X115.694 Y113.361 E8.53272
G1 X114.806 Y114.339 E8.59626
G1 X113.857 Y115.258 E8.6598
G1 X112.851 Y116.114 E8.72333
G1 X111.792 Y116.905 E8.7869
G1 X110.685 Y117.625 E8.85041
G1 X109.533 Y118.274 E8.914
G1 X108.343 Y118.847 E8.97752
G1 X107.118 Y119.343 E9.04108
G1 X105.864 Y119.759 E9.10463
G1 X104.586 Y120.094 E9.16817
G1 X103.29 Y120.347 E9.23168
G1 X101.979 Y120.516 E9.29526
G1 X100.661 Y120.6 E9.35878
G1 X99.339 Y120.6 E9.42236
G1 X98.021 Y120.516 E9.48588
G1 X96.711 Y120.347 E9.54941
G1 X95.414 Y120.094 E9.61297
G1 X94.136 Y119.759 E9.67651
G1 X92.882 Y119.343 E9.74006
G1 X91.657 Y118.847 E9.80362
G1 X90.467 Y118.274 E9.86714
G1 X89.315 Y117.625 E9.93073
G1 X88.208 Y116.905 E9.99424
G1 X87.149 Y116.114 E10.05781
G1 X86.141 Y115.256 E10.12148
G1 X85.035 Y114.163 E10.19627
G1 X84.306 Y113.361 E10.2484
G1 X83.482 Y112.328 E10.31195
G1 X82.726 Y111.244 E10.37551
G1 X82.041 Y110.114 E10.43907
G1 X81.429 Y108.94 E10.50275
G1 X80.819 Y107.527 E10.57677
G1 X80.439 Y106.495 E10.62966
G1 X80.063 Y105.228 E10.69323
G1 X79.769 Y103.94 E10.75677
G1 X79.558 Y102.633 E10.82045
G1 X79.424 Y101.1 E10.89446
G1 X79.389 Y100 E10.94739
G1 X79.431 Y98.679 E11.01096
G1 X79.558 Y97.364 E11.0745
G1 X79.769 Y96.06 E11.13803
G1 X80.063 Y94.772 E11.20157
G1 X80.439 Y93.505 E11.26514
G1 X80.895 Y92.265 E11.32868
G1 X81.43 Y91.057 E11.39222
G1 X82.041 Y89.886 E11.45575
G1 X82.728 Y88.754 E11.51944
G1 X83.62 Y87.5 E11.59346
G1 X84.306 Y86.639 E11.64641
G1 X85.194 Y85.661 E11.70995
G1 X86.143 Y84.742 E11.77349
G1 X87.149 Y83.886 E11.83702
G1 X88.21 Y83.094 E11.9007
G1 X89.508 Y82.266 E11.97475
G1 X90.467 Y81.726 E12.02768
G1 X91.657 Y81.153 E12.0912
G1 X92.882 Y80.657 E12.15476
G1 X94.136 Y80.241 E12.21831
G1 X95.416 Y79.905 E12.28196
G1 X96.929 Y79.625 E12.35597
G1 X98.021 Y79.484 E12.40893
G1 X99.342 Y79.399 E12.4726
G1 X100.881 Y79.414 E12.54662
G1 X101.979 Y79.484 E12.59954
G1 X103.289 Y79.653 E12.66307
G1 X104.586 Y79.906 E12.72663
G1 X105.864 Y80.241 E12.79017
G1 X107.118 Y80.657 E12.85372
G1 X108.343 Y81.153 E12.91728
G1 X109.533 Y81.726 E12.9808
G1 X110.685 Y82.375 E13.04439
G1 X111.792 Y83.095 E13.1079
G1 X112.851 Y83.886 E13.17147
G1 X113.857 Y84.742 E13.235
G1 X114.808 Y85.663 E13.29867
G1 X115.832 Y86.812 E13.37269
G1 X116.518 Y87.672 E13.4256
G1 X117.274 Y88.756 E13.48916
G1 X117.959 Y89.886 E13.55272
G1 X118.57 Y91.057 E13.61625
G1 X119.105 Y92.265 E13.67979
G1 X119.561 Y93.505 E13.74333
G1 X119.937 Y94.772 E13.8069
G1 X120.231 Y96.063 E13.87058
G1 X120.463 Y97.584 E13.94458
G1 X120.569 Y98.679 E13.99749
G1 X120.611 Y100 E14.06106
G1 X120.569 Y101.321 E14.12463
G1 X120.442 Y102.636 E14.18817
G1 X120.231 Y103.94 E14.2517
G1 X119.937 Y105.228 E14.31524
G1 X119.561 Y106.495 E14.37881
G1 X119.105 Y107.735 E14.44235
G1 X118.57 Y108.943 E14.50589
G1 X117.996 Y110.044 E14.56561
G1 X117.626 Y109.918 F7800
;TYPE:External perimeter
G1 F1800
G1 X117.623 Y109.925 E14.56598
G1 X116.95 Y111.033 E14.62833
G1 X116.209 Y112.097 E14.69069
G1 X115.4 Y113.11 E14.75304
G1 X114.529 Y114.07 E14.81538
G1 X113.597 Y114.972 E14.87776
G1 X112.61 Y115.813 E14.94013
G1 X111.571 Y116.588 E15.00247
G1 X110.485 Y117.295 E15.0648
G1 X109.355 Y117.932 E15.12719
G1 X108.187 Y118.494 E15.18953
G1 X106.985 Y118.981 E15.25191
G1 X105.755 Y119.389 E15.31424
G1 X104.501 Y119.718 E15.37659
G1 X103.228 Y119.966 E15.43897
G1 X101.942 Y120.132 E15.50134
G1 X100.648 Y120.215 E15.5637
G1 X99.352 Y120.215 E15.62603
G1 X98.058 Y120.132 E15.68839
G1 X96.772 Y119.966 E15.75076
G1 X95.499 Y119.718 E15.81314
G1 X94.245 Y119.389 E15.87549
G1 X93.015 Y118.981 E15.93782
G1 X91.813 Y118.494 E16.0002
G1 X90.645 Y117.932 E16.06254
G1 X89.515 Y117.295 E16.12493
G1 X88.429 Y116.588 E16.18726
G1 X87.39 Y115.813 E16.2496
G1 X86.402 Y114.972 E16.312
G1 X85.321 Y113.904 E16.38509
G1 X84.6 Y113.11 E16.43667
G1 X83.791 Y112.097 E16.49902
G1 X83.05 Y111.034 E16.56134
G1 X82.377 Y109.925 E16.62373
G1 X81.777 Y108.774 E16.68616
G1 X81.177 Y107.384 E16.75898
G1 X80.805 Y106.373 E16.81079
G1 X80.436 Y105.13 E16.87315
G1 X80.148 Y103.866 E16.9355
G1 X79.941 Y102.585 E16.99791
G1 X79.809 Y101.077 E17.07072
G1 X79.775 Y100 E17.12255
G1 X79.816 Y98.704 E17.18491
G1 X79.941 Y97.414 E17.24725
G1 X80.148 Y96.134 E17.30961
G1 X80.436 Y94.87 E17.37196
G1 X80.805 Y93.627 E17.43432
G1 X81.253 Y92.41 E17.49669
G1 X81.778 Y91.225 E17.55903
G1 X82.377 Y90.075 E17.62139
G1 X83.05 Y88.966 E17.68378
G1 X83.928 Y87.732 E17.75662
G1 X84.6 Y86.89 E17.80843
G1 X85.471 Y85.93 E17.87077
G1 X86.403 Y85.028 E17.93315
G1 X87.39 Y84.187 E17.99552
G1 X88.43 Y83.411 E18.05793
G1 X89.706 Y82.597 E18.13073
G1 X90.645 Y82.068 E18.18257
G1 X91.813 Y81.506 E18.24491
G1 X93.015 Y81.019 E18.30729
G1 X94.245 Y80.611 E18.36962
G1 X95.5 Y80.282 E18.43202
G1 X96.989 Y80.006 E18.50486
G1 X98.058 Y79.868 E18.5567
G1 X99.353 Y79.785 E18.61911
G1 X100.867 Y79.799 E18.69193
G1 X101.942 Y79.868 E18.74374
G1 X103.228 Y80.034 E18.80611
G1 X104.501 Y80.282 E18.86849
G1 X105.755 Y80.611 E18.93084
G1 X106.985 Y81.019 E18.99317
G1 X108.187 Y81.506 E19.05555
G1 X109.355 Y82.068 E19.11789
G1 X110.485 Y82.705 E19.18028
G1 X111.571 Y83.412 E19.24261
G1 X112.61 Y84.187 E19.30495
G1 X113.597 Y85.028 E19.36732
G1 X114.529 Y85.93 E19.4297
G1 X115.537 Y87.061 E19.50257
G1 X116.209 Y87.903 E19.55438
G1 X116.95 Y88.966 E19.6167
G1 X117.623 Y90.075 E19.67909
G1 X118.222 Y91.225 E19.74145
G1 X118.747 Y92.41 E19.80379
G1 X119.195 Y93.627 E19.86616
G1 X119.564 Y94.87 E19.92852
G1 X119.852 Y96.135 E19.99092
G1 X120.08 Y97.632 E20.06375
G1 X120.184 Y98.704 E20.11555
G1 X120.225 Y100 E20.17791
G1 X120.184 Y101.296 E20.24027
G1 X120.059 Y102.586 E20.30261
G1 X119.852 Y103.866 E20.36497
G1 X119.564 Y105.13 E20.42732
G1 X119.195 Y106.373 E20.48968
G1 X118.747 Y107.59 E20.55205
G1 X118.222 Y108.775 E20.61439
G1 X117.654 Y109.865 E20.67351
G1 X117.449 Y110.209 F7800
G1 E18.67351 F2400
G92 E0
G1 X124.004 Y124.004 F7800
G1 E2 F2400
;TYPE:Perimeter
G1 F3600
G1 X75.996 Y124.004 E4.30902
G1 X75.996 Y75.996 E6.61804
G1 X124.004 Y75.996 E8.92706
G1 X124.004 Y123.944 E11.23319
G1 X124.389 Y124.389 F7800
G1 F3600
G1 X75.611 Y124.389 E13.57924
G1 X75.611 Y75.611 E15.92529
G1 X124.389 Y75.611 E18.27134
G1 X124.389 Y124.329 E20.61451
G1 X124.775 Y124.775 F7800
;TYPE:External perimeter
G1 F1800
G1 X75.225 Y124.775 E22.99769
G1 X75.225 Y75.225 E25.38087
G1 X124.775 Y75.225 E27.76405
G1 X124.775 Y124.715 E30.14435
G1 X124.379 Y124.774 F7800
G1 E28.14435 F2400
G92 E0
G1 X123.715 Y121.401 F7800
G1 E2 F2400
;TYPE:Internal infill
;WIDTH:0.45
G1 F4800
G1 X123.715 Y123.715 E2.1113
G1 X115.044 Y115.044 E2.70109
G1 X116.387 Y113.574 E2.79686
G1 X123.715 Y111.611 E3.16174
G1 X123.715 Y107.354 E3.36649
G1 X120.805 Y104.445 E3.56439
G1 X121.115 Y102.685 E3.65034
G1 X121.276 Y100.287 E3.76594
G1 X123.715 Y99.634 E3.88738
G1 X123.715 Y100.891 E3.94784
G1 X117.599 Y123.715 E5.08433
G1 X115.285 Y123.715 E5.19563
G1 E3.19563 F2400
G92 E0
G1 X108.714 Y119.417 F7800
G1 E2 F2400
G1 F4800
G1 X106.553 Y120.24 E2.11122
G1 X105.622 Y123.715 E2.28425
G1 X107.354 Y123.715 E2.36755
G1 X104.446 Y120.807 E2.56535
G1 X102.163 Y121.172 E2.67655
G1 E.67655 F2400
G92 E0
G1 X83.983 Y123.715 F7800
G1 E2 F2400
G1 F4800
G1 X81.669 Y123.715 E2.1113
G1 X84.205 Y114.252 E2.5825
G1 X82.92 Y112.701 E2.67937
G1 X81.721 Y110.886 E2.78399
G1 X76.285 Y112.343 E3.05467
G1 X76.285 Y109.006 E3.21517
G1 X90.994 Y123.715 E4.21566
G1 X93.646 Y123.715 E4.34321
G1 X94.494 Y120.55 E4.5008
G1 X92.587 Y119.951 E4.59694
G1 X78.542 Y123.715 E5.29629
G1 X76.285 Y123.715 E5.40484
G1 X76.285 Y123.658 E5.40758
G1 E3.40758 F2400
G92 E0
G1 X76.285 Y78.599 F7800
G1 E2 F2400
G1 F4800
G1 X76.285 Y76.285 E2.1113
G1 X84.956 Y84.956 E2.70109
G1 X83.616 Y86.425 E2.79672
G1 X76.285 Y88.389 E3.16175
G1 X76.285 Y92.646 E3.3665
G1 X79.195 Y95.555 E3.5644
G1 X78.885 Y97.315 E3.65035
G1 X78.761 Y98.599 E3.71239
G1 X78.724 Y99.713 E3.766
G1 X76.285 Y100.366 E3.88744
G1 X76.285 Y99.109 E3.9479
G1 X82.401 Y76.285 E5.08439
G1 X84.715 Y76.285 E5.19569
G1 E3.19569 F2400
G92 E0
G1 X91.286 Y80.583 F7800
G1 E2 F2400
G1 F4800
G1 X93.447 Y79.759 E2.11124
G1 X94.378 Y76.285 E2.28422
G1 X92.646 Y76.285 E2.36752
G1 X95.556 Y79.196 E2.56549
G1 X97.84 Y78.829 E2.67675
G1 E.67675 F2400
G92 E0
G1 X116.017 Y76.285 F7800
G1 E2 F2400
G1 F4800
G1 X118.331 Y76.285 E2.1113
G1 X115.794 Y85.755 E2.58284
G1 X117.08 Y87.299 E2.67949
G1 X118.28 Y89.114 E2.78414
G1 X123.715 Y87.657 E3.05477
G1 X123.715 Y90.994 E3.21527
G1 X109.006 Y76.285 E4.21576
G1 X106.354 Y76.285 E4.34331
G1 X105.507 Y79.449 E4.50085
G1 X107.41 Y80.05 E4.59683
G1 X121.458 Y76.285 E5.29634
G1 X123.715 Y76.285 E5.40489
G1 X123.715 Y76.342 E5.40763
G1 E3.40763 F2400
G92 E0
G92 E0
G1 X100.6 Y81.007 F7800
G1 E2 F2400
;TYPE:Perimeter
;WIDTH:0.45
G1 F3600
G1 X100.609 Y81.007 E2.00043
G1 X101.612 Y81.071 E2.04877
G1 X103.037 Y81.241 E2.11779
G1 X104.229 Y81.473 E2.1762
G1 X105.407 Y81.782 E2.23477
G1 X106.563 Y82.166 E2.29336
G1 X107.692 Y82.623 E2.35194
G1 X108.79 Y83.152 E2.41056
G1 X109.851 Y83.75 E2.46914
G1 X110.872 Y84.414 E2.52772
G1 X111.848 Y85.143 E2.58631
G1 X112.776 Y85.932 E2.6449
G1 X113.651 Y86.78 E2.70351
G1 X114.47 Y87.682 E2.76211
G1 X115.229 Y88.634 E2.82067
G1 X115.804 Y89.458 E2.869
G1 X116.56 Y90.679 E2.93807
G1 X117.121 Y91.755 E2.99643
G1 X117.614 Y92.869 E3.05502
G1 X118.035 Y94.012 E3.1136
G1 X118.382 Y95.18 E3.1722
G1 X118.653 Y96.367 E3.23076
G1 X118.847 Y97.57 E3.28937
G1 X118.964 Y98.782 E3.34793
G1 X118.996 Y99.787 E3.39629
G1 X118.964 Y101.222 E3.46533
G1 X118.847 Y102.43 E3.5237
G1 X118.653 Y103.633 E3.58231
G1 X118.382 Y104.82 E3.64087
G1 X118.035 Y105.988 E3.69947
G1 X117.614 Y107.131 E3.75805
G1 X117.121 Y108.245 E3.81664
G1 X116.558 Y109.325 E3.87522
G1 X115.926 Y110.367 E3.93383
G1 X115.229 Y111.366 E3.99242
G1 X114.47 Y112.318 E4.05098
G1 X113.651 Y113.22 E4.10958
G1 X112.776 Y114.068 E4.16819
G1 X111.848 Y114.857 E4.22678
G1 X110.872 Y115.586 E4.28537
G1 X109.851 Y116.25 E4.34395
G1 X108.79 Y116.848 E4.40253
G1 X107.692 Y117.377 E4.46115
G1 X106.563 Y117.834 E4.51973
G1 X105.407 Y118.218 E4.57832
G1 X104.229 Y118.527 E4.63689
G1 X103.033 Y118.76 E4.69549
G1 X101.825 Y118.915 E4.75407
G1 X100.609 Y118.993 E4.81268
G1 X99.391 Y118.993 E4.87126
G1 X98.175 Y118.915 E4.92987
G1 X96.967 Y118.76 E4.98845
G1 X95.771 Y118.527 E5.04705
G1 X94.593 Y118.218 E5.10562
G1 X93.437 Y117.834 E5.16421
G1 X92.308 Y117.377 E5.22279
G1 X91.21 Y116.848 E5.28141
G1 X90.149 Y116.25 E5.33999
G1 X89.128 Y115.586 E5.39857
G1 X88.152 Y114.857 E5.45716
G1 X87.224 Y114.068 E5.51575
G1 X86.349 Y113.22 E5.57436
G1 X85.53 Y112.318 E5.63296
G1 X84.771 Y111.366 E5.69152
G1 X84.074 Y110.367 E5.75011
G1 X83.442 Y109.325 E5.80872
G1 X82.879 Y108.245 E5.8673
G1 X82.386 Y107.131 E5.92589
G1 X81.965 Y105.988 E5.98447
G1 X81.618 Y104.82 E6.04307
G1 X81.347 Y103.633 E6.10163
G1 X81.153 Y102.43 E6.16024
G1 X81.036 Y101.218 E6.2188
G1 X81.004 Y100.213 E6.26716
G1 X81.036 Y98.778 E6.3362
G1 X81.153 Y97.57 E6.39457
G1 X81.313 Y96.578 E6.4429
G1 X81.62 Y95.175 E6.51198
G1 X81.965 Y94.012 E6.57033
G1 X82.386 Y92.869 E6.62891
G1 X82.879 Y91.755 E6.6875
G1 X83.442 Y90.675 E6.74608
G1 X83.963 Y89.815 E6.79444
G1 X84.773 Y88.63 E6.86348
G1 X85.53 Y87.682 E6.92183
G1 X86.206 Y86.938 E6.97018
G1 X87.228 Y85.929 E7.03925
G1 X88.152 Y85.143 E7.0976
G1 X89.128 Y84.414 E7.15619
G1 X90.149 Y83.75 E7.21477
G1 X91.21 Y83.152 E7.27335
G1 X92.308 Y82.623 E7.33197
G1 X93.437 Y82.166 E7.39055
G1 X94.593 Y81.782 E7.44914
G1 X95.771 Y81.473 E7.50771
G1 X96.967 Y81.24 E7.56631
G1 X98.175 Y81.085 E7.62489
G1 X99.391 Y81.007 E7.6835
G1 X100.54 Y81.007 E7.73876
G1 X100.624 Y80.621 F7800
G1 F3600
G1 X101.647 Y80.687 E7.78807
G1 X103.097 Y80.86 E7.8583
G1 X104.314 Y81.097 E7.91793
G1 X105.517 Y81.412 E7.97774
G1 X106.696 Y81.804 E8.0375
G1 X107.848 Y82.27 E8.09727
G1 X108.968 Y82.81 E8.15707
G1 X110.051 Y83.42 E8.21685
G1 X111.093 Y84.098 E8.27664
G1 X112.089 Y84.841 E8.3364
G1 X113.035 Y85.647 E8.39617
G1 X113.928 Y86.511 E8.45593
G1 X114.764 Y87.431 E8.51572
G1 X115.539 Y88.403 E8.57551
G1 X116.127 Y89.246 E8.62494
G1 X116.895 Y90.488 E8.69517
G1 X117.469 Y91.587 E8.7548
G1 X117.972 Y92.724 E8.8146
G1 X118.401 Y93.89 E8.87436
G1 X118.755 Y95.082 E8.93417
G1 X119.032 Y96.294 E8.99397
G1 X119.23 Y97.521 E9.05375
G1 X119.349 Y98.758 E9.11352
G1 X119.382 Y99.785 E9.16294
G1 X119.349 Y101.245 E9.23318
G1 X119.23 Y102.479 E9.29281
G1 X119.032 Y103.706 E9.35259
G1 X118.755 Y104.918 E9.41239
G1 X118.401 Y106.11 E9.4722
G1 X117.972 Y107.276 E9.53196
G1 X117.469 Y108.413 E9.59176
G1 X116.894 Y109.515 E9.65154
G1 X116.25 Y110.577 E9.71128
G1 X115.539 Y111.597 E9.77108
G1 X114.764 Y112.569 E9.83087
G1 X113.928 Y113.489 E9.89066
G1 X113.035 Y114.353 E9.95042
G1 X112.089 Y115.159 E10.01019
G1 X111.093 Y115.902 E10.06995
G1 X110.051 Y116.58 E10.12974
G1 X108.968 Y117.19 E10.18952
G1 X107.848 Y117.73 E10.24932
G1 X106.696 Y118.196 E10.30909
G1 X105.517 Y118.588 E10.36885
G1 X104.314 Y118.903 E10.42866
G1 X103.094 Y119.141 E10.48844
G1 X101.862 Y119.299 E10.54818
G1 X100.621 Y119.379 E10.60799
G1 X99.379 Y119.379 E10.66773
G1 X98.138 Y119.299 E10.72754
G1 X96.906 Y119.141 E10.78728
G1 X95.686 Y118.903 E10.84706
G1 X94.483 Y118.588 E10.90687
G1 X93.304 Y118.196 E10.96663
G1 X92.152 Y117.73 E11.0264
G1 X91.032 Y117.19 E11.0862
G1 X89.949 Y116.58 E11.14598
G1 X88.907 Y115.902 E11.20577
G1 X87.911 Y115.159 E11.26553
G1 X86.965 Y114.353 E11.3253
G1 X86.072 Y113.489 E11.38506
G1 X85.236 Y112.569 E11.44485
G1 X84.461 Y111.597 E11.50464
G1 X83.75 Y110.577 E11.56444
G1 X83.106 Y109.515 E11.62418
G1 X82.531 Y108.413 E11.68396
G1 X82.028 Y107.276 E11.74376
G1 X81.599 Y106.11 E11.80352
G1 X81.245 Y104.918 E11.86333
G1 X80.968 Y103.706 E11.92313
G1 X80.77 Y102.479 E11.98291
G1 X80.651 Y101.242 E12.04268
G1 X80.618 Y100.215 E12.0921
G1 X80.651 Y98.755 E12.16234
G1 X80.77 Y97.521 E12.22197
G1 X80.934 Y96.506 E12.27142
G1 X81.246 Y95.079 E12.34168
G1 X81.599 Y93.89 E12.40133
G1 X82.028 Y92.724 E12.46109
G1 X82.531 Y91.587 E12.52089
G1 X83.106 Y90.485 E12.58067
G1 X83.639 Y89.607 E12.63007
G1 X84.463 Y88.401 E12.70032
G1 X85.236 Y87.431 E12.75998
G1 X85.927 Y86.671 E12.80938
G1 X86.967 Y85.645 E12.87964
G1 X87.911 Y84.841 E12.93928
G1 X88.907 Y84.098 E12.99904
G1 X89.949 Y83.42 E13.05883
G1 X91.032 Y82.81 E13.11861
G1 X92.152 Y82.27 E13.17841
G1 X93.304 Y81.804 E13.23818
G1 X94.483 Y81.412 E13.29794
G1 X95.686 Y81.097 E13.35775
G1 X96.906 Y80.859 E13.41753
G1 X98.138 Y80.701 E13.47727
G1 X99.379 Y80.621 E13.53708
G1 X100.564 Y80.621 E13.59407
G1 X100.649 Y80.236 F7800
;TYPE:External perimeter
G1 F1800
G1 X101.682 Y80.303 E13.64386
G1 X103.157 Y80.479 E13.71531
G1 X104.4 Y80.721 E13.77622
G1 X105.626 Y81.042 E13.83717
G1 X106.83 Y81.442 E13.89819
G1 X108.005 Y81.918 E13.95916
G1 X109.147 Y82.468 E14.02012
G1 X110.251 Y83.09 E14.08107
G1 X111.314 Y83.781 E14.14205
G1 X112.329 Y84.539 E14.20298
G1 X113.295 Y85.361 E14.26399
G1 X114.205 Y86.243 E14.32494
G1 X115.058 Y87.181 E14.38592
G1 X115.848 Y88.172 E14.44688
G1 X116.449 Y89.034 E14.49742
G1 X117.231 Y90.297 E14.56887
G1 X117.817 Y91.42 E14.62979
G1 X118.33 Y92.579 E14.69075
G1 X118.767 Y93.769 E14.75172
G1 X119.128 Y94.984 E14.81268
G1 X119.41 Y96.22 E14.87365
G1 X119.613 Y97.471 E14.93461
G1 X119.734 Y98.733 E14.99559
G1 X119.768 Y99.783 E15.04612
G1 X119.734 Y101.268 E15.11756
G1 X119.613 Y102.529 E15.17849
G1 X119.41 Y103.78 E15.23945
G1 X119.128 Y105.016 E15.30042
G1 X118.767 Y106.231 E15.36138
G1 X118.33 Y107.421 E15.42235
G1 X117.817 Y108.58 E15.48331
G1 X117.23 Y109.704 E15.5443
G1 X116.573 Y110.788 E15.60527
G1 X115.848 Y111.828 E15.66625
G1 X115.058 Y112.819 E15.72721
G1 X114.205 Y113.757 E15.78819
G1 X113.295 Y114.639 E15.84914
G1 X112.329 Y115.461 E15.91015
G1 X111.314 Y116.219 E15.97108
G1 X110.251 Y116.91 E16.03206
G1 X109.147 Y117.532 E16.09301
G1 X108.005 Y118.082 E16.15397
G1 X106.83 Y118.558 E16.21494
G1 X105.626 Y118.958 E16.27596
G1 X104.4 Y119.279 E16.33691
G1 X103.156 Y119.521 E16.39786
G1 X101.899 Y119.684 E16.45882
G1 X100.634 Y119.765 E16.51979
G1 X99.366 Y119.765 E16.58078
G1 X98.101 Y119.684 E16.64175
G1 X96.844 Y119.521 E16.70271
G1 X95.6 Y119.279 E16.76366
G1 X94.374 Y118.958 E16.82461
G1 X93.17 Y118.558 E16.88563
G1 X91.995 Y118.082 E16.9466
G1 X90.853 Y117.532 E17.00756
G1 X89.749 Y116.91 E17.06851
G1 X88.686 Y116.219 E17.12949
G1 X87.671 Y115.461 E17.19042
G1 X86.705 Y114.639 E17.25143
G1 X85.795 Y113.757 E17.31238
G1 X84.942 Y112.819 E17.37336
G1 X84.152 Y111.828 E17.43432
G1 X83.427 Y110.788 E17.4953
G1 X82.77 Y109.704 E17.55627
G1 X82.183 Y108.58 E17.61726
G1 X81.67 Y107.421 E17.67822
G1 X81.233 Y106.231 E17.73919
G1 X80.872 Y105.016 E17.80015
G1 X80.59 Y103.78 E17.86112
G1 X80.387 Y102.529 E17.92208
G1 X80.266 Y101.267 E17.98306
G1 X80.232 Y100.217 E18.03359
G1 X80.266 Y98.732 E18.10503
G1 X80.387 Y97.471 E18.16596
G1 X80.555 Y96.434 E18.21649
G1 X80.872 Y94.983 E18.28792
G1 X81.233 Y93.769 E18.34884
G1 X81.67 Y92.579 E18.40981
G1 X82.183 Y91.42 E18.47077
G1 X82.77 Y90.296 E18.53176
G1 X83.314 Y89.398 E18.58226
G1 X84.153 Y88.172 E18.65371
G1 X84.942 Y87.181 E18.71464
G1 X85.649 Y86.404 E18.76517
G1 X86.706 Y85.36 E18.83663
G1 X87.671 Y84.539 E18.89757
G1 X88.686 Y83.781 E18.9585
G1 X89.749 Y83.09 E19.01948
G1 X90.853 Y82.468 E19.08043
G1 X91.995 Y81.918 E19.14139
G1 X93.17 Y81.442 E19.20236
G1 X94.374 Y81.042 E19.26338
G1 X95.6 Y80.721 E19.32433
G1 X96.844 Y80.479 E19.38528
G1 X98.101 Y80.316 E19.44624
G1 X99.366 Y80.235 E19.50721
G1 X100.589 Y80.235 E19.56603
G1 X100.988 Y80.258 F7800
G1 E17.56603 F2400
G92 E0
G1 X104.508 Y81.846 F7800
G1 E2 F2400
;TYPE:Internal infill
;WIDTH:0.45
G1 F4800
G1 X102.993 Y81.527 E2.07446
G1 X102.234 Y81.436 E2.11123
G1 X88.766 Y85.045 E2.78185
G1 X87.423 Y86.143 E2.86528
G1 X86.779 Y86.779 E2.90881
G1 X113.228 Y113.228 E4.70784
G1 X112.581 Y113.853 E4.75111
G1 X111.234 Y114.955 E4.83481
G1 X97.747 Y118.569 E5.50637
G1 X97.013 Y118.474 E5.54197
G1 X95.159 Y118.067 E5.63326
G1 X104.841 Y81.933 E7.43249
G1 X107.032 Y82.668 E7.54364
G1 E5.54364 F2400
G92 E0
G1 X95.512 Y81.84 F7800
G1 E2 F2400
G1 F4800
G1 X97.013 Y81.526 E2.07376
G1 X97.787 Y81.426 E2.1113
G1 X118.577 Y102.217 E3.52545
G1 X118.68 Y100.983 E3.58501
G1 X84.307 Y110.193 E5.29655
G1 X85.019 Y111.213 E5.35638
G1 X92.631 Y82.804 E6.77095
G1 X91.344 Y83.408 E6.83933
G1 X90.567 Y83.846 E6.88223
G1 E4.88223 F2400
G92 E0
G1 X104.488 Y118.16 F7800
G1 E2 F2400
G1 F4800
G1 X102.987 Y118.474 E2.07376
G1 X102.213 Y118.574 E2.1113
G1 X81.423 Y97.783 E3.52545
G1 X81.32 Y99.017 E3.58501
G1 X115.682 Y89.81 E5.296
G1 X114.981 Y88.787 E5.35565
G1 X107.369 Y117.196 E6.77022
G1 X108.656 Y116.592 E6.8386
G1 X109.433 Y116.154 E6.8815
;LAYER_CHANGE
;Z:8.75
;HEIGHT:0.3
G1 E4.8815 F2400
G92 E0
G1 Z8.75 F7800
G92 E0
G1 X118.31 Y110.275
G1 E2 F2400
;TYPE:Perimeter
;WIDTH:0.45
G1 F3600
G1 X118.295 Y110.303 E2.00153
G1 X117.597 Y111.454 E2.06627
G1 X116.827 Y112.558 E2.13101
G1 X115.988 Y113.611 E2.19577
G1 X115.083 Y114.607 E2.2605
G1 X114.116 Y115.543 E2.32523
G1 X113.091 Y116.416 E2.38999
G1 X112.009 Y117.223 E2.45491
G1 X110.725 Y118.045 E2.52824
G1 X109.712 Y118.616 E2.58417
G1 X108.499 Y119.2 E2.64892
G1 X107.252 Y119.705 E2.71363
G1 X105.974 Y120.129 E2.77839
G1 X104.672 Y120.47 E2.84312
G1 X103.351 Y120.728 E2.90786
G1 X102.016 Y120.9 E2.9726
G1 X100.673 Y120.986 E3.03733
G1 X99.327 Y120.986 E3.10207
G1 X97.984 Y120.9 E3.1668
G1 X96.649 Y120.728 E3.23154
G1 X95.328 Y120.47 E3.29628
G1 X94.026 Y120.129 E3.36101
G1 X92.748 Y119.705 E3.42577
G1 X91.501 Y119.2 E3.49048
G1 X90.288 Y118.616 E3.55523
G1 X89.115 Y117.955 E3.61999
G1 X87.987 Y117.221 E3.68472
G1 X86.909 Y116.416 E3.74943
G1 X85.884 Y115.543 E3.81419
G1 X84.917 Y114.607 E3.87892
G1 X84.012 Y113.611 E3.94365
G1 X83.173 Y112.558 E4.00841
G1 X82.401 Y111.451 E4.07332
G1 X81.62 Y110.141 E4.14667
G1 X81.083 Y109.11 E4.20258
G1 X80.536 Y107.876 E4.2675
G1 X80.021 Y106.44 E4.34087
G1 X79.69 Y105.326 E4.39676
G1 X79.39 Y104.01 E4.46168
G1 X79.158 Y102.502 E4.53506
G1 X79.046 Y101.345 E4.59097
G1 X79.003 Y99.996 E4.65589
G1 X79.064 Y98.472 E4.72925
G1 X79.176 Y97.315 E4.78516
G1 X79.39 Y95.986 E4.8499
G1 X79.69 Y94.674 E4.91463
G1 X80.073 Y93.384 E4.97935
G1 X80.538 Y92.121 E5.04408
G1 X81.083 Y90.89 E5.10883
G1 X81.705 Y89.697 E5.17354
G1 X82.405 Y88.542 E5.2385
G1 X83.287 Y87.298 E5.31184
G1 X84.012 Y86.389 E5.36776
G1 X84.917 Y85.393 E5.43249
G1 X85.884 Y84.457 E5.49722
G1 X86.909 Y83.584 E5.56198
G1 X87.991 Y82.777 E5.6269
G1 X89.275 Y81.955 E5.70023
G1 X90.288 Y81.384 E5.75616
G1 X91.504 Y80.799 E5.82106
G1 X92.923 Y80.237 E5.89447
G1 X94.026 Y79.871 E5.95036
G1 X95.328 Y79.53 E6.01509
G1 X96.649 Y79.272 E6.07983
G1 X97.984 Y79.1 E6.14457
G1 X99.327 Y79.014 E6.2093
G1 X100.673 Y79.014 E6.27404
G1 X102.016 Y79.1 E6.33877
G1 X103.355 Y79.273 E6.40371
G1 X104.85 Y79.576 E6.47708
G1 X105.974 Y79.871 E6.53297
G1 X107.252 Y80.295 E6.59773
G1 X108.499 Y80.8 E6.66244
G1 X109.712 Y81.384 E6.72719
G1 X110.885 Y82.045 E6.79195
G1 X112.013 Y82.779 E6.85668
G1 X113.094 Y83.586 E6.92156
G1 X114.227 Y84.566 E6.99361
G1 X115.079 Y85.388 E7.05055
G1 X115.988 Y86.389 E7.11558
G1 X116.827 Y87.442 E7.18034
G1 X117.599 Y88.549 E7.24525
G1 X118.38 Y89.859 E7.3186
G1 X118.917 Y90.89 E7.37451
G1 X119.464 Y92.124 E7.43943
G1 X119.979 Y93.56 E7.5128
G1 X120.31 Y94.674 E7.56869
G1 X120.61 Y95.986 E7.63342
G1 X120.824 Y97.315 E7.69816
G1 X120.954 Y98.655 E7.76291
G1 X120.997 Y100 E7.82763
G1 X120.954 Y101.345 E7.89235
G1 X120.824 Y102.685 E7.9571
G1 X120.61 Y104.014 E8.02184
G1 X120.31 Y105.326 E8.08657
G1 X119.927 Y106.616 E8.15129
G1 X119.462 Y107.879 E8.21602
G1 X118.917 Y109.11 E8.28077
G1 X118.337 Y110.222 E8.34109
G1 X117.968 Y110.097 F7800
G1 F3600
G1 X117.959 Y110.114 E8.34202
G1 X117.274 Y111.244 E8.40558
G1 X116.518 Y112.328 E8.46914
G1 X115.694 Y113.361 E8.53269
G1 X114.806 Y114.339 E8.59623
G1 X113.857 Y115.258 E8.65977
G1 X112.851 Y116.114 E8.7233
G1 X111.79 Y116.906 E8.78698
G1 X110.526 Y117.715 E8.85916
G1 X109.533 Y118.274 E8.91397
G1 X108.343 Y118.847 E8.97749
G1 X107.118 Y119.343 E9.04105
G1 X105.864 Y119.759 E9.1046
G1 X104.586 Y120.094 E9.16814
G1 X103.29 Y120.347 E9.23165
G1 X101.979 Y120.516 E9.29523
G1 X100.661 Y120.6 E9.35875
G1 X99.339 Y120.6 E9.42233
G1 X98.021 Y120.516 E9.48585
G1 X96.711 Y120.347 E9.54938
G1 X95.414 Y120.094 E9.61294
G1 X94.136 Y119.759 E9.67648
G1 X92.882 Y119.343 E9.74003
G1 X91.657 Y118.847 E9.80359
G1 X90.467 Y118.274 E9.86711
G1 X89.315 Y117.625 E9.9307
G1 X88.208 Y116.905 E9.99421
G1 X87.149 Y116.114 E10.05778
G1 X86.143 Y115.258 E10.12131
G1 X85.194 Y114.339 E10.18485
G1 X84.306 Y113.361 E10.24839
G1 X83.482 Y112.328 E10.31194
G1 X82.725 Y111.242 E10.37561
G1 X81.957 Y109.953 E10.44778
G1 X81.43 Y108.943 E10.50257
G1 X80.894 Y107.732 E10.56627
G1 X80.387 Y106.32 E10.63843
G1 X80.063 Y105.228 E10.69321
G1 X79.769 Y103.938 E10.75685
G1 X79.541 Y102.455 E10.82902
G1 X79.431 Y101.321 E10.88382
G1 X79.389 Y99.998 E10.94748
G1 X79.449 Y98.498 E11.01968
G1 X79.558 Y97.364 E11.07447
G1 X79.769 Y96.06 E11.138
G1 X80.063 Y94.772 E11.20154
G1 X80.439 Y93.505 E11.26511
G1 X80.895 Y92.265 E11.32865
G1 X81.43 Y91.057 E11.39219
G1 X82.041 Y89.886 E11.45572
G1 X82.727 Y88.754 E11.51938
G1 X83.596 Y87.53 E11.59158
G1 X84.306 Y86.639 E11.64638
G1 X85.194 Y85.661 E11.70992
G1 X86.143 Y84.742 E11.77346
G1 X87.149 Y83.886 E11.83699
G1 X88.21 Y83.094 E11.90067
G1 X89.474 Y82.285 E11.97285
G1 X90.467 Y81.726 E12.02766
G1 X91.659 Y81.152 E12.09129
G1 X93.054 Y80.6 E12.16345
G1 X94.136 Y80.241 E12.21828
G1 X95.414 Y79.906 E12.28182
G1 X96.71 Y79.653 E12.34533
G1 X98.021 Y79.484 E12.40891
G1 X99.339 Y79.4 E12.47243
G1 X100.661 Y79.4 E12.53601
G1 X101.979 Y79.484 E12.59953
G1 X103.292 Y79.654 E12.66321
G1 X104.762 Y79.952 E12.73535
G1 X105.864 Y80.241 E12.79014
G1 X107.118 Y80.657 E12.85369
G1 X108.343 Y81.153 E12.91725
G1 X109.533 Y81.726 E12.98077
G1 X110.685 Y82.375 E13.04436
G1 X111.792 Y83.095 E13.10787
G1 X112.853 Y83.887 E13.17155
G1 X113.975 Y84.858 E13.24292
G1 X114.803 Y85.659 E13.29833
G1 X115.694 Y86.639 E13.36203
G1 X116.518 Y87.672 E13.42558
G1 X117.275 Y88.758 E13.48925
G1 X118.043 Y90.047 E13.56142
G1 X118.57 Y91.057 E13.61621
G1 X119.106 Y92.268 E13.67991
G1 X119.613 Y93.68 E13.75207
G1 X119.937 Y94.772 E13.80685
G1 X120.231 Y96.06 E13.87039
G1 X120.442 Y97.364 E13.93392
G1 X120.569 Y98.679 E13.99746
G1 X120.611 Y100 E14.06103
G1 X120.569 Y101.321 E14.1246
G1 X120.442 Y102.636 E14.18814
G1 X120.231 Y103.94 E14.25167
G1 X119.937 Y105.228 E14.31521
G1 X119.561 Y106.495 E14.37878
G1 X119.105 Y107.735 E14.44232
G1 X118.57 Y108.943 E14.50586
G1 X117.996 Y110.044 E14.56558
G1 X117.626 Y109.918 F7800
;TYPE:External perimeter
G1 F1800
G1 X117.623 Y109.925 E14.56595
G1 X116.95 Y111.033 E14.6283
G1 X116.209 Y112.097 E14.69066
G1 X115.4 Y113.11 E14.75301
G1 X114.529 Y114.07 E14.81535
G1 X113.597 Y114.972 E14.87773
G1 X112.61 Y115.813 E14.9401
G1 X111.57 Y116.589 E15.00251
G1 X110.327 Y117.384 E15.07348
G1 X109.355 Y117.932 E15.12715
G1 X108.187 Y118.494 E15.18949
G1 X106.985 Y118.981 E15.25187
G1 X105.755 Y119.389 E15.3142
G1 X104.501 Y119.718 E15.37655
G1 X103.228 Y119.966 E15.43893
G1 X101.942 Y120.132 E15.5013
G1 X100.648 Y120.215 E15.56366
G1 X99.352 Y120.215 E15.62599
G1 X98.058 Y120.132 E15.68835
G1 X96.772 Y119.966 E15.75072
G1 X95.499 Y119.718 E15.8131
G1 X94.245 Y119.389 E15.87545
G1 X93.015 Y118.981 E15.93778
G1 X91.813 Y118.494 E16.00016
G1 X90.645 Y117.932 E16.0625
G1 X89.515 Y117.295 E16.12489
G1 X88.429 Y116.588 E16.18722
G1 X87.39 Y115.813 E16.24956
G1 X86.403 Y114.972 E16.31193
G1 X85.471 Y114.07 E16.37431
G1 X84.6 Y113.111 E16.43662
G1 X83.791 Y112.097 E16.49901
G1 X83.049 Y111.033 E16.5614
G1 X82.294 Y109.765 E16.63238
G1 X81.778 Y108.775 E16.68608
G1 X81.253 Y107.589 E16.74846
G1 X80.754 Y106.2 E16.81945
G1 X80.436 Y105.13 E16.87314
G1 X80.148 Y103.865 E16.93554
G1 X79.924 Y102.407 E17.00649
G1 X79.816 Y101.296 E17.06018
G1 X79.775 Y99.999 E17.12259
G1 X79.834 Y98.525 E17.19354
G1 X79.941 Y97.414 E17.24722
G1 X80.148 Y96.134 E17.30958
G1 X80.436 Y94.87 E17.37193
G1 X80.805 Y93.627 E17.43429
G1 X81.253 Y92.41 E17.49666
G1 X81.778 Y91.225 E17.559
G1 X82.377 Y90.075 E17.62136
G1 X83.05 Y88.966 E17.68375
G1 X83.904 Y87.762 E17.75475
G1 X84.6 Y86.89 E17.80841
G1 X85.471 Y85.93 E17.87075
G1 X86.403 Y85.028 E17.93313
G1 X87.39 Y84.187 E17.9955
G1 X88.43 Y83.411 E18.05791
G1 X89.673 Y82.616 E18.12888
G1 X90.645 Y82.068 E18.18255
G1 X91.814 Y81.506 E18.24493
G1 X93.186 Y80.963 E18.3159
G1 X94.245 Y80.611 E18.36957
G1 X95.499 Y80.282 E18.43192
G1 X96.772 Y80.034 E18.4943
G1 X98.058 Y79.868 E18.55667
G1 X99.352 Y79.785 E18.61903
G1 X100.648 Y79.785 E18.68136
G1 X101.942 Y79.868 E18.74372
G1 X103.229 Y80.034 E18.80613
G1 X104.675 Y80.328 E18.8771
G1 X105.755 Y80.611 E18.9308
G1 X106.985 Y81.019 E18.99313
G1 X108.187 Y81.506 E19.05551
G1 X109.355 Y82.068 E19.11785
G1 X110.485 Y82.705 E19.18024
G1 X111.571 Y83.412 E19.24257
G1 X112.611 Y84.188 E19.30498
G1 X113.723 Y85.15 E19.3757
G1 X114.528 Y85.929 E19.42958
G1 X115.4 Y86.89 E19.49199
G1 X116.209 Y87.903 E19.55434
G1 X116.951 Y88.967 E19.61673
G1 X117.706 Y90.235 E19.68771
G1 X118.222 Y91.225 E19.74141
G1 X118.747 Y92.411 E19.80379
G1 X119.246 Y93.8 E19.87478
G1 X119.564 Y94.87 E19.92847
G1 X119.852 Y96.134 E19.99082
G1 X120.059 Y97.414 E20.05318
G1 X120.184 Y98.704 E20.11552
G1 X120.225 Y100 E20.17788
G1 X120.184 Y101.296 E20.24024
G1 X120.059 Y102.586 E20.30258
G1 X119.852 Y103.866 E20.36494
G1 X119.564 Y105.13 E20.42729
G1 X119.195 Y106.373 E20.48965
G1 X118.747 Y107.59 E20.55202
G1 X118.222 Y108.775 E20.61436
G1 X117.654 Y109.865 E20.67348
G1 X117.449 Y110.209 F7800
G1 E18.67348 F2400
G92 E0
G1 X124.004 Y124.004 F7800
G1 E2 F2400
;TYPE:Perimeter
G1 F3600
G1 X75.996 Y124.004 E4.30902
G1 X75.996 Y75.996 E6.61804
G1 X124.004 Y75.996 E8.92706
G1 X124.004 Y123.944 E11.23319
G1 X124.389 Y124.389 F7800
G1 F3600
G1 X75.611 Y124.389 E13.57924
G1 X75.611 Y75.611 E15.92529
G1 X124.389 Y75.611 E18.27134
G1 X124.389 Y124.329 E20.61451
G1 X124.775 Y124.775 F7800
;TYPE:External perimeter
G1 F1800
G1 X75.225 Y124.775 E22.99769
G1 X75.225 Y75.225 E25.38087
G1 X124.775 Y75.225 E27.76405
G1 X124.775 Y124.715 E30.14435
G1 X124.379 Y124.774 F7800
G1 E28.14435 F2400
G92 E0
G1 X123.715 Y121.401 F7800
G1 E2 F2400
;TYPE:Internal infill
;WIDTH:0.45
G1 F4800
G1 X123.715 Y123.715 E2.1113
G1 X115.044 Y115.044 E2.70109
G1 X116.387 Y113.574 E2.79686
G1 X123.715 Y111.611 E3.16174
G1 X123.715 Y107.354 E3.36649
G1 X120.806 Y104.445 E3.56436
G1 X121.105 Y102.759 E3.64672
G1 X121.239 Y101.401 E3.71235
G1 X121.275 Y100.288 E3.76591
G1 X123.715 Y99.634 E3.88741
G1 X123.715 Y100.891 E3.94787
G1 X117.599 Y123.715 E5.08436
G1 X115.285 Y123.715 E5.19566
G1 E3.19566 F2400
G92 E0
G1 X108.714 Y119.417 F7800
G1 E2 F2400
G1 F4800
G1 X106.553 Y120.24 E2.11122
G1 X105.622 Y123.715 E2.28425
G1 X107.354 Y123.715 E2.36755
G1 X104.448 Y120.809 E2.56521
G1 X102.164 Y121.172 E2.67644
G1 E.67644 F2400
G92 E0
G1 X83.983 Y123.715 F7800
G1 E2 F2400
G1 F4800
G1 X81.669 Y123.715 E2.1113
G1 X84.205 Y114.25 E2.58259
G1 X82.964 Y112.761 E2.67582
G1 X82.181 Y111.642 E2.74151
G1 X81.729 Y110.884 E2.78396
G1 X76.285 Y112.343 E3.05504
G1 X76.285 Y109.006 E3.21554
G1 X90.994 Y123.715 E4.21603
G1 X93.646 Y123.715 E4.34358
G1 X94.493 Y120.551 E4.50112
G1 X92.587 Y119.951 E4.59723
G1 X78.542 Y123.715 E5.29658
G1 X76.285 Y123.715 E5.40513
G1 X76.285 Y123.658 E5.40787
G1 E3.40787 F2400
G92 E0
G1 X76.285 Y78.599 F7800
G1 E2 F2400
G1 F4800
G1 X76.285 Y76.285 E2.1113
G1 X84.954 Y84.954 E2.70096
G1 X83.614 Y86.426 E2.7967
G1 X76.285 Y88.389 E3.16162
G1 X76.285 Y92.646 E3.36637
G1 X79.195 Y95.555 E3.56427
G1 X78.895 Y97.241 E3.64663
G1 X78.728 Y99.712 E3.76575
G1 X76.285 Y100.366 E3.88739
G1 X76.285 Y99.109 E3.94785
G1 X82.401 Y76.285 E5.08434
G1 X84.715 Y76.285 E5.19564
G1 E3.19564 F2400
G92 E0
G1 X91.285 Y80.583 F7800
G1 E2 F2400
G1 F4800
G1 X93.447 Y79.76 E2.11126
G1 X94.378 Y76.285 E2.28429
G1 X92.646 Y76.285 E2.36759
G1 X95.554 Y79.193 E2.56539
G1 X96.64 Y78.982 E2.6186
G1 X97.838 Y78.83 E2.67668
G1 E.67668 F2400
G92 E0
G1 X116.017 Y76.285 F7800
G1 E2 F2400
G1 F4800
G1 X118.331 Y76.285 E2.1113
G1 X115.795 Y85.75 E2.58259
G1 X117.036 Y87.239 E2.67582
G1 X117.819 Y88.358 E2.74151
G1 X118.271 Y89.116 E2.78396
G1 X123.715 Y87.657 E3.05504
G1 X123.715 Y90.994 E3.21554
G1 X109.006 Y76.285 E4.21603
G1 X106.354 Y76.285 E4.34358
G1 X105.506 Y79.45 E4.50117
G1 X107.413 Y80.049 E4.59731
G1 X121.458 Y76.285 E5.29666
G1 X123.715 Y76.285 E5.40521
G1 X123.715 Y76.342 E5.40795
G1 E3.40795 F2400
G92 E0
G92 E0
G1 X100.599 Y81.016 F7800
G1 E2 F2400
;TYPE:Perimeter
;WIDTH:0.45
G1 F3600
G1 X101.829 Y81.085 E2.05925
G1 X103.033 Y81.24 E2.11764
G1 X104.229 Y81.473 E2.17624
G1 X105.407 Y81.782 E2.23481
G1 X106.396 Y82.111 E2.28494
G1 X107.696 Y82.625 E2.35218
G1 X108.79 Y83.152 E2.41058
G1 X109.698 Y83.663 E2.46069
G1 X110.875 Y84.416 E2.52789
G1 X111.848 Y85.143 E2.58631
G1 X112.776 Y85.932 E2.6449
G1 X113.651 Y86.78 E2.70351
G1 X114.47 Y87.682 E2.76211
G1 X115.229 Y88.634 E2.82067
G1 X115.926 Y89.633 E2.87926
G1 X116.558 Y90.675 E2.93787
G1 X117.121 Y91.755 E2.99645
G1 X117.614 Y92.869 E3.05504
G1 X118.035 Y94.012 E3.11362
G1 X118.382 Y95.18 E3.17222
G1 X118.653 Y96.367 E3.23078
G1 X118.847 Y97.57 E3.28939
G1 X118.964 Y98.782 E3.34795
G1 X119.003 Y100 E3.40656
G1 X118.964 Y101.218 E3.46517
G1 X118.847 Y102.43 E3.52373
G1 X118.653 Y103.633 E3.58234
G1 X118.382 Y104.82 E3.6409
G1 X118.035 Y105.988 E3.6995
G1 X117.614 Y107.131 E3.75808
G1 X117.121 Y108.245 E3.81667
G1 X116.558 Y109.325 E3.87525
G1 X115.926 Y110.367 E3.93386
G1 X115.229 Y111.366 E3.99245
G1 X114.47 Y112.318 E4.05101
G1 X113.651 Y113.22 E4.10961
G1 X112.776 Y114.068 E4.16822
G1 X111.848 Y114.857 E4.22681
G1 X110.872 Y115.586 E4.2854
G1 X109.851 Y116.25 E4.34398
G1 X108.79 Y116.848 E4.40256
G1 X107.692 Y117.377 E4.46118
G1 X106.563 Y117.834 E4.51976
G1 X105.407 Y118.218 E4.57835
G1 X104.229 Y118.527 E4.63692
G1 X103.033 Y118.76 E4.69552
G1 X101.825 Y118.915 E4.7541
G1 X100.609 Y118.993 E4.81271
G1 X99.391 Y118.993 E4.87129
G1 X98.175 Y118.915 E4.9299
G1 X96.967 Y118.76 E4.98848
G1 X95.771 Y118.527 E5.04708
G1 X94.593 Y118.218 E5.10565
G1 X93.437 Y117.834 E5.16424
G1 X92.308 Y117.377 E5.22282
G1 X91.21 Y116.848 E5.28144
G1 X90.302 Y116.337 E5.33155
G1 X89.125 Y115.584 E5.39875
G1 X88.152 Y114.857 E5.45717
G1 X87.224 Y114.068 E5.51576
G1 X86.349 Y113.22 E5.57437
G1 X85.53 Y112.318 E5.63297
G1 X84.771 Y111.366 E5.69153
G1 X84.074 Y110.367 E5.75012
G1 X83.442 Y109.325 E5.80873
G1 X82.879 Y108.245 E5.86731
G1 X82.386 Y107.131 E5.9259
G1 X81.965 Y105.988 E5.98448
G1 X81.618 Y104.82 E6.04308
G1 X81.347 Y103.633 E6.10164
G1 X81.153 Y102.43 E6.16025
G1 X81.053 Y101.392 E6.21041
G1 X80.997 Y99.996 E6.27761
G1 X81.036 Y98.782 E6.33603
G1 X81.136 Y97.745 E6.38614
G1 X81.348 Y96.364 E6.45334
G1 X81.618 Y95.18 E6.51175
G1 X81.915 Y94.18 E6.56192
G1 X82.387 Y92.865 E6.62912
G1 X82.879 Y91.755 E6.68752
G1 X83.361 Y90.83 E6.73769
G1 X84.076 Y89.63 E6.80487
G1 X84.771 Y88.634 E6.86328
G1 X85.421 Y87.819 E6.91342
G1 X86.352 Y86.777 E6.98063
G1 X87.224 Y85.932 E7.03903
G1 X88.018 Y85.256 E7.08918
G1 X89.131 Y84.412 E7.15636
G1 X90.149 Y83.75 E7.21476
G1 X91.21 Y83.152 E7.27334
G1 X92.308 Y82.623 E7.33196
G1 X93.437 Y82.166 E7.39054
G1 X94.593 Y81.782 E7.44913
G1 X95.771 Y81.473 E7.5077
G1 X96.967 Y81.24 E7.5663
G1 X98.175 Y81.085 E7.62488
G1 X99.391 Y81.007 E7.68349
G1 X100.434 Y81.007 E7.73365
G1 X100.539 Y81.012 E7.73871
G1 X100.624 Y80.631 F7800
G1 F3600
G1 X101.864 Y80.701 E7.79844
G1 X103.094 Y80.859 E7.85808
G1 X104.314 Y81.097 E7.91786
G1 X105.517 Y81.412 E7.97767
G1 X106.528 Y81.748 E8.02891
G1 X107.851 Y82.271 E8.09733
G1 X108.968 Y82.81 E8.15698
G1 X109.897 Y83.333 E8.20826
G1 X111.095 Y84.099 E8.27665
G1 X112.089 Y84.841 E8.33631
G1 X113.035 Y85.647 E8.39608
G1 X113.928 Y86.511 E8.45584
G1 X114.764 Y87.431 E8.51563
G1 X115.539 Y88.403 E8.57542
G1 X116.25 Y89.423 E8.63522
G1 X116.894 Y90.485 E8.69496
G1 X117.469 Y91.587 E8.75474
G1 X117.972 Y92.724 E8.81454
G1 X118.401 Y93.89 E8.8743
G1 X118.755 Y95.082 E8.93411
G1 X119.032 Y96.294 E8.99391
G1 X119.23 Y97.521 E9.05369
G1 X119.349 Y98.758 E9.11346
G1 X119.389 Y100 E9.17323
G1 X119.349 Y101.242 E9.233
G1 X119.23 Y102.479 E9.29277
G1 X119.032 Y103.706 E9.35255
G1 X118.755 Y104.918 E9.41235
G1 X118.401 Y106.11 E9.47216
G1 X117.972 Y107.276 E9.53192
G1 X117.469 Y108.413 E9.59172
G1 X116.894 Y109.515 E9.6515
G1 X116.25 Y110.577 E9.71124
G1 X115.539 Y111.597 E9.77104
G1 X114.764 Y112.569 E9.83083
G1 X113.928 Y113.489 E9.89062
G1 X113.035 Y114.353 E9.95038
G1 X112.089 Y115.159 E10.01015
G1 X111.093 Y115.902 E10.06991
G1 X110.051 Y116.58 E10.1297
G1 X108.968 Y117.19 E10.18948
G1 X107.848 Y117.73 E10.24928
G1 X106.696 Y118.196 E10.30905
G1 X105.517 Y118.588 E10.36881
G1 X104.314 Y118.903 E10.42862
G1 X103.094 Y119.141 E10.4884
G1 X101.862 Y119.299 E10.54814
G1 X100.621 Y119.379 E10.60795
G1 X99.379 Y119.379 E10.66769
G1 X98.138 Y119.299 E10.7275
G1 X96.906 Y119.141 E10.78724
G1 X95.686 Y118.903 E10.84702
G1 X94.483 Y118.588 E10.90683
G1 X93.304 Y118.196 E10.96659
G1 X92.152 Y117.73 E11.02636
G1 X91.032 Y117.19 E11.08616
G1 X90.103 Y116.667 E11.13744
G1 X88.905 Y115.901 E11.20583
G1 X87.911 Y115.159 E11.26549
G1 X86.965 Y114.353 E11.32526
G1 X86.072 Y113.489 E11.38502
G1 X85.236 Y112.569 E11.44481
G1 X84.461 Y111.597 E11.5046
G1 X83.75 Y110.577 E11.5644
G1 X83.106 Y109.515 E11.62414
G1 X82.531 Y108.413 E11.68392
G1 X82.028 Y107.276 E11.74372
G1 X81.599 Y106.11 E11.80348
G1 X81.245 Y104.918 E11.86329
G1 X80.968 Y103.706 E11.92309
G1 X80.77 Y102.479 E11.98287
G1 X80.668 Y101.419 E12.03409
G1 X80.611 Y99.998 E12.10249
G1 X80.651 Y98.758 E12.16216
G1 X80.753 Y97.697 E12.21343
G1 X80.969 Y96.291 E12.28185
G1 X81.245 Y95.082 E12.34149
G1 X81.548 Y94.06 E12.39276
G1 X82.029 Y92.722 E12.46115
G1 X82.531 Y91.587 E12.52084
G1 X83.024 Y90.642 E12.5721
G1 X83.752 Y89.421 E12.64047
G1 X84.461 Y88.403 E12.70014
G1 X85.126 Y87.57 E12.75141
G1 X86.074 Y86.51 E12.81981
G1 X86.965 Y85.647 E12.87947
G1 X87.776 Y84.956 E12.93071
G1 X88.909 Y84.096 E12.99912
G1 X89.949 Y83.42 E13.05878
G1 X91.032 Y82.81 E13.11856
G1 X92.152 Y82.27 E13.17836
G1 X93.304 Y81.804 E13.23813
G1 X94.483 Y81.412 E13.29789
G1 X95.686 Y81.097 E13.3577
G1 X96.906 Y80.859 E13.41748
G1 X98.138 Y80.701 E13.47722
G1 X99.379 Y80.621 E13.53703
G1 X100.444 Y80.621 E13.58825
G1 X100.564 Y80.628 E13.59403
G1 X100.648 Y80.246 F7800
;TYPE:External perimeter
G1 F1800
G1 X101.9 Y80.317 E13.65434
G1 X103.156 Y80.479 E13.71525
G1 X104.4 Y80.721 E13.7762
G1 X105.626 Y81.042 E13.83715
G1 X106.66 Y81.386 E13.88956
G1 X108.005 Y81.918 E13.95913
G1 X109.147 Y82.468 E14.02009
G1 X110.096 Y83.002 E14.07246
G1 X111.314 Y83.782 E14.14202
G1 X112.329 Y84.539 E14.20292
G1 X113.295 Y85.361 E14.26393
G1 X114.205 Y86.243 E14.32488
G1 X115.058 Y87.181 E14.38586
G1 X115.848 Y88.172 E14.44682
G1 X116.573 Y89.212 E14.5078
G1 X117.23 Y90.296 E14.56877
G1 X117.817 Y91.42 E14.62976
G1 X118.33 Y92.579 E14.69072
G1 X118.767 Y93.769 E14.75169
G1 X119.128 Y94.984 E14.81265
G1 X119.41 Y96.22 E14.87362
G1 X119.613 Y97.471 E14.93458
G1 X119.734 Y98.733 E14.99556
G1 X119.775 Y100 E15.05653
G1 X119.734 Y101.267 E15.1175
G1 X119.613 Y102.529 E15.17848
G1 X119.41 Y103.78 E15.23944
G1 X119.128 Y105.016 E15.30041
G1 X118.767 Y106.231 E15.36137
G1 X118.33 Y107.421 E15.42234
G1 X117.817 Y108.58 E15.4833
G1 X117.23 Y109.704 E15.54429
G1 X116.573 Y110.788 E15.60526
G1 X115.848 Y111.828 E15.66624
G1 X115.058 Y112.819 E15.7272
G1 X114.205 Y113.757 E15.78818
G1 X113.295 Y114.639 E15.84913
G1 X112.329 Y115.461 E15.91014
G1 X111.314 Y116.219 E15.97107
G1 X110.251 Y116.91 E16.03205
G1 X109.147 Y117.532 E16.093
G1 X108.005 Y118.082 E16.15396
G1 X106.83 Y118.558 E16.21493
G1 X105.626 Y118.958 E16.27595
G1 X104.4 Y119.279 E16.3369
G1 X103.156 Y119.521 E16.39785
G1 X101.899 Y119.684 E16.45881
G1 X100.634 Y119.765 E16.51978
G1 X99.366 Y119.765 E16.58077
G1 X98.101 Y119.684 E16.64174
G1 X96.844 Y119.521 E16.7027
G1 X95.6 Y119.279 E16.76365
G1 X94.374 Y118.958 E16.8246
G1 X93.17 Y118.558 E16.88562
G1 X91.995 Y118.082 E16.94659
G1 X90.853 Y117.532 E17.00755
G1 X89.904 Y116.998 E17.05992
G1 X88.686 Y116.218 E17.12948
G1 X87.671 Y115.461 E17.19038
G1 X86.705 Y114.639 E17.25139
G1 X85.795 Y113.757 E17.31234
G1 X84.942 Y112.819 E17.37332
G1 X84.152 Y111.828 E17.43428
G1 X83.427 Y110.788 E17.49526
G1 X82.77 Y109.704 E17.55623
G1 X82.183 Y108.58 E17.61722
G1 X81.67 Y107.421 E17.67818
G1 X81.233 Y106.231 E17.73915
G1 X80.872 Y105.016 E17.80011
G1 X80.59 Y103.78 E17.86108
G1 X80.387 Y102.529 E17.92204
G1 X80.283 Y101.445 E17.97442
G1 X80.225 Y99.999 E18.04402
G1 X80.266 Y98.733 E18.10494
G1 X80.37 Y97.649 E18.15732
G1 X80.59 Y96.219 E18.22691
G1 X80.872 Y94.984 E18.28784
G1 X81.182 Y93.94 E18.34022
G1 X81.671 Y92.578 E18.40982
G1 X82.183 Y91.42 E18.47072
G1 X82.687 Y90.454 E18.52312
G1 X83.427 Y89.211 E18.5927
G1 X84.152 Y88.172 E18.65364
G1 X84.831 Y87.321 E18.706
G1 X85.795 Y86.242 E18.77559
G1 X86.705 Y85.361 E18.83651
G1 X87.535 Y84.655 E18.88892
G1 X88.687 Y83.781 E18.95847
G1 X89.749 Y83.09 E19.01941
G1 X90.853 Y82.468 E19.08036
G1 X91.995 Y81.918 E19.14132
G1 X93.17 Y81.442 E19.20229
G1 X94.374 Y81.042 E19.26331
G1 X95.6 Y80.721 E19.32426
G1 X96.844 Y80.479 E19.38521
G1 X98.101 Y80.316 E19.44617
G1 X99.366 Y80.235 E19.50714
G1 X100.455 Y80.235 E19.55952
G1 X100.588 Y80.243 E19.56593
G1 X100.988 Y80.265 F7800
G1 E17.56593 F2400
G92 E0
G1 X95.512 Y81.84 F7800
G1 E2 F2400
;TYPE:Internal infill
;WIDTH:0.45
G1 F4800
G1 X97.013 Y81.526 E2.07376
G1 X97.787 Y81.426 E2.1113
G1 X118.577 Y102.217 E3.52545
G1 X118.682 Y100.982 E3.58506
G1 X84.307 Y110.193 E5.29671
G1 X85.019 Y111.213 E5.35654
G1 X92.631 Y82.804 E6.77111
G1 X91.344 Y83.408 E6.83949
G1 X90.567 Y83.846 E6.88239
G1 E4.88239 F2400
G92 E0
G1 X87.017 Y86.536 F7800
G1 E2 F2400
G1 F4800
G1 X88.199 Y85.482 E2.07617
G1 X88.78 Y85.041 E2.11125
G1 X102.253 Y81.431 E2.78211
G1 X102.987 Y81.526 E2.81771
G1 X104.841 Y81.933 E2.909
G1 X95.159 Y118.067 E4.70823
G1 X97.013 Y118.474 E4.79952
G1 X97.747 Y118.569 E4.83512
G1 X111.234 Y114.955 E5.50668
G1 X112.581 Y113.853 E5.59038
G1 X113.228 Y113.228 E5.63365
G1 X86.772 Y86.772 E7.43316
G1 X85.243 Y88.506 E7.54435
G1 E5.54435 F2400
G92 E0
G1 X104.488 Y118.16 F7800
G1 E2 F2400
G1 F4800
G1 X102.987 Y118.474 E2.07376
G1 X102.213 Y118.574 E2.1113
G1 X81.423 Y97.783 E3.52545
G1 X81.318 Y99.018 E3.58506
G1 X115.693 Y89.807 E5.29671
G1 X114.981 Y88.787 E5.35654
G1 X107.369 Y117.196 E6.77111
G1 X108.656 Y116.592 E6.83949
G1 X109.433 Y116.154 E6.88239
M107
;LAYER_CHANGE
;Z:9.05
;HEIGHT:0.3
G1 E4.88239 F2400
G92 E0
G1 Z9.05 F7800
G92 E0
G1 X118.31 Y110.275
G1 E2 F2400
;TYPE:Perimeter
;WIDTH:0.45
G1 F3600
G1 X118.295 Y110.303 E2.00153
G1 X117.595 Y111.457 E2.06645
G1 X116.737 Y112.671 E2.13795
G1 X115.988 Y113.611 E2.19576
G1 X115.083 Y114.607 E2.26049
G1 X114.116 Y115.543 E2.32522
G1 X113.091 Y116.416 E2.38998
G1 X112.01 Y117.223 E2.45486
G1 X110.759 Y118.026 E2.52636
G1 X109.712 Y118.616 E2.58416
G1 X108.499 Y119.2 E2.64891
G1 X107.252 Y119.705 E2.71362
G1 X105.974 Y120.129 E2.77838
G1 X104.669 Y120.471 E2.84327
G1 X103.208 Y120.746 E2.91477
G1 X102.016 Y120.9 E2.97258
G1 X100.67 Y120.986 E3.03745
G1 X99.183 Y120.977 E3.10897
G1 X97.984 Y120.9 E3.16676
G1 X96.649 Y120.728 E3.2315
G1 X95.328 Y120.47 E3.29624
G1 X94.026 Y120.129 E3.36097
G1 X92.748 Y119.705 E3.42573
G1 X91.501 Y119.2 E3.49044
G1 X90.288 Y118.616 E3.55519
G1 X89.115 Y117.955 E3.61995
G1 X87.987 Y117.221 E3.68468
G1 X86.909 Y116.416 E3.74939
G1 X85.881 Y115.541 E3.81432
G1 X84.82 Y114.5 E3.88581
G1 X84.012 Y113.611 E3.94359
G1 X83.171 Y112.556 E4.00848
G1 X82.328 Y111.331 E4.08
G1 X81.705 Y110.303 E4.13781
G1 X81.083 Y109.11 E4.20252
G1 X80.538 Y107.879 E4.26727
G1 X80.073 Y106.616 E4.332
G1 X79.69 Y105.326 E4.39672
G1 X79.39 Y104.014 E4.46145
G1 X79.175 Y102.682 E4.52634
G1 X79.042 Y101.201 E4.59786
G1 X79.003 Y100 E4.65565
G1 X79.046 Y98.655 E4.72037
G1 X79.176 Y97.315 E4.78512
G1 X79.39 Y95.986 E4.84986
G1 X79.69 Y94.674 E4.91459
G1 X80.073 Y93.384 E4.97931
G1 X80.538 Y92.121 E5.04404
G1 X81.083 Y90.89 E5.10879
G1 X81.705 Y89.697 E5.1735
G1 X82.405 Y88.543 E5.23842
G1 X83.263 Y87.329 E5.30992
G1 X84.012 Y86.389 E5.36773
G1 X84.919 Y85.391 E5.43259
G1 X85.994 Y84.363 E5.50413
G1 X86.909 Y83.584 E5.56193
G1 X87.99 Y82.777 E5.62681
G1 X89.241 Y81.974 E5.69831
G1 X90.288 Y81.384 E5.75611
G1 X91.504 Y80.799 E5.82101
G1 X92.885 Y80.25 E5.89249
G1 X94.026 Y79.871 E5.95032
G1 X95.331 Y79.529 E6.01521
G1 X96.792 Y79.254 E6.08671
G1 X97.984 Y79.1 E6.14452
G1 X99.33 Y79.014 E6.20939
G1 X100.817 Y79.023 E6.28091
G1 X102.016 Y79.1 E6.3387
G1 X103.351 Y79.272 E6.40344
G1 X104.672 Y79.53 E6.46818
G1 X105.977 Y79.872 E6.53307
G1 X107.385 Y80.349 E6.60457
G1 X108.499 Y80.8 E6.66237
G1 X109.712 Y81.384 E6.72712
G1 X110.885 Y82.045 E6.79188
G1 X112.015 Y82.781 E6.85674
G1 X113.201 Y83.678 E6.92826
G1 X114.116 Y84.457 E6.98606
G1 X115.085 Y85.395 E7.05092
G1 X116.078 Y86.502 E7.12244
G1 X116.827 Y87.442 E7.18025
G1 X117.597 Y88.546 E7.24499
G1 X118.295 Y89.697 E7.30973
G1 X118.917 Y90.89 E7.37444
G1 X119.464 Y92.123 E7.43932
G1 X119.968 Y93.522 E7.51084
G1 X120.31 Y94.674 E7.56864
G1 X120.61 Y95.986 E7.63337
G1 X120.824 Y97.315 E7.69811
G1 X120.954 Y98.655 E7.76286
G1 X120.997 Y100.003 E7.82773
G1 X120.94 Y101.489 E7.89925
G1 X120.824 Y102.685 E7.95704
G1 X120.61 Y104.014 E8.02178
G1 X120.31 Y105.326 E8.08651
G1 X119.927 Y106.616 E8.15123
G1 X119.462 Y107.879 E8.21596
G1 X118.917 Y109.11 E8.28071
G1 X118.337 Y110.222 E8.34103
G1 X117.968 Y110.097 F7800
G1 F3600
G1 X117.959 Y110.114 E8.34196
G1 X117.273 Y111.246 E8.40562
G1 X116.429 Y112.439 E8.47591
G1 X115.694 Y113.361 E8.53262
G1 X114.806 Y114.339 E8.59616
G1 X113.857 Y115.258 E8.6597
G1 X112.851 Y116.114 E8.72323
G1 X111.79 Y116.906 E8.78691
G1 X110.56 Y117.695 E8.85719
G1 X109.533 Y118.274 E8.91389
G1 X108.343 Y118.847 E8.97741
G1 X107.118 Y119.343 E9.04097
G1 X105.864 Y119.759 E9.10452
G1 X104.584 Y120.095 E9.16817
G1 X103.148 Y120.365 E9.23845
G1 X101.979 Y120.516 E9.29514
G1 X100.659 Y120.6 E9.35876
G1 X99.197 Y120.591 E9.42908
G1 X98.021 Y120.516 E9.48576
G1 X96.71 Y120.347 E9.54934
G1 X95.414 Y120.094 E9.61285
G1 X94.136 Y119.759 E9.67639
G1 X92.882 Y119.343 E9.73994
G1 X91.657 Y118.847 E9.8035
G1 X90.467 Y118.274 E9.86702
G1 X89.315 Y117.625 E9.93061
G1 X88.208 Y116.905 E9.99412
G1 X87.149 Y116.114 E10.05769
G1 X86.142 Y115.257 E10.12129
G1 X85.098 Y114.233 E10.19162
G1 X84.306 Y113.361 E10.24828
G1 X83.481 Y112.326 E10.31194
G1 X82.652 Y111.122 E10.38225
G1 X82.041 Y110.114 E10.43894
G1 X81.43 Y108.943 E10.50247
G1 X80.895 Y107.735 E10.56601
G1 X80.439 Y106.495 E10.62955
G1 X80.063 Y105.228 E10.69312
G1 X79.769 Y103.94 E10.75666
G1 X79.558 Y102.634 E10.82029
G1 X79.427 Y101.178 E10.8906
G1 X79.389 Y100 E10.94729
G1 X79.431 Y98.679 E11.01086
G1 X79.558 Y97.364 E11.0744
G1 X79.769 Y96.06 E11.13793
G1 X80.063 Y94.772 E11.20147
G1 X80.439 Y93.505 E11.26504
G1 X80.895 Y92.265 E11.32858
G1 X81.43 Y91.057 E11.39212
G1 X82.041 Y89.886 E11.45565
G1 X82.727 Y88.754 E11.51931
G1 X83.571 Y87.561 E11.5896
G1 X84.306 Y86.639 E11.64631
G1 X85.195 Y85.66 E11.70991
G1 X86.252 Y84.65 E11.78023
G1 X87.149 Y83.886 E11.8369
G1 X88.21 Y83.094 E11.90058
G1 X89.44 Y82.305 E11.97086
G1 X90.467 Y81.726 E12.02756
G1 X91.659 Y81.152 E12.09119
G1 X93.017 Y80.612 E12.16148
G1 X94.136 Y80.241 E12.21818
G1 X95.416 Y79.905 E12.28183
G1 X96.852 Y79.635 E12.35211
G1 X98.021 Y79.484 E12.4088
G1 X99.341 Y79.4 E12.47242
G1 X100.803 Y79.409 E12.54274
G1 X101.979 Y79.484 E12.59942
G1 X103.289 Y79.653 E12.66295
G1 X104.586 Y79.906 E12.72651
G1 X105.866 Y80.241 E12.79015
G1 X107.251 Y80.711 E12.86049
G1 X108.343 Y81.153 E12.91715
G1 X109.533 Y81.726 E12.98067
G1 X110.685 Y82.375 E13.04426
G1 X111.793 Y83.097 E13.10787
G1 X112.96 Y83.978 E13.1782
G1 X113.857 Y84.742 E13.23487
G1 X114.807 Y85.663 E13.29851
G1 X115.783 Y86.751 E13.36881
G1 X116.518 Y87.672 E13.42548
G1 X117.274 Y88.756 E13.48904
G1 X117.959 Y89.886 E13.5526
G1 X118.57 Y91.057 E13.61613
G1 X119.105 Y92.267 E13.67976
G1 X119.602 Y93.642 E13.75008
G1 X119.937 Y94.772 E13.80677
G1 X120.231 Y96.06 E13.87031
G1 X120.442 Y97.364 E13.93384
G1 X120.569 Y98.679 E13.99738
G1 X120.611 Y100.002 E14.06104
G1 X120.555 Y101.463 E14.13136
G1 X120.442 Y102.636 E14.18804
G1 X120.231 Y103.94 E14.25157
G1 X119.937 Y105.228 E14.31511
G1 X119.561 Y106.495 E14.37868
G1 X119.105 Y107.735 E14.44222
G1 X118.57 Y108.943 E14.50576
G1 X117.996 Y110.044 E14.56548
G1 X117.626 Y109.918 F7800
;TYPE:External perimeter
G1 F1800
G1 X117.623 Y109.925 E14.56585
G1 X116.95 Y111.034 E14.62824
G1 X116.12 Y112.208 E14.69739
G1 X115.4 Y113.11 E14.7529
G1 X114.529 Y114.07 E14.81524
G1 X113.597 Y114.972 E14.87762
G1 X112.61 Y115.813 E14.93999
G1 X111.571 Y116.589 E15.00236
G1 X110.361 Y117.365 E15.0715
G1 X109.355 Y117.932 E15.12704
G1 X108.187 Y118.494 E15.18938
G1 X106.985 Y118.981 E15.25176
G1 X105.755 Y119.389 E15.31409
G1 X104.5 Y119.718 E15.37649
G1 X103.087 Y119.984 E15.44564
G1 X101.942 Y120.132 E15.50117
G1 X100.648 Y120.215 E15.56353
G1 X99.21 Y120.206 E15.63269
G1 X98.058 Y120.132 E15.68821
G1 X96.772 Y119.966 E15.75058
G1 X95.499 Y119.718 E15.81296
G1 X94.245 Y119.389 E15.87531
G1 X93.015 Y118.981 E15.93764
G1 X91.813 Y118.494 E16.00002
G1 X90.645 Y117.932 E16.06236
G1 X89.515 Y117.295 E16.12475
G1 X88.429 Y116.588 E16.18708
G1 X87.39 Y115.813 E16.24942
G1 X86.402 Y114.972 E16.31182
G1 X85.376 Y113.965 E16.38096
G1 X84.6 Y113.111 E16.43646
G1 X83.791 Y112.096 E16.49889
G1 X82.976 Y110.912 E16.56802
G1 X82.377 Y109.925 E16.62355
G1 X81.778 Y108.775 E16.68591
G1 X81.253 Y107.59 E16.74825
G1 X80.805 Y106.373 E16.81062
G1 X80.436 Y105.13 E16.87298
G1 X80.148 Y103.866 E16.93533
G1 X79.941 Y102.586 E16.99769
G1 X79.812 Y101.154 E17.06684
G1 X79.775 Y100 E17.12237
G1 X79.816 Y98.704 E17.18473
G1 X79.941 Y97.414 E17.24707
G1 X80.148 Y96.134 E17.30943
G1 X80.436 Y94.87 E17.37178
G1 X80.805 Y93.627 E17.43414
G1 X81.253 Y92.41 E17.49651
G1 X81.778 Y91.225 E17.55885
G1 X82.377 Y90.075 E17.62121
G1 X83.05 Y88.966 E17.6836
G1 X83.88 Y87.792 E17.75275
G1 X84.6 Y86.89 E17.80826
G1 X85.472 Y85.929 E17.87067
G1 X86.511 Y84.936 E17.93979
G1 X87.39 Y84.187 E17.99533
G1 X88.429 Y83.411 E18.0577
G1 X89.639 Y82.635 E18.12684
G1 X90.645 Y82.068 E18.18238
G1 X91.814 Y81.506 E18.24476
G1 X93.149 Y80.975 E18.31386
G1 X94.245 Y80.611 E18.3694
G1 X95.5 Y80.282 E18.4318
G1 X96.913 Y80.016 E18.50095
G1 X98.058 Y79.868 E18.55648
G1 X99.352 Y79.785 E18.61884
G1 X100.79 Y79.794 E18.688
G1 X101.942 Y79.868 E18.74352
G1 X103.228 Y80.034 E18.80589
G1 X104.501 Y80.282 E18.86827
G1 X105.755 Y80.611 E18.93062
G1 X107.116 Y81.073 E18.99975
G1 X108.187 Y81.506 E19.05531
G1 X109.355 Y82.068 E19.11765
G1 X110.485 Y82.705 E19.18004
G1 X111.572 Y83.412 E19.24241
G1 X112.718 Y84.279 E19.31153
G1 X113.597 Y85.028 E19.36707
G1 X114.529 Y85.93 E19.42945
G1 X115.489 Y87 E19.49859
G1 X116.209 Y87.903 E19.55414
G1 X116.95 Y88.966 E19.61646
G1 X117.623 Y90.075 E19.67885
G1 X118.222 Y91.225 E19.74121
G1 X118.747 Y92.411 E19.80359
G1 X119.235 Y93.763 E19.87272
G1 X119.564 Y94.87 E19.92826
G1 X119.852 Y96.134 E19.99061
G1 X120.059 Y97.414 E20.05297
G1 X120.184 Y98.704 E20.11531
G1 X120.225 Y100.001 E20.17772
G1 X120.17 Y101.437 E20.24684
G1 X120.059 Y102.586 E20.30236
G1 X119.852 Y103.866 E20.36472
G1 X119.564 Y105.13 E20.42707
G1 X119.195 Y106.373 E20.48943
G1 X118.747 Y107.59 E20.5518
G1 X118.222 Y108.775 E20.61414
G1 X117.654 Y109.865 E20.67326
G1 X117.449 Y110.209 F7800
G1 E18.67326 F2400
G92 E0
G1 X124.004 Y124.004 F7800
G1 E2 F2400
;TYPE:Perimeter
G1 F3600
G1 X75.996 Y124.004 E4.30902
G1 X75.996 Y75.996 E6.61804
G1 X124.004 Y75.996 E8.92706
G1 X124.004 Y123.944 E11.23319
G1 X124.389 Y124.389 F7800
G1 F3600
G1 X75.611 Y124.389 E13.57924
G1 X75.611 Y75.611 E15.92529
G1 X124.389 Y75.611 E18.27134
G1 X124.389 Y124.329 E20.61451
G1 X124.775 Y124.775 F7800
;TYPE:External perimeter
G1 F1800
G1 X75.225 Y124.775 E22.99769
G1 X75.225 Y75.225 E25.38087
G1 X124.775 Y75.225 E27.76405
G1 X124.775 Y124.715 E30.14435
G1 X124.379 Y124.774 F7800
G1 E28.14435 F2400
G92 E0
G1 X123.329 Y121.015 F7800
G1 E2 F2400
;TYPE:Internal infill
;WIDTH:0.45
G1 F4800
G1 X123.329 Y123.329 E2.1113
G1 X115.317 Y115.317 E2.65627
G1 X116.477 Y114.076 E2.73797
G1 X117.013 Y113.406 E2.77924
G1 X123.329 Y111.714 E3.09373
G1 X123.329 Y106.968 E3.322
G1 X121.127 Y104.767 E3.47174
G1 X121.488 Y102.808 E3.56755
G1 X121.615 Y101.501 E3.63071
G1 X121.664 Y100.184 E3.6941
G1 X123.329 Y99.737 E3.77702
G1 X123.329 Y102.33 E3.90173
G1 X117.702 Y123.329 E4.94734
G1 X115.389 Y123.329 E5.05859
G1 E3.05859 F2400
G92 E0
G1 X108.603 Y119.883 F7800
G1 E2 F2400
G1 F4800
G1 X106.434 Y120.685 E2.11122
G1 X105.726 Y123.329 E2.24287
G1 X106.968 Y123.329 E2.30261
G1 X104.775 Y121.135 E2.45181
G1 X102.494 Y121.517 E2.56305
G1 E.56305 F2400
G92 E0
G1 X84.086 Y123.329 F7800
G1 E2 F2400
G1 F4800
G1 X81.772 Y123.329 E2.1113
G1 X84.086 Y114.693 E2.54131
G1 X82.655 Y112.992 E2.64822
G1 X81.335 Y110.99 E2.76356
G1 X76.671 Y112.239 E2.99579
G1 X76.671 Y109.392 E3.13272
G1 X90.608 Y123.329 E4.0807
G1 X93.749 Y123.329 E4.23177
G1 X94.394 Y120.923 E4.35158
G1 X91.968 Y120.117 E4.47453
G1 X79.982 Y123.329 E5.07136
G1 X77.668 Y123.329 E5.18266
G1 E3.18266 F2400
G92 E0
G1 X76.671 Y78.985 F7800
G1 E2 F2400
G1 F4800
G1 X76.671 Y76.671 E2.1113
G1 X84.685 Y84.685 E2.6564
G1 X83.499 Y85.954 E2.73994
G1 X82.988 Y86.593 E2.77929
G1 X76.671 Y88.286 E3.09384
G1 X76.671 Y93.032 E3.32211
G1 X78.873 Y95.233 E3.47185
G1 X78.508 Y97.229 E3.56944
G1 X78.376 Y98.574 E3.63444
G1 X78.336 Y99.816 E3.69421
G1 X76.671 Y100.263 E3.77713
G1 X76.671 Y97.67 E3.90184
G1 X82.298 Y76.671 E4.94745
G1 X84.611 Y76.671 E5.0587
G1 E3.0587 F2400
G92 E0
G1 X91.397 Y80.118 F7800
G1 E2 F2400
G1 F4800
G1 X93.566 Y79.315 E2.11124
G1 X94.274 Y76.671 E2.24289
G1 X93.032 Y76.671 E2.30263
G1 X95.225 Y78.865 E2.45183
G1 X97.506 Y78.483 E2.56307
G1 X99.298 Y78.727 F7800
;TYPE:Solid infill
;WIDTH:0.447807
G1 F1200
G1 X100.755 Y78.73 E2.63275
;WIDTH:0.449815
G1 X102.008 Y78.81 E2.69311
G1 X103.379 Y78.986 E2.75956
;WIDTH:0.449001
G1 X104.706 Y79.242 E2.82439
G1 X106.037 Y79.59 E2.89039
;WIDTH:0.447681
G1 X107.381 Y80.038 E2.95812
G1 X108.598 Y80.53 E3.02088
G1 X109.831 Y81.122 E3.08627
;WIDTH:0.447327
G1 X111.079 Y81.828 E3.15476
G1 X112.165 Y82.535 E3.21665
G1 X113.327 Y83.406 E3.28601
;WIDTH:0.447677
G1 X114.296 Y84.232 E3.34688
G1 X115.278 Y85.181 E3.41217
;WIDTH:0.449773
G1 X116.286 Y86.301 E3.4846
G1 X117.081 Y87.3 E3.54597
G1 X117.827 Y88.372 E3.60875
;WIDTH:0.447785
G1 X118.558 Y89.581 E3.67631
;WIDTH:0.449809
G1 X119.194 Y90.8 E3.74241
G1 X119.723 Y91.999 E3.80541
;WIDTH:0.447345
G1 X120.222 Y93.363 E3.87478
;WIDTH:0.447679
G1 X120.584 Y94.584 E3.93566
G1 X120.888 Y95.913 E4.00084
G1 X121.107 Y97.259 E4.06603
;WIDTH:0.450019
G1 X121.244 Y98.673 E4.13436
G1 X121.285 Y99.967 E4.19663
;WIDTH:0.449455
G1 X121.234 Y101.436 E4.26723
;WIDTH:0.450021
G1 X121.105 Y102.759 E4.33117
G1 X120.899 Y104.033 E4.39324
G1 X120.579 Y105.436 E4.46246
;WIDTH:0.449831
G1 X120.206 Y106.689 E4.52531
;WIDTH:0.450011
G1 X119.744 Y107.952 E4.58999
G1 X119.161 Y109.269 E4.65926
G1 X118.528 Y110.477 E4.72486
G1 X117.856 Y111.584 E4.78715
;WIDTH:0.449447
G1 X116.995 Y112.812 E4.85918
;WIDTH:0.450025
G1 X116.2 Y113.805 E4.92036
G1 X115.316 Y114.781 E4.9837
G1 X114.282 Y115.782 E5.05292
G1 X113.242 Y116.664 E5.11851
G1 X112.204 Y117.439 E5.18082
;WIDTH:0.449439
G1 X110.945 Y118.253 E5.25282
;WIDTH:0.450025
G1 X109.832 Y118.877 E5.31419
G1 X108.643 Y119.451 E5.3777
;WIDTH:0.449087
G1 X107.3 Y119.992 E5.44717
;WIDTH:0.447715
G1 X106.074 Y120.399 E5.50893
G1 X104.755 Y120.746 E5.57414
G1 X103.329 Y121.021 E5.64358
G1 X102.063 Y121.184 E5.70461
G1 X100.702 Y121.273 E5.76982
G1 X99.246 Y121.27 E5.83943
;WIDTH:0.450015
G1 X97.993 Y121.19 E5.89982
G1 X96.566 Y121.006 E5.96902
G1 X95.227 Y120.743 E6.03465
G1 X93.979 Y120.416 E6.0967
G1 X92.614 Y119.962 E6.16589
G1 X91.418 Y119.478 E6.22795
G1 X90.188 Y118.888 E6.29357
G1 X88.928 Y118.178 E6.36313
;WIDTH:0.449033
G1 X87.838 Y117.468 E6.42554
;WIDTH:0.450015
G1 X86.758 Y116.664 E6.4903
G1 X85.656 Y115.725 E6.55994
;WIDTH:0.449543
G1 X84.65 Y114.74 E6.62758
;WIDTH:0.447817
G1 X83.805 Y113.811 E6.68764
;WIDTH:0.449429
G1 X82.962 Y112.757 E6.75246
G1 X82.146 Y111.585 E6.82104
;WIDTH:0.447679
G1 X81.464 Y110.461 E6.88389
;WIDTH:0.450019
G1 X80.807 Y109.202 E6.9522
G1 X80.282 Y108.014 E7.01467
;WIDTH:0.449051
G1 X79.806 Y106.725 E7.0806
;WIDTH:0.450021
G1 X79.402 Y105.363 E7.14893
G1 X79.102 Y104.041 E7.21413
;WIDTH:0.449191
G1 X78.893 Y102.739 E7.27742
;WIDTH:0.447471
G1 X78.756 Y101.256 E7.34858
;WIDTH:0.449427
G1 X78.715 Y100.032 E7.4074
G1 X78.762 Y98.594 E7.4765
;WIDTH:0.449119
G1 X78.888 Y97.297 E7.53903
;WIDTH:0.450017
G1 X79.1 Y95.968 E7.60376
G1 X79.421 Y94.565 E7.67299
G1 X79.788 Y93.328 E7.73505
G1 X80.257 Y92.047 E7.80066
G1 X80.84 Y90.73 E7.86994
;WIDTH:0.449797
G1 X81.445 Y89.572 E7.93275
;WIDTH:0.449531
G1 X82.143 Y88.417 E7.99758
G1 X83.01 Y87.185 E8.06995
;WIDTH:0.447729
G1 X83.781 Y86.217 E8.12912
G1 X84.697 Y85.207 E8.19431
G1 X85.728 Y84.212 E8.26282
G1 X86.715 Y83.371 E8.32482
;WIDTH:0.449409
G1 X87.795 Y82.562 E8.38962
G1 X89.059 Y81.745 E8.4619
;WIDTH:0.447803
G1 X90.138 Y81.138 E8.52111
;WIDTH:0.449723
G1 X91.351 Y80.551 E8.58588
G1 X92.799 Y79.974 E8.6608
;WIDTH:0.450027
G1 X93.979 Y79.584 E8.72058
G1 X95.232 Y79.256 E8.78288
;WIDTH:0.449449
G1 X96.705 Y78.974 E8.85491
;WIDTH:0.449139
G1 X97.975 Y78.813 E8.91634
G1 X99.105 Y78.74 E8.97068
G1 E6.97068 F2400
G92 E0
G1 X115.914 Y76.671 F7800
G1 E2 F2400
;TYPE:Internal infill
;WIDTH:0.45
G1 F4800
G1 X118.228 Y76.671 E2.1113
G1 X115.913 Y85.31 E2.54147
G1 X117.39 Y87.069 E2.65194
G1 X118.16 Y88.177 E2.71684
G1 X118.661 Y89.011 E2.76363
G1 X123.329 Y87.761 E2.99606
G1 X123.329 Y90.608 E3.13299
G1 X109.392 Y76.671 E4.08097
G1 X106.251 Y76.671 E4.23204
G1 X105.606 Y79.079 E4.35194
G1 X108.028 Y79.884 E4.4747
G1 X120.018 Y76.671 E5.07172
G1 X122.332 Y76.671 E5.18302
G1 X123.522 Y76.285 F7800
;TYPE:Solid infill
;WIDTH:0.483113
G1 F1200
G1 X123.602 Y76.302 E5.18729
;WIDTH:0.516195
G1 X123.681 Y76.319 E5.19184
G1 X123.698 Y76.398 E5.19639
;WIDTH:0.483113
G1 X123.715 Y76.478 E5.20066
;WIDTH:0.450031
G1 X123.715 Y123.522 E7.46349
;WIDTH:0.483114
G1 X123.698 Y123.602 E7.46776
;WIDTH:0.516197
G1 X123.681 Y123.681 E7.47231
G1 X123.615 Y123.698 E7.47615
;WIDTH:0.483114
G1 X123.549 Y123.715 E7.47971
;WIDTH:0.450031
G1 X76.478 Y123.715 E9.74384
;WIDTH:0.483111
G1 X76.398 Y123.698 E9.74811
;WIDTH:0.516195
G1 X76.319 Y123.681 E9.75266
G1 X76.302 Y123.602 E9.75721
;WIDTH:0.483113
G1 X76.285 Y123.522 E9.76148
;WIDTH:0.450031
G1 X76.285 Y76.478 E12.02431
;WIDTH:0.483114
G1 X76.302 Y76.398 E12.02858
;WIDTH:0.516197
G1 X76.319 Y76.319 E12.03313
G1 X76.398 Y76.302 E12.03768
;WIDTH:0.483114
G1 X76.478 Y76.285 E12.04195
;WIDTH:0.450031
G1 X123.329 Y76.285 E14.2955
G1 E12.2955 F2400
G92 E0
G92 E0
G1 X100.6 Y81.007 F7800
G1 E2 F2400
;TYPE:Perimeter
;WIDTH:0.45
G1 F3600
G1 X100.609 Y81.007 E2.00043
G1 X101.687 Y81.076 E2.05238
G1 X103.036 Y81.241 E2.11775
G1 X104.229 Y81.473 E2.1762
G1 X105.407 Y81.782 E2.23477
G1 X106.563 Y82.166 E2.29336
G1 X107.692 Y82.623 E2.35194
G1 X108.79 Y83.152 E2.41056
G1 X109.851 Y83.75 E2.46914
G1 X110.872 Y84.414 E2.52772
G1 X111.848 Y85.143 E2.58631
G1 X112.776 Y85.932 E2.6449
G1 X113.651 Y86.78 E2.70351
G1 X114.47 Y87.682 E2.76211
G1 X115.229 Y88.634 E2.82067
G1 X115.848 Y89.52 E2.87265
G1 X116.559 Y90.678 E2.93801
G1 X117.121 Y91.755 E2.99644
G1 X117.559 Y92.743 E3.04842
G1 X118.036 Y94.015 E3.11376
G1 X118.382 Y95.18 E3.17221
G1 X118.653 Y96.367 E3.23077
G1 X118.847 Y97.57 E3.28938
G1 X118.964 Y98.782 E3.34794
G1 X119.003 Y100 E3.40655
G1 X118.964 Y101.218 E3.46516
G1 X118.847 Y102.43 E3.52372
G1 X118.653 Y103.633 E3.58233
G1 X118.382 Y104.82 E3.64089
G1 X118.035 Y105.988 E3.69949
G1 X117.614 Y107.131 E3.75807
G1 X117.121 Y108.245 E3.81666
G1 X116.558 Y109.325 E3.87524
G1 X115.926 Y110.367 E3.93385
G1 X115.229 Y111.366 E3.99244
G1 X114.47 Y112.318 E4.051
G1 X113.651 Y113.22 E4.1096
G1 X112.776 Y114.068 E4.16821
G1 X111.848 Y114.857 E4.2268
G1 X110.872 Y115.586 E4.28539
G1 X109.851 Y116.25 E4.34397
G1 X108.79 Y116.848 E4.40255
G1 X107.692 Y117.377 E4.46117
G1 X106.563 Y117.834 E4.51975
G1 X105.407 Y118.218 E4.57834
G1 X104.229 Y118.527 E4.63691
G1 X103.033 Y118.76 E4.69551
G1 X101.825 Y118.915 E4.75409
G1 X100.609 Y118.993 E4.8127
G1 X99.391 Y118.993 E4.87128
G1 X98.175 Y118.915 E4.92989
G1 X96.967 Y118.76 E4.98847
G1 X95.771 Y118.527 E5.04707
G1 X94.593 Y118.218 E5.10564
G1 X93.437 Y117.834 E5.16423
G1 X92.308 Y117.377 E5.22281
G1 X91.21 Y116.848 E5.28143
G1 X90.149 Y116.25 E5.34001
G1 X89.128 Y115.586 E5.39859
G1 X88.152 Y114.857 E5.45718
G1 X87.224 Y114.068 E5.51577
G1 X86.349 Y113.22 E5.57438
G1 X85.53 Y112.318 E5.63298
G1 X84.771 Y111.366 E5.69154
G1 X84.074 Y110.367 E5.75013
G1 X83.442 Y109.325 E5.80874
G1 X82.879 Y108.245 E5.86732
G1 X82.441 Y107.257 E5.9193
G1 X81.964 Y105.985 E5.98464
G1 X81.618 Y104.82 E6.04309
G1 X81.347 Y103.633 E6.10165
G1 X81.153 Y102.43 E6.16026
G1 X81.036 Y101.218 E6.21882
G1 X81.001 Y100.138 E6.27079
G1 X81.036 Y98.779 E6.33617
G1 X81.153 Y97.57 E6.39459
G1 X81.325 Y96.503 E6.44657
G1 X81.619 Y95.177 E6.51189
G1 X81.965 Y94.012 E6.57034
G1 X82.386 Y92.869 E6.62892
G1 X82.879 Y91.755 E6.68751
G1 X83.442 Y90.675 E6.74609
G1 X84.002 Y89.751 E6.79806
G1 X84.773 Y88.631 E6.86346
G1 X85.53 Y87.682 E6.92185
G1 X86.256 Y86.882 E6.97381
G1 X87.227 Y85.93 E7.03921
G1 X88.152 Y85.143 E7.09762
G1 X89.128 Y84.414 E7.15621
G1 X90.149 Y83.75 E7.21479
G1 X91.21 Y83.152 E7.27337
G1 X92.308 Y82.623 E7.33199
G1 X93.437 Y82.166 E7.39057
G1 X94.593 Y81.782 E7.44916
G1 X95.771 Y81.473 E7.50773
G1 X96.967 Y81.24 E7.56633
G1 X98.175 Y81.085 E7.62491
G1 X99.391 Y81.007 E7.68352
G1 X100.54 Y81.007 E7.73878
G1 X100.624 Y80.621 F7800
G1 F3600
G1 X101.723 Y80.692 E7.79175
G1 X103.096 Y80.86 E7.85828
G1 X104.314 Y81.097 E7.91796
G1 X105.517 Y81.412 E7.97777
G1 X106.696 Y81.804 E8.03753
G1 X107.848 Y82.27 E8.0973
G1 X108.968 Y82.81 E8.1571
G1 X110.051 Y83.42 E8.21688
G1 X111.093 Y84.098 E8.27667
G1 X112.089 Y84.841 E8.33643
G1 X113.035 Y85.647 E8.3962
G1 X113.928 Y86.511 E8.45596
G1 X114.764 Y87.431 E8.51575
G1 X115.539 Y88.403 E8.57554
G1 X116.17 Y89.309 E8.62864
G1 X116.895 Y90.487 E8.69517
G1 X117.469 Y91.587 E8.75485
G1 X117.916 Y92.597 E8.80797
G1 X118.402 Y93.892 E8.8745
G1 X118.755 Y95.082 E8.9342
G1 X119.032 Y96.294 E8.994
G1 X119.23 Y97.521 E9.05378
G1 X119.349 Y98.758 E9.11355
G1 X119.389 Y100 E9.17332
G1 X119.349 Y101.242 E9.23309
G1 X119.23 Y102.479 E9.29286
G1 X119.032 Y103.706 E9.35264
G1 X118.755 Y104.918 E9.41244
G1 X118.401 Y106.11 E9.47225
G1 X117.972 Y107.276 E9.53201
G1 X117.469 Y108.413 E9.59181
G1 X116.894 Y109.515 E9.65159
G1 X116.25 Y110.577 E9.71133
G1 X115.539 Y111.597 E9.77113
G1 X114.764 Y112.569 E9.83092
G1 X113.928 Y113.489 E9.89071
G1 X113.035 Y114.353 E9.95047
G1 X112.089 Y115.159 E10.01024
G1 X111.093 Y115.902 E10.07
G1 X110.051 Y116.58 E10.12979
G1 X108.968 Y117.19 E10.18957
G1 X107.848 Y117.73 E10.24937
G1 X106.696 Y118.196 E10.30914
G1 X105.517 Y118.588 E10.3689
G1 X104.314 Y118.903 E10.42871
G1 X103.094 Y119.141 E10.48849
G1 X101.862 Y119.299 E10.54823
G1 X100.621 Y119.379 E10.60804
G1 X99.379 Y119.379 E10.66778
G1 X98.138 Y119.299 E10.72759
G1 X96.906 Y119.141 E10.78733
G1 X95.686 Y118.903 E10.84711
G1 X94.483 Y118.588 E10.90692
G1 X93.304 Y118.196 E10.96668
G1 X92.152 Y117.73 E11.02645
G1 X91.032 Y117.19 E11.08625
G1 X89.949 Y116.58 E11.14603
G1 X88.907 Y115.902 E11.20582
G1 X87.911 Y115.159 E11.26558
G1 X86.965 Y114.353 E11.32535
G1 X86.072 Y113.489 E11.38511
G1 X85.236 Y112.569 E11.4449
G1 X84.461 Y111.597 E11.50469
G1 X83.75 Y110.577 E11.56449
G1 X83.106 Y109.515 E11.62423
G1 X82.531 Y108.413 E11.68401
G1 X82.084 Y107.403 E11.73713
G1 X81.598 Y106.108 E11.80366
G1 X81.245 Y104.918 E11.86336
G1 X80.968 Y103.706 E11.92316
G1 X80.77 Y102.479 E11.98294
G1 X80.651 Y101.242 E12.04271
G1 X80.615 Y100.139 E12.09579
G1 X80.651 Y98.756 E12.16233
G1 X80.77 Y97.521 E12.222
G1 X80.946 Y96.431 E12.2751
G1 X81.246 Y95.08 E12.34166
G1 X81.599 Y93.89 E12.40136
G1 X82.028 Y92.724 E12.46112
G1 X82.531 Y91.587 E12.52092
G1 X83.106 Y90.485 E12.5807
G1 X83.678 Y89.542 E12.63375
G1 X84.463 Y88.402 E12.70032
G1 X85.236 Y87.431 E12.76001
G1 X85.978 Y86.614 E12.81309
G1 X86.966 Y85.645 E12.87965
G1 X87.911 Y84.841 E12.93933
G1 X88.907 Y84.098 E12.99909
G1 X89.949 Y83.42 E13.05888
G1 X91.032 Y82.81 E13.11866
G1 X92.152 Y82.27 E13.17846
G1 X93.304 Y81.804 E13.23823
G1 X94.483 Y81.412 E13.29799
G1 X95.686 Y81.097 E13.3578
G1 X96.906 Y80.859 E13.41758
G1 X98.138 Y80.701 E13.47732
G1 X99.379 Y80.621 E13.53713
G1 X100.564 Y80.621 E13.59412
G1 X100.649 Y80.236 F7800
;TYPE:External perimeter
G1 F1800
G1 X101.759 Y80.308 E13.64762
G1 X103.157 Y80.479 E13.71536
G1 X104.4 Y80.721 E13.77627
G1 X105.626 Y81.042 E13.83722
G1 X106.83 Y81.442 E13.89824
G1 X108.005 Y81.918 E13.95921
G1 X109.147 Y82.468 E14.02017
G1 X110.251 Y83.09 E14.08112
G1 X111.314 Y83.781 E14.1421
G1 X112.329 Y84.539 E14.20303
G1 X113.295 Y85.361 E14.26404
G1 X114.205 Y86.243 E14.32499
G1 X115.058 Y87.181 E14.38597
G1 X115.848 Y88.172 E14.44693
G1 X116.493 Y89.097 E14.50117
G1 X117.231 Y90.297 E14.56893
G1 X117.817 Y91.42 E14.62985
G1 X118.273 Y92.451 E14.68407
G1 X118.768 Y93.769 E14.75178
G1 X119.128 Y94.984 E14.81273
G1 X119.41 Y96.22 E14.8737
G1 X119.613 Y97.471 E14.93466
G1 X119.734 Y98.733 E14.99564
G1 X119.775 Y100 E15.05661
G1 X119.734 Y101.267 E15.11758
G1 X119.613 Y102.529 E15.17856
G1 X119.41 Y103.78 E15.23952
G1 X119.128 Y105.016 E15.30049
G1 X118.767 Y106.231 E15.36145
G1 X118.33 Y107.421 E15.42242
G1 X117.817 Y108.58 E15.48338
G1 X117.23 Y109.704 E15.54437
G1 X116.573 Y110.788 E15.60534
G1 X115.848 Y111.828 E15.66632
G1 X115.058 Y112.819 E15.72728
G1 X114.205 Y113.757 E15.78826
G1 X113.295 Y114.639 E15.84921
G1 X112.329 Y115.461 E15.91022
G1 X111.314 Y116.219 E15.97115
G1 X110.251 Y116.91 E16.03213
G1 X109.147 Y117.532 E16.09308
G1 X108.005 Y118.082 E16.15404
G1 X106.83 Y118.558 E16.21501
G1 X105.626 Y118.958 E16.27603
G1 X104.4 Y119.279 E16.33698
G1 X103.156 Y119.521 E16.39793
G1 X101.899 Y119.684 E16.45889
G1 X100.634 Y119.765 E16.51986
G1 X99.366 Y119.765 E16.58085
G1 X98.101 Y119.684 E16.64182
G1 X96.844 Y119.521 E16.70278
G1 X95.6 Y119.279 E16.76373
G1 X94.374 Y118.958 E16.82468
G1 X93.17 Y118.558 E16.8857
G1 X91.995 Y118.082 E16.94667
G1 X90.853 Y117.532 E17.00763
G1 X89.749 Y116.91 E17.06858
G1 X88.686 Y116.219 E17.12956
G1 X87.671 Y115.461 E17.19049
G1 X86.705 Y114.639 E17.2515
G1 X85.795 Y113.757 E17.31245
G1 X84.942 Y112.819 E17.37343
G1 X84.152 Y111.828 E17.43439
G1 X83.427 Y110.788 E17.49537
G1 X82.77 Y109.704 E17.55634
G1 X82.183 Y108.58 E17.61733
G1 X81.727 Y107.549 E17.67155
G1 X81.232 Y106.231 E17.73926
G1 X80.872 Y105.016 E17.80021
G1 X80.59 Y103.78 E17.86118
G1 X80.387 Y102.529 E17.92214
G1 X80.266 Y101.267 E17.98312
G1 X80.23 Y100.14 E18.03735
G1 X80.266 Y98.732 E18.10509
G1 X80.387 Y97.471 E18.16602
G1 X80.567 Y96.358 E18.22025
G1 X80.872 Y94.983 E18.28799
G1 X81.233 Y93.769 E18.34891
G1 X81.67 Y92.579 E18.40988
G1 X82.183 Y91.42 E18.47084
G1 X82.77 Y90.296 E18.53183
G1 X83.354 Y89.332 E18.58604
G1 X84.153 Y88.172 E18.65379
G1 X84.942 Y87.181 E18.71472
G1 X85.7 Y86.347 E18.76892
G1 X86.706 Y85.361 E18.83667
G1 X87.671 Y84.539 E18.89764
G1 X88.686 Y83.781 E18.95857
G1 X89.749 Y83.09 E19.01955
G1 X90.853 Y82.468 E19.0805
G1 X91.995 Y81.918 E19.14146
G1 X93.17 Y81.442 E19.20243
G1 X94.374 Y81.042 E19.26345
G1 X95.6 Y80.721 E19.3244
G1 X96.844 Y80.479 E19.38535
G1 X98.101 Y80.316 E19.44631
G1 X99.366 Y80.235 E19.50728
G1 X100.589 Y80.235 E19.5661
G1 X100.988 Y80.258 F7800
G1 X100.552 Y81.296
;TYPE:Solid infill
;WIDTH:0.450007
G1 F1200
G1 X101.738 Y81.369 E19.62325
;WIDTH:0.449699
G1 X102.989 Y81.526 E19.68384
;WIDTH:0.450009
G1 X104.164 Y81.755 E19.74142
G1 X105.325 Y82.06 E19.79916
G1 X106.418 Y82.423 E19.85455
G1 X107.577 Y82.888 E19.91461
G1 X108.656 Y83.408 E19.97222
G1 X109.659 Y83.973 E20.02759
G1 X110.708 Y84.652 E20.08769
G1 X111.668 Y85.369 E20.14532
G1 X112.581 Y86.147 E20.20301
G1 X113.443 Y86.981 E20.2607
G1 X114.25 Y87.869 E20.31841
G1 X114.998 Y88.807 E20.37611
G1 X115.647 Y89.738 E20.4307
G1 X116.307 Y90.819 E20.49162
G1 X116.861 Y91.88 E20.54919
G1 X117.32 Y92.918 E20.60378
G1 X117.761 Y94.105 E20.66468
G1 X118.102 Y95.253 E20.72228
G1 X118.369 Y96.423 E20.78
G1 X118.56 Y97.607 E20.83768
G1 X118.671 Y98.753 E20.89306
G1 X118.714 Y100.002 E20.95317
G1 X118.675 Y101.199 E21.01077
G1 X118.56 Y102.393 E21.06846
G1 X118.369 Y103.577 E21.12614
G1 X118.102 Y104.747 E21.18386
G1 X117.761 Y105.897 E21.24155
G1 X117.346 Y107.023 E21.29927
G1 X116.861 Y108.12 E21.35696
G1 X116.306 Y109.183 E21.41464
G1 X115.684 Y110.209 E21.47235
G1 X114.998 Y111.193 E21.53004
G1 X114.25 Y112.131 E21.58774
G1 X113.443 Y113.019 E21.64545
G1 X112.581 Y113.853 E21.70314
G1 X111.668 Y114.631 E21.76083
G1 X110.707 Y115.349 E21.81853
G1 X109.741 Y115.977 E21.87395
G1 X108.654 Y116.592 E21.93402
G1 X107.575 Y117.112 E21.99163
G1 X106.463 Y117.562 E22.04933
G1 X105.325 Y117.94 E22.10701
G1 X104.164 Y118.245 E22.16475
G1 X102.987 Y118.474 E22.22242
G1 X101.797 Y118.627 E22.28013
G1 X100.6 Y118.704 E22.33782
G1 X99.4 Y118.704 E22.39554
G1 X98.203 Y118.627 E22.45323
G1 X97.013 Y118.474 E22.51094
G1 X95.836 Y118.245 E22.56861
G1 X94.675 Y117.94 E22.62635
G1 X93.537 Y117.562 E22.68403
G1 X92.425 Y117.112 E22.74173
G1 X91.344 Y116.592 E22.79943
G1 X90.341 Y116.027 E22.8548
G1 X89.292 Y115.348 E22.9149
G1 X88.332 Y114.631 E22.97253
G1 X87.419 Y113.853 E23.03022
G1 X86.557 Y113.019 E23.08791
G1 X85.75 Y112.131 E23.14562
G1 X85.002 Y111.193 E23.20332
G1 X84.316 Y110.209 E23.26101
G1 X83.694 Y109.183 E23.31872
G1 X83.139 Y108.12 E23.3764
G1 X82.68 Y107.082 E23.43099
G1 X82.239 Y105.895 E23.49189
G1 X81.898 Y104.747 E23.54949
G1 X81.631 Y103.577 E23.60721
G1 X81.44 Y102.393 E23.66489
G1 X81.329 Y101.247 E23.72027
G1 X81.288 Y100.059 E23.77744
;WIDTH:0.449707
G1 X81.325 Y98.799 E23.83802
;WIDTH:0.450011
G1 X81.44 Y97.607 E23.89562
G1 X81.621 Y96.487 E23.95019
G1 X81.899 Y95.251 E24.01112
G1 X82.239 Y94.103 E24.06871
G1 X82.654 Y92.977 E24.12643
G1 X83.139 Y91.88 E24.18412
G1 X83.672 Y90.859 E24.23952
G1 X84.286 Y89.842 E24.29666
;WIDTH:0.449699
G1 X85.004 Y88.805 E24.35728
;WIDTH:0.450013
G1 X85.721 Y87.906 E24.41259
G1 X86.517 Y87.025 E24.4697
;WIDTH:0.449701
G1 X87.42 Y86.145 E24.5303
;WIDTH:0.450009
G1 X88.332 Y85.369 E24.5879
G1 X89.293 Y84.651 E24.6456
G1 X90.299 Y83.997 E24.70331
G1 X91.302 Y83.432 E24.75868
G1 X92.426 Y82.887 E24.81876
G1 X93.537 Y82.438 E24.8764
G1 X94.675 Y82.06 E24.93408
G1 X95.836 Y81.755 E24.99182
G1 X97.013 Y81.526 E25.04949
G1 X98.203 Y81.373 E25.1072
G1 X99.4 Y81.296 E25.16489
G1 X100.359 Y81.296 E25.21102
G1 E23.21102 F2400
G92 E0
G1 X103.471 Y82.013 F7800
G1 E2 F2400
;TYPE:Internal infill
;WIDTH:0.45
G1 F4800
G1 X101.178 Y81.719 E2.11119
G1 X89.836 Y84.758 E2.67594
G1 X88.573 Y85.671 E2.7509
G1 X87.045 Y87.045 E2.84973
G1 X112.955 Y112.955 E4.6121
G1 X111.427 Y114.329 E4.71093
G1 X110.164 Y115.242 E4.78589
G1 X98.822 Y118.281 E5.35064
G1 X97.075 Y118.093 E5.43515
G1 X95.259 Y117.695 E5.52457
G1 X104.741 Y82.305 E7.28674
G1 X106.33 Y82.8 E7.36679
G1 X106.932 Y83.043 E7.39801
G1 E5.39801 F2400
G92 E0
G1 X95.85 Y82.15 F7800
G1 E2 F2400
G1 F4800
G1 X97.075 Y81.907 E2.06007
G1 X98.131 Y81.771 E2.11128
G1 X118.224 Y101.863 E3.47795
G1 X118.293 Y101.087 E3.51542
G1 X84.702 Y110.088 E5.18803
G1 X85.149 Y110.729 E5.22562
G1 X92.504 Y83.278 E6.59249
G1 X93.67 Y82.8 E6.6531
G1 X94.67 Y82.468 E6.70378
G1 E4.70378 F2400
G92 E0
G1 X104.15 Y117.85 F7800
G1 E2 F2400
G1 F4800
G1 X102.925 Y118.093 E2.06007
G1 X101.869 Y118.229 E2.11128
G1 X81.776 Y98.137 E3.47795
G1 X81.707 Y98.913 E3.51542
G1 X115.298 Y89.912 E5.18803
G1 X114.851 Y89.271 E5.22562
G1 X107.496 Y116.722 E6.59249
G1 X106.33 Y117.2 E6.6531
G1 X105.33 Y117.532 E6.70378
;LAYER_CHANGE
;Z:9.35
;HEIGHT:0.3
G1 E4.70378 F2400
G92 E0
G1 Z9.35 F7800
G92 E0
G1 X118.31 Y110.275
G1 E2 F2400
;TYPE:Perimeter
;WIDTH:0.45
G1 F3600
G1 X118.295 Y110.303 E2.00153
G1 X117.597 Y111.454 E2.06627
G1 X116.827 Y112.558 E2.13101
G1 X115.988 Y113.611 E2.19577
G1 X115.083 Y114.607 E2.2605
G1 X114.116 Y115.543 E2.32523
G1 X113.091 Y116.416 E2.38999
G1 X112.013 Y117.221 E2.4547
G1 X110.885 Y117.955 E2.51943
G1 X109.712 Y118.616 E2.58419
G1 X108.497 Y119.201 E2.64905
G1 X107.152 Y119.738 E2.71871
G1 X105.974 Y120.129 E2.77841
G1 X104.672 Y120.47 E2.84314
G1 X103.351 Y120.728 E2.90788
G1 X102.016 Y120.9 E2.97262
G1 X100.673 Y120.986 E3.03735
G1 X99.327 Y120.986 E3.10209
G1 X97.984 Y120.9 E3.16682
G1 X96.649 Y120.728 E3.23156
G1 X95.328 Y120.47 E3.2963
G1 X94.026 Y120.129 E3.36103
G1 X92.748 Y119.705 E3.42579
G1 X91.501 Y119.2 E3.4905
G1 X90.288 Y118.616 E3.55525
G1 X89.115 Y117.955 E3.62001
G1 X87.987 Y117.221 E3.68474
G1 X86.909 Y116.416 E3.74945
G1 X85.882 Y115.542 E3.81431
G1 X84.846 Y114.529 E3.884
G1 X84.012 Y113.611 E3.94365
G1 X83.173 Y112.558 E4.00841
G1 X82.403 Y111.454 E4.07315
G1 X81.705 Y110.303 E4.13789
G1 X81.083 Y109.11 E4.2026
G1 X80.538 Y107.879 E4.26735
G1 X80.073 Y106.616 E4.33208
G1 X79.69 Y105.326 E4.3968
G1 X79.39 Y104.014 E4.46153
G1 X79.175 Y102.683 E4.52638
G1 X79.043 Y101.24 E4.59607
G1 X79.003 Y100 E4.65574
G1 X79.046 Y98.655 E4.72046
G1 X79.176 Y97.315 E4.78521
G1 X79.39 Y95.986 E4.84995
G1 X79.69 Y94.674 E4.91468
G1 X80.073 Y93.384 E4.9794
G1 X80.538 Y92.121 E5.04413
G1 X81.083 Y90.89 E5.10888
G1 X81.705 Y89.697 E5.17359
G1 X82.404 Y88.544 E5.23844
G1 X83.238 Y87.36 E5.3081
G1 X84.012 Y86.389 E5.36782
G1 X84.917 Y85.393 E5.43255
G1 X85.884 Y84.457 E5.49728
G1 X86.909 Y83.584 E5.56204
G1 X87.987 Y82.779 E5.62675
G1 X89.115 Y82.045 E5.69148
G1 X90.288 Y81.384 E5.75624
G1 X91.503 Y80.799 E5.8211
G1 X92.848 Y80.262 E5.89076
G1 X94.026 Y79.871 E5.95046
G1 X95.328 Y79.53 E6.01519
G1 X96.649 Y79.272 E6.07993
G1 X97.984 Y79.1 E6.14467
G1 X99.327 Y79.014 E6.2094
G1 X100.673 Y79.014 E6.27414
G1 X102.016 Y79.1 E6.33887
G1 X103.351 Y79.272 E6.40361
G1 X104.672 Y79.53 E6.46835
G1 X105.974 Y79.871 E6.53308
G1 X107.252 Y80.295 E6.59784
G1 X108.499 Y80.8 E6.66255
G1 X109.714 Y81.385 E6.72741
G1 X110.973 Y82.102 E6.79709
G1 X112.013 Y82.779 E6.85677
G1 X113.091 Y83.584 E6.92148
G1 X114.116 Y84.457 E6.98624
G1 X115.085 Y85.395 E7.0511
G1 X116.053 Y86.471 E7.12071
G1 X116.827 Y87.442 E7.18043
G1 X117.598 Y88.547 E7.24523
G1 X118.343 Y89.79 E7.31493
G1 X118.917 Y90.89 E7.37461
G1 X119.462 Y92.121 E7.43936
G1 X119.927 Y93.384 E7.50409
G1 X120.31 Y94.674 E7.56881
G1 X120.61 Y95.986 E7.63354
G1 X120.824 Y97.315 E7.69828
G1 X120.954 Y98.655 E7.76303
G1 X120.997 Y100 E7.82775
G1 X120.954 Y101.345 E7.89247
G1 X120.824 Y102.685 E7.95722
G1 X120.61 Y104.014 E8.02196
G1 X120.31 Y105.326 E8.08669
G1 X119.927 Y106.616 E8.15141
G1 X119.462 Y107.879 E8.21614
G1 X118.917 Y109.11 E8.28089
G1 X118.337 Y110.222 E8.34121
G1 X117.968 Y110.097 F7800
G1 F3600
G1 X117.959 Y110.114 E8.34214
G1 X117.274 Y111.244 E8.4057
G1 X116.518 Y112.328 E8.46926
G1 X115.694 Y113.361 E8.53281
G1 X114.806 Y114.339 E8.59635
G1 X113.857 Y115.258 E8.65989
G1 X112.851 Y116.114 E8.72342
G1 X111.792 Y116.905 E8.78699
G1 X110.685 Y117.625 E8.8505
G1 X109.533 Y118.274 E8.91409
G1 X108.342 Y118.848 E8.97768
G1 X107.02 Y119.375 E9.04613
G1 X105.864 Y119.759 E9.10472
G1 X104.586 Y120.094 E9.16826
G1 X103.29 Y120.347 E9.23177
G1 X101.979 Y120.516 E9.29535
G1 X100.661 Y120.6 E9.35887
G1 X99.339 Y120.6 E9.42245
G1 X98.021 Y120.516 E9.48597
G1 X96.711 Y120.347 E9.5495
G1 X95.414 Y120.094 E9.61306
G1 X94.136 Y119.759 E9.6766
G1 X92.882 Y119.343 E9.74015
G1 X91.657 Y118.847 E9.80371
G1 X90.467 Y118.274 E9.86723
G1 X89.315 Y117.625 E9.93082
G1 X88.208 Y116.905 E9.99433
G1 X87.149 Y116.114 E10.0579
G1 X86.142 Y115.257 E10.1215
G1 X85.124 Y114.262 E10.18997
G1 X84.306 Y113.361 E10.2485
G1 X83.482 Y112.328 E10.31205
G1 X82.726 Y111.244 E10.37561
G1 X82.041 Y110.114 E10.43917
G1 X81.43 Y108.943 E10.5027
G1 X80.895 Y107.735 E10.56624
G1 X80.439 Y106.495 E10.62978
G1 X80.063 Y105.228 E10.69335
G1 X79.769 Y103.94 E10.75689
G1 X79.558 Y102.634 E10.82052
G1 X79.428 Y101.217 E10.88896
G1 X79.389 Y100 E10.94752
G1 X79.431 Y98.679 E11.01109
G1 X79.558 Y97.364 E11.07463
G1 X79.769 Y96.06 E11.13816
G1 X80.063 Y94.772 E11.2017
G1 X80.439 Y93.505 E11.26527
G1 X80.895 Y92.265 E11.32881
G1 X81.43 Y91.057 E11.39235
G1 X82.041 Y89.886 E11.45588
G1 X82.727 Y88.755 E11.5195
G1 X83.547 Y87.591 E11.58798
G1 X84.306 Y86.639 E11.64654
G1 X85.194 Y85.661 E11.71008
G1 X86.143 Y84.742 E11.77362
G1 X87.149 Y83.886 E11.83715
G1 X88.208 Y83.095 E11.90072
G1 X89.315 Y82.375 E11.96423
G1 X90.467 Y81.726 E12.02782
G1 X91.658 Y81.152 E12.09141
G1 X92.98 Y80.625 E12.15986
G1 X94.136 Y80.241 E12.21845
G1 X95.414 Y79.906 E12.28199
G1 X96.71 Y79.653 E12.3455
G1 X98.021 Y79.484 E12.40908
G1 X99.339 Y79.4 E12.4726
G1 X100.661 Y79.4 E12.53618
G1 X101.979 Y79.484 E12.5997
G1 X103.289 Y79.653 E12.66323
G1 X104.586 Y79.906 E12.72679
G1 X105.864 Y80.241 E12.79033
G1 X107.118 Y80.657 E12.85388
G1 X108.343 Y81.153 E12.91744
G1 X109.535 Y81.727 E12.98107
G1 X110.772 Y82.431 E13.04953
G1 X111.792 Y83.095 E13.10807
G1 X112.851 Y83.886 E13.17164
G1 X113.857 Y84.742 E13.23517
G1 X114.807 Y85.662 E13.29878
G1 X115.759 Y86.721 E13.36727
G1 X116.518 Y87.672 E13.42579
G1 X117.275 Y88.757 E13.48942
G1 X118.007 Y89.978 E13.55789
G1 X118.57 Y91.057 E13.61643
G1 X119.105 Y92.265 E13.67997
G1 X119.561 Y93.505 E13.74351
G1 X119.937 Y94.772 E13.80708
G1 X120.231 Y96.06 E13.87062
G1 X120.442 Y97.364 E13.93415
G1 X120.569 Y98.679 E13.99769
G1 X120.611 Y100 E14.06126
G1 X120.569 Y101.321 E14.12483
G1 X120.442 Y102.636 E14.18837
G1 X120.231 Y103.94 E14.2519
G1 X119.937 Y105.228 E14.31544
G1 X119.561 Y106.495 E14.37901
G1 X119.105 Y107.735 E14.44255
G1 X118.57 Y108.943 E14.50609
G1 X117.996 Y110.044 E14.56581
G1 X117.626 Y109.918 F7800
;TYPE:External perimeter
G1 F1800
G1 X117.623 Y109.925 E14.56618
G1 X116.95 Y111.033 E14.62853
G1 X116.209 Y112.097 E14.69089
G1 X115.4 Y113.11 E14.75324
G1 X114.529 Y114.07 E14.81558
G1 X113.597 Y114.972 E14.87796
G1 X112.61 Y115.813 E14.94033
G1 X111.571 Y116.588 E15.00267
G1 X110.485 Y117.295 E15.065
G1 X109.355 Y117.932 E15.12739
G1 X108.186 Y118.494 E15.18977
G1 X106.887 Y119.013 E15.25705
G1 X105.755 Y119.389 E15.31442
G1 X104.501 Y119.718 E15.37677
G1 X103.228 Y119.966 E15.43915
G1 X101.942 Y120.132 E15.50152
G1 X100.648 Y120.215 E15.56388
G1 X99.352 Y120.215 E15.62621
G1 X98.058 Y120.132 E15.68857
G1 X96.772 Y119.966 E15.75094
G1 X95.499 Y119.718 E15.81332
G1 X94.245 Y119.389 E15.87567
G1 X93.015 Y118.981 E15.938
G1 X91.813 Y118.494 E16.00038
G1 X90.645 Y117.932 E16.06272
G1 X89.515 Y117.295 E16.12511
G1 X88.429 Y116.588 E16.18744
G1 X87.39 Y115.813 E16.24978
G1 X86.402 Y114.972 E16.31218
G1 X85.402 Y113.994 E16.37945
G1 X84.6 Y113.111 E16.43682
G1 X83.791 Y112.097 E16.49921
G1 X83.05 Y111.034 E16.56153
G1 X82.377 Y109.925 E16.62392
G1 X81.778 Y108.775 E16.68628
G1 X81.253 Y107.59 E16.74862
G1 X80.805 Y106.373 E16.81099
G1 X80.436 Y105.13 E16.87335
G1 X80.148 Y103.866 E16.9357
G1 X79.941 Y102.586 E16.99806
G1 X79.813 Y101.193 E17.06534
G1 X79.775 Y100 E17.12275
G1 X79.816 Y98.704 E17.18511
G1 X79.941 Y97.414 E17.24745
G1 X80.148 Y96.134 E17.30981
G1 X80.436 Y94.87 E17.37216
G1 X80.805 Y93.627 E17.43452
G1 X81.253 Y92.41 E17.49689
G1 X81.778 Y91.225 E17.55923
G1 X82.377 Y90.075 E17.62159
G1 X83.05 Y88.966 E17.68398
G1 X83.856 Y87.823 E17.75125
G1 X84.6 Y86.89 E17.80864
G1 X85.471 Y85.93 E17.87098
G1 X86.403 Y85.028 E17.93336
G1 X87.39 Y84.187 E17.99573
G1 X88.429 Y83.412 E18.05807
G1 X89.515 Y82.705 E18.1204
G1 X90.645 Y82.068 E18.18279
G1 X91.814 Y81.506 E18.24517
G1 X93.113 Y80.987 E18.31245
G1 X94.245 Y80.611 E18.36982
G1 X95.499 Y80.282 E18.43217
G1 X96.772 Y80.034 E18.49455
G1 X98.058 Y79.868 E18.55692
G1 X99.352 Y79.785 E18.61928
G1 X100.648 Y79.785 E18.68161
G1 X101.942 Y79.868 E18.74397
G1 X103.228 Y80.034 E18.80634
G1 X104.501 Y80.282 E18.86872
G1 X105.755 Y80.611 E18.93107
G1 X106.985 Y81.019 E18.9934
G1 X108.187 Y81.506 E19.05578
G1 X109.355 Y82.069 E19.11814
G1 X110.571 Y82.761 E19.18543
G1 X111.571 Y83.412 E19.24282
G1 X112.61 Y84.187 E19.30516
G1 X113.597 Y85.028 E19.36753
G1 X114.529 Y85.93 E19.42991
G1 X115.465 Y86.97 E19.49721
G1 X116.209 Y87.903 E19.5546
G1 X116.951 Y88.967 E19.61699
G1 X117.67 Y90.167 E19.68427
G1 X118.222 Y91.225 E19.74167
G1 X118.747 Y92.41 E19.80401
G1 X119.195 Y93.627 E19.86638
G1 X119.564 Y94.87 E19.92874
G1 X119.852 Y96.134 E19.99109
G1 X120.059 Y97.414 E20.05345
G1 X120.184 Y98.704 E20.11579
G1 X120.225 Y100 E20.17815
G1 X120.184 Y101.296 E20.24051
G1 X120.059 Y102.586 E20.30285
G1 X119.852 Y103.866 E20.36521
G1 X119.564 Y105.13 E20.42756
G1 X119.195 Y106.373 E20.48992
G1 X118.747 Y107.59 E20.55229
G1 X118.222 Y108.775 E20.61463
G1 X117.654 Y109.865 E20.67375
G1 X117.449 Y110.209 F7800
G1 E18.67375 F2400
G92 E0
G1 X124.004 Y124.004 F7800
G1 E2 F2400
;TYPE:Perimeter
G1 F3600
G1 X75.996 Y124.004 E4.30902
G1 X75.996 Y75.996 E6.61804
G1 X124.004 Y75.996 E8.92706
G1 X124.004 Y123.944 E11.23319
G1 X124.389 Y124.389 F7800
G1 F3600
G1 X75.611 Y124.389 E13.57924
G1 X75.611 Y75.611 E15.92529
G1 X124.389 Y75.611 E18.27134
G1 X124.389 Y124.329 E20.61451
G1 X124.775 Y124.775 F7800
;TYPE:External perimeter
G1 F1800
G1 X75.225 Y124.775 E22.99769
G1 X75.225 Y75.225 E25.38087
G1 X124.775 Y75.225 E27.76405
G1 X124.775 Y124.715 E30.14435
G1 X124.379 Y124.774 F7800
G1 E28.14435 F2400
G92 E0
G1 X76.786 Y123.885 F7800
G1 E2 F2400
;TYPE:Bridge infill
;WIDTH:0.400467
;HEIGHT:0.4
M106 S255
G1 F3600
G1 X76.318 Y122.136 E2.09481
G1 X76.318 Y120.396 E2.18593
G1 X77.198 Y123.682 E2.36407
G1 X77.665 Y123.682 E2.38853
G1 X76.318 Y118.655 E2.66107
G1 X76.318 Y116.915 E2.75219
G1 X78.131 Y123.682 E3.11906
G1 X78.597 Y123.682 E3.14346
G1 X76.318 Y115.174 E3.60471
G1 X76.318 Y113.434 E3.69583
G1 X79.064 Y123.682 E4.25142
G1 X79.53 Y123.682 E4.27582
G1 X76.318 Y111.693 E4.92579
G1 X76.318 Y109.953 E5.01691
G1 X79.996 Y123.682 E5.76121
G1 X80.463 Y123.682 E5.78567
G1 X76.318 Y108.212 E6.62436
G1 X76.318 Y106.472 E6.71548
G1 X80.929 Y123.682 E7.6485
G1 X81.396 Y123.682 E7.67296
G1 X76.318 Y104.731 E8.70038
G1 X76.318 Y102.991 E8.7915
G1 X81.862 Y123.682 E9.91325
G1 X82.328 Y123.682 E9.93765
G1 X76.318 Y101.251 E11.15373
G1 X76.318 Y99.51 E11.2449
G1 X82.795 Y123.682 E12.55537
G1 X83.261 Y123.682 E12.57977
G1 X76.318 Y97.77 E13.98457
G1 X76.318 Y96.029 E14.07574
G1 X83.727 Y123.682 E15.57492
G1 X84.194 Y123.682 E15.59938
G1 X76.318 Y94.289 E17.1929
G1 X76.318 Y92.548 E17.28407
G1 X78.759 Y101.658 E17.77796
G1 X78.853 Y102.683 E17.83186
G1 X79.071 Y104.054 E17.90456
G1 X79.371 Y105.371 E17.97529
G1 X79.757 Y106.682 E18.04686
G1 X80.255 Y108.034 E18.12231
G1 X80.79 Y109.239 E18.19135
G1 X84.66 Y123.682 E18.97437
G1 X85.126 Y123.682 E18.99877
G1 X81.707 Y110.923 E19.69049
G1 X82.155 Y111.66 E19.73566
G1 X82.506 Y112.162 E19.76774
G1 X85.593 Y123.682 E20.39229
G1 X86.059 Y123.682 E20.41669
G1 X83.239 Y113.156 E20.98734
G1 X83.744 Y113.79 E21.02979
G1 X83.93 Y113.994 E21.04425
G1 X86.525 Y123.682 E21.56947
G1 X86.992 Y123.682 E21.59393
G1 X84.591 Y114.723 E22.07964
G1 X85.225 Y115.349 E22.1263
G1 X87.458 Y123.682 E22.57807
G1 X87.925 Y123.682 E22.60253
G1 X85.848 Y115.931 E23.02275
G1 X86.452 Y116.446 E23.06432
G1 X88.391 Y123.682 E23.45662
G1 X88.857 Y123.682 E23.48102
G1 X87.045 Y116.919 E23.84767
G1 X87.628 Y117.354 E23.88576
G1 X89.324 Y123.682 E24.22883
G1 X89.79 Y123.682 E24.25323
G1 X88.198 Y117.739 E24.57542
G1 X88.763 Y118.109 E24.61079
G1 X90.256 Y123.682 E24.91292
G1 X90.723 Y123.682 E24.93738
G1 X89.317 Y118.435 E25.22184
G1 X89.866 Y118.744 E25.25483
G1 X91.189 Y123.682 E25.52254
G1 X91.655 Y123.682 E25.54694
G1 X90.409 Y119.03 E25.79914
G1 X90.944 Y119.287 E25.83022
G1 X92.122 Y123.682 E26.0685
G1 X92.588 Y123.682 E26.0929
G1 X91.477 Y119.537 E26.31762
G1 X92 Y119.749 E26.34717
G1 X93.054 Y123.682 E26.5604
G1 X93.521 Y123.682 E26.58486
G1 X92.524 Y119.96 E26.78664
G1 X93.037 Y120.137 E26.81506
G1 X93.987 Y123.682 E27.00725
G1 X94.454 Y123.682 E27.03171
G1 X93.549 Y120.307 E27.21469
G1 X94.059 Y120.47 E27.24273
G1 X94.92 Y123.682 E27.41687
G1 X95.386 Y123.682 E27.44127
G1 X94.561 Y120.601 E27.6083
G1 X95.062 Y120.733 E27.63543
G1 X95.853 Y123.682 E27.79532
G1 X96.319 Y123.682 E27.81972
G1 X95.558 Y120.841 E27.97374
G1 X96.05 Y120.937 E27.99999
G1 X96.785 Y123.682 E28.1488
G1 X97.252 Y123.682 E28.17326
G1 X96.542 Y121.034 E28.31683
G1 X97.026 Y121.098 E28.3424
G1 X97.718 Y123.682 E28.48248
G1 X98.184 Y123.682 E28.50688
G1 X97.509 Y121.16 E28.6436
G1 X97.992 Y121.222 E28.6691
G1 X98.651 Y123.682 E28.80246
G1 X99.117 Y123.682 E28.82686
G1 X98.466 Y121.253 E28.95855
G1 X98.941 Y121.283 E28.98347
G1 X99.583 Y123.682 E29.11352
G1 X100.05 Y123.682 E29.13798
G1 X99.413 Y121.305 E29.26685
G1 X99.879 Y121.306 E29.29125
G1 X100.516 Y123.682 E29.42007
G1 X100.983 Y123.682 E29.44453
G1 X100.346 Y121.307 E29.5733
G1 X100.81 Y121.297 E29.5976
G1 X101.449 Y123.682 E29.7269
G1 X101.915 Y123.682 E29.7513
G1 X101.268 Y121.267 E29.88223
G1 X101.727 Y121.238 E29.90631
G1 X102.382 Y123.682 E30.03881
G1 X102.848 Y123.682 E30.06321
G1 X102.183 Y121.202 E30.19767
G1 X102.634 Y121.144 E30.22148
G1 X103.314 Y123.682 E30.35908
G1 X103.781 Y123.682 E30.38354
G1 X103.085 Y121.085 E30.52434
G1 X103.533 Y121.019 E30.54805
G1 X104.247 Y123.682 E30.69243
G1 X104.713 Y123.682 E30.71683
G1 X103.977 Y120.933 E30.86586
G1 X104.42 Y120.847 E30.88949
G1 X105.18 Y123.682 E31.04319
G1 X105.646 Y123.682 E31.06759
G1 X104.861 Y120.751 E31.22649
G1 X105.296 Y120.636 E31.25005
G1 X106.112 Y123.682 E31.41518
G1 X106.579 Y123.682 E31.43964
G1 X105.732 Y120.522 E31.61096
G1 X106.167 Y120.404 E31.63456
G1 X107.045 Y123.682 E31.81227
G1 X107.512 Y123.682 E31.83673
G1 X106.595 Y120.261 E32.0222
G1 X107.023 Y120.118 E32.04583
G1 X107.978 Y123.682 E32.23905
G1 X108.444 Y123.682 E32.26345
G1 X107.448 Y119.965 E32.46496
G1 X107.869 Y119.796 E32.48872
G1 X108.911 Y123.682 E32.69941
G1 X109.377 Y123.682 E32.72381
G1 X108.29 Y119.627 E32.94366
G1 X108.711 Y119.455 E32.96748
G1 X109.843 Y123.682 E33.19664
G1 X110.31 Y123.682 E33.2211
G1 X109.124 Y119.256 E33.46105
G1 X109.537 Y119.057 E33.48506
G1 X110.776 Y123.682 E33.7358
G1 X111.242 Y123.682 E33.7602
G1 X109.947 Y118.849 E34.02222
G1 X110.353 Y118.622 E34.04658
G1 X111.709 Y123.682 E34.32091
G1 X112.175 Y123.682 E34.34531
G1 X110.758 Y118.395 E34.63195
G1 X111.161 Y118.156 E34.65649
G1 X112.641 Y123.682 E34.95607
G1 X113.108 Y123.682 E34.98053
G1 X111.558 Y117.898 E35.29411
G1 X111.955 Y117.639 E35.31893
G1 X113.574 Y123.682 E35.64654
G1 X114.041 Y123.682 E35.671
G1 X112.349 Y117.371 E36.01316
G1 X112.738 Y117.081 E36.03857
G1 X114.507 Y123.682 E36.39644
G1 X114.973 Y123.682 E36.42084
G1 X113.127 Y116.791 E36.79442
G1 X113.51 Y116.479 E36.82029
G1 X115.44 Y123.682 E37.21079
G1 X115.906 Y123.682 E37.23519
G1 X113.89 Y116.157 E37.64315
G1 X114.27 Y115.835 E37.66923
G1 X116.372 Y123.682 E38.09464
G1 X116.839 Y123.682 E38.1191
G1 X114.641 Y115.479 E38.56382
G1 X115.011 Y115.121 E38.59078
G1 X117.305 Y123.682 E39.05491
G1 X117.771 Y123.682 E39.07931
G1 X115.38 Y114.758 E39.56312
G1 X115.74 Y114.361 E39.59118
G1 X118.238 Y123.682 E40.09652
G1 X118.704 Y123.682 E40.12092
G1 X116.1 Y113.965 E40.64772
G1 X116.453 Y113.54 E40.67665
G1 X119.17 Y123.682 E41.22648
G1 X119.637 Y123.682 E41.25094
G1 X116.802 Y113.104 E41.82443
G1 X117.149 Y112.655 E41.85415
G1 X120.103 Y123.682 E42.45196
G1 X120.57 Y123.682 E42.47642
G1 X117.485 Y112.172 E43.10044
G1 X117.822 Y111.689 E43.13128
G1 X121.036 Y123.682 E43.78148
G1 X121.502 Y123.682 E43.80588
G1 X118.148 Y111.165 E44.48448
G1 X118.472 Y110.632 E44.51714
G1 X121.969 Y123.682 E45.22464
G1 X122.435 Y123.682 E45.24904
G1 X118.784 Y110.057 E45.98771
G1 X119.093 Y109.468 E46.02254
G1 X122.901 Y123.682 E46.79313
G1 X123.368 Y123.682 E46.81759
G1 X119.389 Y108.833 E47.62262
G1 X119.679 Y108.177 E47.66018
G1 X123.682 Y123.116 E48.47009
G1 X123.682 Y121.376 E48.56121
G1 X119.956 Y107.467 E49.31526
G1 X120.225 Y106.731 E49.3563
G1 X123.682 Y119.635 E50.05587
G1 X123.682 Y117.895 E50.14699
G1 X120.471 Y105.912 E50.79664
G1 X120.611 Y105.443 E50.82227
G1 X120.703 Y105.037 E50.84407
G1 X123.682 Y116.154 E51.44677
G1 X123.682 Y114.414 E51.53789
G1 X120.918 Y104.098 E52.09716
G1 X121.096 Y103.02 E52.15438
G1 X123.682 Y112.673 E52.6777
G1 X123.682 Y110.933 E52.76882
G1 X121.233 Y101.791 E53.26444
G1 X121.271 Y101.403 E53.28486
G1 X121.306 Y100.322 E53.3415
G1 X123.885 Y109.948 E53.86336
M107
G1 E51.86336 F2400
G92 E0
G1 X76.115 Y90.052 F7800
G1 E2 F2400
M106 S255
G1 F3600
G1 X78.694 Y99.678 E2.52186
G1 X78.729 Y98.597 E2.5785
G1 X78.767 Y98.209 E2.59892
G1 X76.318 Y89.067 E3.09454
G1 X76.318 Y87.327 E3.18566
G1 X78.904 Y96.98 E3.70898
G1 X79.082 Y95.903 E3.76614
G1 X76.318 Y85.586 E4.32546
G1 X76.318 Y83.846 E4.41658
G1 X79.297 Y94.964 E5.01933
G1 X79.389 Y94.557 E5.04118
G1 X79.529 Y94.088 E5.06681
G1 X76.318 Y82.105 E5.71646
G1 X76.318 Y80.365 E5.80758
G1 X79.775 Y93.269 E6.50715
G1 X80.044 Y92.533 E6.54819
G1 X76.318 Y78.624 E7.30224
G1 X76.318 Y76.884 E7.39336
G1 X80.321 Y91.823 E8.20327
G1 X80.611 Y91.167 E8.24083
G1 X76.632 Y76.318 E9.04586
G1 X77.099 Y76.318 E9.07032
G1 X80.907 Y90.531 E9.84086
G1 X81.215 Y89.941 E9.87571
G1 X77.565 Y76.318 E10.61427
G1 X78.031 Y76.318 E10.63867
G1 X81.529 Y89.371 E11.34634
G1 X81.852 Y88.836 E11.37907
G1 X78.498 Y76.318 E12.05772
G1 X78.964 Y76.318 E12.08212
G1 X82.178 Y88.311 E12.73232
G1 X82.515 Y87.83 E12.76308
G1 X79.43 Y76.318 E13.3872
G1 X79.897 Y76.318 E13.41166
G1 X82.853 Y87.349 E14.0097
G1 X83.198 Y86.897 E14.03948
G1 X80.363 Y76.318 E14.61302
G1 X80.829 Y76.318 E14.63742
G1 X83.547 Y86.458 E15.18717
G1 X83.9 Y86.038 E15.2159
G1 X81.296 Y76.318 E15.74286
G1 X81.762 Y76.318 E15.76726
G1 X84.26 Y85.641 E16.2727
G1 X84.621 Y85.245 E16.30076
G1 X82.229 Y76.318 E16.78473
G1 X82.695 Y76.318 E16.80913
G1 X84.988 Y84.876 E17.27309
G1 X85.359 Y84.518 E17.30009
G1 X83.161 Y76.318 E17.74466
G1 X83.628 Y76.318 E17.76912
G1 X85.731 Y84.167 E18.19465
G1 X86.11 Y83.843 E18.22076
G1 X84.094 Y76.318 E18.62872
G1 X84.56 Y76.318 E18.65312
G1 X86.49 Y83.519 E19.04352
G1 X86.874 Y83.211 E19.0693
G1 X85.027 Y76.318 E19.443
G1 X85.493 Y76.318 E19.4674
G1 X87.262 Y82.921 E19.82537
G1 X87.651 Y82.63 E19.85081
G1 X85.959 Y76.318 E20.19302
G1 X86.426 Y76.318 E20.21748
G1 X88.045 Y82.361 E20.54509
G1 X88.442 Y82.102 E20.56991
G1 X86.892 Y76.318 E20.88349
G1 X87.359 Y76.318 E20.90795
G1 X88.839 Y81.844 E21.20753
G1 X89.242 Y81.605 E21.23207
G1 X87.825 Y76.318 E21.51871
G1 X88.291 Y76.318 E21.54311
G1 X89.647 Y81.377 E21.81739
G1 X90.052 Y81.148 E21.84175
G1 X88.758 Y76.318 E22.1036
G1 X89.224 Y76.318 E22.128
G1 X90.464 Y80.945 E22.37885
G1 X90.877 Y80.745 E22.40288
G1 X89.69 Y76.318 E22.6429
G1 X90.157 Y76.318 E22.66736
G1 X91.289 Y80.545 E22.89652
G1 X91.71 Y80.373 E22.92034
G1 X90.623 Y76.318 E23.14019
G1 X91.089 Y76.318 E23.16459
G1 X92.131 Y80.205 E23.37533
G1 X92.552 Y80.037 E23.39907
G1 X91.556 Y76.318 E23.60069
G1 X92.022 Y76.318 E23.62509
G1 X92.977 Y79.881 E23.81826
G1 X93.405 Y79.74 E23.84186
G1 X92.488 Y76.318 E24.02738
G1 X92.955 Y76.318 E24.05184
G1 X93.834 Y79.598 E24.22966
G1 X94.267 Y79.476 E24.25322
G1 X93.421 Y76.318 E24.42443
G1 X93.888 Y76.318 E24.44889
G1 X94.703 Y79.361 E24.61386
G1 X95.139 Y79.247 E24.63746
G1 X94.354 Y76.318 E24.79626
G1 X94.82 Y76.318 E24.82066
G1 X95.581 Y79.155 E24.97448
G1 X96.024 Y79.069 E24.99811
G1 X95.287 Y76.318 E25.14725
G1 X95.753 Y76.318 E25.17165
G1 X96.467 Y78.983 E25.31613
G1 X96.915 Y78.914 E25.33987
G1 X96.219 Y76.318 E25.48062
G1 X96.686 Y76.318 E25.50508
G1 X97.366 Y78.857 E25.64273
G1 X97.817 Y78.8 E25.66654
G1 X97.152 Y76.318 E25.8011
G1 X97.618 Y76.318 E25.8255
G1 X98.273 Y78.76 E25.9579
G1 X98.732 Y78.731 E25.98198
G1 X98.085 Y76.318 E26.1128
G1 X98.551 Y76.318 E26.1372
G1 X99.19 Y78.703 E26.2665
G1 X99.654 Y78.693 E26.2908
G1 X99.017 Y76.318 E26.41957
G1 X99.484 Y76.318 E26.44403
G1 X100.121 Y78.694 E26.57285
G1 X100.587 Y78.695 E26.59725
G1 X99.95 Y76.318 E26.72612
G1 X100.417 Y76.318 E26.75058
G1 X101.059 Y78.717 E26.88063
G1 X101.534 Y78.747 E26.90555
G1 X100.883 Y76.318 E27.03724
G1 X101.349 Y76.318 E27.06164
G1 X102.008 Y78.778 E27.195
G1 X102.491 Y78.839 E27.22049
G1 X101.816 Y76.318 E27.35716
G1 X102.282 Y76.318 E27.38156
G1 X102.974 Y78.9 E27.52154
G1 X103.459 Y78.968 E27.54719
G1 X102.748 Y76.318 E27.69087
G1 X103.215 Y76.318 E27.71533
G1 X103.95 Y79.063 E27.86414
G1 X104.442 Y79.158 E27.89038
G1 X103.681 Y76.318 E28.04435
G1 X104.147 Y76.318 E28.06875
G1 X104.938 Y79.27 E28.22879
G1 X105.44 Y79.401 E28.25596
G1 X104.614 Y76.318 E28.4231
G1 X105.08 Y76.318 E28.4475
G1 X105.942 Y79.533 E28.62181
G1 X106.45 Y79.69 E28.64965
G1 X105.546 Y76.318 E28.83247
G1 X106.013 Y76.318 E28.85693
G1 X106.962 Y79.86 E29.04896
G1 X107.477 Y80.042 E29.07756
G1 X106.479 Y76.318 E29.27946
G1 X106.946 Y76.318 E29.30392
G1 X108 Y80.253 E29.51725
G1 X108.523 Y80.463 E29.54676
G1 X107.412 Y76.318 E29.77148
G1 X107.878 Y76.318 E29.79588
G1 X109.056 Y80.715 E30.03426
G1 X109.592 Y80.973 E30.06541
G1 X108.345 Y76.318 E30.31777
G1 X108.811 Y76.318 E30.34217
G1 X110.134 Y81.255 E30.60983
G1 X110.684 Y81.568 E30.64297
G1 X109.277 Y76.318 E30.9276
G1 X109.744 Y76.318 E30.95206
G1 X111.238 Y81.893 E31.25431
G1 X111.802 Y82.259 E31.28952
G1 X110.21 Y76.318 E31.61161
G1 X110.676 Y76.318 E31.63601
G1 X112.373 Y82.65 E31.9793
G1 X112.956 Y83.085 E32.01739
G1 X111.143 Y76.318 E32.38426
G1 X111.609 Y76.318 E32.40866
G1 X113.547 Y83.55 E32.80074
G1 X114.151 Y84.064 E32.84227
G1 X112.075 Y76.318 E33.26222
G1 X112.542 Y76.318 E33.28668
G1 X114.774 Y84.648 E33.73828
G1 X115.409 Y85.279 E33.78516
G1 X113.008 Y76.318 E34.27097
G1 X113.475 Y76.318 E34.29543
G1 X116.073 Y86.016 E34.82119
G1 X116.32 Y86.29 E34.84051
G1 X116.762 Y86.847 E34.87775
G1 X113.941 Y76.318 E35.44857
G1 X114.407 Y76.318 E35.47297
G1 X117.493 Y87.835 E36.09736
G1 X117.846 Y88.34 E36.12963
G1 X118.296 Y89.09 E36.17543
G1 X114.874 Y76.318 E36.86785
G1 X115.34 Y76.318 E36.89225
G1 X119.21 Y90.761 E37.67527
G1 X119.745 Y91.966 E37.74431
G1 X120.243 Y93.318 E37.81976
G1 X120.611 Y94.557 E37.88744
G1 X120.917 Y95.889 E37.95901
G1 X121.147 Y97.311 E38.03444
G1 X121.246 Y98.36 E38.08962
G1 X123.682 Y107.452 E38.58253
G1 X123.682 Y105.711 E38.6737
G1 X115.806 Y76.318 E40.26722
G1 X116.273 Y76.318 E40.29168
G1 X123.682 Y103.971 E41.79086
G1 X123.682 Y102.23 E41.88203
G1 X116.739 Y76.318 E43.28683
G1 X117.205 Y76.318 E43.31123
G1 X123.682 Y100.49 E44.6217
G1 X123.682 Y98.75 E44.71282
G1 X117.672 Y76.318 E45.92895
G1 X118.138 Y76.318 E45.95335
G1 X123.682 Y97.009 E47.0751
G1 X123.682 Y95.269 E47.16622
G1 X118.604 Y76.318 E48.19364
G1 X119.071 Y76.318 E48.2181
G1 X123.682 Y93.528 E49.15112
G1 X123.682 Y91.788 E49.24224
G1 X119.537 Y76.318 E50.08093
G1 X120.004 Y76.318 E50.10539
G1 X123.682 Y90.047 E50.84969
G1 X123.682 Y88.307 E50.94081
G1 X120.47 Y76.318 E51.59078
G1 X120.936 Y76.318 E51.61518
G1 X123.682 Y86.566 E52.17077
G1 X123.682 Y84.826 E52.26189
G1 X121.403 Y76.318 E52.72314
G1 X121.869 Y76.318 E52.74754
G1 X123.682 Y83.085 E53.11441
G1 X123.682 Y81.345 E53.20553
G1 X122.335 Y76.318 E53.47807
G1 X122.802 Y76.318 E53.50253
G1 X123.682 Y79.604 E53.68067
G1 X123.682 Y77.864 E53.77179
G1 X123.214 Y76.115 E53.8666
M107
G1 E51.8666 F2400
G92 E0
G92 E0
G1 X100.599 Y81.012 F7800
G1 E2 F2400
;TYPE:Perimeter
;WIDTH:0.45
;HEIGHT:0.3
G1 F3600
G1 X101.827 Y81.085 E2.05917
G1 X103.033 Y81.24 E2.11765
G1 X104.229 Y81.473 E2.17625
G1 X105.407 Y81.782 E2.23482
G1 X106.468 Y82.134 E2.28859
G1 X107.694 Y82.624 E2.35209
G1 X108.79 Y83.152 E2.4106
G1 X109.764 Y83.7 E2.46435
G1 X110.874 Y84.415 E2.52785
G1 X111.848 Y85.143 E2.58634
G1 X112.776 Y85.932 E2.64493
G1 X113.651 Y86.78 E2.70354
G1 X114.47 Y87.682 E2.76214
G1 X115.229 Y88.634 E2.8207
G1 X115.926 Y89.633 E2.87929
G1 X116.558 Y90.675 E2.9379
G1 X117.121 Y91.755 E2.99648
G1 X117.614 Y92.869 E3.05507
G1 X118.035 Y94.012 E3.11365
G1 X118.382 Y95.18 E3.17225
G1 X118.653 Y96.367 E3.23081
G1 X118.847 Y97.57 E3.28942
G1 X118.955 Y98.683 E3.3432
G1 X119.003 Y100.002 E3.40668
G1 X118.964 Y101.218 E3.4652
G1 X118.847 Y102.43 E3.52376
G1 X118.653 Y103.633 E3.58237
G1 X118.382 Y104.82 E3.64093
G1 X118.035 Y105.988 E3.69953
G1 X117.614 Y107.131 E3.75811
G1 X117.121 Y108.245 E3.8167
G1 X116.558 Y109.325 E3.87528
G1 X115.926 Y110.367 E3.93389
G1 X115.229 Y111.366 E3.99248
G1 X114.47 Y112.318 E4.05104
G1 X113.651 Y113.22 E4.10964
G1 X112.776 Y114.068 E4.16825
G1 X111.848 Y114.857 E4.22684
G1 X110.872 Y115.586 E4.28543
G1 X109.935 Y116.196 E4.33921
G1 X108.788 Y116.849 E4.40269
G1 X107.692 Y117.377 E4.4612
G1 X106.563 Y117.834 E4.51978
G1 X105.407 Y118.218 E4.57837
G1 X104.229 Y118.527 E4.63694
G1 X103.033 Y118.76 E4.69554
G1 X101.825 Y118.915 E4.75412
G1 X100.609 Y118.993 E4.81273
G1 X99.391 Y118.993 E4.87131
G1 X98.175 Y118.915 E4.92992
G1 X96.967 Y118.76 E4.9885
G1 X95.771 Y118.527 E5.0471
G1 X94.593 Y118.218 E5.10567
G1 X93.437 Y117.834 E5.16426
G1 X92.308 Y117.377 E5.22284
G1 X91.21 Y116.848 E5.28146
G1 X90.236 Y116.3 E5.33521
G1 X89.126 Y115.585 E5.39871
G1 X88.152 Y114.857 E5.4572
G1 X87.224 Y114.068 E5.51579
G1 X86.349 Y113.22 E5.5744
G1 X85.53 Y112.318 E5.633
G1 X84.771 Y111.366 E5.69156
G1 X84.074 Y110.367 E5.75015
G1 X83.442 Y109.325 E5.80876
G1 X82.879 Y108.245 E5.86734
G1 X82.386 Y107.131 E5.92593
G1 X81.965 Y105.988 E5.98451
G1 X81.618 Y104.82 E6.04311
G1 X81.347 Y103.633 E6.10167
G1 X81.153 Y102.43 E6.16028
G1 X81.045 Y101.317 E6.21406
G1 X80.997 Y99.998 E6.27754
G1 X81.036 Y98.782 E6.33606
G1 X81.153 Y97.57 E6.39462
G1 X81.347 Y96.367 E6.45323
G1 X81.618 Y95.18 E6.51179
G1 X81.965 Y94.012 E6.57039
G1 X82.386 Y92.869 E6.62897
G1 X82.879 Y91.755 E6.68756
G1 X83.396 Y90.764 E6.74132
G1 X84.075 Y89.631 E6.80485
G1 X84.771 Y88.634 E6.86333
G1 X85.468 Y87.76 E6.9171
G1 X86.351 Y86.778 E6.98062
G1 X87.224 Y85.932 E7.03909
G1 X88.152 Y85.143 E7.09768
G1 X89.128 Y84.414 E7.15627
G1 X90.149 Y83.75 E7.21485
G1 X91.123 Y83.201 E7.26863
G1 X92.31 Y82.622 E7.33215
G1 X93.437 Y82.166 E7.39062
G1 X94.593 Y81.782 E7.44921
G1 X95.771 Y81.473 E7.50778
G1 X96.967 Y81.24 E7.56638
G1 X98.175 Y81.085 E7.62496
G1 X99.391 Y81.007 E7.68357
G1 X100.509 Y81.007 E7.73734
G1 X100.539 Y81.008 E7.73878
G1 X100.624 Y80.627 F7800
G1 F3600
G1 X101.863 Y80.701 E7.79848
G1 X103.094 Y80.859 E7.85817
G1 X104.314 Y81.097 E7.91795
G1 X105.517 Y81.412 E7.97776
G1 X106.6 Y81.772 E8.03265
G1 X107.85 Y82.271 E8.09738
G1 X108.968 Y82.81 E8.15707
G1 X109.963 Y83.37 E8.21198
G1 X111.094 Y84.098 E8.27667
G1 X112.089 Y84.841 E8.3364
G1 X113.035 Y85.647 E8.39617
G1 X113.928 Y86.511 E8.45593
G1 X114.764 Y87.431 E8.51572
G1 X115.539 Y88.403 E8.57551
G1 X116.25 Y89.423 E8.63531
G1 X116.894 Y90.485 E8.69505
G1 X117.469 Y91.587 E8.75483
G1 X117.972 Y92.724 E8.81463
G1 X118.401 Y93.89 E8.87439
G1 X118.755 Y95.082 E8.9342
G1 X119.032 Y96.294 E8.994
G1 X119.23 Y97.521 E9.05378
G1 X119.34 Y98.657 E9.10867
G1 X119.389 Y100.001 E9.17335
G1 X119.349 Y101.242 E9.23307
G1 X119.23 Y102.479 E9.29284
G1 X119.032 Y103.706 E9.35262
G1 X118.755 Y104.918 E9.41242
G1 X118.401 Y106.11 E9.47223
G1 X117.972 Y107.276 E9.53199
G1 X117.469 Y108.413 E9.59179
G1 X116.894 Y109.515 E9.65157
G1 X116.25 Y110.577 E9.71131
G1 X115.539 Y111.597 E9.77111
G1 X114.764 Y112.569 E9.8309
G1 X113.928 Y113.489 E9.89069
G1 X113.035 Y114.353 E9.95045
G1 X112.089 Y115.159 E10.01022
G1 X111.093 Y115.902 E10.06998
G1 X110.136 Y116.525 E10.1249
G1 X108.967 Y117.191 E10.18961
G1 X107.848 Y117.73 E10.24935
G1 X106.696 Y118.196 E10.30912
G1 X105.517 Y118.588 E10.36888
G1 X104.314 Y118.903 E10.42869
G1 X103.094 Y119.141 E10.48847
G1 X101.862 Y119.299 E10.54821
G1 X100.621 Y119.379 E10.60802
G1 X99.379 Y119.379 E10.66776
G1 X98.138 Y119.299 E10.72757
G1 X96.906 Y119.141 E10.78731
G1 X95.686 Y118.903 E10.84709
G1 X94.483 Y118.588 E10.9069
G1 X93.304 Y118.196 E10.96666
G1 X92.152 Y117.73 E11.02643
G1 X91.032 Y117.19 E11.08623
G1 X90.037 Y116.63 E11.14114
G1 X88.906 Y115.901 E11.20586
G1 X87.911 Y115.159 E11.26556
G1 X86.965 Y114.353 E11.32533
G1 X86.072 Y113.489 E11.38509
G1 X85.236 Y112.569 E11.44488
G1 X84.461 Y111.597 E11.50467
G1 X83.75 Y110.577 E11.56447
G1 X83.106 Y109.515 E11.62421
G1 X82.531 Y108.413 E11.68399
G1 X82.028 Y107.276 E11.74379
G1 X81.599 Y106.11 E11.80355
G1 X81.245 Y104.918 E11.86336
G1 X80.968 Y103.706 E11.92316
G1 X80.77 Y102.479 E11.98294
G1 X80.66 Y101.343 E12.03783
G1 X80.611 Y99.999 E12.10251
G1 X80.651 Y98.758 E12.16223
G1 X80.77 Y97.521 E12.222
G1 X80.968 Y96.294 E12.28178
G1 X81.245 Y95.082 E12.34158
G1 X81.599 Y93.89 E12.40139
G1 X82.028 Y92.724 E12.46115
G1 X82.531 Y91.587 E12.52095
G1 X83.059 Y90.575 E12.57585
G1 X83.751 Y89.421 E12.64057
G1 X84.461 Y88.403 E12.70026
G1 X85.173 Y87.511 E12.75515
G1 X86.073 Y86.51 E12.81989
G1 X86.965 Y85.647 E12.87958
G1 X87.911 Y84.841 E12.93935
G1 X88.907 Y84.098 E12.99911
G1 X89.949 Y83.42 E13.0589
G1 X90.944 Y82.859 E13.11384
G1 X92.153 Y82.27 E13.17852
G1 X93.304 Y81.804 E13.23824
G1 X94.483 Y81.412 E13.298
G1 X95.686 Y81.097 E13.35781
G1 X96.906 Y80.859 E13.41759
G1 X98.138 Y80.701 E13.47733
G1 X99.379 Y80.621 E13.53714
G1 X100.52 Y80.621 E13.59202
G1 X100.564 Y80.623 E13.59414
G1 X100.649 Y80.242 F7800
;TYPE:External perimeter
G1 F1800
G1 X101.899 Y80.317 E13.65437
G1 X103.156 Y80.479 E13.71533
G1 X104.4 Y80.721 E13.77628
G1 X105.626 Y81.042 E13.83723
G1 X106.733 Y81.41 E13.89334
G1 X108.005 Y81.918 E13.95922
G1 X109.147 Y82.468 E14.02018
G1 X110.162 Y83.04 E14.07622
G1 X111.314 Y83.782 E14.14213
G1 X112.329 Y84.539 E14.20303
G1 X113.295 Y85.361 E14.26404
G1 X114.205 Y86.243 E14.32499
G1 X115.058 Y87.181 E14.38597
G1 X115.848 Y88.172 E14.44693
G1 X116.573 Y89.212 E14.50791
G1 X117.23 Y90.296 E14.56888
G1 X117.817 Y91.42 E14.62987
G1 X118.33 Y92.579 E14.69083
G1 X118.767 Y93.769 E14.7518
G1 X119.128 Y94.984 E14.81276
G1 X119.41 Y96.22 E14.87373
G1 X119.613 Y97.471 E14.93469
G1 X119.724 Y98.631 E14.99074
G1 X119.775 Y100.001 E15.05668
G1 X119.734 Y101.267 E15.1176
G1 X119.613 Y102.529 E15.17858
G1 X119.41 Y103.78 E15.23954
G1 X119.128 Y105.016 E15.30051
G1 X118.767 Y106.231 E15.36147
G1 X118.33 Y107.421 E15.42244
G1 X117.817 Y108.58 E15.4834
G1 X117.23 Y109.704 E15.54439
G1 X116.573 Y110.788 E15.60536
G1 X115.848 Y111.828 E15.66634
G1 X115.058 Y112.819 E15.7273
G1 X114.205 Y113.757 E15.78828
G1 X113.295 Y114.639 E15.84923
G1 X112.329 Y115.461 E15.91024
G1 X111.314 Y116.219 E15.97117
G1 X110.337 Y116.855 E16.02724
G1 X109.146 Y117.533 E16.09315
G1 X108.005 Y118.082 E16.15405
G1 X106.83 Y118.558 E16.21502
G1 X105.626 Y118.958 E16.27604
G1 X104.4 Y119.279 E16.33699
G1 X103.156 Y119.521 E16.39794
G1 X101.899 Y119.684 E16.4589
G1 X100.634 Y119.765 E16.51987
G1 X99.366 Y119.765 E16.58086
G1 X98.101 Y119.684 E16.64183
G1 X96.844 Y119.521 E16.70279
G1 X95.6 Y119.279 E16.76374
G1 X94.374 Y118.958 E16.82469
G1 X93.17 Y118.558 E16.88571
G1 X91.995 Y118.082 E16.94668
G1 X90.853 Y117.532 E17.00764
G1 X89.838 Y116.96 E17.06368
G1 X88.686 Y116.218 E17.12959
G1 X87.671 Y115.461 E17.19049
G1 X86.705 Y114.639 E17.2515
G1 X85.795 Y113.757 E17.31245
G1 X84.942 Y112.819 E17.37343
G1 X84.152 Y111.828 E17.43439
G1 X83.427 Y110.788 E17.49537
G1 X82.77 Y109.704 E17.55634
G1 X82.183 Y108.58 E17.61733
G1 X81.67 Y107.421 E17.67829
G1 X81.233 Y106.231 E17.73926
G1 X80.872 Y105.016 E17.80022
G1 X80.59 Y103.78 E17.86119
G1 X80.387 Y102.529 E17.92215
G1 X80.276 Y101.369 E17.9782
G1 X80.225 Y99.999 E18.04414
G1 X80.266 Y98.733 E18.10506
G1 X80.387 Y97.471 E18.16604
G1 X80.59 Y96.22 E18.227
G1 X80.872 Y94.984 E18.28797
G1 X81.233 Y93.769 E18.34893
G1 X81.67 Y92.579 E18.4099
G1 X82.183 Y91.42 E18.47086
G1 X82.723 Y90.387 E18.52692
G1 X83.427 Y89.212 E18.5928
G1 X84.152 Y88.172 E18.65378
G1 X84.879 Y87.261 E18.70984
G1 X85.795 Y86.243 E18.77571
G1 X86.705 Y85.361 E18.83666
G1 X87.671 Y84.539 E18.89767
G1 X88.686 Y83.781 E18.9586
G1 X89.749 Y83.09 E19.01958
G1 X90.764 Y82.518 E19.07562
G1 X91.996 Y81.917 E19.14155
G1 X93.17 Y81.442 E19.20246
G1 X94.374 Y81.042 E19.26348
G1 X95.6 Y80.721 E19.32443
G1 X96.844 Y80.479 E19.38538
G1 X98.101 Y80.316 E19.44634
G1 X99.366 Y80.235 E19.50731
G1 X100.532 Y80.235 E19.56339
G1 X100.589 Y80.239 E19.56614
G1 X100.988 Y80.262 F7800
G1 E17.56614 F2400
G92 E0
G1 X82.654 Y107.445 F7800
G1 E2 F2400
;TYPE:Bridge infill
;WIDTH:0.400155
;HEIGHT:0.4
M106 S255
G1 F3600
G1 X81.929 Y104.738 E2.14652
G1 X81.663 Y103.571 E2.2091
G1 X81.472 Y102.389 E2.2717
G1 X81.366 Y101.296 E2.32912
G1 X81.349 Y100.835 E2.35324
G1 X83.434 Y108.615 E2.77437
G1 X83.722 Y109.167 E2.80692
G1 X84.306 Y110.13 E2.86581
G1 X81.348 Y99.089 E3.46345
G1 X81.357 Y98.803 E3.47841
G1 X81.457 Y97.76 E3.53319
G1 X85.064 Y111.218 E4.26168
G1 X85.765 Y112.098 E4.32051
G1 X81.627 Y96.652 E5.15659
G1 X81.833 Y95.683 E5.20839
G1 X86.427 Y112.828 E6.13645
G1 X87.064 Y113.465 E6.18355
G1 X82.064 Y94.807 E7.19351
G1 X82.313 Y93.996 E7.23787
G1 X87.683 Y114.036 E8.32264
G1 X88.287 Y114.55 E8.36411
G1 X82.583 Y93.263 E9.51637
G1 X82.865 Y92.579 E9.55505
G1 X88.871 Y114.993 E10.76832
G1 X89.449 Y115.41 E10.80558
G1 X83.156 Y91.923 E12.07692
G1 X83.463 Y91.33 E12.11183
G1 X90.012 Y115.773 E13.43492
G1 X90.571 Y116.119 E13.46929
G1 X83.775 Y90.756 E14.84218
G1 X84.097 Y90.219 E14.87492
G1 X91.12 Y116.429 E16.29366
G1 X91.661 Y116.709 E16.32551
G1 X84.423 Y89.694 E17.78782
G1 X84.759 Y89.212 E17.81854
G1 X92.196 Y116.966 E19.32086
G1 X92.725 Y117.199 E19.35108
G1 X85.099 Y88.738 E20.89167
G1 X85.447 Y88.301 E20.92088
G1 X93.247 Y117.41 E22.49655
G1 X93.765 Y117.604 E22.52547
G1 X85.799 Y87.872 E24.13485
G1 X86.158 Y87.473 E24.16291
G1 X94.277 Y117.774 E25.8031
G1 X94.786 Y117.936 E25.83103
G1 X86.517 Y87.074 E27.50158
G1 X86.885 Y86.708 E27.52872
G1 X95.288 Y118.068 E29.22623
G1 X95.789 Y118.199 E29.25331
G1 X87.255 Y86.35 E30.97729
G1 X87.63 Y86.009 E31.00379
G1 X96.282 Y118.299 E32.75164
G1 X96.773 Y118.394 E32.77779
G1 X88.009 Y85.686 E34.54827
G1 X88.389 Y85.366 E34.57424
G1 X97.26 Y118.473 E36.36632
G1 X97.743 Y118.536 E36.39179
G1 X88.778 Y85.076 E38.20297
G1 X89.166 Y84.787 E38.22827
G1 X98.225 Y118.597 E40.05839
G1 X98.7 Y118.627 E40.08328
G1 X89.56 Y84.516 E41.9297
G1 X89.957 Y84.258 E41.95446
G1 X99.174 Y118.657 E43.81647
G1 X99.644 Y118.672 E43.84106
G1 X90.354 Y84.003 E45.71769
G1 X90.759 Y83.775 E45.74199
G1 X100.11 Y118.672 E47.63096
G1 X100.576 Y118.672 E47.65532
G1 X91.164 Y83.547 E49.55663
G1 X91.574 Y83.338 E49.58069
G1 X101.034 Y118.644 E51.49179
G1 X101.493 Y118.615 E51.51584
G1 X91.986 Y83.138 E53.43622
G1 X92.399 Y82.937 E53.46024
G1 X101.948 Y118.575 E55.38932
G1 X102.399 Y118.517 E55.41309
G1 X92.818 Y82.763 E57.34846
G1 X93.239 Y82.593 E57.3722
G1 X102.849 Y118.459 E59.31362
G1 X103.294 Y118.381 E59.33724
G1 X93.661 Y82.43 E61.28326
G1 X94.089 Y82.288 E61.30684
G1 X103.737 Y118.295 E63.25589
G1 X104.18 Y118.207 E63.27951
G1 X94.517 Y82.146 E65.23149
G1 X94.95 Y82.021 E65.25505
G1 X104.615 Y118.093 E67.20761
G1 X105.051 Y117.979 E67.23117
G1 X95.385 Y81.907 E69.18375
G1 X95.82 Y81.793 E69.20726
G1 X105.483 Y117.854 E71.15924
G1 X105.911 Y117.712 E71.18282
G1 X96.263 Y81.705 E73.13187
G1 X96.706 Y81.619 E73.15546
G1 X106.339 Y117.57 E75.10148
G1 X106.761 Y117.407 E75.12513
G1 X97.151 Y81.541 E77.06655
G1 X97.602 Y81.483 E77.09032
G1 X107.182 Y117.237 E79.02567
G1 X107.601 Y117.064 E79.04937
G1 X98.052 Y81.425 E80.9785
G1 X98.508 Y81.385 E81.00243
G1 X108.014 Y116.865 E82.92294
G1 X108.427 Y116.666 E82.94691
G1 X98.966 Y81.356 E84.85823
G1 X99.424 Y81.328 E84.88222
G1 X108.836 Y116.452 E86.78348
G1 X109.24 Y116.222 E86.80779
G1 X99.89 Y81.328 E88.6966
G1 X100.356 Y81.328 E88.72096
G1 X109.644 Y115.992 E90.59731
G1 X110.043 Y115.742 E90.62193
G1 X100.828 Y81.347 E92.48371
G1 X101.301 Y81.376 E92.50849
G1 X110.44 Y115.484 E94.35475
G1 X110.834 Y115.213 E94.37975
G1 X101.775 Y81.404 E96.20982
G1 X102.257 Y81.464 E96.23522
G1 X111.222 Y114.924 E98.0464
G1 X111.611 Y114.634 E98.07177
G1 X102.74 Y81.527 E99.86385
G1 X103.227 Y81.606 E99.88965
G1 X111.991 Y114.314 E101.66013
G1 X112.37 Y113.991 E101.68617
G1 X103.719 Y81.701 E103.43401
G1 X104.211 Y81.801 E103.46026
G1 X112.745 Y113.65 E105.18424
G1 X113.115 Y113.292 E105.21116
G1 X104.713 Y81.932 E106.90866
G1 X105.214 Y82.064 E106.93575
G1 X113.483 Y112.927 E108.60635
G1 X113.843 Y112.53 E108.63437
G1 X105.723 Y82.226 E110.27472
G1 X106.235 Y82.396 E110.30293
G1 X114.203 Y112.134 E111.91264
G1 X114.553 Y111.699 E111.94183
G1 X106.754 Y82.595 E113.51723
G1 X107.276 Y82.803 E113.54661
G1 X114.902 Y111.262 E115.0871
G1 X115.241 Y110.788 E115.11757
G1 X107.804 Y83.034 E116.61989
G1 X108.339 Y83.291 E116.65092
G1 X115.577 Y110.306 E118.11323
G1 X115.904 Y109.784 E118.14544
G1 X108.88 Y83.571 E119.56435
G1 X109.429 Y83.881 E119.59731
G1 X116.227 Y109.251 E120.97059
G1 X116.537 Y108.67 E121.00502
G1 X109.988 Y84.227 E122.32811
G1 X110.551 Y84.59 E122.36313
G1 X116.844 Y108.077 E123.63447
G1 X117.135 Y107.421 E123.67199
G1 X111.129 Y85.007 E124.88526
G1 X111.714 Y85.45 E124.92363
G1 X117.417 Y106.737 E126.07588
G1 X117.687 Y106.004 E126.11672
G1 X112.317 Y85.964 E127.20149
G1 X112.56 Y86.17 E127.21815
G1 X112.936 Y86.535 E127.24555
G1 X117.936 Y105.193 E128.25551
G1 X118.071 Y104.739 E128.28027
G1 X118.167 Y104.317 E128.3029
G1 X113.573 Y87.172 E129.23096
G1 X114.235 Y87.902 E129.28249
G1 X118.373 Y103.348 E130.11857
G1 X118.543 Y102.24 E130.17718
G1 X114.937 Y88.782 E130.90566
G1 X115.694 Y89.87 E130.97496
G1 X118.652 Y100.911 E131.5726
G1 X118.682 Y100.003 E131.6201
G1 X118.651 Y99.165 E131.66395
G1 X116.342 Y90.547 E132.13044
M107
;LAYER_CHANGE
;Z:9.65
;HEIGHT:0.299999
G1 E130.13044 F2400
G92 E0
G1 Z9.65 F7800
G92 E0
G1 X118.278 Y110.331
G1 E2 F2400
;TYPE:Perimeter
;WIDTH:0.45
G1 F3600
G1 X117.597 Y111.454 E2.06317
G1 X116.827 Y112.558 E2.12791
G1 X115.988 Y113.611 E2.19267
G1 X115.083 Y114.607 E2.2574
G1 X114.116 Y115.543 E2.32213
G1 X113.091 Y116.416 E2.38689
G1 X112.013 Y117.221 E2.4516
G1 X110.885 Y117.955 E2.51633
G1 X109.712 Y118.616 E2.58109
G1 X108.499 Y119.2 E2.64584
G1 X107.252 Y119.705 E2.71055
G1 X105.974 Y120.129 E2.77531
G1 X104.671 Y120.471 E2.8401
G1 X103.286 Y120.736 E2.90792
G1 X102.016 Y120.9 E2.96951
G1 X100.673 Y120.986 E3.03424
G1 X99.327 Y120.986 E3.09898
G1 X97.984 Y120.9 E3.16371
G1 X96.649 Y120.728 E3.22845
G1 X95.328 Y120.47 E3.29319
G1 X94.026 Y120.129 E3.35792
G1 X92.748 Y119.705 E3.42268
G1 X91.501 Y119.2 E3.48739
G1 X90.288 Y118.616 E3.55214
G1 X89.115 Y117.955 E3.6169
G1 X87.987 Y117.221 E3.68163
G1 X86.908 Y116.415 E3.74641
G1 X85.837 Y115.498 E3.81422
G1 X84.917 Y114.607 E3.87582
G1 X84.012 Y113.611 E3.94055
G1 X83.173 Y112.558 E4.00531
G1 X82.402 Y111.453 E4.07011
G1 X81.675 Y110.245 E4.13792
G1 X81.083 Y109.11 E4.19949
G1 X80.537 Y107.878 E4.2643
G1 X80.054 Y106.553 E4.33213
G1 X79.69 Y105.326 E4.39369
G1 X79.39 Y104.012 E4.45852
G1 X79.169 Y102.62 E4.52631
G1 X79.046 Y101.345 E4.58792
G1 X79.003 Y99.998 E4.65274
G1 X79.053 Y98.589 E4.72055
G1 X79.176 Y97.315 E4.78211
G1 X79.39 Y95.986 E4.84685
G1 X79.69 Y94.674 E4.91158
G1 X80.073 Y93.384 E4.9763
G1 X80.538 Y92.121 E5.04103
G1 X81.083 Y90.89 E5.10578
G1 X81.705 Y89.697 E5.17049
G1 X82.404 Y88.544 E5.23534
G1 X83.214 Y87.39 E5.30315
G1 X84.012 Y86.389 E5.36472
G1 X84.918 Y85.392 E5.42951
G1 X85.934 Y84.414 E5.49734
G1 X86.909 Y83.584 E5.55892
G1 X87.989 Y82.778 E5.62374
G1 X89.173 Y82.013 E5.69154
G1 X90.288 Y81.384 E5.75311
G1 X91.502 Y80.8 E5.8179
G1 X92.811 Y80.275 E5.88573
G1 X94.026 Y79.871 E5.94731
G1 X95.329 Y79.529 E6.0121
G1 X96.714 Y79.264 E6.07992
G1 X97.984 Y79.1 E6.14151
G1 X99.329 Y79.014 E6.20633
G1 X100.738 Y79.018 E6.2741
G1 X102.016 Y79.1 E6.33569
G1 X103.351 Y79.272 E6.40043
G1 X104.672 Y79.53 E6.46517
G1 X105.974 Y79.871 E6.5299
G1 X107.252 Y80.295 E6.59466
G1 X108.499 Y80.8 E6.65937
G1 X109.712 Y81.384 E6.72412
G1 X110.885 Y82.045 E6.78888
G1 X112.013 Y82.779 E6.85361
G1 X113.092 Y83.585 E6.91839
G1 X114.163 Y84.502 E6.9862
G1 X115.083 Y85.393 E7.0478
G1 X115.988 Y86.389 E7.11253
G1 X116.827 Y87.442 E7.17729
G1 X117.598 Y88.547 E7.24209
G1 X118.325 Y89.755 E7.3099
G1 X118.917 Y90.89 E7.37147
G1 X119.463 Y92.122 E7.43628
G1 X119.946 Y93.447 E7.50411
G1 X120.31 Y94.674 E7.56567
G1 X120.61 Y95.988 E7.6305
G1 X120.831 Y97.38 E7.69829
G1 X120.954 Y98.655 E7.7599
G1 X120.997 Y100 E7.82462
G1 X120.954 Y101.345 E7.88934
G1 X120.824 Y102.685 E7.95409
G1 X120.61 Y104.014 E8.01883
G1 X120.31 Y105.326 E8.08356
G1 X119.927 Y106.616 E8.14828
G1 X119.462 Y107.879 E8.21301
G1 X118.917 Y109.11 E8.27776
G1 X118.308 Y110.279 E8.34116
G1 X117.949 Y110.131 F7800
G1 F3600
G1 X117.274 Y111.244 E8.40377
G1 X116.518 Y112.328 E8.46733
G1 X115.694 Y113.361 E8.53088
G1 X114.806 Y114.339 E8.59442
G1 X113.857 Y115.258 E8.65796
G1 X112.851 Y116.114 E8.72149
G1 X111.792 Y116.905 E8.78506
G1 X110.685 Y117.625 E8.84857
G1 X109.533 Y118.274 E8.91216
G1 X108.343 Y118.847 E8.97568
G1 X107.118 Y119.343 E9.03924
G1 X105.864 Y119.759 E9.10279
G1 X104.585 Y120.094 E9.16638
G1 X103.225 Y120.355 E9.23298
G1 X101.979 Y120.516 E9.29341
G1 X100.661 Y120.6 E9.35693
G1 X99.339 Y120.6 E9.42051
G1 X98.021 Y120.516 E9.48403
G1 X96.71 Y120.347 E9.54761
G1 X95.414 Y120.094 E9.61112
G1 X94.136 Y119.759 E9.67466
G1 X92.882 Y119.343 E9.73821
G1 X91.657 Y118.847 E9.80177
G1 X90.467 Y118.274 E9.86529
G1 X89.315 Y117.625 E9.92888
G1 X88.208 Y116.905 E9.99239
G1 X87.149 Y116.114 E10.05596
G1 X86.097 Y115.213 E10.12258
G1 X85.194 Y114.339 E10.18302
G1 X84.306 Y113.361 E10.24656
G1 X83.482 Y112.328 E10.31011
G1 X82.726 Y111.243 E10.37371
G1 X82.011 Y110.057 E10.44032
G1 X81.43 Y108.943 E10.50075
G1 X80.895 Y107.734 E10.56434
G1 X80.421 Y106.432 E10.63098
G1 X80.063 Y105.228 E10.69139
G1 X79.769 Y103.939 E10.75498
G1 X79.552 Y102.571 E10.8216
G1 X79.431 Y101.321 E10.882
G1 X79.389 Y99.999 E10.94562
G1 X79.438 Y98.615 E11.01223
G1 X79.558 Y97.364 E11.07267
G1 X79.769 Y96.06 E11.1362
G1 X80.063 Y94.772 E11.19974
G1 X80.439 Y93.505 E11.26331
G1 X80.895 Y92.265 E11.32685
G1 X81.43 Y91.057 E11.39039
G1 X82.041 Y89.886 E11.45392
G1 X82.727 Y88.755 E11.51754
G1 X83.523 Y87.622 E11.58414
G1 X84.306 Y86.639 E11.64458
G1 X85.195 Y85.661 E11.70815
G1 X86.193 Y84.7 E11.77479
G1 X87.149 Y83.886 E11.83518
G1 X88.209 Y83.095 E11.89879
G1 X89.372 Y82.343 E11.9654
G1 X90.467 Y81.726 E12.02585
G1 X91.658 Y81.153 E12.08942
G1 X92.943 Y80.637 E12.15602
G1 X94.136 Y80.241 E12.21648
G1 X95.415 Y79.906 E12.28007
G1 X96.775 Y79.645 E12.34667
G1 X98.021 Y79.484 E12.4071
G1 X99.34 Y79.4 E12.47067
G1 X100.726 Y79.404 E12.53733
G1 X101.979 Y79.484 E12.59772
G1 X103.289 Y79.653 E12.66125
G1 X104.586 Y79.906 E12.72481
G1 X105.864 Y80.241 E12.78835
G1 X107.118 Y80.657 E12.8519
G1 X108.343 Y81.153 E12.91546
G1 X109.533 Y81.726 E12.97898
G1 X110.685 Y82.375 E13.04257
G1 X111.792 Y83.095 E13.10608
G1 X112.851 Y83.886 E13.16965
G1 X113.903 Y84.787 E13.23627
G1 X114.806 Y85.661 E13.29671
G1 X115.694 Y86.639 E13.36025
G1 X116.518 Y87.672 E13.4238
G1 X117.274 Y88.757 E13.4874
G1 X117.989 Y89.944 E13.55405
G1 X118.57 Y91.057 E13.61444
G1 X119.105 Y92.266 E13.67803
G1 X119.579 Y93.568 E13.74467
G1 X119.937 Y94.772 E13.80508
G1 X120.231 Y96.061 E13.86867
G1 X120.448 Y97.429 E13.93529
G1 X120.569 Y98.679 E13.99569
G1 X120.611 Y100 E14.05926
G1 X120.569 Y101.321 E14.12283
G1 X120.442 Y102.636 E14.18637
G1 X120.231 Y103.94 E14.2499
G1 X119.937 Y105.228 E14.31344
G1 X119.561 Y106.495 E14.37701
G1 X119.105 Y107.735 E14.44055
G1 X118.57 Y108.943 E14.50409
G1 X117.977 Y110.078 E14.56568
G1 X117.619 Y109.931 F7800
;TYPE:External perimeter
G1 F1800
G1 X116.95 Y111.034 E14.62773
G1 X116.209 Y112.097 E14.69005
G1 X115.4 Y113.11 E14.7524
G1 X114.529 Y114.07 E14.81474
G1 X113.597 Y114.972 E14.87712
G1 X112.61 Y115.813 E14.93949
G1 X111.571 Y116.588 E15.00183
G1 X110.485 Y117.295 E15.06416
G1 X109.355 Y117.932 E15.12655
G1 X108.187 Y118.494 E15.18889
G1 X106.985 Y118.981 E15.25127
G1 X105.755 Y119.389 E15.3136
G1 X104.5 Y119.718 E15.376
G1 X103.164 Y119.974 E15.44143
G1 X101.942 Y120.132 E15.50069
G1 X100.648 Y120.215 E15.56305
G1 X99.352 Y120.215 E15.62538
G1 X98.058 Y120.132 E15.68774
G1 X96.772 Y119.966 E15.75011
G1 X95.5 Y119.718 E15.81244
G1 X94.245 Y119.389 E15.87484
G1 X93.015 Y118.981 E15.93717
G1 X91.813 Y118.494 E15.99955
G1 X90.645 Y117.932 E16.06189
G1 X89.515 Y117.295 E16.12428
G1 X88.429 Y116.588 E16.18661
G1 X87.39 Y115.812 E16.24898
G1 X86.356 Y114.927 E16.31444
G1 X85.471 Y114.07 E16.37369
G1 X84.6 Y113.111 E16.436
G1 X83.791 Y112.097 E16.49839
G1 X83.049 Y111.033 E16.56078
G1 X82.348 Y109.868 E16.62617
G1 X81.778 Y108.775 E16.68546
G1 X81.253 Y107.59 E16.7478
G1 X80.787 Y106.311 E16.81327
G1 X80.436 Y105.13 E16.87253
G1 X80.148 Y103.866 E16.93488
G1 X79.935 Y102.522 E17.00033
G1 X79.816 Y101.296 E17.05957
G1 X79.775 Y100 E17.12193
G1 X79.823 Y98.64 E17.18738
G1 X79.941 Y97.414 E17.24662
G1 X80.148 Y96.134 E17.30898
G1 X80.436 Y94.87 E17.37133
G1 X80.805 Y93.627 E17.43369
G1 X81.253 Y92.41 E17.49606
G1 X81.778 Y91.225 E17.5584
G1 X82.377 Y90.075 E17.62076
G1 X83.05 Y88.966 E17.68315
G1 X83.831 Y87.853 E17.74855
G1 X84.6 Y86.89 E17.80782
G1 X85.472 Y85.93 E17.8702
G1 X86.452 Y84.986 E17.93565
G1 X87.39 Y84.187 E17.99491
G1 X88.429 Y83.412 E18.05725
G1 X89.572 Y82.673 E18.12271
G1 X90.645 Y82.068 E18.18196
G1 X91.813 Y81.506 E18.2443
G1 X93.076 Y80.999 E18.30976
G1 X94.245 Y80.611 E18.369
G1 X95.5 Y80.282 E18.4314
G1 X96.836 Y80.026 E18.49683
G1 X98.058 Y79.868 E18.55609
G1 X99.352 Y79.785 E18.61845
G1 X100.713 Y79.789 E18.68391
G1 X101.942 Y79.868 E18.74314
G1 X103.228 Y80.034 E18.80551
G1 X104.501 Y80.282 E18.86789
G1 X105.755 Y80.611 E18.93024
G1 X106.985 Y81.019 E18.99257
G1 X108.187 Y81.506 E19.05495
G1 X109.355 Y82.068 E19.11729
G1 X110.485 Y82.705 E19.17968
G1 X111.571 Y83.412 E19.24201
G1 X112.61 Y84.188 E19.30438
G1 X113.644 Y85.073 E19.36984
G1 X114.529 Y85.93 E19.42909
G1 X115.4 Y86.89 E19.49143
G1 X116.209 Y87.903 E19.55378
G1 X116.951 Y88.967 E19.61617
G1 X117.652 Y90.132 E19.68156
G1 X118.222 Y91.225 E19.74085
G1 X118.747 Y92.41 E19.80319
G1 X119.213 Y93.689 E19.86866
G1 X119.564 Y94.87 E19.92792
G1 X119.852 Y96.134 E19.99027
G1 X120.065 Y97.478 E20.05572
G1 X120.184 Y98.704 E20.11496
G1 X120.225 Y100 E20.17732
G1 X120.184 Y101.296 E20.23968
G1 X120.059 Y102.586 E20.30202
G1 X119.852 Y103.866 E20.36438
G1 X119.564 Y105.13 E20.42673
G1 X119.195 Y106.373 E20.48909
G1 X118.747 Y107.59 E20.55146
G1 X118.222 Y108.775 E20.6138
G1 X117.647 Y109.878 E20.67363
G1 X117.442 Y110.222 F7800
G1 E18.67363 F2400
G92 E0
G1 X124.004 Y124.004 F7800
G1 E2 F2400
;TYPE:Perimeter
G1 F3600
G1 X75.996 Y124.004 E4.30902
G1 X75.996 Y75.996 E6.61804
G1 X124.004 Y75.996 E8.92706
G1 X124.004 Y123.944 E11.23319
G1 X124.389 Y124.389 F7800
G1 F3600
G1 X75.611 Y124.389 E13.57924
G1 X75.611 Y75.611 E15.92529
G1 X124.389 Y75.611 E18.27134
G1 X124.389 Y124.329 E20.61451
G1 X124.775 Y124.775 F7800
;TYPE:External perimeter
G1 F1800
G1 X75.225 Y124.775 E22.99769
G1 X75.225 Y75.225 E25.38087
G1 X124.775 Y75.225 E27.76405
G1 X124.775 Y124.715 E30.14435
G1 X124.379 Y124.774 F7800
G1 E28.14435 F2400
G92 E0
G1 X76.39 Y76.317 F7800
G1 E2 F2400
;TYPE:Solid infill
;WIDTH:0.543559
G1 F1200
G1 X76.348 Y76.274 E2.00359
G1 X76.29 Y76.29 E2.00719
G1 X76.274 Y76.348 E2.01079
G1 X76.317 Y76.39 E2.01438
G1 X76.375 Y76.375 E2.01796
;WIDTH:0.45
G1 X76.991 Y76.285 E2.0479
G1 X76.285 Y76.991 E2.09592
G1 X76.285 Y77.536 E2.12213
G1 X77.536 Y76.285 E2.20722
G1 X78.081 Y76.285 E2.23343
G1 X76.285 Y78.081 E2.35559
G1 X76.285 Y78.627 E2.38185
G1 X78.627 Y76.285 E2.54115
G1 X79.172 Y76.285 E2.56736
G1 X76.285 Y79.172 E2.76373
G1 X76.285 Y79.717 E2.78994
G1 X79.717 Y76.285 E3.02338
G1 X80.263 Y76.285 E3.04964
G1 X76.285 Y80.263 E3.32022
G1 X76.285 Y80.808 E3.34643
G1 X80.808 Y76.285 E3.65408
G1 X81.353 Y76.285 E3.68029
G1 X76.285 Y81.353 E4.02501
G1 X76.285 Y81.899 E4.05127
G1 X81.899 Y76.285 E4.43313
G1 X82.444 Y76.285 E4.45934
G1 X76.285 Y82.444 E4.87827
G1 X76.285 Y82.989 E4.90448
G1 X82.989 Y76.285 E5.36048
G1 X83.535 Y76.285 E5.38674
G1 X76.285 Y83.535 E5.87988
G1 X76.285 Y84.08 E5.90609
G1 X84.08 Y76.285 E6.4363
G1 X84.625 Y76.285 E6.46251
G1 X76.285 Y84.625 E7.02979
G1 X76.285 Y85.171 E7.05605
G1 X85.171 Y76.285 E7.66046
G1 X85.716 Y76.285 E7.68667
G1 X76.285 Y85.716 E8.32815
G1 X76.285 Y86.261 E8.35436
G1 X86.261 Y76.285 E9.03292
G1 X86.807 Y76.285 E9.05918
G1 X76.285 Y86.807 E9.77487
G1 X76.285 Y87.352 E9.80108
G1 X87.352 Y76.285 E10.55384
G1 X87.897 Y76.285 E10.58005
G1 X76.285 Y87.897 E11.36988
G1 X76.285 Y88.443 E11.39614
G1 X88.443 Y76.285 E12.22311
G1 X88.988 Y76.285 E12.24932
G1 X76.285 Y88.988 E13.11336
G1 X76.285 Y89.534 E13.13962
G1 X89.534 Y76.285 E14.0408
G1 X90.079 Y76.285 E14.06701
G1 X76.285 Y90.079 E15.00526
G1 X76.285 Y90.624 E15.03147
G1 X90.624 Y76.285 E16.00679
G1 X91.17 Y76.285 E16.03305
G1 X76.285 Y91.17 E17.04551
G1 X76.285 Y91.715 E17.07172
G1 X91.715 Y76.285 E18.12125
G1 X92.26 Y76.285 E18.14746
G1 X76.285 Y92.26 E19.23406
G1 X76.285 Y92.806 E19.26032
G1 X92.806 Y76.285 E20.38406
G1 X93.351 Y76.285 E20.41027
G1 X76.285 Y93.351 E21.57108
G1 X76.203 Y93.654 E21.58618
;WIDTH:0.404381
G1 X76.162 Y93.665 E21.58798
G1 X76.142 Y93.594 E21.59111
G1 X76.214 Y93.613 E21.59427
G1 E19.59427 F2400
G92 E0
G1 X87.105 Y83.077 F7800
G1 E2 F2400
;WIDTH:0.45
G1 F1200
G1 X93.896 Y76.285 E2.46195
G1 X94.442 Y76.285 E2.48821
G1 X88.843 Y81.884 E2.86905
G1 X88.571 Y82.104 E2.88588
;WIDTH:0.404381
G1 X87.762 Y82.764 E2.93016
G1 X86.832 Y83.313 F7800
G1 F1200
G1 X85.823 Y84.239 E2.98824
G1 X84.755 Y85.288 E3.05172
G1 X83.868 Y86.218 E3.10622
;WIDTH:0.409619
G1 X83.296 Y86.858 E3.14318
;WIDTH:0.45
G1 X83.051 Y87.13 E3.16079
G1 X76.285 Y93.896 E3.621
;WIDTH:0.49293
G1 X76.246 Y93.961 E3.62505
;WIDTH:0.53586
G1 X76.206 Y94.025 E3.62949
;WIDTH:0.578791
G1 X76.166 Y94.09 E3.63439
G1 X76.104 Y94.106 E3.6385
G1 X76.059 Y94.061 E3.64258
G1 X76.075 Y93.999 E3.64669
G1 X76.138 Y93.982 E3.65088
G1 X76.183 Y94.028 E3.65501
;WIDTH:0.45
G1 X76.285 Y94.442 E3.67552
G1 X81.887 Y88.84 E4.05656
G1 X82.101 Y88.567 E4.07324
;WIDTH:0.404381
G1 X82.804 Y87.722 E4.11985
G1 E2.11985 F2400
G92 E0
G1 X81.405 Y89.825 F7800
G1 E2 F2400
G1 F1200
G1 X81.334 Y89.806 E2.00312
G1 X81.353 Y89.877 E2.00624
G1 X81.394 Y89.866 E2.00804
;WIDTH:0.45
G1 X76.285 Y94.987 E2.35596
G1 X76.285 Y95.532 E2.38217
G1 X80.641 Y91.177 E2.67843
G1 X80.858 Y90.934 E2.6941
;WIDTH:0.404381
G1 X80.817 Y90.945 E2.6959
G1 X80.798 Y90.874 E2.69902
G1 X80.869 Y90.893 E2.70214
G1 X80.446 Y91.854 F7800
G1 F1200
G1 X80.374 Y91.835 E2.7053
G1 X80.394 Y91.906 E2.70843
G1 X80.435 Y91.895 E2.71023
;WIDTH:0.45
G1 X80.226 Y92.138 E2.72565
G1 X76.285 Y96.078 E2.99368
G1 X76.285 Y96.623 E3.01989
G1 X79.905 Y93.003 E3.26612
G1 X80.107 Y92.761 E3.28128
;WIDTH:0.404381
G1 X80.066 Y92.772 E3.28308
G1 X80.047 Y92.7 E3.28624
G1 X80.118 Y92.72 E3.28937
G1 X79.851 Y93.522 F7800
G1 F1200
G1 X79.779 Y93.502 E3.29254
G1 X79.799 Y93.574 E3.29571
G1 X79.84 Y93.563 E3.29751
;WIDTH:0.45
G1 X79.649 Y93.805 E3.31234
G1 X76.285 Y97.168 E3.54112
G1 X76.285 Y97.714 E3.56738
G1 X79.418 Y94.581 E3.78048
G1 X79.606 Y94.338 E3.79526
;WIDTH:0.404381
G1 X79.565 Y94.349 E3.79706
G1 X79.545 Y94.278 E3.80019
G1 X79.617 Y94.297 E3.80335
G1 X79.252 Y95.292 F7800
;WIDTH:0.45
G1 F1200
G1 X76.285 Y98.259 E4.00516
G1 X76.285 Y98.804 E4.03137
G1 X79.099 Y95.991 E4.22274
G1 X78.992 Y96.643 E4.25452
G1 X76.285 Y99.35 E4.43865
G1 E2.43865 F2400
G92 E0
G1 X78.753 Y97.427 F7800
G1 E2 F2400
G1 F1200
G1 X76.422 Y99.759 E2.15859
G1 X76.285 Y99.759 E2.16518
G1 X76.285 Y106.439 E2.48646
G1 X78.99 Y103.735 E2.67042
G1 X79.054 Y103.735 E2.6735
G1 X78.88 Y102.627 E2.72744
G1 X78.757 Y101.333 E2.78996
G1 X78.715 Y99.962 E2.85593
G1 X78.767 Y98.535 E2.92461
G1 X78.89 Y97.291 E2.98473
G1 X78.401 Y98.325 F7800
G1 F1200
G1 X78.329 Y99.965 E3.06368
G1 X78.373 Y101.369 E3.13124
G1 X78.499 Y102.687 E3.19492
G1 X78.634 Y103.546 E3.23674
G1 X76.671 Y105.508 E3.37023
G1 X76.671 Y101.358 E3.56983
G1 X76.694 Y100.031 E3.63366
G1 X78.264 Y98.462 E3.74042
G1 X77.967 Y99.304 F7800
G1 F1200
G1 X77.957 Y100.387 E3.79251
G1 X77.989 Y101.405 E3.8415
G1 X78.118 Y102.746 E3.9063
G1 X78.222 Y103.412 E3.93872
G1 X77.057 Y104.577 E4.01796
G1 X77.057 Y100.215 E4.22776
G1 X77.831 Y99.44 E4.28044
G1 X77.507 Y100.401 F7800
;WIDTH:0.607625
G1 F1200
G1 X77.521 Y101.358 E4.34529
;WIDTH:0.628653
G1 X77.532 Y101.612 E4.36318
G1 X77.512 Y101.673 E4.3677
;WIDTH:0.588431
G1 X77.491 Y101.734 E4.37192
;WIDTH:0.548209
G1 X77.471 Y101.795 E4.37579
;WIDTH:0.507987
G1 X77.448 Y101.867 E4.37997
;WIDTH:0.46045
G1 X77.424 Y101.939 E4.38372
;WIDTH:0.412914
G1 X77.4 Y102.011 E4.38702
;WIDTH:0.39966
G1 X77.417 Y102.737 E4.41739
;WIDTH:0.435564
G1 X77.435 Y103.664 E4.46031
G1 X77.819 Y103.28 E4.48545
G1 X77.752 Y102.722 E4.51147
;WIDTH:0.39966
G1 X77.7 Y101.997 E4.54187
;WIDTH:0.409257
G1 X77.672 Y101.933 E4.54487
;WIDTH:0.453136
G1 X77.644 Y101.868 E4.5483
;WIDTH:0.497015
G1 X77.616 Y101.804 E4.55207
;WIDTH:0.540894
G1 X77.588 Y101.74 E4.55622
;WIDTH:0.584773
G1 X77.56 Y101.676 E4.56075
;WIDTH:0.628653
G1 X77.532 Y101.612 E4.56567
G1 E2.56567 F2400
G92 E0
G1 X79.126 Y104.144 F7800
G1 E2 F2400
;WIDTH:0.45
G1 F1200
G1 X76.285 Y106.985 E2.19324
G1 X76.285 Y107.53 E2.21945
G1 X79.227 Y104.589 E2.41953
G1 X79.327 Y105.034 E2.44147
G1 X76.285 Y108.075 E2.64835
G1 X76.285 Y108.621 E2.67461
G1 X79.434 Y105.472 E2.8888
G1 X79.558 Y105.893 E2.90991
G1 X76.285 Y109.166 E3.13254
G1 X76.285 Y109.711 E3.15875
G1 X79.682 Y106.315 E3.38978
G1 X79.813 Y106.729 E3.41067
G1 X76.285 Y110.257 E3.65064
G1 X76.285 Y110.802 E3.67685
G1 X79.958 Y107.13 E3.92665
G1 X80.103 Y107.53 E3.94711
G1 X76.285 Y111.347 E4.20677
G1 X76.285 Y111.893 E4.23303
G1 X80.248 Y107.93 E4.50259
G1 X80.414 Y108.31 E4.52253
G1 X76.285 Y112.438 E4.80335
G1 X76.285 Y112.983 E4.82956
G1 X80.581 Y108.688 E5.12173
G1 X80.747 Y109.067 E5.14163
G1 X76.285 Y113.529 E5.44513
G1 X76.285 Y114.074 E5.47134
G1 X80.927 Y109.433 E5.78705
G1 X81.113 Y109.792 E5.8065
G1 X76.285 Y114.62 E6.13489
G1 X76.285 Y115.165 E6.1611
G1 X81.3 Y110.151 E6.50218
G1 X81.494 Y110.502 E6.52147
G1 X76.285 Y115.71 E6.87575
G1 X76.285 Y116.256 E6.90201
G1 X81.698 Y110.843 E7.2702
G1 X81.903 Y111.184 E7.28934
G1 X76.285 Y116.801 E7.67144
G1 X76.285 Y117.346 E7.69765
G1 X82.107 Y111.524 E8.09366
G1 X82.328 Y111.849 E8.11256
G1 X76.285 Y117.892 E8.5236
G1 X76.285 Y118.437 E8.54981
G1 X82.552 Y112.171 E8.97605
G1 X82.775 Y112.493 E8.99489
G1 X76.285 Y118.982 E9.4363
G1 X76.285 Y119.528 E9.46256
G1 X83.005 Y112.808 E9.91965
G1 X83.247 Y113.111 E9.9383
G1 X76.285 Y120.073 E10.41185
G1 X76.285 Y120.618 E10.43806
G1 X83.489 Y113.415 E10.92803
G1 X83.731 Y113.718 E10.94668
G1 X76.285 Y121.164 E11.45315
G1 X76.285 Y121.709 E11.47936
G1 X83.985 Y114.01 E12.00307
G1 X84.245 Y114.295 E12.02162
G1 X76.285 Y122.254 E12.56302
G1 X76.285 Y122.8 E12.58928
G1 X84.505 Y114.581 E13.14836
G1 X84.767 Y114.864 E13.16691
G1 X76.285 Y123.345 E13.74381
G1 X76.223 Y123.837 E13.76766
;WIDTH:0.404381
G1 X76.182 Y123.848 E13.76946
G1 X76.163 Y123.777 E13.77258
G1 X76.234 Y123.796 E13.7757
;WIDTH:0.45
G1 X76.461 Y123.715 E13.78729
G1 X85.044 Y115.132 E14.3711
G1 X85.322 Y115.4 E14.38967
G1 X77.007 Y123.715 E14.95525
G1 X77.552 Y123.715 E14.98146
G1 X85.599 Y115.667 E15.52884
G1 X85.889 Y115.923 E15.54745
G1 X78.097 Y123.715 E16.07745
G1 X78.643 Y123.715 E16.10371
G1 X86.183 Y116.174 E16.61661
G1 X86.478 Y116.425 E16.63524
G1 X79.188 Y123.715 E17.1311
G1 X79.733 Y123.715 E17.15731
G1 X86.773 Y116.675 E17.63616
G1 X87.085 Y116.908 E17.65489
G1 X80.279 Y123.715 E18.11786
G1 X80.824 Y123.715 E18.14407
G1 X87.397 Y117.141 E18.59119
G1 X87.71 Y117.374 E18.60996
G1 X81.369 Y123.715 E19.04127
G1 X81.915 Y123.715 E19.06753
G1 X88.035 Y117.595 E19.4838
G1 X88.365 Y117.81 E19.50274
G1 X82.46 Y123.715 E19.90439
G1 X83.005 Y123.715 E19.9306
G1 X88.694 Y118.026 E20.31756
G1 X89.029 Y118.236 E20.33658
G1 X83.551 Y123.715 E20.70922
G1 X84.096 Y123.715 E20.73543
G1 X89.378 Y118.432 E21.09474
G1 X89.727 Y118.629 E21.11402
G1 X84.642 Y123.715 E21.45993
G1 X85.187 Y123.715 E21.48614
G1 X90.076 Y118.825 E21.81872
G1 X90.438 Y119.008 E21.83823
G1 X85.732 Y123.715 E22.15836
G1 X86.278 Y123.715 E22.18462
G1 X90.807 Y119.185 E22.49271
G1 X91.176 Y119.362 E22.51239
G1 X86.823 Y123.715 E22.80848
G1 X87.368 Y123.715 E22.83469
G1 X91.551 Y119.532 E23.11921
G1 X91.94 Y119.688 E23.13937
G1 X87.914 Y123.715 E23.41325
G1 X88.459 Y123.715 E23.43946
G1 X92.329 Y119.845 E23.70269
G1 X92.719 Y120 E23.72287
G1 X89.004 Y123.715 E23.97556
G1 X89.55 Y123.715 E24.00182
G1 X93.129 Y120.136 E24.24526
G1 X93.538 Y120.272 E24.26599
G1 X90.095 Y123.715 E24.50018
G1 X90.64 Y123.715 E24.52639
G1 X93.949 Y120.405 E24.7515
G1 X94.381 Y120.519 E24.77299
G1 X91.186 Y123.715 E24.99034
G1 X91.731 Y123.715 E25.01655
G1 X94.812 Y120.633 E25.22615
G1 X95.245 Y120.746 E25.24767
G1 X92.276 Y123.715 E25.44962
G1 X92.822 Y123.715 E25.47588
G1 X95.701 Y120.835 E25.67174
G1 X96.158 Y120.924 E25.69413
G1 X93.367 Y123.715 E25.88397
G1 X93.912 Y123.715 E25.91018
G1 X96.614 Y121.013 E26.09397
G1 X96.945 Y121.228 E26.11295
G1 X94.458 Y123.715 E26.28211
G1 X101.138 Y123.715 E26.60339
G1 X101.138 Y123.578 E26.60998
G1 X103.784 Y120.933 E26.78992
G1 X103.291 Y121.027 E26.81406
G1 X102.007 Y121.19 E26.87631
G1 X100.719 Y121.273 E26.93839
G1 X99.287 Y121.273 E27.00726
G1 X97.925 Y121.183 E27.07291
G1 X97.023 Y121.067 E27.11665
G1 X97.234 Y121.483 E27.13908
G1 X97.9 Y121.568 E27.17137
G1 X99.287 Y121.658 E27.23822
G1 X100.732 Y121.658 E27.30772
G1 X102.044 Y121.574 E27.37095
G1 X102.678 Y121.494 E27.40168
G1 X101.24 Y122.931 E27.49946
G1 X100.866 Y123.329 E27.52573
G1 X95.389 Y123.329 E27.78915
G1 X97.098 Y121.62 E27.90539
G1 X97.373 Y121.89 E27.92393
G1 X97.874 Y121.953 E27.94822
G1 X99.287 Y122.044 E28.01632
G1 X100.744 Y122.044 E28.0864
G1 X101.639 Y121.987 E28.12953
G1 X100.682 Y122.943 E28.19459
G1 X96.32 Y122.943 E28.40439
G1 X97.237 Y122.027 E28.46673
G1 X97.368 Y122.144 E28.47518
;WIDTH:0.417065
G1 X97.5 Y122.262 E28.48297
;WIDTH:0.384131
G1 X97.998 Y122.304 E28.5029
;WIDTH:0.407759
G1 X98.063 Y122.331 E28.50591
;WIDTH:0.453051
G1 X98.128 Y122.358 E28.50932
;WIDTH:0.498342
G1 X98.193 Y122.385 E28.51313
;WIDTH:0.543634
G1 X98.258 Y122.412 E28.51734
;WIDTH:0.588925
G1 X98.323 Y122.439 E28.52194
;WIDTH:0.634217
G1 X98.388 Y122.466 E28.52694
G1 X98.321 Y122.488 E28.53195
;WIDTH:0.588925
G1 X98.254 Y122.511 E28.53658
;WIDTH:0.543634
G1 X98.188 Y122.534 E28.54076
;WIDTH:0.498342
G1 X98.121 Y122.556 E28.54458
;WIDTH:0.453051
G1 X98.055 Y122.579 E28.54797
;WIDTH:0.407759
G1 X97.988 Y122.601 E28.55099
;WIDTH:0.371712
G1 X97.751 Y122.597 E28.56008
;WIDTH:0.384131
G1 X97.171 Y122.591 E28.58321
G1 X97.363 Y122.398 E28.59407
G1 X98.388 Y122.466 F7800
;WIDTH:0.634217
G1 F1200
G1 X98.814 Y122.48 E28.62436
;WIDTH:0.606125
G1 X99.24 Y122.494 E28.65316
;WIDTH:0.578033
G1 X100.496 Y122.494 E28.73363
G1 X101.547 Y123.715 F7800
;WIDTH:0.45
G1 F1200
G1 X104.459 Y120.803 E28.9317
G1 X105.168 Y120.639 E28.9667
G1 X102.093 Y123.715 E29.17589
G1 X102.638 Y123.715 E29.2021
G1 X105.907 Y120.446 E29.42445
G1 X106.207 Y120.311 E29.44027
;WIDTH:0.404381
G1 X106.166 Y120.322 E29.44207
G1 X106.147 Y120.251 E29.44519
G1 X106.218 Y120.27 E29.44831
;WIDTH:0.45
G1 X106.71 Y120.188 E29.4723
G1 X103.183 Y123.715 E29.7122
G1 X103.729 Y123.715 E29.73846
G1 X107.55 Y119.894 E29.99836
G1 X108.777 Y119.324 F7800
;WIDTH:0.404381
G1 F1200
G1 X108.706 Y119.304 E30.00149
G1 X108.725 Y119.376 E30.00465
G1 X108.766 Y119.365 E30.00645
;WIDTH:0.45
G1 X108.466 Y119.523 E30.02276
G1 X104.274 Y123.715 E30.30789
G1 X104.819 Y123.715 E30.3341
G1 X109.491 Y119.043 E30.65188
G1 X110.675 Y118.405 F7800
G1 F1200
G1 X105.365 Y123.715 E31.01306
G1 X105.807 Y123.925 E31.0366
;WIDTH:0.578031
G1 X105.745 Y123.941 E31.0407
G1 X105.7 Y123.896 E31.04478
G1 X105.717 Y123.834 E31.0489
G1 X105.779 Y123.817 E31.05302
G1 X105.824 Y123.863 E31.05714
G1 X105.853 Y123.813 E31.06084
;WIDTH:0.535354
G1 X105.881 Y123.764 E31.06416
;WIDTH:0.492677
G1 X105.91 Y123.715 E31.0672
;WIDTH:0.45
G1 X112.153 Y117.472 E31.49184
G1 X112.425 Y117.239 E31.50907
;WIDTH:0.404381
G1 X113.182 Y116.584 E31.55152
G1 E29.55152 F2400
G92 E0
G1 X89.884 Y81.383 F7800
G1 E2 F2400
G1 F1200
G1 X89.843 Y81.394 E2.0018
G1 X89.824 Y81.323 E2.00492
G1 X89.895 Y81.342 E2.00804
;WIDTH:0.45
G1 X90.126 Y81.146 E2.02261
G1 X94.987 Y76.285 E2.35325
G1 X95.532 Y76.285 E2.37946
G1 X91.188 Y80.63 E2.67497
G1 X90.958 Y80.813 E2.68911
;WIDTH:0.404381
G1 X90.887 Y80.794 E2.69223
G1 X90.906 Y80.865 E2.69535
G1 X90.947 Y80.854 E2.69715
G1 X91.881 Y80.454 F7800
G1 F1200
G1 X91.84 Y80.465 E2.69895
G1 X91.821 Y80.394 E2.70207
G1 X91.892 Y80.413 E2.70519
;WIDTH:0.45
G1 X92.121 Y80.242 E2.71894
G1 X96.078 Y76.285 E2.98809
G1 X96.623 Y76.285 E3.0143
G1 X93.002 Y79.907 E3.26063
G1 X92.773 Y80.07 E3.27415
;WIDTH:0.404381
G1 X92.701 Y80.051 E3.27731
G1 X92.721 Y80.122 E3.28044
G1 X92.762 Y80.111 E3.28224
G1 X93.576 Y79.837 F7800
G1 F1200
G1 X93.535 Y79.848 E3.28404
G1 X93.516 Y79.777 E3.28716
G1 X93.587 Y79.796 E3.29028
;WIDTH:0.45
G1 X93.815 Y79.638 E3.30362
G1 X97.168 Y76.285 E3.53169
G1 X97.714 Y76.285 E3.55795
G1 X94.57 Y79.429 E3.7718
G1 X94.341 Y79.578 E3.78494
;WIDTH:0.404381
G1 X94.27 Y79.559 E3.78806
G1 X94.289 Y79.63 E3.79118
G1 X94.33 Y79.619 E3.79298
G1 X95.302 Y79.243 F7800
;WIDTH:0.45
G1 F1200
G1 X98.259 Y76.285 E3.99415
G1 X98.804 Y76.285 E4.02036
G1 X95.977 Y79.113 E4.21268
G1 X96.652 Y78.984 E4.24573
G1 X99.35 Y76.285 E4.42928
G1 X99.719 Y76.462 E4.44896
G1 X97.28 Y78.9 E4.61482
G1 X97.993 Y78.81 E4.64938
G1 X99.281 Y78.727 E4.71146
G1 X100.398 Y78.73 E4.76518
G1 X102.075 Y78.817 E4.84595
G1 X103.049 Y78.942 E4.89318
G1 X103.728 Y79.054 E4.92628
G1 X103.728 Y78.997 E4.92902
G1 X106.439 Y76.285 E5.11345
G1 X99.759 Y76.285 E5.43473
G1 X100.055 Y76.671 E5.45813
G1 X105.508 Y76.671 E5.7204
G1 X103.553 Y78.627 E5.85341
G1 X102.1 Y78.432 E5.92392
G1 X100.399 Y78.345 E6.00584
G1 X99.269 Y78.342 E6.06019
G1 X98.324 Y78.402 E6.10573
G1 X99.919 Y76.807 E6.21422
G1 X100.215 Y77.057 E6.23285
G1 X104.577 Y77.057 E6.44265
G1 X103.422 Y78.212 E6.52121
G1 X102.126 Y78.047 E6.58405
G1 X100.78 Y77.96 E6.64892
G1 X99.315 Y77.956 E6.71938
G1 X100.078 Y77.193 E6.77128
G1 X100.401 Y77.508 E6.79298
;WIDTH:0.607649
G1 X101.007 Y77.521 E6.83405
;WIDTH:0.634201
G1 X101.613 Y77.534 E6.87713
G1 X101.672 Y77.559 E6.88168
;WIDTH:0.592841
G1 X101.731 Y77.584 E6.8859
;WIDTH:0.551481
G1 X101.791 Y77.608 E6.88983
;WIDTH:0.510122
G1 X101.861 Y77.638 E6.89406
;WIDTH:0.460907
G1 X101.932 Y77.667 E6.89785
;WIDTH:0.411693
G1 X102.003 Y77.696 E6.90117
;WIDTH:0.398238
G1 X102.599 Y77.749 E6.92609
;WIDTH:0.433998
G1 X103.286 Y77.814 E6.9579
G1 X103.666 Y77.434 E6.98267
G1 X102.958 Y77.419 E7.01532
;WIDTH:0.402854
G1 X102.249 Y77.403 E7.04526
;WIDTH:0.37171
G1 X102.013 Y77.399 E7.05431
;WIDTH:0.407766
G1 X101.946 Y77.421 E7.05733
;WIDTH:0.453053
G1 X101.879 Y77.444 E7.06076
;WIDTH:0.49834
G1 X101.813 Y77.466 E7.06453
;WIDTH:0.543627
G1 X101.746 Y77.489 E7.06876
;WIDTH:0.588914
G1 X101.679 Y77.512 E7.07339
;WIDTH:0.634201
G1 X101.613 Y77.534 E7.07833
G1 E5.07833 F2400
G92 E0
G1 X104.137 Y79.133 F7800
G1 E2 F2400
;WIDTH:0.45
G1 F1200
G1 X106.985 Y76.285 E2.19372
G1 X107.53 Y76.285 E2.21993
G1 X104.593 Y79.222 E2.4197
G1 X105.035 Y79.326 E2.44154
G1 X108.075 Y76.285 E2.64835
G1 X108.621 Y76.285 E2.67461
G1 X105.466 Y79.44 E2.88921
G1 X105.897 Y79.554 E2.91065
G1 X109.166 Y76.285 E3.133
G1 X109.711 Y76.285 E3.15921
G1 X106.317 Y79.68 E3.3901
G1 X106.726 Y79.816 E3.41083
G1 X110.257 Y76.285 E3.651
G1 X110.802 Y76.285 E3.67721
G1 X107.136 Y79.952 E3.9266
G1 X107.533 Y80.099 E3.94696
G1 X111.347 Y76.285 E4.20638
G1 X111.893 Y76.285 E4.23264
G1 X107.922 Y80.256 E4.50274
G1 X108.311 Y80.413 E4.52292
G1 X112.438 Y76.285 E4.80367
G1 X112.983 Y76.285 E4.82988
G1 X108.694 Y80.575 E5.12165
G1 X109.062 Y80.752 E5.14129
G1 X113.529 Y76.285 E5.44513
G1 X114.074 Y76.285 E5.47134
G1 X109.431 Y80.929 E5.78719
G1 X109.799 Y81.106 E5.80683
G1 X114.62 Y76.285 E6.13475
G1 X115.165 Y76.285 E6.16096
G1 X110.149 Y81.301 E6.50214
G1 X110.498 Y81.498 E6.52142
G1 X115.71 Y76.285 E6.87597
G1 X116.256 Y76.285 E6.90223
G1 X110.847 Y81.694 E7.27014
G1 X111.189 Y81.898 E7.28929
G1 X116.801 Y76.285 E7.67105
G1 X117.346 Y76.285 E7.69726
G1 X111.518 Y82.113 E8.09367
G1 X111.848 Y82.329 E8.11264
G1 X117.892 Y76.285 E8.52375
G1 X118.437 Y76.285 E8.54996
G1 X112.178 Y82.544 E8.97569
G1 X112.492 Y82.776 E8.99447
G1 X118.982 Y76.285 E9.43595
G1 X119.528 Y76.285 E9.46221
G1 X112.804 Y83.009 E9.91957
G1 X113.116 Y83.242 E9.9383
G1 X120.073 Y76.285 E10.41151
G1 X120.618 Y76.285 E10.43772
G1 X113.418 Y83.486 E10.92749
G1 X113.712 Y83.737 E10.94608
G1 X121.164 Y76.285 E11.45296
G1 X121.709 Y76.285 E11.47917
G1 X114.006 Y83.988 E12.00312
G1 X114.301 Y84.239 E12.02175
G1 X122.254 Y76.285 E12.56274
G1 X122.8 Y76.285 E12.589
G1 X114.58 Y84.505 E13.14811
G1 X114.857 Y84.773 E13.16665
G1 X123.345 Y76.285 E13.74399
G1 X123.848 Y76.182 E13.76868
;WIDTH:0.404381
G1 X123.777 Y76.163 E13.7718
G1 X123.796 Y76.234 E13.77492
G1 X123.837 Y76.223 E13.77672
;WIDTH:0.45
G1 X123.715 Y76.461 E13.78958
G1 X115.135 Y85.041 E14.37318
G1 X115.403 Y85.318 E14.39172
G1 X123.715 Y77.007 E14.95706
G1 X123.715 Y77.552 E14.98327
G1 X115.663 Y85.603 E15.53092
G1 X115.923 Y85.889 E15.54951
G1 X123.715 Y78.097 E16.07951
G1 X123.715 Y78.643 E16.10577
G1 X116.183 Y86.174 E16.61805
G1 X116.425 Y86.478 E16.63674
G1 X123.715 Y79.188 E17.1326
G1 X123.715 Y79.733 E17.15881
G1 X116.667 Y86.781 E17.63821
G1 X116.909 Y87.084 E17.65686
G1 X123.715 Y80.279 E18.11976
G1 X123.715 Y80.824 E18.14597
G1 X117.146 Y87.393 E18.59279
G1 X117.369 Y87.715 E18.61163
G1 X123.715 Y81.369 E19.04328
G1 X123.715 Y81.915 E19.06954
G1 X117.593 Y88.037 E19.48595
G1 X117.816 Y88.358 E19.50475
G1 X123.715 Y82.46 E19.90596
G1 X123.715 Y83.006 E19.93222
G1 X118.025 Y88.696 E20.31925
G1 X118.229 Y89.036 E20.33832
G1 X123.715 Y83.551 E20.71144
G1 X123.715 Y84.096 E20.73765
G1 X118.434 Y89.377 E21.09686
G1 X118.634 Y89.722 E21.11604
G1 X123.715 Y84.642 E21.46161
G1 X123.715 Y85.187 E21.48782
G1 X118.821 Y90.081 E21.8207
G1 X119.007 Y90.44 E21.84015
G1 X123.715 Y85.732 E22.16038
G1 X123.715 Y86.278 E22.18664
G1 X119.193 Y90.799 E22.49419
G1 X119.36 Y91.177 E22.51407
G1 X123.715 Y86.823 E22.81026
G1 X123.715 Y87.368 E22.83647
G1 X119.527 Y91.556 E23.12133
G1 X119.694 Y91.935 E23.14125
G1 X123.715 Y87.914 E23.41475
G1 X123.715 Y88.459 E23.44096
G1 X119.845 Y92.328 E23.70416
G1 X119.991 Y92.728 E23.72464
G1 X123.715 Y89.004 E23.97794
G1 X123.715 Y89.55 E24.0042
G1 X120.136 Y93.128 E24.24761
G1 X120.274 Y93.536 E24.26833
G1 X123.715 Y90.095 E24.50238
G1 X123.715 Y90.64 E24.52859
G1 X120.398 Y93.957 E24.75421
G1 X120.522 Y94.378 E24.77532
G1 X123.715 Y91.186 E24.99247
G1 X123.715 Y91.731 E25.01868
G1 X120.637 Y94.809 E25.22804
G1 X120.738 Y95.253 E25.24994
G1 X123.715 Y92.276 E25.45243
G1 X123.715 Y92.822 E25.47869
G1 X120.838 Y95.698 E25.67435
G1 X120.929 Y96.153 E25.69667
G1 X123.715 Y93.367 E25.88617
G1 X123.92 Y93.753 E25.90719
;WIDTH:0.404381
G1 X123.849 Y93.734 E25.91031
G1 X123.868 Y93.805 E25.91343
G1 X123.909 Y93.794 E25.91523
;WIDTH:0.45
G1 X123.715 Y93.912 E25.92615
G1 X121.003 Y96.624 E26.11062
G1 E24.11062 F2400
G92 E0
G1 X123.578 Y94.594 F7800
G1 E2 F2400
G1 F1200
G1 X121.139 Y97.033 E2.1659
G1 X121.067 Y97.033 E2.16936
G1 X121.15 Y97.682 E2.20083
G1 X121.244 Y98.673 E2.24871
G1 X121.285 Y99.994 E2.31228
G1 X121.244 Y101.327 E2.37642
G1 X121.105 Y102.759 E2.44562
G1 X120.938 Y103.778 E2.49528
G1 X123.578 Y101.138 E2.67485
G1 X123.715 Y101.138 E2.68144
G1 X123.715 Y94.458 E3.00272
G1 X123.329 Y95.389 F7800
G1 F1200
G1 X123.329 Y100.842 E3.26499
G1 X121.501 Y102.67 E3.38933
G1 X121.629 Y101.351 E3.45307
G1 X121.671 Y99.982 E3.51895
G1 X121.629 Y98.649 E3.58309
G1 X121.488 Y97.23 E3.65168
G1 X123.193 Y95.525 E3.76765
G1 X122.943 Y96.32 F7800
G1 F1200
G1 X122.943 Y100.683 E3.9775
G1 X121.988 Y101.637 E4.04242
G1 X122.015 Y101.345 E4.05652
G1 X122.056 Y99.97 E4.12268
G1 X122.014 Y98.625 E4.1874
G1 X121.895 Y97.368 E4.24813
G1 X122.807 Y96.456 E4.31016
G1 X122.59 Y97.173 E4.34619
;WIDTH:0.385591
G1 X122.6 Y97.989 E4.37888
;WIDTH:0.409256
G1 X122.578 Y98.056 E4.38191
;WIDTH:0.453135
G1 X122.556 Y98.122 E4.38528
;WIDTH:0.497015
G1 X122.534 Y98.189 E4.38909
;WIDTH:0.540894
G1 X122.512 Y98.255 E4.39322
;WIDTH:0.584773
G1 X122.49 Y98.322 E4.3978
;WIDTH:0.628653
G1 X122.468 Y98.389 E4.40276
G1 X122.44 Y98.324 E4.40774
;WIDTH:0.584773
G1 X122.412 Y98.26 E4.41227
;WIDTH:0.540894
G1 X122.384 Y98.196 E4.41642
;WIDTH:0.497015
G1 X122.356 Y98.132 E4.42019
;WIDTH:0.453135
G1 X122.328 Y98.067 E4.42362
;WIDTH:0.409256
G1 X122.3 Y98.003 E4.42662
;WIDTH:0.385591
G1 X122.262 Y97.501 E4.44679
G1 X122.454 Y97.309 E4.45767
G1 X122.468 Y98.389 F7800
;WIDTH:0.628653
G1 F1200
G1 X122.479 Y98.64 E4.47535
;WIDTH:0.607689
G1 X122.5 Y99.956 E4.56454
;WIDTH:0.580383
G1 X122.493 Y100.496 E4.5993
G1 X123.715 Y101.547 F7800
;WIDTH:0.45
G1 F1200
G1 X120.803 Y104.459 E4.79737
G1 X120.478 Y105.436 F7800
;WIDTH:0.404381
G1 F1200
G1 X120.455 Y105.352 E4.80106
G1 X120.52 Y105.01 E4.81582
;WIDTH:0.45
G1 X120.641 Y105.166 E4.82532
G1 X123.715 Y102.093 E5.03438
G1 X123.715 Y102.638 E5.06059
G1 X120.437 Y105.916 E5.28356
G1 X120.319 Y106.178 E5.29738
;WIDTH:0.404381
G1 X120.248 Y106.159 E5.3005
G1 X120.267 Y106.23 E5.30362
G1 X120.308 Y106.219 E5.30542
G1 X120.064 Y106.996 F7800
G1 F1200
G1 X120.022 Y107.007 E5.30726
G1 X120.003 Y106.936 E5.31038
G1 X120.075 Y106.955 E5.31354
;WIDTH:0.45
G1 X120.204 Y106.694 E5.32754
G1 X123.715 Y103.183 E5.56635
G1 X123.715 Y103.729 E5.59261
G1 X119.889 Y107.554 E5.85282
G1 X119.744 Y107.857 E5.86898
;WIDTH:0.404381
G1 X119.703 Y107.868 E5.87078
G1 X119.684 Y107.796 E5.87394
G1 X119.755 Y107.815 E5.87706
G1 X119.356 Y108.78 F7800
G1 F1200
G1 X119.315 Y108.791 E5.87886
G1 X119.296 Y108.72 E5.88198
G1 X119.367 Y108.739 E5.8851
;WIDTH:0.45
G1 X119.511 Y108.477 E5.89948
G1 X123.715 Y104.274 E6.1854
G1 X123.715 Y104.819 E6.21161
G1 X119.046 Y109.488 E6.52919
G1 X118.877 Y109.791 E6.54588
;WIDTH:0.404381
G1 X118.836 Y109.802 E6.54768
G1 X118.817 Y109.73 E6.55084
G1 X118.888 Y109.75 E6.55397
G1 X118.229 Y110.969 F7800
G1 F1200
G1 X118.188 Y110.98 E6.55577
G1 X118.169 Y110.909 E6.55889
G1 X118.24 Y110.928 E6.56201
;WIDTH:0.45
G1 X118.413 Y110.666 E6.57711
G1 X123.715 Y105.365 E6.93771
G1 X123.715 Y105.91 E6.96392
G1 X117.432 Y112.193 E7.39128
G1 X117.203 Y112.466 E7.40842
;WIDTH:0.404381
G1 X116.078 Y113.739 E7.48046
G1 E5.48046 F2400
G92 E0
G1 X123.715 Y106.455 F7800
G1 E2 F2400
;WIDTH:0.45
G1 F1200
G1 X106.455 Y123.715 E3.174
G1 X106.224 Y123.817 E3.18615
;WIDTH:0.404381
G1 X106.153 Y123.797 E3.18928
G1 X106.172 Y123.869 E3.19244
G1 X106.213 Y123.858 E3.19424
G1 X107.001 Y123.715 F7800
;WIDTH:0.45
G1 F1200
G1 X123.715 Y107.001 E4.33111
G1 X123.715 Y107.546 E4.35732
G1 X107.546 Y123.715 E5.45712
G1 X108.091 Y123.715 E5.48333
G1 X123.715 Y108.091 E6.54606
G1 X123.715 Y108.637 E6.57232
G1 X108.637 Y123.715 E7.59791
G1 X109.182 Y123.715 E7.62412
G1 X123.715 Y109.182 E8.61264
G1 X123.715 Y109.728 E8.6389
G1 X109.728 Y123.715 E9.59028
G1 X110.273 Y123.715 E9.61649
G1 X123.715 Y110.273 E10.5308
G1 X123.715 Y110.818 E10.55701
G1 X110.818 Y123.715 E11.43425
G1 X111.364 Y123.715 E11.46051
G1 X123.715 Y111.364 E12.30061
G1 X123.715 Y111.909 E12.32682
G1 X111.909 Y123.715 E13.12985
G1 X112.454 Y123.715 E13.15606
G1 X123.715 Y112.454 E13.92202
G1 X123.715 Y113 E13.94828
G1 X113 Y123.715 E14.6771
G1 X113.545 Y123.715 E14.70331
G1 X123.715 Y113.545 E15.39506
G1 X123.715 Y114.09 E15.42127
G1 X114.09 Y123.715 E16.07595
G1 X114.636 Y123.715 E16.10221
G1 X123.715 Y114.636 E16.71975
G1 X123.715 Y115.181 E16.74596
G1 X115.181 Y123.715 E17.32643
G1 X115.726 Y123.715 E17.35264
G1 X123.715 Y115.726 E17.89604
G1 X123.715 Y116.272 E17.9223
G1 X116.272 Y123.715 E18.42856
G1 X116.817 Y123.715 E18.45477
G1 X123.715 Y116.817 E18.92396
G1 X123.715 Y117.362 E18.95017
G1 X117.362 Y123.715 E19.38229
G1 X117.908 Y123.715 E19.40855
G1 X123.715 Y117.908 E19.80353
G1 X123.715 Y118.453 E19.82974
G1 X118.453 Y123.715 E20.18765
G1 X118.998 Y123.715 E20.21386
G1 X123.715 Y118.998 E20.5347
G1 X123.715 Y119.544 E20.56096
G1 X119.544 Y123.715 E20.84467
G1 X120.089 Y123.715 E20.87088
G1 X123.715 Y120.089 E21.11752
G1 X123.715 Y120.634 E21.14373
G1 X120.634 Y123.715 E21.3533
G1 X121.18 Y123.715 E21.37956
G1 X123.715 Y121.18 E21.55199
G1 X123.941 Y121.56 E21.57325
;WIDTH:0.580383
G1 X123.896 Y121.515 E21.57735
G1 X123.834 Y121.532 E21.58149
G1 X123.817 Y121.594 E21.58563
G1 X123.862 Y121.639 E21.58973
G1 X123.925 Y121.623 E21.59391
G1 X123.855 Y121.657 E21.59892
;WIDTH:0.536922
G1 X123.785 Y121.691 E21.60351
;WIDTH:0.493461
G1 X123.715 Y121.725 E21.60767
;WIDTH:0.45
G1 X121.725 Y123.715 E21.74303
G1 X121.607 Y123.909 E21.75395
;WIDTH:0.404381
G1 X121.566 Y123.92 E21.75575
G1 X121.547 Y123.849 E21.75887
G1 X121.618 Y123.868 E21.76199
G1 E19.76199 F2400
G92 E0
G1 X123.578 Y122.407 F7800
G1 E2 F2400
;WIDTH:0.45
G1 F1200
G1 X122.271 Y123.715 E2.08893
G1 X123.715 Y123.715 E2.15838
G1 X123.715 Y122.271 E2.22783
G1 X123.347 Y123.277 F7800
;WIDTH:0.524641
G1 F1200
G1 X123.307 Y123.236 E2.23112
G1 X123.251 Y123.251 E2.23445
G1 X123.236 Y123.307 E2.23778
G1 X123.277 Y123.347 E2.24107
G1 X123.332 Y123.332 E2.24434
G1 E.24434 F2400
G92 E0
G92 E0
G1 X100.6 Y81.007 F7800
G1 E2 F2400
;TYPE:Perimeter
;WIDTH:0.45
G1 F3600
G1 X100.609 Y81.007 E2.00043
G1 X101.762 Y81.081 E2.056
G1 X103.034 Y81.241 E2.11766
G1 X104.229 Y81.473 E2.17621
G1 X105.407 Y81.782 E2.23478
G1 X106.563 Y82.166 E2.29337
G1 X107.692 Y82.623 E2.35195
G1 X108.79 Y83.152 E2.41057
G1 X109.851 Y83.75 E2.46915
G1 X110.872 Y84.414 E2.52773
G1 X111.848 Y85.143 E2.58632
G1 X112.776 Y85.932 E2.64491
G1 X113.651 Y86.78 E2.70352
G1 X114.47 Y87.682 E2.76212
G1 X115.229 Y88.634 E2.82068
G1 X115.926 Y89.633 E2.87927
G1 X116.558 Y90.675 E2.93788
G1 X117.121 Y91.755 E2.99646
G1 X117.589 Y92.811 E3.05201
G1 X118.036 Y94.013 E3.11369
G1 X118.382 Y95.18 E3.17223
G1 X118.653 Y96.367 E3.23079
G1 X118.847 Y97.57 E3.2894
G1 X118.964 Y98.782 E3.34796
G1 X119.003 Y100 E3.40657
G1 X118.964 Y101.218 E3.46518
G1 X118.847 Y102.43 E3.52374
G1 X118.653 Y103.633 E3.58235
G1 X118.382 Y104.82 E3.64091
G1 X118.035 Y105.988 E3.69951
G1 X117.614 Y107.131 E3.75809
G1 X117.121 Y108.245 E3.81668
G1 X116.558 Y109.325 E3.87526
G1 X115.926 Y110.367 E3.93387
G1 X115.229 Y111.366 E3.99246
G1 X114.47 Y112.318 E4.05102
G1 X113.651 Y113.22 E4.10962
G1 X112.776 Y114.068 E4.16823
G1 X111.848 Y114.857 E4.22682
G1 X110.872 Y115.586 E4.28541
G1 X109.851 Y116.25 E4.34399
G1 X108.79 Y116.848 E4.40257
G1 X107.692 Y117.377 E4.46119
G1 X106.563 Y117.834 E4.51977
G1 X105.407 Y118.218 E4.57836
G1 X104.229 Y118.527 E4.63693
G1 X103.033 Y118.76 E4.69553
G1 X101.825 Y118.915 E4.75411
G1 X100.609 Y118.993 E4.81272
G1 X99.391 Y118.993 E4.8713
G1 X98.175 Y118.915 E4.92991
G1 X96.967 Y118.76 E4.98849
G1 X95.771 Y118.527 E5.04709
G1 X94.593 Y118.218 E5.10566
G1 X93.437 Y117.834 E5.16425
G1 X92.308 Y117.377 E5.22283
G1 X91.21 Y116.848 E5.28145
G1 X90.149 Y116.25 E5.34003
G1 X89.128 Y115.586 E5.39861
G1 X88.152 Y114.857 E5.4572
G1 X87.224 Y114.068 E5.51579
G1 X86.349 Y113.22 E5.5744
G1 X85.53 Y112.318 E5.633
G1 X84.771 Y111.366 E5.69156
G1 X84.109 Y110.418 E5.74717
G1 X83.441 Y109.324 E5.80882
G1 X82.879 Y108.245 E5.86733
G1 X82.386 Y107.131 E5.92592
G1 X81.965 Y105.988 E5.9845
G1 X81.618 Y104.82 E6.0431
G1 X81.347 Y103.633 E6.10166
G1 X81.153 Y102.43 E6.16027
G1 X81.036 Y101.218 E6.21883
G1 X80.999 Y100.063 E6.27441
G1 X81.036 Y98.781 E6.3361
G1 X81.153 Y97.57 E6.39462
G1 X81.337 Y96.429 E6.45021
G1 X81.619 Y95.178 E6.51189
G1 X81.965 Y94.012 E6.57039
G1 X82.386 Y92.869 E6.62897
G1 X82.879 Y91.755 E6.68756
G1 X83.442 Y90.675 E6.74614
G1 X84.041 Y89.687 E6.80171
G1 X84.771 Y88.633 E6.86338
G1 X85.53 Y87.682 E6.9219
G1 X86.349 Y86.78 E6.9805
G1 X87.224 Y85.932 E7.03911
G1 X88.152 Y85.143 E7.0977
G1 X89.128 Y84.414 E7.15629
G1 X90.149 Y83.75 E7.21487
G1 X91.21 Y83.152 E7.27345
G1 X92.308 Y82.623 E7.33207
G1 X93.437 Y82.166 E7.39065
G1 X94.593 Y81.782 E7.44924
G1 X95.771 Y81.473 E7.50781
G1 X96.967 Y81.24 E7.56641
G1 X98.175 Y81.085 E7.62499
G1 X99.391 Y81.007 E7.6836
G1 X100.54 Y81.007 E7.73886
G1 X100.624 Y80.621 F7800
G1 F3600
G1 X101.799 Y80.696 E7.79549
G1 X103.095 Y80.86 E7.85832
G1 X104.314 Y81.097 E7.91805
G1 X105.517 Y81.412 E7.97786
G1 X106.696 Y81.804 E8.03762
G1 X107.848 Y82.27 E8.09739
G1 X108.968 Y82.81 E8.15719
G1 X110.051 Y83.42 E8.21697
G1 X111.093 Y84.098 E8.27676
G1 X112.089 Y84.841 E8.33652
G1 X113.035 Y85.647 E8.39629
G1 X113.928 Y86.511 E8.45605
G1 X114.764 Y87.431 E8.51584
G1 X115.539 Y88.403 E8.57563
G1 X116.25 Y89.423 E8.63543
G1 X116.894 Y90.485 E8.69517
G1 X117.469 Y91.587 E8.75495
G1 X117.946 Y92.666 E8.81169
G1 X118.402 Y93.891 E8.87456
G1 X118.755 Y95.082 E8.93431
G1 X119.032 Y96.294 E8.99411
G1 X119.23 Y97.521 E9.05389
G1 X119.349 Y98.758 E9.11366
G1 X119.389 Y100 E9.17343
G1 X119.349 Y101.242 E9.2332
G1 X119.23 Y102.479 E9.29297
G1 X119.032 Y103.706 E9.35275
G1 X118.755 Y104.918 E9.41255
G1 X118.401 Y106.11 E9.47236
G1 X117.972 Y107.276 E9.53212
G1 X117.469 Y108.413 E9.59192
G1 X116.894 Y109.515 E9.6517
G1 X116.25 Y110.577 E9.71144
G1 X115.539 Y111.597 E9.77124
G1 X114.764 Y112.569 E9.83103
G1 X113.928 Y113.489 E9.89082
G1 X113.035 Y114.353 E9.95058
G1 X112.089 Y115.159 E10.01035
G1 X111.093 Y115.902 E10.07011
G1 X110.051 Y116.58 E10.1299
G1 X108.968 Y117.19 E10.18968
G1 X107.848 Y117.73 E10.24948
G1 X106.696 Y118.196 E10.30925
G1 X105.517 Y118.588 E10.36901
G1 X104.314 Y118.903 E10.42882
G1 X103.094 Y119.141 E10.4886
G1 X101.862 Y119.299 E10.54834
G1 X100.621 Y119.379 E10.60815
G1 X99.379 Y119.379 E10.66789
G1 X98.138 Y119.299 E10.7277
G1 X96.906 Y119.141 E10.78744
G1 X95.686 Y118.903 E10.84722
G1 X94.483 Y118.588 E10.90703
G1 X93.304 Y118.196 E10.96679
G1 X92.152 Y117.73 E11.02656
G1 X91.032 Y117.19 E11.08636
G1 X89.949 Y116.58 E11.14614
G1 X88.907 Y115.902 E11.20593
G1 X87.911 Y115.159 E11.26569
G1 X86.965 Y114.353 E11.32546
G1 X86.072 Y113.489 E11.38522
G1 X85.236 Y112.569 E11.44501
G1 X84.461 Y111.597 E11.5048
G1 X83.786 Y110.629 E11.56156
G1 X83.106 Y109.514 E11.62437
G1 X82.531 Y108.413 E11.68411
G1 X82.028 Y107.276 E11.74391
G1 X81.599 Y106.11 E11.80367
G1 X81.245 Y104.918 E11.86348
G1 X80.968 Y103.706 E11.92328
G1 X80.77 Y102.479 E11.98306
G1 X80.651 Y101.242 E12.04283
G1 X80.613 Y100.063 E12.09957
G1 X80.651 Y98.757 E12.16241
G1 X80.77 Y97.521 E12.22213
G1 X80.958 Y96.356 E12.27889
G1 X81.245 Y95.081 E12.34175
G1 X81.599 Y93.89 E12.40151
G1 X82.028 Y92.724 E12.46127
G1 X82.531 Y91.587 E12.52107
G1 X83.106 Y90.485 E12.58085
G1 X83.717 Y89.477 E12.63754
G1 X84.462 Y88.402 E12.70045
G1 X85.236 Y87.431 E12.76017
G1 X86.072 Y86.511 E12.81996
G1 X86.965 Y85.647 E12.87972
G1 X87.911 Y84.841 E12.93949
G1 X88.907 Y84.098 E12.99925
G1 X89.949 Y83.42 E13.05904
G1 X91.032 Y82.81 E13.11882
G1 X92.152 Y82.27 E13.17862
G1 X93.304 Y81.804 E13.23839
G1 X94.483 Y81.412 E13.29815
G1 X95.686 Y81.097 E13.35796
G1 X96.906 Y80.859 E13.41774
G1 X98.138 Y80.701 E13.47748
G1 X99.379 Y80.621 E13.53729
G1 X100.564 Y80.621 E13.59428
G1 X100.649 Y80.236 F7800
;TYPE:External perimeter
G1 F1800
G1 X101.835 Y80.312 E13.65144
G1 X103.156 Y80.479 E13.71548
G1 X104.4 Y80.721 E13.77643
G1 X105.626 Y81.042 E13.83738
G1 X106.83 Y81.442 E13.8984
G1 X108.005 Y81.918 E13.95937
G1 X109.147 Y82.468 E14.02033
G1 X110.251 Y83.09 E14.08128
G1 X111.314 Y83.781 E14.14226
G1 X112.329 Y84.539 E14.20319
G1 X113.295 Y85.361 E14.2642
G1 X114.205 Y86.243 E14.32515
G1 X115.058 Y87.181 E14.38613
G1 X115.848 Y88.172 E14.44709
G1 X116.573 Y89.212 E14.50807
G1 X117.23 Y90.296 E14.56904
G1 X117.817 Y91.42 E14.63003
G1 X118.304 Y92.521 E14.68793
G1 X118.768 Y93.769 E14.75197
G1 X119.128 Y94.984 E14.81292
G1 X119.41 Y96.22 E14.87389
G1 X119.613 Y97.471 E14.93485
G1 X119.734 Y98.733 E14.99583
G1 X119.775 Y100 E15.0568
G1 X119.734 Y101.267 E15.11777
G1 X119.613 Y102.529 E15.17875
G1 X119.41 Y103.78 E15.23971
G1 X119.128 Y105.016 E15.30068
G1 X118.767 Y106.231 E15.36164
G1 X118.33 Y107.421 E15.42261
G1 X117.817 Y108.58 E15.48357
G1 X117.23 Y109.704 E15.54456
G1 X116.573 Y110.788 E15.60553
G1 X115.848 Y111.828 E15.66651
G1 X115.058 Y112.819 E15.72747
G1 X114.205 Y113.757 E15.78845
G1 X113.295 Y114.639 E15.8494
G1 X112.329 Y115.461 E15.91041
G1 X111.314 Y116.219 E15.97134
G1 X110.251 Y116.91 E16.03232
G1 X109.147 Y117.532 E16.09327
G1 X108.005 Y118.082 E16.15423
G1 X106.83 Y118.558 E16.2152
G1 X105.626 Y118.958 E16.27622
G1 X104.4 Y119.279 E16.33717
G1 X103.156 Y119.521 E16.39812
G1 X101.899 Y119.684 E16.45908
G1 X100.634 Y119.765 E16.52005
G1 X99.366 Y119.765 E16.58104
G1 X98.101 Y119.684 E16.64201
G1 X96.844 Y119.521 E16.70297
G1 X95.6 Y119.279 E16.76392
G1 X94.374 Y118.958 E16.82487
G1 X93.17 Y118.558 E16.88589
G1 X91.995 Y118.082 E16.94686
G1 X90.853 Y117.532 E17.00782
G1 X89.749 Y116.91 E17.06877
G1 X88.686 Y116.219 E17.12975
G1 X87.671 Y115.461 E17.19068
G1 X86.705 Y114.639 E17.25169
G1 X85.795 Y113.757 E17.31264
G1 X84.942 Y112.819 E17.37362
G1 X84.152 Y111.828 E17.43458
G1 X83.463 Y110.84 E17.49251
G1 X82.77 Y109.704 E17.55651
G1 X82.183 Y108.58 E17.6175
G1 X81.67 Y107.421 E17.67846
G1 X81.233 Y106.231 E17.73943
G1 X80.872 Y105.016 E17.80039
G1 X80.59 Y103.78 E17.86136
G1 X80.387 Y102.529 E17.92232
G1 X80.266 Y101.267 E17.9833
G1 X80.227 Y100.064 E18.04119
G1 X80.266 Y98.733 E18.10523
G1 X80.387 Y97.471 E18.16621
G1 X80.58 Y96.283 E18.2241
G1 X80.872 Y94.984 E18.28814
G1 X81.233 Y93.769 E18.3491
G1 X81.67 Y92.579 E18.41007
G1 X82.183 Y91.42 E18.47103
G1 X82.77 Y90.296 E18.53202
G1 X83.394 Y89.267 E18.5899
G1 X84.152 Y88.172 E18.65395
G1 X84.942 Y87.181 E18.71491
G1 X85.795 Y86.243 E18.77589
G1 X86.705 Y85.361 E18.83684
G1 X87.671 Y84.539 E18.89785
G1 X88.686 Y83.781 E18.95878
G1 X89.749 Y83.09 E19.01976
G1 X90.853 Y82.468 E19.08071
G1 X91.995 Y81.918 E19.14167
G1 X93.17 Y81.442 E19.20264
G1 X94.374 Y81.042 E19.26366
G1 X95.6 Y80.721 E19.32461
G1 X96.844 Y80.479 E19.38556
G1 X98.101 Y80.316 E19.44652
G1 X99.366 Y80.235 E19.50749
G1 X100.589 Y80.235 E19.56631
G1 X100.988 Y80.258 F7800
G1 E17.56631 F2400
G92 E0
G1 X87.347 Y86.068 F7800
G1 E2 F2400
;TYPE:Solid infill
;WIDTH:0.404381
G1 F1200
G1 X86.488 Y86.914 E2.05113
G1 X87.21 Y86.203 E2.0941
G1 E.0941 F2400
G92 E0
G1 X89.266 Y84.612 F7800
G1 E2 F2400
G1 F1200
G1 X89.037 Y84.811 E2.01287
;WIDTH:0.45
G1 X88.764 Y85.047 E2.03023
G1 X85.001 Y88.81 E2.28618
G1 X84.814 Y89.072 E2.30166
;WIDTH:0.404381
G1 X84.743 Y89.053 E2.30478
G1 X84.762 Y89.124 E2.3079
G1 X84.803 Y89.113 E2.3097
G1 X83.749 Y90.726 F7800
G1 F1200
G1 X83.708 Y90.737 E2.3115
G1 X83.689 Y90.665 E2.31466
G1 X83.76 Y90.685 E2.31779
;WIDTH:0.45
G1 X83.933 Y90.423 E2.33289
G1 X90.436 Y83.92 E2.77522
G1 X91.943 Y83.065 F7800
;WIDTH:0.404381
G1 F1200
G1 X91.872 Y83.046 E2.77834
G1 X91.891 Y83.117 E2.78146
G1 X91.932 Y83.106 E2.78326
;WIDTH:0.45
G1 X91.631 Y83.27 E2.79975
G1 X83.269 Y91.633 E3.36856
G1 X83.113 Y91.894 E3.38318
;WIDTH:0.404381
G1 X83.042 Y91.875 E3.3863
G1 X83.061 Y91.946 E3.38942
G1 X83.102 Y91.935 E3.39122
G1 X82.654 Y92.908 F7800
G1 F1200
G1 X82.583 Y92.889 E3.39434
G1 X82.602 Y92.96 E3.39746
G1 X82.643 Y92.949 E3.39926
;WIDTH:0.45
G1 X82.8 Y92.646 E3.41567
G1 X92.65 Y82.797 E4.08562
G1 X92.95 Y82.646 E4.10177
;WIDTH:0.404381
G1 X92.909 Y82.657 E4.10357
G1 X92.89 Y82.586 E4.10669
G1 X92.961 Y82.605 E4.10981
;WIDTH:0.45
G1 X93.563 Y82.429 E4.13998
G1 X82.444 Y93.548 E4.89628
G1 X82.31 Y93.81 E4.91043
;WIDTH:0.404381
G1 X82.239 Y93.791 E4.91355
G1 X82.258 Y93.862 E4.91667
G1 X82.299 Y93.851 E4.91847
G1 X82.04 Y94.642 F7800
G1 F1200
G1 X81.969 Y94.623 E4.92159
G1 X81.988 Y94.694 E4.92471
G1 X82.029 Y94.683 E4.92651
;WIDTH:0.45
G1 X82.157 Y94.38 E4.94233
G1 X94.379 Y82.158 E5.77366
G1 X95.147 Y81.936 F7800
G1 F1200
G1 X81.927 Y95.155 E6.67283
G1 X81.76 Y95.868 E6.70805
G1 X95.882 Y81.746 E7.66861
G1 X96.559 Y81.614 E7.70178
G1 X81.608 Y96.565 E8.71873
G1 X81.503 Y97.216 E8.75045
G1 X97.219 Y81.499 E9.81947
G1 X97.845 Y81.419 E9.84982
G1 X81.417 Y97.847 E10.96723
G1 X81.358 Y98.451 E10.99642
G1 X98.453 Y81.357 E12.15917
G1 X99.036 Y81.319 E12.18727
G1 X81.318 Y99.037 E13.39243
G1 X81.302 Y99.598 E13.41942
G1 X99.604 Y81.296 E14.6643
G1 X100.15 Y81.296 E14.69056
G1 X81.291 Y100.154 E15.97329
G1 X81.308 Y100.683 E15.99875
G1 X100.689 Y81.301 E17.31706
G1 X101.202 Y81.334 E17.34178
G1 X81.326 Y101.21 E18.69372
G1 X81.374 Y101.708 E18.71778
G1 X101.714 Y81.367 E20.10132
G1 X102.2 Y81.427 E20.12487
G1 X81.422 Y102.205 E21.53816
G1 X81.487 Y102.685 E21.56146
G1 X102.684 Y81.488 E23.00325
G1 X103.158 Y81.559 E23.0263
G1 X81.563 Y103.155 E24.4952
G1 X81.641 Y103.622 E24.51797
G1 X103.615 Y81.648 E26.01261
G1 X104.071 Y81.737 E26.03496
G1 X81.743 Y104.066 E27.55372
G1 X81.844 Y104.51 E27.57562
G1 X104.508 Y81.845 E29.11723
G1 X104.94 Y81.959 E29.13872
G1 X81.956 Y104.943 E30.70206
G1 X82.081 Y105.363 E30.72314
G1 X105.37 Y82.075 E32.30719
G1 X105.779 Y82.21 E32.32791
G1 X82.206 Y105.784 E33.93135
G1 X82.347 Y106.188 E33.95193
G1 X106.189 Y82.346 E35.57363
G1 X106.591 Y82.489 E35.59415
G1 X82.493 Y106.587 E37.23327
G1 X82.64 Y106.986 E37.25372
G1 X106.979 Y82.647 E38.90923
G1 X107.367 Y82.804 E38.92936
G1 X82.806 Y107.365 E40.59997
G1 X82.973 Y107.743 E40.61985
G1 X107.746 Y82.97 E42.30488
G1 X108.114 Y83.147 E42.32452
G1 X83.14 Y108.121 E44.02322
G1 X83.327 Y108.48 E44.04269
G1 X108.482 Y83.325 E45.7537
G1 X108.84 Y83.512 E45.77313
G1 X83.514 Y108.838 E47.49577
G1 X83.702 Y109.196 E47.51522
G1 X109.189 Y83.709 E49.24881
G1 X109.538 Y83.905 E49.26806
G1 X83.909 Y109.534 E51.01131
G1 X84.115 Y109.873 E51.03039
G1 X109.877 Y84.111 E52.78269
G1 X110.207 Y84.326 E52.80163
G1 X84.322 Y110.212 E54.56233
G1 X84.544 Y110.535 E54.58118
G1 X110.538 Y84.541 E56.34926
G1 X110.859 Y84.765 E56.36809
G1 X84.768 Y110.857 E58.1428
G1 X84.992 Y111.178 E58.16163
G1 X111.171 Y84.998 E59.94233
G1 X111.484 Y85.231 E59.9611
G1 X85.233 Y111.482 E61.74666
G1 X85.475 Y111.786 E61.76535
G1 X111.789 Y85.472 E63.5552
G1 X112.083 Y85.723 E63.57379
G1 X85.717 Y112.089 E65.36717
G1 X85.974 Y112.377 E65.38574
G1 X112.378 Y85.973 E67.18171
G1 X112.667 Y86.229 E67.20028
G1 X86.234 Y112.663 E68.99825
G1 X86.493 Y112.949 E69.01681
G1 X112.944 Y86.498 E70.81597
G1 X113.221 Y86.766 E70.83451
G1 X86.766 Y113.221 E72.63395
G1 X87.043 Y113.49 E72.65252
G1 X113.495 Y87.038 E74.45175
G1 X113.754 Y87.324 E74.47031
G1 X87.32 Y113.758 E76.26832
G1 X87.608 Y114.015 E76.28689
G1 X114.014 Y87.609 E78.08299
G1 X114.272 Y87.897 E78.10159
G1 X87.903 Y114.266 E79.89518
G1 X88.197 Y114.516 E79.91374
G1 X114.514 Y88.2 E81.70376
G1 X114.756 Y88.504 E81.72245
G1 X88.502 Y114.758 E83.50821
G1 X88.814 Y114.991 E83.52694
G1 X114.998 Y88.807 E85.30794
G1 X115.222 Y89.128 E85.32677
G1 X89.126 Y115.224 E87.10179
G1 X89.447 Y115.448 E87.12062
G1 X115.446 Y89.45 E88.88901
G1 X115.67 Y89.771 E88.90784
G1 X89.777 Y115.663 E90.66902
G1 X90.108 Y115.879 E90.68803
G1 X115.877 Y90.109 E92.44084
G1 X116.083 Y90.449 E92.45996
G1 X90.446 Y116.086 E94.20376
G1 X90.795 Y116.282 E94.22301
G1 X116.288 Y90.788 E95.95705
G1 X116.477 Y91.145 E95.97648
G1 X91.143 Y116.479 E97.69967
G1 X91.5 Y116.667 E97.71908
G1 X116.664 Y91.503 E99.4307
G1 X116.851 Y91.862 E99.45017
G1 X91.869 Y116.844 E101.14941
G1 X92.237 Y117.022 E101.16907
G1 X117.019 Y92.239 E102.85474
G1 X117.187 Y92.617 E102.87464
G1 X92.615 Y117.189 E104.546
G1 X93.003 Y117.346 E104.56613
G1 X117.35 Y92.999 E106.22218
G1 X117.498 Y93.396 E106.24256
G1 X93.391 Y117.503 E107.88229
G1 X93.792 Y117.647 E107.90278
G1 X117.646 Y93.794 E109.52527
G1 X117.788 Y94.197 E109.54582
G1 X94.202 Y117.783 E111.15011
G1 X94.611 Y117.919 E111.17084
G1 X117.913 Y94.617 E112.75581
G1 X118.038 Y95.038 E112.77693
G1 X95.04 Y118.036 E114.34123
G1 X95.472 Y118.149 E114.36271
G1 X118.151 Y95.47 E115.90531
G1 X118.253 Y95.914 E115.92722
G1 X95.908 Y118.259 E117.4471
G1 X96.364 Y118.348 E117.46945
G1 X118.354 Y96.358 E118.96518
G1 X118.434 Y96.823 E118.98787
G1 X96.82 Y118.436 E120.45799
G1 X97.292 Y118.51 E120.48097
G1 X118.509 Y97.293 E121.92412
G1 X118.576 Y97.772 E121.94738
G1 X97.775 Y118.572 E123.3622
G1 X98.262 Y118.631 E123.38579
G1 X118.624 Y98.269 E124.77079
G1 X118.672 Y98.766 E124.79481
G1 X98.774 Y118.664 E126.14825
G1 X99.287 Y118.697 E126.17297
G1 X118.691 Y99.293 E127.49281
G1 X118.708 Y99.821 E127.51822
G1 X99.825 Y118.704 E128.80262
G1 X100.37 Y118.704 E128.82883
G1 X118.702 Y100.372 E130.07575
G1 X118.684 Y100.936 E130.10289
G1 X100.937 Y118.683 E131.31002
G1 X101.52 Y118.645 E131.33812
G1 X118.644 Y101.521 E132.50287
G1 X118.586 Y102.124 E132.53201
G1 X102.125 Y118.585 E133.65167
G1 X102.751 Y118.504 E133.68203
G1 X118.502 Y102.754 E134.75336
G1 X118.397 Y103.404 E134.78503
G1 X103.409 Y118.392 E135.8045
G1 X104.087 Y118.26 E135.83772
G1 X118.25 Y104.096 E136.8011
G1 X118.084 Y104.808 E136.83626
G1 X104.819 Y118.073 E137.73853
G1 X105.354 Y118.007 E137.76446
;WIDTH:0.404381
G1 X105.283 Y117.988 E137.76758
G1 X105.302 Y118.059 E137.7707
G1 X105.343 Y118.048 E137.7725
;WIDTH:0.45
G1 X105.582 Y117.855 E137.78728
G1 X117.853 Y105.584 E138.62194
G1 X118.042 Y105.341 E138.63675
;WIDTH:0.404381
G1 X118.001 Y105.352 E138.63855
G1 X117.982 Y105.281 E138.64167
G1 X118.053 Y105.3 E138.64479
G1 X117.781 Y106.128 F7800
G1 F1200
G1 X117.71 Y106.109 E138.64791
G1 X117.729 Y106.18 E138.65103
G1 X117.77 Y106.169 E138.65283
;WIDTH:0.45
G1 X117.571 Y106.411 E138.6679
G1 X106.399 Y117.584 E139.42784
G1 X106.159 Y117.783 E139.44284
;WIDTH:0.404381
G1 X106.118 Y117.794 E139.44464
G1 X106.099 Y117.723 E139.44776
G1 X106.17 Y117.742 E139.45088
G1 X107.067 Y117.432 F7800
G1 F1200
G1 X107.026 Y117.443 E139.45268
G1 X107.007 Y117.372 E139.4558
G1 X107.078 Y117.391 E139.45892
;WIDTH:0.45
G1 X107.307 Y117.221 E139.47264
G1 X117.22 Y107.308 E140.14691
G1 X117.436 Y107.065 E140.16255
;WIDTH:0.404381
G1 X117.395 Y107.076 E140.16435
G1 X117.376 Y107.005 E140.16747
G1 X117.447 Y107.024 E140.17059
G1 X116.991 Y108.03 F7800
G1 F1200
G1 X116.919 Y108.011 E140.17375
G1 X116.939 Y108.082 E140.17688
G1 X116.98 Y108.071 E140.17868
;WIDTH:0.45
G1 X116.759 Y108.314 E140.19448
G1 X108.319 Y116.754 E140.76856
G1 X108.077 Y116.977 E140.78439
;WIDTH:0.404381
G1 X108.036 Y116.988 E140.78619
G1 X108.017 Y116.917 E140.78931
G1 X108.088 Y116.936 E140.79243
G1 X109.262 Y116.35 F7800
G1 F1200
G1 X109.221 Y116.361 E140.79423
G1 X109.202 Y116.29 E140.79735
G1 X109.273 Y116.309 E140.80047
;WIDTH:0.45
G1 X109.505 Y116.113 E140.81508
G1 X116.35 Y109.27 E141.2806
;WIDTH:0.404381
G1 X116.309 Y109.281 E141.2824
G1 X116.29 Y109.21 E141.28552
G1 X116.361 Y109.229 E141.28864
G1 X115.328 Y110.821 F7800
G1 F1200
G1 X115.257 Y110.802 E141.29176
G1 X115.276 Y110.873 E141.29488
G1 X115.317 Y110.862 E141.29668
;WIDTH:0.45
G1 X111.135 Y115.029 E141.58062
G1 X110.863 Y115.265 E141.59794
;WIDTH:0.404381
G1 X110.729 Y115.38 E141.60543
G1 E139.60543 F2400
G92 E0
G1 X113.368 Y113.215 F7800
G1 E2 F2400
G1 F1200
G1 X112.647 Y113.925 E2.04291
G1 X113.506 Y113.08 E2.09401
;LAYER_CHANGE
;Z:9.95
;HEIGHT:0.3
G1 E.09401 F2400
G92 E0
G1 Z9.95 F7800
G92 E0
G1 X118.278 Y110.331
G1 E2 F2400
;TYPE:Perimeter
;WIDTH:0.45
G1 F3600
G1 X117.597 Y111.454 E2.06317
G1 X116.827 Y112.558 E2.12791
G1 X115.988 Y113.611 E2.19267
G1 X115.083 Y114.607 E2.2574
G1 X114.116 Y115.543 E2.32213
G1 X113.091 Y116.416 E2.38689
G1 X112.013 Y117.221 E2.4516
G1 X110.885 Y117.955 E2.51633
G1 X109.712 Y118.616 E2.58109
G1 X108.499 Y119.2 E2.64584
G1 X107.227 Y119.713 E2.71181
G1 X105.974 Y120.129 E2.77531
G1 X104.672 Y120.47 E2.84004
G1 X103.351 Y120.728 E2.90478
G1 X102.016 Y120.9 E2.96952
G1 X100.673 Y120.986 E3.03425
G1 X99.327 Y120.986 E3.09899
G1 X97.984 Y120.9 E3.16372
G1 X96.649 Y120.728 E3.22846
G1 X95.328 Y120.47 E3.2932
G1 X94.026 Y120.129 E3.35793
G1 X92.748 Y119.705 E3.42269
G1 X91.501 Y119.2 E3.4874
G1 X90.288 Y118.616 E3.55215
G1 X89.115 Y117.955 E3.61691
G1 X87.987 Y117.221 E3.68164
G1 X86.909 Y116.416 E3.74635
G1 X85.883 Y115.543 E3.81114
G1 X84.899 Y114.588 E3.87709
G1 X84.012 Y113.611 E3.94056
G1 X83.173 Y112.558 E4.00532
G1 X82.389 Y111.432 E4.07131
G1 X81.705 Y110.303 E4.1348
G1 X81.082 Y109.11 E4.19953
G1 X80.529 Y107.855 E4.26549
G1 X80.073 Y106.616 E4.32899
G1 X79.69 Y105.326 E4.39371
G1 X79.39 Y104.014 E4.45844
G1 X79.176 Y102.684 E4.52323
G1 X79.046 Y101.319 E4.58918
G1 X79.003 Y100 E4.65265
G1 X79.046 Y98.655 E4.71737
G1 X79.176 Y97.315 E4.78212
G1 X79.39 Y95.986 E4.84686
G1 X79.69 Y94.674 E4.91159
G1 X80.073 Y93.384 E4.97631
G1 X80.538 Y92.121 E5.04104
G1 X81.083 Y90.89 E5.10579
G1 X81.705 Y89.697 E5.1705
G1 X82.403 Y88.545 E5.23528
G1 X83.189 Y87.421 E5.30125
G1 X84.012 Y86.389 E5.36474
G1 X84.917 Y85.392 E5.4295
G1 X85.904 Y84.44 E5.49545
G1 X86.909 Y83.584 E5.55894
G1 X87.988 Y82.779 E5.62369
G1 X89.138 Y82.032 E5.68965
G1 X90.288 Y81.384 E5.75314
G1 X91.501 Y80.8 E5.81789
G1 X92.773 Y80.287 E5.88386
G1 X94.026 Y79.871 E5.94736
G1 X95.328 Y79.53 E6.01209
G1 X96.675 Y79.269 E6.07808
G1 X97.984 Y79.1 E6.14156
G1 X99.328 Y79.014 E6.20633
G1 X100.699 Y79.016 E6.27227
G1 X102.016 Y79.1 E6.33574
G1 X103.351 Y79.272 E6.40048
G1 X104.672 Y79.53 E6.46522
G1 X105.975 Y79.871 E6.53
G1 X107.276 Y80.305 E6.59596
G1 X108.499 Y80.8 E6.65942
G1 X109.712 Y81.384 E6.72417
G1 X110.885 Y82.045 E6.78893
G1 X112.013 Y82.779 E6.85366
G1 X113.091 Y83.584 E6.91837
G1 X114.116 Y84.457 E6.98313
G1 X115.083 Y85.393 E7.04786
G1 X115.988 Y86.389 E7.11259
G1 X116.827 Y87.442 E7.17735
G1 X117.597 Y88.546 E7.24209
G1 X118.295 Y89.697 E7.30683
G1 X118.917 Y90.89 E7.37154
G1 X119.462 Y92.121 E7.43629
G1 X119.935 Y93.409 E7.50228
G1 X120.31 Y94.674 E7.56574
G1 X120.61 Y95.986 E7.63047
G1 X120.824 Y97.315 E7.69521
G1 X120.954 Y98.655 E7.75996
G1 X120.997 Y100 E7.82468
G1 X120.954 Y101.345 E7.8894
G1 X120.824 Y102.685 E7.95415
G1 X120.61 Y104.014 E8.01889
G1 X120.31 Y105.326 E8.08362
G1 X119.927 Y106.616 E8.14834
G1 X119.462 Y107.879 E8.21307
G1 X118.917 Y109.11 E8.27782
G1 X118.308 Y110.279 E8.34122
G1 X117.949 Y110.131 F7800
G1 F3600
G1 X117.274 Y111.244 E8.40383
G1 X116.518 Y112.328 E8.46739
G1 X115.694 Y113.361 E8.53094
G1 X114.806 Y114.339 E8.59448
G1 X113.857 Y115.258 E8.65802
G1 X112.851 Y116.114 E8.72155
G1 X111.792 Y116.905 E8.78512
G1 X110.685 Y117.625 E8.84863
G1 X109.533 Y118.274 E8.91222
G1 X108.343 Y118.847 E8.97574
G1 X107.094 Y119.351 E9.04052
G1 X105.864 Y119.759 E9.10285
G1 X104.586 Y120.094 E9.16639
G1 X103.289 Y120.347 E9.22995
G1 X101.979 Y120.516 E9.29348
G1 X100.661 Y120.6 E9.357
G1 X99.339 Y120.6 E9.42058
G1 X98.021 Y120.516 E9.4841
G1 X96.711 Y120.347 E9.54763
G1 X95.414 Y120.094 E9.61119
G1 X94.136 Y119.759 E9.67473
G1 X92.882 Y119.343 E9.73828
G1 X91.657 Y118.847 E9.80184
G1 X90.467 Y118.274 E9.86536
G1 X89.315 Y117.625 E9.92895
G1 X88.208 Y116.905 E9.99246
G1 X87.149 Y116.114 E10.05603
G1 X86.143 Y115.258 E10.11956
G1 X85.177 Y114.319 E10.18435
G1 X84.306 Y113.361 E10.24662
G1 X83.482 Y112.327 E10.31021
G1 X82.713 Y111.222 E10.37496
G1 X82.041 Y110.114 E10.43729
G1 X81.43 Y108.942 E10.50086
G1 X80.886 Y107.71 E10.56563
G1 X80.439 Y106.495 E10.6279
G1 X80.063 Y105.228 E10.69147
G1 X79.769 Y103.94 E10.75501
G1 X79.558 Y102.635 E10.81859
G1 X79.431 Y101.295 E10.88333
G1 X79.389 Y100 E10.94565
G1 X79.431 Y98.679 E11.00922
G1 X79.558 Y97.364 E11.07276
G1 X79.769 Y96.06 E11.13629
G1 X80.063 Y94.772 E11.19983
G1 X80.439 Y93.505 E11.2634
G1 X80.895 Y92.265 E11.32694
G1 X81.43 Y91.057 E11.39048
G1 X82.041 Y89.886 E11.45401
G1 X82.726 Y88.756 E11.51757
G1 X83.498 Y87.652 E11.58236
G1 X84.306 Y86.639 E11.64468
G1 X85.194 Y85.661 E11.70822
G1 X86.163 Y84.725 E11.77302
G1 X87.149 Y83.886 E11.83529
G1 X88.208 Y83.095 E11.89886
G1 X89.338 Y82.362 E11.96364
G1 X90.467 Y81.726 E12.02596
G1 X91.657 Y81.153 E12.08948
G1 X92.906 Y80.649 E12.15426
G1 X94.136 Y80.241 E12.21659
G1 X95.414 Y79.906 E12.28013
G1 X96.736 Y79.65 E12.34489
G1 X98.021 Y79.484 E12.40721
G1 X99.34 Y79.4 E12.47078
G1 X100.687 Y79.401 E12.53557
G1 X101.979 Y79.484 E12.59784
G1 X103.289 Y79.653 E12.66137
G1 X104.586 Y79.906 E12.72493
G1 X105.865 Y80.241 E12.78852
G1 X107.142 Y80.667 E12.85327
G1 X108.343 Y81.153 E12.91558
G1 X109.533 Y81.726 E12.9791
G1 X110.685 Y82.375 E13.04269
G1 X111.792 Y83.095 E13.1062
G1 X112.851 Y83.886 E13.16977
G1 X113.857 Y84.742 E13.2333
G1 X114.806 Y85.661 E13.29684
G1 X115.694 Y86.639 E13.36038
G1 X116.518 Y87.672 E13.42393
G1 X117.274 Y88.756 E13.48749
G1 X117.959 Y89.886 E13.55105
G1 X118.57 Y91.057 E13.61458
G1 X119.105 Y92.266 E13.67817
G1 X119.568 Y93.53 E13.74291
G1 X119.937 Y94.772 E13.80523
G1 X120.231 Y96.06 E13.86877
G1 X120.442 Y97.364 E13.9323
G1 X120.569 Y98.679 E13.99584
G1 X120.611 Y100 E14.05941
G1 X120.569 Y101.321 E14.12298
G1 X120.442 Y102.636 E14.18652
G1 X120.231 Y103.94 E14.25005
G1 X119.937 Y105.228 E14.31359
G1 X119.561 Y106.495 E14.37716
G1 X119.105 Y107.735 E14.4407
G1 X118.57 Y108.943 E14.50424
G1 X117.977 Y110.078 E14.56583
G1 X117.619 Y109.931 F7800
;TYPE:External perimeter
G1 F1800
G1 X116.95 Y111.033 E14.62783
G1 X116.209 Y112.097 E14.69019
G1 X115.4 Y113.11 E14.75254
G1 X114.529 Y114.07 E14.81488
G1 X113.597 Y114.972 E14.87726
G1 X112.61 Y115.813 E14.93963
G1 X111.571 Y116.588 E15.00197
G1 X110.485 Y117.295 E15.0643
G1 X109.355 Y117.932 E15.12669
G1 X108.187 Y118.494 E15.18903
G1 X106.961 Y118.989 E15.25262
G1 X105.755 Y119.389 E15.31373
G1 X104.501 Y119.718 E15.37608
G1 X103.228 Y119.966 E15.43846
G1 X101.942 Y120.132 E15.50083
G1 X100.648 Y120.215 E15.56319
G1 X99.352 Y120.215 E15.62552
G1 X98.058 Y120.132 E15.68788
G1 X96.772 Y119.966 E15.75025
G1 X95.499 Y119.718 E15.81263
G1 X94.245 Y119.389 E15.87498
G1 X93.015 Y118.981 E15.93731
G1 X91.813 Y118.494 E15.99969
G1 X90.645 Y117.932 E16.06203
G1 X89.515 Y117.295 E16.12442
G1 X88.429 Y116.588 E16.18675
G1 X87.39 Y115.813 E16.24909
G1 X86.403 Y114.972 E16.31146
G1 X85.454 Y114.051 E16.37506
G1 X84.6 Y113.111 E16.43614
G1 X83.791 Y112.097 E16.49853
G1 X83.036 Y111.011 E16.56215
G1 X82.377 Y109.925 E16.62325
G1 X81.778 Y108.775 E16.68561
G1 X81.244 Y107.566 E16.74918
G1 X80.805 Y106.373 E16.81032
G1 X80.436 Y105.13 E16.87268
G1 X80.148 Y103.866 E16.93503
G1 X79.941 Y102.586 E16.99739
G1 X79.816 Y101.27 E17.06097
G1 X79.775 Y100 E17.12208
G1 X79.816 Y98.704 E17.18444
G1 X79.941 Y97.414 E17.24678
G1 X80.148 Y96.134 E17.30914
G1 X80.436 Y94.87 E17.37149
G1 X80.805 Y93.627 E17.43385
G1 X81.253 Y92.41 E17.49622
G1 X81.778 Y91.225 E17.55856
G1 X82.377 Y90.075 E17.62092
G1 X83.05 Y88.966 E17.68331
G1 X83.807 Y87.883 E17.74686
G1 X84.6 Y86.89 E17.80798
G1 X85.471 Y85.93 E17.87032
G1 X86.422 Y85.011 E17.93393
G1 X87.39 Y84.187 E17.99507
G1 X88.429 Y83.412 E18.05741
G1 X89.538 Y82.692 E18.121
G1 X90.645 Y82.068 E18.18212
G1 X91.813 Y81.506 E18.24446
G1 X93.039 Y81.011 E18.30805
G1 X94.245 Y80.611 E18.36916
G1 X95.5 Y80.282 E18.43156
G1 X96.798 Y80.031 E18.49515
G1 X98.058 Y79.868 E18.55626
G1 X99.352 Y79.785 E18.61862
G1 X100.674 Y79.787 E18.6822
G1 X101.942 Y79.868 E18.74331
G1 X103.228 Y80.034 E18.80568
G1 X104.501 Y80.282 E18.86806
G1 X105.755 Y80.611 E18.93041
G1 X107.009 Y81.029 E18.99399
G1 X108.187 Y81.506 E19.05512
G1 X109.355 Y82.068 E19.11746
G1 X110.485 Y82.705 E19.17985
G1 X111.571 Y83.412 E19.24218
G1 X112.61 Y84.187 E19.30452
G1 X113.597 Y85.028 E19.36689
G1 X114.529 Y85.93 E19.42927
G1 X115.4 Y86.889 E19.49158
G1 X116.209 Y87.903 E19.55397
G1 X116.95 Y88.966 E19.61629
G1 X117.623 Y90.075 E19.67868
G1 X118.222 Y91.225 E19.74104
G1 X118.747 Y92.41 E19.80338
G1 X119.202 Y93.652 E19.867
G1 X119.564 Y94.87 E19.92811
G1 X119.852 Y96.134 E19.99046
G1 X120.059 Y97.414 E20.05282
G1 X120.184 Y98.704 E20.11516
G1 X120.225 Y100 E20.17752
G1 X120.184 Y101.296 E20.23988
G1 X120.059 Y102.586 E20.30222
G1 X119.852 Y103.866 E20.36458
G1 X119.564 Y105.13 E20.42693
G1 X119.195 Y106.373 E20.48929
G1 X118.747 Y107.59 E20.55166
G1 X118.222 Y108.775 E20.614
G1 X117.647 Y109.878 E20.67383
G1 X117.442 Y110.222 F7800
G1 E18.67383 F2400
G92 E0
G1 X124.004 Y124.004 F7800
G1 E2 F2400
;TYPE:Perimeter
G1 F3600
G1 X75.996 Y124.004 E4.30902
G1 X75.996 Y75.996 E6.61804
G1 X124.004 Y75.996 E8.92706
G1 X124.004 Y123.944 E11.23319
G1 X124.389 Y124.389 F7800
G1 F3600
G1 X75.611 Y124.389 E13.57924
G1 X75.611 Y75.611 E15.92529
G1 X124.389 Y75.611 E18.27134
G1 X124.389 Y124.329 E20.61451
G1 X124.775 Y124.775 F7800
;TYPE:External perimeter
G1 F1800
G1 X75.225 Y124.775 E22.99769
G1 X75.225 Y75.225 E25.38087
G1 X124.775 Y75.225 E27.76405
G1 X124.775 Y124.715 E30.14435
G1 X124.379 Y124.774 F7800
G1 E28.14435 F2400
G92 E0
G1 X123.21 Y76.109 F7800
G1 E2 F2400
;TYPE:Top solid infill
;WIDTH:0.400799
G1 F900
G1 X123.74 Y76.639 E2.03145
G1 X123.74 Y77.114 E2.05138
G1 X122.886 Y76.26 E2.10206
G1 X122.41 Y76.26 E2.12203
G1 X123.74 Y77.59 E2.20095
G1 X123.74 Y78.066 E2.22092
G1 X121.934 Y76.26 E2.32809
G1 X121.458 Y76.26 E2.34806
G1 X123.74 Y78.542 E2.48347
G1 X123.74 Y79.017 E2.5034
G1 X120.983 Y76.26 E2.667
G1 X120.507 Y76.26 E2.68697
G1 X123.74 Y79.493 E2.87882
G1 X123.74 Y79.969 E2.89879
G1 X120.031 Y76.26 E3.11888
G1 X119.555 Y76.26 E3.13885
G1 X123.74 Y80.445 E3.38719
G1 X123.74 Y80.92 E3.40712
G1 X119.08 Y76.26 E3.68365
G1 X118.604 Y76.26 E3.70362
G1 X123.74 Y81.396 E4.00839
G1 X123.74 Y81.872 E4.02836
G1 X118.128 Y76.26 E4.36138
G1 X117.652 Y76.26 E4.38135
G1 X123.74 Y82.348 E4.74261
G1 X123.74 Y82.824 E4.76258
G1 X117.176 Y76.26 E5.15209
G1 X116.701 Y76.26 E5.17202
G1 X123.74 Y83.299 E5.58972
G1 X123.74 Y83.775 E5.60969
G1 X116.225 Y76.26 E6.05563
G1 X115.749 Y76.26 E6.0756
G1 X123.74 Y84.251 E6.54979
G1 X123.74 Y84.727 E6.56976
G1 X115.273 Y76.26 E7.07219
G1 X114.798 Y76.26 E7.09212
G1 X123.74 Y85.202 E7.62274
G1 X123.74 Y85.678 E7.64271
G1 X114.322 Y76.26 E8.20158
G1 X113.846 Y76.26 E8.22155
G1 X123.74 Y86.154 E8.80866
G1 X123.74 Y86.63 E8.82863
G1 X113.37 Y76.26 E9.44399
G1 X112.895 Y76.26 E9.46392
G1 X123.74 Y87.105 E10.10747
G1 X123.74 Y87.581 E10.12744
G1 X112.419 Y76.26 E10.79923
G1 X111.943 Y76.26 E10.8192
G1 X123.74 Y88.057 E11.51924
G1 X123.74 Y88.533 E11.53921
G1 X111.467 Y76.26 E12.26749
G1 X110.992 Y76.26 E12.28742
G1 X123.74 Y89.008 E13.04389
G1 X123.74 Y89.484 E13.06386
G1 X110.516 Y76.26 E13.84858
G1 X110.04 Y76.26 E13.86855
G1 X123.74 Y89.96 E14.68151
G1 X123.74 Y90.436 E14.70148
G1 X109.564 Y76.26 E15.54269
G1 X109.088 Y76.26 E15.56266
G1 X123.74 Y90.912 E16.43211
G1 X123.74 Y91.387 E16.45204
G1 X108.613 Y76.26 E17.34968
G1 X108.137 Y76.26 E17.36965
G1 X123.74 Y91.863 E18.29554
G1 X123.74 Y92.339 E18.31551
G1 X107.661 Y76.26 E19.26964
G1 X107.185 Y76.26 E19.28961
G1 X123.74 Y92.815 E20.27199
G1 X123.74 Y93.29 E20.29192
G1 X106.71 Y76.26 E21.30248
G1 X106.234 Y76.26 E21.32245
G1 X123.74 Y93.766 E22.36126
G1 X123.74 Y94.242 E22.38123
G1 X117.634 Y88.136 E22.74356
G1 X117.797 Y88.371 E22.75556
G1 X118.427 Y89.405 E22.80637
G1 X123.74 Y94.718 E23.12164
G1 X123.74 Y95.193 E23.14157
G1 X118.969 Y90.423 E23.42465
G1 X119.171 Y90.809 E23.44293
G1 X119.4 Y91.33 E23.46681
G1 X123.74 Y95.669 E23.72432
G1 X123.74 Y96.145 E23.74429
G1 X119.76 Y92.166 E23.98043
G1 X120.036 Y92.917 E24.014
G1 X123.74 Y96.621 E24.2338
G1 X123.74 Y97.097 E24.25377
G1 X120.274 Y93.631 E24.45944
G1 X120.474 Y94.307 E24.48902
G1 X123.74 Y97.572 E24.6828
G1 X123.74 Y98.048 E24.70277
G1 X120.645 Y94.953 E24.88643
G1 X120.785 Y95.57 E24.91298
G1 X123.74 Y98.524 E25.0883
G1 X123.74 Y99 E25.10827
G1 X120.904 Y96.164 E25.27656
G1 X120.997 Y96.733 E25.30075
G1 X123.74 Y99.475 E25.46349
G1 X123.74 Y99.951 E25.48346
G1 X121.086 Y97.297 E25.64095
G1 X121.137 Y97.824 E25.66317
G1 X123.74 Y100.427 E25.81763
G1 X123.74 Y100.903 E25.8376
G1 X121.187 Y98.35 E25.9891
G1 X121.225 Y98.863 E26.01068
G1 X123.74 Y101.378 E26.15992
G1 X123.74 Y101.854 E26.17989
G1 X121.24 Y99.355 E26.32821
G1 X121.256 Y99.846 E26.34882
G1 X123.74 Y102.33 E26.49622
G1 X123.74 Y102.806 E26.51619
G1 X121.25 Y100.317 E26.66392
G1 X121.236 Y100.778 E26.68327
G1 X123.74 Y103.282 E26.83186
G1 X123.74 Y103.757 E26.85179
G1 X121.221 Y101.239 E27.00124
G1 X121.185 Y101.678 E27.01972
G1 X123.74 Y104.233 E27.17133
G1 X123.74 Y104.709 E27.1913
G1 X121.143 Y102.112 E27.34541
G1 X121.101 Y102.546 E27.36371
G1 X123.74 Y105.185 E27.52031
G1 X123.74 Y105.66 E27.54024
G1 X121.046 Y102.967 E27.70007
G1 X120.98 Y103.377 E27.7175
G1 X123.74 Y106.136 E27.88125
G1 X123.74 Y106.612 E27.90122
G1 X120.914 Y103.786 E28.06892
G1 X120.84 Y104.188 E28.08607
G1 X123.74 Y107.088 E28.25816
G1 X123.74 Y107.563 E28.27809
G1 X120.751 Y104.575 E28.45543
G1 X120.663 Y104.963 E28.47212
G1 X123.74 Y108.039 E28.65468
G1 X123.74 Y108.515 E28.67465
G1 X120.575 Y105.351 E28.86243
G1 X120.467 Y105.718 E28.87848
G1 X123.74 Y108.991 E29.0727
G1 X123.74 Y109.466 E29.09263
G1 X120.358 Y106.085 E29.29329
G1 X120.249 Y106.452 E29.30935
G1 X123.74 Y109.942 E29.51648
G1 X123.74 Y110.418 E29.53645
G1 X120.136 Y106.814 E29.75031
G1 X120.007 Y107.161 E29.76584
G1 X123.74 Y110.894 E29.98736
G1 X123.74 Y111.37 E30.00733
G1 X119.879 Y107.509 E30.23644
G1 X119.75 Y107.856 E30.25197
G1 X123.74 Y111.845 E30.48871
G1 X123.74 Y112.321 E30.50868
G1 X119.612 Y108.193 E30.75364
G1 X119.465 Y108.523 E30.7688
G1 X123.74 Y112.797 E31.02245
G1 X123.74 Y113.273 E31.04242
G1 X119.319 Y108.852 E31.30476
G1 X119.172 Y109.181 E31.31988
G1 X123.74 Y113.748 E31.59092
G1 X123.74 Y114.224 E31.61089
G1 X119.013 Y109.498 E31.89136
G1 X118.85 Y109.81 E31.90613
G1 X123.74 Y114.7 E32.1963
G1 X123.74 Y115.176 E32.21627
G1 X118.687 Y110.123 E32.51612
G1 X118.522 Y110.434 E32.53089
G1 X123.74 Y115.651 E32.8405
G1 X123.74 Y116.127 E32.86047
G1 X118.343 Y110.731 E33.1807
G1 X118.164 Y111.027 E33.19521
G1 X123.74 Y116.603 E33.52609
G1 X123.74 Y117.079 E33.54606
G1 X117.985 Y111.324 E33.88756
G1 X117.803 Y111.618 E33.90207
G1 X123.74 Y117.555 E34.25437
G1 X123.74 Y118.03 E34.2743
G1 X117.607 Y111.898 E34.6382
G1 X117.412 Y112.178 E34.65252
G1 X123.74 Y118.506 E35.02803
G1 X123.74 Y118.982 E35.048
G1 X117.216 Y112.458 E35.43514
G1 X117.021 Y112.739 E35.44949
G1 X123.74 Y119.458 E35.8482
G1 X123.74 Y119.933 E35.86813
G1 X116.81 Y113.004 E36.27933
G1 X116.599 Y113.268 E36.29351
G1 X123.74 Y120.409 E36.71726
G1 X123.74 Y120.885 E36.73723
G1 X116.388 Y113.533 E37.1735
G1 X116.174 Y113.795 E37.18769
G1 X123.74 Y121.361 E37.63666
G1 X123.74 Y121.836 E37.65659
G1 X115.948 Y114.045 E38.11894
G1 X115.722 Y114.295 E38.13308
G1 X123.74 Y122.312 E38.60884
G1 X123.74 Y122.788 E38.62881
G1 X115.496 Y114.544 E39.11801
G1 X115.268 Y114.792 E39.13215
G1 X123.74 Y123.264 E39.63488
G1 X123.74 Y123.739 E39.65481
G1 X115.026 Y115.026 E40.17187
G1 X114.785 Y115.26 E40.18596
G1 X123.264 Y123.74 E40.68914
G1 X122.788 Y123.74 E40.70911
G1 X114.543 Y115.494 E41.1984
G1 X114.301 Y115.729 E41.21255
G1 X122.312 Y123.74 E41.68792
G1 X121.837 Y123.74 E41.70785
G1 X114.047 Y115.95 E42.17011
G1 X113.79 Y116.168 E42.18425
G1 X121.361 Y123.74 E42.63354
G1 X120.885 Y123.74 E42.65351
G1 X113.533 Y116.387 E43.08981
G1 X113.275 Y116.605 E43.10398
G1 X120.409 Y123.74 E43.52734
G1 X119.933 Y123.74 E43.54731
G1 X113.003 Y116.809 E43.95857
G1 X112.731 Y117.013 E43.97284
G1 X119.458 Y123.74 E44.37202
G1 X118.982 Y123.74 E44.39199
G1 X112.459 Y117.217 E44.77907
G1 X112.187 Y117.42 E44.79331
G1 X118.506 Y123.74 E45.16831
G1 X118.03 Y123.74 E45.18828
G1 X111.899 Y117.608 E45.55212
G1 X111.61 Y117.795 E45.56656
G1 X117.555 Y123.74 E45.91934
G1 X117.079 Y123.74 E45.93931
G1 X111.322 Y117.983 E46.28093
G1 X111.034 Y118.17 E46.29534
G1 X116.603 Y123.74 E46.62584
G1 X116.127 Y123.74 E46.64581
G1 X110.732 Y118.344 E46.96598
G1 X110.428 Y118.516 E46.98064
G1 X115.652 Y123.74 E47.29063
G1 X115.176 Y123.74 E47.3106
G1 X110.123 Y118.687 E47.61045
G1 X109.817 Y118.856 E47.62512
G1 X114.7 Y123.74 E47.91491
G1 X114.224 Y123.74 E47.93488
G1 X109.496 Y119.011 E48.21547
G1 X109.175 Y119.166 E48.23043
G1 X113.749 Y123.74 E48.50185
G1 X113.273 Y123.74 E48.52182
G1 X108.855 Y119.321 E48.78401
G1 X108.528 Y119.47 E48.79909
G1 X112.797 Y123.74 E49.05244
G1 X112.321 Y123.74 E49.07241
G1 X108.189 Y119.607 E49.31763
G1 X107.85 Y119.744 E49.33297
G1 X111.845 Y123.74 E49.57006
G1 X111.37 Y123.74 E49.58999
G1 X107.511 Y119.881 E49.81898
G1 X107.166 Y120.011 E49.83445
G1 X110.894 Y123.74 E50.0557
G1 X110.418 Y123.74 E50.07567
G1 X106.808 Y120.129 E50.28992
G1 X106.45 Y120.248 E50.30575
G1 X109.942 Y123.74 E50.51297
G1 X109.467 Y123.74 E50.5329
G1 X106.093 Y120.366 E50.73311
G1 X105.72 Y120.469 E50.74935
G1 X108.991 Y123.74 E50.94345
G1 X108.515 Y123.74 E50.96342
G1 X105.343 Y120.568 E51.15165
G1 X104.966 Y120.666 E51.16799
G1 X108.039 Y123.74 E51.35037
G1 X107.564 Y123.74 E51.3703
G1 X104.579 Y120.755 E51.54743
G1 X104.181 Y120.833 E51.56445
G1 X107.088 Y123.74 E51.73695
G1 X106.612 Y123.74 E51.75692
G1 X103.783 Y120.91 E51.92482
G1 X103.385 Y120.988 E51.94184
G1 X106.136 Y123.74 E52.10511
G1 X105.66 Y123.74 E52.12508
G1 X102.965 Y121.044 E52.28503
G1 X102.543 Y121.098 E52.30288
G1 X105.185 Y123.74 E52.45966
G1 X104.709 Y123.74 E52.47963
G1 X102.122 Y121.152 E52.63317
G1 X101.678 Y121.185 E52.65185
G1 X104.233 Y123.74 E52.80346
G1 X103.757 Y123.74 E52.82343
G1 X101.232 Y121.214 E52.97329
G1 X100.785 Y121.243 E52.99209
G1 X103.282 Y123.74 E53.14026
G1 X102.806 Y123.74 E53.16023
G1 X100.314 Y121.248 E53.30811
G1 X99.838 Y121.248 E53.32808
G1 X102.33 Y123.74 E53.47596
G1 X101.854 Y123.74 E53.49593
G1 X99.363 Y121.248 E53.64378
G1 X98.86 Y121.221 E53.66492
G1 X101.379 Y123.74 E53.8144
G1 X100.903 Y123.74 E53.83437
G1 X98.351 Y121.188 E53.98581
G1 X97.832 Y121.144 E54.00767
G1 X100.427 Y123.74 E54.16169
G1 X99.951 Y123.74 E54.18166
G1 X97.287 Y121.075 E54.33977
G1 X96.742 Y121.006 E54.36282
G1 X99.476 Y123.74 E54.52506
G1 X99 Y123.74 E54.54503
G1 X96.159 Y120.899 E54.71362
G1 X95.568 Y120.784 E54.73888
G1 X98.524 Y123.74 E54.91429
G1 X98.048 Y123.74 E54.93426
G1 X94.954 Y120.645 E55.11789
G1 X94.309 Y120.476 E55.14587
G1 X97.572 Y123.74 E55.33953
G1 X97.097 Y123.74 E55.35946
G1 X93.632 Y120.275 E55.56507
G1 X92.922 Y120.04 E55.59645
G1 X96.621 Y123.74 E55.81598
G1 X96.145 Y123.74 E55.83595
G1 X92.151 Y119.745 E56.07298
G1 X91.35 Y119.42 E56.10925
G1 X95.669 Y123.74 E56.36557
G1 X95.194 Y123.74 E56.3855
G1 X90.433 Y118.978 E56.66805
G1 X90.199 Y118.866 E56.67894
G1 X89.391 Y118.413 E56.71781
G1 X94.718 Y123.74 E57.03392
G1 X94.242 Y123.74 E57.05389
G1 X87.504 Y117.001 E57.45375
G1 E55.45375 F2400
G92 E0
G1 X112.504 Y83.006 F7800
G1 E2 F2400
G1 F900
G1 X105.758 Y76.26 E2.40031
G1 X105.282 Y76.26 E2.42028
G1 X110.613 Y81.592 E2.73665
G1 X109.801 Y81.134 E2.77577
G1 X109.569 Y81.023 E2.78656
G1 X104.807 Y76.26 E3.06917
G1 X104.331 Y76.26 E3.08914
G1 X108.655 Y80.584 E3.34573
G1 X107.847 Y80.253 E3.38237
G1 X103.855 Y76.26 E3.61929
G1 X103.379 Y76.26 E3.63926
G1 X107.08 Y79.961 E3.85888
G1 X106.366 Y79.723 E3.89046
G1 X102.903 Y76.26 E4.09596
G1 X102.428 Y76.26 E4.11589
G1 X105.693 Y79.526 E4.30967
G1 X105.047 Y79.355 E4.33771
G1 X101.952 Y76.26 E4.52137
G1 X101.476 Y76.26 E4.54134
G1 X104.432 Y79.216 E4.71675
G1 X103.841 Y79.101 E4.74201
G1 X101 Y76.26 E4.9106
G1 X100.525 Y76.26 E4.93053
G1 X103.258 Y78.994 E5.09274
G1 X102.712 Y78.924 E5.11584
G1 X100.049 Y76.26 E5.27389
G1 X99.573 Y76.26 E5.29386
G1 X102.166 Y78.853 E5.44773
G1 X101.651 Y78.814 E5.4694
G1 X99.097 Y76.26 E5.62096
G1 X98.622 Y76.26 E5.64089
G1 X101.141 Y78.78 E5.7904
G1 X100.639 Y78.754 E5.81149
G1 X98.146 Y76.26 E5.95945
G1 X97.67 Y76.26 E5.97942
G1 X100.163 Y78.753 E6.12736
G1 X99.686 Y78.753 E6.14737
G1 X97.194 Y76.26 E6.29528
G1 X96.719 Y76.26 E6.31521
G1 X99.215 Y78.756 E6.46332
G1 X98.767 Y78.785 E6.48216
G1 X96.243 Y76.26 E6.63196
G1 X95.767 Y76.26 E6.65193
G1 X98.32 Y78.814 E6.80346
G1 X97.88 Y78.849 E6.82198
G1 X95.291 Y76.26 E6.97561
G1 X94.815 Y76.26 E6.99558
G1 X97.458 Y78.903 E7.15242
G1 X97.036 Y78.957 E7.17027
G1 X94.34 Y76.26 E7.33028
G1 X93.864 Y76.26 E7.35025
G1 X96.617 Y79.013 E7.51361
G1 X96.218 Y79.091 E7.53067
G1 X93.388 Y76.26 E7.69863
G1 X92.912 Y76.26 E7.7186
G1 X95.82 Y79.168 E7.89116
G1 X95.421 Y79.245 E7.90821
G1 X92.437 Y76.26 E8.08531
G1 X91.961 Y76.26 E8.10528
G1 X95.034 Y79.334 E8.28766
G1 X94.657 Y79.432 E8.304
G1 X91.485 Y76.26 E8.49223
G1 X91.009 Y76.26 E8.5122
G1 X94.28 Y79.531 E8.7063
G1 X93.907 Y79.634 E8.72254
G1 X90.534 Y76.26 E8.92272
G1 X90.058 Y76.26 E8.94269
G1 X93.55 Y79.752 E9.14991
G1 X93.192 Y79.87 E9.16573
G1 X89.582 Y76.26 E9.37995
G1 X89.106 Y76.26 E9.39992
G1 X92.834 Y79.989 E9.62117
G1 X92.489 Y80.119 E9.63664
G1 X88.63 Y76.26 E9.86563
G1 X88.155 Y76.26 E9.88556
G1 X92.15 Y80.256 E10.12265
G1 X91.811 Y80.393 E10.13799
G1 X87.679 Y76.26 E10.38321
G1 X87.203 Y76.26 E10.40318
G1 X91.472 Y80.53 E10.65653
G1 X91.145 Y80.678 E10.67159
G1 X86.727 Y76.26 E10.93376
G1 X86.252 Y76.26 E10.95369
G1 X90.824 Y80.833 E11.22502
G1 X90.503 Y80.988 E11.23998
G1 X85.776 Y76.26 E11.52051
G1 X85.3 Y76.26 E11.54048
G1 X90.183 Y81.143 E11.83024
G1 X89.878 Y81.314 E11.84491
G1 X84.824 Y76.26 E12.14482
G1 X84.349 Y76.26 E12.16475
G1 X89.573 Y81.485 E12.47477
G1 X89.268 Y81.656 E12.48944
G1 X83.873 Y76.26 E12.80961
G1 X83.397 Y76.26 E12.82958
G1 X88.967 Y81.831 E13.16013
G1 X88.679 Y82.018 E13.17454
G1 X82.921 Y76.26 E13.51622
G1 X82.445 Y76.26 E13.53619
G1 X88.39 Y82.205 E13.88897
G1 X88.102 Y82.393 E13.9034
G1 X81.97 Y76.26 E14.2673
G1 X81.494 Y76.26 E14.28727
G1 X87.813 Y82.58 E14.66227
G1 X87.541 Y82.783 E14.67651
G1 X81.018 Y76.26 E15.06359
G1 X80.542 Y76.26 E15.08356
G1 X87.268 Y82.986 E15.48268
G1 X86.996 Y83.189 E15.49692
G1 X80.067 Y76.26 E15.90809
G1 X79.591 Y76.26 E15.92806
G1 X86.726 Y83.396 E16.35148
G1 X86.469 Y83.614 E16.36562
G1 X79.115 Y76.26 E16.80201
G1 X78.639 Y76.26 E16.82198
G1 X86.211 Y83.832 E17.2713
G1 X85.954 Y84.051 E17.28547
G1 X78.164 Y76.26 E17.74776
G1 X77.688 Y76.26 E17.76773
G1 X85.7 Y84.272 E18.24316
G1 X85.458 Y84.506 E18.25728
G1 X77.212 Y76.26 E18.7466
G1 X76.736 Y76.26 E18.76657
G1 X85.216 Y84.74 E19.26978
G1 X84.974 Y84.974 E19.2839
G1 X76.26 Y76.26 E19.80099
G1 X76.26 Y76.736 E19.82096
G1 X84.732 Y85.208 E20.32369
G1 X84.504 Y85.455 E20.33779
G1 X76.26 Y77.212 E20.82696
G1 X76.26 Y77.688 E20.84693
G1 X84.277 Y85.704 E21.32263
G1 X84.051 Y85.954 E21.33677
G1 X76.26 Y78.163 E21.79909
G1 X76.26 Y78.639 E21.81906
G1 X83.825 Y86.204 E22.26797
G1 X83.614 Y86.468 E22.28215
G1 X76.26 Y79.115 E22.71851
G1 X76.26 Y79.591 E22.73848
G1 X83.402 Y86.732 E23.16226
G1 X83.191 Y86.997 E23.17647
G1 X76.26 Y80.067 E23.58773
G1 X76.26 Y80.542 E23.60766
G1 X82.981 Y87.262 E24.00646
G1 X82.785 Y87.542 E24.0208
G1 X76.26 Y81.018 E24.40797
G1 X76.26 Y81.494 E24.42794
G1 X82.589 Y87.822 E24.80347
G1 X82.393 Y88.102 E24.81781
G1 X76.26 Y81.97 E25.18171
G1 X76.26 Y82.445 E25.20164
G1 X82.198 Y88.382 E25.55397
G1 X82.015 Y88.676 E25.5685
G1 X76.26 Y82.921 E25.91
G1 X76.26 Y83.397 E25.92997
G1 X81.836 Y88.973 E26.26085
G1 X81.657 Y89.269 E26.27536
G1 X76.26 Y83.873 E26.59559
G1 X76.26 Y84.348 E26.61552
G1 X81.478 Y89.566 E26.92516
G1 X81.313 Y89.877 E26.93993
G1 X76.26 Y84.824 E27.23978
G1 X76.26 Y85.3 E27.25975
G1 X81.15 Y90.189 E27.54989
G1 X80.987 Y90.502 E27.5647
G1 X76.26 Y85.776 E27.84517
G1 X76.26 Y86.251 E27.8651
G1 X80.828 Y90.819 E28.13617
G1 X80.682 Y91.149 E28.15131
G1 X76.26 Y86.727 E28.41371
G1 X76.26 Y87.203 E28.43368
G1 X80.536 Y91.478 E28.68739
G1 X80.39 Y91.808 E28.70253
G1 X76.26 Y87.679 E28.94758
G1 X76.26 Y88.155 E28.96755
G1 X80.248 Y92.142 E29.20417
G1 X80.12 Y92.49 E29.21973
G1 X76.26 Y88.63 E29.44878
G1 X76.26 Y89.106 E29.46875
G1 X79.992 Y92.838 E29.69021
G1 X79.864 Y93.186 E29.70577
G1 X76.26 Y89.582 E29.91963
G1 X76.26 Y90.058 E29.9396
G1 X79.751 Y93.548 E30.14673
G1 X79.641 Y93.914 E30.16277
G1 X76.26 Y90.533 E30.3634
G1 X76.26 Y91.009 E30.38337
G1 X79.532 Y94.28 E30.5775
G1 X79.427 Y94.651 E30.59368
G1 X76.26 Y91.485 E30.78158
G1 X76.26 Y91.961 E30.80155
G1 X79.338 Y95.038 E30.98417
G1 X79.25 Y95.426 E31.00086
G1 X76.26 Y92.436 E31.17829
G1 X76.26 Y92.912 E31.19826
G1 X79.161 Y95.813 E31.37041
G1 X79.086 Y96.214 E31.38753
G1 X76.26 Y93.388 E31.55523
G1 X76.26 Y93.864 E31.5752
G1 X79.02 Y96.623 E31.73895
G1 X78.954 Y97.033 E31.75638
G1 X76.26 Y94.34 E31.91621
G1 X76.26 Y94.815 E31.93614
G1 X78.899 Y97.454 E32.09274
G1 X78.856 Y97.887 E32.111
G1 X76.26 Y95.291 E32.26505
G1 X76.26 Y95.767 E32.28502
G1 X78.814 Y98.32 E32.43655
G1 X78.781 Y98.763 E32.45519
G1 X76.26 Y96.243 E32.60476
G1 X76.26 Y96.718 E32.62469
G1 X78.765 Y99.223 E32.77334
G1 X78.75 Y99.684 E32.79269
G1 X76.26 Y97.194 E32.94045
G1 X76.26 Y97.67 E32.96042
G1 X78.744 Y100.154 E33.10782
G1 X78.76 Y100.645 E33.12843
G1 X76.26 Y98.146 E33.27675
G1 X76.26 Y98.621 E33.29668
G1 X78.775 Y101.136 E33.44592
G1 X78.814 Y101.651 E33.46759
G1 X76.26 Y99.097 E33.61915
G1 X76.26 Y99.573 E33.63912
G1 X78.864 Y102.177 E33.79364
G1 X78.914 Y102.703 E33.81581
G1 X76.26 Y100.049 E33.9733
G1 X76.26 Y100.524 E33.99323
G1 X79.002 Y103.266 E34.15594
G1 X79.094 Y103.834 E34.18008
G1 X76.26 Y101 E34.34825
G1 X76.26 Y101.476 E34.36822
G1 X79.216 Y104.431 E34.5436
G1 X79.356 Y105.047 E34.57011
G1 X76.26 Y101.952 E34.7538
G1 X76.26 Y102.428 E34.77377
G1 X79.526 Y105.693 E34.96755
G1 X79.727 Y106.369 E34.99714
G1 X76.26 Y102.903 E35.20284
G1 X76.26 Y103.379 E35.22281
G1 X79.964 Y107.082 E35.44258
G1 X80.243 Y107.837 E35.47635
G1 X76.26 Y103.855 E35.71267
G1 X76.26 Y104.331 E35.73264
G1 X80.599 Y108.67 E35.99012
G1 X80.829 Y109.19 E36.01398
G1 X81.031 Y109.577 E36.0323
G1 X76.26 Y104.806 E36.31541
G1 X76.26 Y105.282 E36.33538
G1 X81.573 Y110.595 E36.65065
G1 X82.188 Y111.606 E36.7003
G1 X82.373 Y111.871 E36.71386
G1 X76.26 Y105.758 E37.07661
G1 X76.26 Y106.234 E37.09658
G1 X93.766 Y123.74 E38.13539
G1 X93.291 Y123.74 E38.15532
G1 X76.26 Y106.709 E39.16594
G1 X76.26 Y107.185 E39.18591
G1 X92.815 Y123.74 E40.16829
G1 X92.339 Y123.74 E40.18826
G1 X76.26 Y107.661 E41.14239
G1 X76.26 Y108.137 E41.16236
G1 X91.863 Y123.74 E42.08825
G1 X91.387 Y123.74 E42.10822
G1 X76.26 Y108.613 E43.00586
G1 X76.26 Y109.088 E43.02579
G1 X90.912 Y123.74 E43.89524
G1 X90.436 Y123.74 E43.91521
G1 X76.26 Y109.564 E44.75642
G1 X76.26 Y110.04 E44.77639
G1 X89.96 Y123.74 E45.58935
G1 X89.484 Y123.74 E45.60932
G1 X76.26 Y110.516 E46.39404
G1 X76.26 Y110.991 E46.41397
G1 X89.009 Y123.74 E47.1705
G1 X88.533 Y123.74 E47.19047
G1 X76.26 Y111.467 E47.91875
G1 X76.26 Y111.943 E47.93872
G1 X88.057 Y123.74 E48.63876
G1 X87.581 Y123.74 E48.65873
G1 X76.26 Y112.419 E49.33052
G1 X76.26 Y112.894 E49.35045
G1 X87.106 Y123.74 E49.99405
G1 X86.63 Y123.74 E50.01402
G1 X76.26 Y113.37 E50.62938
G1 X76.26 Y113.846 E50.64935
G1 X86.154 Y123.74 E51.23646
G1 X85.678 Y123.74 E51.25643
G1 X76.26 Y114.322 E51.8153
G1 X76.26 Y114.798 E51.83527
G1 X85.203 Y123.74 E52.36592
G1 X84.727 Y123.74 E52.38589
G1 X76.26 Y115.273 E52.88832
G1 X76.26 Y115.749 E52.90829
G1 X84.251 Y123.74 E53.38248
G1 X83.775 Y123.74 E53.40245
G1 X76.26 Y116.225 E53.84839
G1 X76.26 Y116.701 E53.86836
G1 X83.299 Y123.74 E54.28606
G1 X82.824 Y123.74 E54.30599
G1 X76.26 Y117.176 E54.6955
G1 X76.26 Y117.652 E54.71547
G1 X82.348 Y123.74 E55.07673
G1 X81.872 Y123.74 E55.0967
G1 X76.26 Y118.128 E55.42972
G1 X76.26 Y118.604 E55.44969
G1 X81.396 Y123.74 E55.75446
G1 X80.921 Y123.74 E55.77439
G1 X76.26 Y119.079 E56.05098
G1 X76.26 Y119.555 E56.07095
G1 X80.445 Y123.74 E56.31929
G1 X79.969 Y123.74 E56.33926
G1 X76.26 Y120.031 E56.55935
G1 X76.26 Y120.507 E56.57932
G1 X79.493 Y123.74 E56.77117
G1 X79.018 Y123.74 E56.7911
G1 X76.26 Y120.982 E56.95476
G1 X76.26 Y121.458 E56.97473
G1 X78.542 Y123.74 E57.11014
G1 X78.066 Y123.74 E57.13011
G1 X76.26 Y121.934 E57.23728
G1 X76.26 Y122.41 E57.25725
G1 X77.59 Y123.74 E57.33617
G1 X77.114 Y123.74 E57.35614
G1 X76.26 Y122.886 E57.40682
G1 X76.26 Y123.361 E57.42675
G1 X76.79 Y123.891 E57.4582
G1 E55.4582 F2400
G92 E0
G92 E0
G1 X100.6 Y81.007 F7800
G1 E2 F2400
;TYPE:Perimeter
;WIDTH:0.45
G1 F3600
G1 X100.609 Y81.007 E2.00043
G1 X101.8 Y81.083 E2.05783
G1 X103.034 Y81.24 E2.11766
G1 X104.229 Y81.473 E2.17622
G1 X105.407 Y81.782 E2.23479
G1 X106.563 Y82.166 E2.29338
G1 X107.692 Y82.623 E2.35196
G1 X108.79 Y83.152 E2.41058
G1 X109.851 Y83.75 E2.46916
G1 X110.872 Y84.414 E2.52774
G1 X111.848 Y85.143 E2.58633
G1 X112.776 Y85.932 E2.64492
G1 X113.651 Y86.78 E2.70353
G1 X114.47 Y87.682 E2.76213
G1 X115.229 Y88.634 E2.82069
G1 X115.912 Y89.613 E2.8781
G1 X116.558 Y90.675 E2.93789
G1 X117.121 Y91.755 E2.99647
G1 X117.614 Y92.869 E3.05506
G1 X118.035 Y94.012 E3.11364
G1 X118.382 Y95.18 E3.17224
G1 X118.653 Y96.367 E3.2308
G1 X118.847 Y97.57 E3.28941
G1 X118.964 Y98.782 E3.34797
G1 X119.002 Y99.975 E3.40538
G1 X118.964 Y101.218 E3.46519
G1 X118.847 Y102.43 E3.52375
G1 X118.657 Y103.608 E3.58114
G1 X118.382 Y104.821 E3.64096
G1 X118.035 Y105.988 E3.69952
G1 X117.614 Y107.131 E3.7581
G1 X117.121 Y108.245 E3.81669
G1 X116.558 Y109.325 E3.87527
G1 X115.926 Y110.367 E3.93388
G1 X115.229 Y111.366 E3.99247
G1 X114.47 Y112.318 E4.05103
G1 X113.668 Y113.202 E4.10844
G1 X112.775 Y114.068 E4.16827
G1 X111.848 Y114.857 E4.22682
G1 X110.872 Y115.586 E4.28541
G1 X109.851 Y116.25 E4.34399
G1 X108.79 Y116.848 E4.40257
G1 X107.692 Y117.377 E4.46119
G1 X106.563 Y117.834 E4.51977
G1 X105.407 Y118.218 E4.57836
G1 X104.229 Y118.527 E4.63693
G1 X103.033 Y118.76 E4.69553
G1 X101.825 Y118.915 E4.75411
G1 X100.609 Y118.993 E4.81272
G1 X99.391 Y118.993 E4.8713
G1 X98.175 Y118.915 E4.92991
G1 X96.967 Y118.76 E4.98849
G1 X95.771 Y118.527 E5.04709
G1 X94.593 Y118.218 E5.10566
G1 X93.437 Y117.834 E5.16425
G1 X92.308 Y117.377 E5.22283
G1 X91.21 Y116.848 E5.28145
G1 X90.149 Y116.25 E5.34003
G1 X89.128 Y115.586 E5.39861
G1 X88.152 Y114.857 E5.4572
G1 X87.224 Y114.068 E5.51579
G1 X86.349 Y113.22 E5.5744
G1 X85.53 Y112.318 E5.633
G1 X84.771 Y111.366 E5.69156
G1 X84.074 Y110.367 E5.75015
G1 X83.442 Y109.325 E5.80876
G1 X82.879 Y108.245 E5.86734
G1 X82.396 Y107.154 E5.92473
G1 X81.965 Y105.987 E5.98456
G1 X81.618 Y104.82 E6.04312
G1 X81.353 Y103.657 E6.10049
G1 X81.153 Y102.429 E6.16033
G1 X81.036 Y101.218 E6.21885
G1 X80.998 Y100.025 E6.27626
G1 X81.036 Y98.782 E6.33607
G1 X81.153 Y97.57 E6.39463
G1 X81.347 Y96.367 E6.45324
G1 X81.618 Y95.18 E6.5118
G1 X81.965 Y94.012 E6.5704
G1 X82.377 Y92.892 E6.6278
G1 X82.879 Y91.754 E6.68762
G1 X83.442 Y90.675 E6.74616
G1 X84.061 Y89.654 E6.80359
G1 X84.771 Y88.633 E6.8634
G1 X85.53 Y87.682 E6.92192
G1 X86.332 Y86.798 E6.97933
G1 X87.225 Y85.932 E7.03916
G1 X88.152 Y85.143 E7.09771
G1 X89.128 Y84.414 E7.1563
G1 X90.149 Y83.75 E7.21488
G1 X91.21 Y83.152 E7.27346
G1 X92.308 Y82.623 E7.33208
G1 X93.437 Y82.166 E7.39066
G1 X94.593 Y81.782 E7.44925
G1 X95.747 Y81.48 E7.50662
G1 X96.968 Y81.24 E7.56647
G1 X98.175 Y81.085 E7.625
G1 X99.391 Y81.007 E7.68361
G1 X100.54 Y81.007 E7.73887
G1 X100.624 Y80.621 F7800
G1 F3600
G1 X101.837 Y80.699 E7.79733
G1 X103.095 Y80.86 E7.85833
G1 X104.314 Y81.097 E7.91806
G1 X105.517 Y81.412 E7.97787
G1 X106.696 Y81.804 E8.03763
G1 X107.848 Y82.27 E8.0974
G1 X108.968 Y82.81 E8.1572
G1 X110.051 Y83.42 E8.21698
G1 X111.093 Y84.098 E8.27677
G1 X112.089 Y84.841 E8.33653
G1 X113.035 Y85.647 E8.3963
G1 X113.928 Y86.511 E8.45606
G1 X114.764 Y87.431 E8.51585
G1 X115.539 Y88.403 E8.57564
G1 X116.235 Y89.402 E8.6342
G1 X116.894 Y90.486 E8.69522
G1 X117.469 Y91.587 E8.75496
G1 X117.972 Y92.724 E8.81476
G1 X118.401 Y93.89 E8.87452
G1 X118.755 Y95.082 E8.93433
G1 X119.032 Y96.294 E8.99413
G1 X119.23 Y97.521 E9.05391
G1 X119.349 Y98.758 E9.11368
G1 X119.388 Y99.975 E9.17224
G1 X119.349 Y101.243 E9.23326
G1 X119.23 Y102.479 E9.29298
G1 X119.036 Y103.681 E9.35154
G1 X118.755 Y104.918 E9.41255
G1 X118.401 Y106.11 E9.47236
G1 X117.972 Y107.276 E9.53212
G1 X117.469 Y108.413 E9.59192
G1 X116.894 Y109.515 E9.6517
G1 X116.25 Y110.577 E9.71144
G1 X115.539 Y111.597 E9.77124
G1 X114.764 Y112.569 E9.83103
G1 X113.945 Y113.47 E9.88959
G1 X113.035 Y114.354 E9.95061
G1 X112.089 Y115.159 E10.01035
G1 X111.093 Y115.902 E10.07011
G1 X110.051 Y116.58 E10.1299
G1 X108.968 Y117.19 E10.18968
G1 X107.848 Y117.73 E10.24948
G1 X106.696 Y118.196 E10.30925
G1 X105.517 Y118.588 E10.36901
G1 X104.314 Y118.903 E10.42882
G1 X103.094 Y119.141 E10.4886
G1 X101.862 Y119.299 E10.54834
G1 X100.621 Y119.379 E10.60815
G1 X99.379 Y119.379 E10.66789
G1 X98.138 Y119.299 E10.7277
G1 X96.906 Y119.141 E10.78744
G1 X95.685 Y118.903 E10.84727
G1 X94.483 Y118.588 E10.90703
G1 X93.304 Y118.196 E10.96679
G1 X92.152 Y117.73 E11.02656
G1 X91.032 Y117.19 E11.08636
G1 X89.949 Y116.58 E11.14614
G1 X88.907 Y115.902 E11.20593
G1 X87.911 Y115.159 E11.26569
G1 X86.965 Y114.353 E11.32546
G1 X86.072 Y113.489 E11.38522
G1 X85.236 Y112.569 E11.44501
G1 X84.461 Y111.597 E11.5048
G1 X83.75 Y110.577 E11.5646
G1 X83.106 Y109.515 E11.62434
G1 X82.531 Y108.413 E11.68412
G1 X82.038 Y107.299 E11.74271
G1 X81.599 Y106.109 E11.80372
G1 X81.245 Y104.918 E11.86348
G1 X80.974 Y103.731 E11.92204
G1 X80.77 Y102.479 E11.98305
G1 X80.651 Y101.242 E12.04282
G1 X80.612 Y100.025 E12.10138
G1 X80.651 Y98.757 E12.1624
G1 X80.77 Y97.521 E12.22212
G1 X80.968 Y96.294 E12.2819
G1 X81.245 Y95.082 E12.3417
G1 X81.599 Y93.89 E12.40151
G1 X82.019 Y92.748 E12.46003
G1 X82.531 Y91.587 E12.52106
G1 X83.106 Y90.485 E12.58084
G1 X83.737 Y89.444 E12.63939
G1 X84.462 Y88.403 E12.7004
G1 X85.236 Y87.431 E12.76016
G1 X86.055 Y86.53 E12.81872
G1 X86.965 Y85.646 E12.87974
G1 X87.911 Y84.841 E12.93948
G1 X88.907 Y84.098 E12.99924
G1 X89.949 Y83.42 E13.05903
G1 X91.032 Y82.81 E13.11881
G1 X92.152 Y82.27 E13.17861
G1 X93.304 Y81.804 E13.23838
G1 X94.483 Y81.412 E13.29814
G1 X95.661 Y81.103 E13.35671
G1 X96.906 Y80.859 E13.41773
G1 X98.138 Y80.701 E13.47747
G1 X99.379 Y80.621 E13.53728
G1 X100.564 Y80.621 E13.59427
G1 X100.649 Y80.236 F7800
;TYPE:External perimeter
G1 F1800
G1 X101.873 Y80.315 E13.65326
G1 X103.156 Y80.479 E13.71547
G1 X104.4 Y80.721 E13.77642
G1 X105.626 Y81.042 E13.83737
G1 X106.83 Y81.442 E13.89839
G1 X108.005 Y81.918 E13.95936
G1 X109.147 Y82.468 E14.02032
G1 X110.251 Y83.09 E14.08127
G1 X111.314 Y83.781 E14.14225
G1 X112.329 Y84.539 E14.20318
G1 X113.295 Y85.361 E14.26419
G1 X114.205 Y86.243 E14.32514
G1 X115.058 Y87.181 E14.38612
G1 X115.848 Y88.172 E14.44708
G1 X116.559 Y89.191 E14.50684
G1 X117.23 Y90.296 E14.56902
G1 X117.817 Y91.42 E14.63001
G1 X118.33 Y92.579 E14.69097
G1 X118.767 Y93.769 E14.75194
G1 X119.128 Y94.984 E14.8129
G1 X119.41 Y96.22 E14.87387
G1 X119.613 Y97.471 E14.93483
G1 X119.734 Y98.733 E14.99581
G1 X119.774 Y99.975 E15.05558
G1 X119.734 Y101.267 E15.11775
G1 X119.613 Y102.529 E15.17873
G1 X119.414 Y103.755 E15.23847
G1 X119.128 Y105.016 E15.30066
G1 X118.767 Y106.231 E15.36162
G1 X118.33 Y107.421 E15.42259
G1 X117.817 Y108.58 E15.48355
G1 X117.23 Y109.704 E15.54454
G1 X116.573 Y110.788 E15.60551
G1 X115.848 Y111.828 E15.66649
G1 X115.058 Y112.819 E15.72745
G1 X114.222 Y113.738 E15.7872
G1 X113.295 Y114.639 E15.84938
G1 X112.329 Y115.461 E15.91039
G1 X111.314 Y116.219 E15.97132
G1 X110.251 Y116.91 E16.0323
G1 X109.147 Y117.532 E16.09325
G1 X108.005 Y118.082 E16.15421
G1 X106.83 Y118.558 E16.21518
G1 X105.626 Y118.958 E16.2762
G1 X104.4 Y119.279 E16.33715
G1 X103.156 Y119.521 E16.3981
G1 X101.899 Y119.684 E16.45906
G1 X100.634 Y119.765 E16.52003
G1 X99.366 Y119.765 E16.58102
G1 X98.101 Y119.684 E16.64199
G1 X96.844 Y119.521 E16.70295
G1 X95.6 Y119.279 E16.7639
G1 X94.374 Y118.958 E16.82485
G1 X93.17 Y118.558 E16.88587
G1 X91.995 Y118.082 E16.94684
G1 X90.853 Y117.532 E17.0078
G1 X89.749 Y116.91 E17.06875
G1 X88.686 Y116.219 E17.12973
G1 X87.671 Y115.461 E17.19066
G1 X86.705 Y114.639 E17.25167
G1 X85.795 Y113.757 E17.31262
G1 X84.942 Y112.819 E17.3736
G1 X84.152 Y111.828 E17.43456
G1 X83.427 Y110.788 E17.49554
G1 X82.77 Y109.704 E17.55651
G1 X82.183 Y108.58 E17.6175
G1 X81.681 Y107.444 E17.67723
G1 X81.232 Y106.231 E17.73944
G1 X80.872 Y105.016 E17.80039
G1 X80.595 Y103.805 E17.86014
G1 X80.387 Y102.529 E17.92232
G1 X80.266 Y101.267 E17.9833
G1 X80.226 Y100.025 E18.04307
G1 X80.266 Y98.733 E18.10524
G1 X80.387 Y97.471 E18.16622
G1 X80.59 Y96.22 E18.22718
G1 X80.872 Y94.984 E18.28815
G1 X81.233 Y93.769 E18.34911
G1 X81.662 Y92.603 E18.40887
G1 X82.184 Y91.42 E18.47106
G1 X82.77 Y90.296 E18.53203
G1 X83.414 Y89.234 E18.59177
G1 X84.152 Y88.172 E18.65397
G1 X84.942 Y87.181 E18.71493
G1 X85.778 Y86.262 E18.77468
G1 X86.705 Y85.361 E18.83686
G1 X87.671 Y84.539 E18.89787
G1 X88.686 Y83.781 E18.9588
G1 X89.749 Y83.09 E19.01978
G1 X90.853 Y82.468 E19.08073
G1 X91.995 Y81.918 E19.14169
G1 X93.17 Y81.442 E19.20266
G1 X94.374 Y81.042 E19.26368
G1 X95.575 Y80.727 E19.3234
G1 X96.844 Y80.479 E19.38559
G1 X98.101 Y80.316 E19.44655
G1 X99.366 Y80.235 E19.50752
G1 X100.589 Y80.235 E19.56634
G1 X100.988 Y80.258 F7800
G1 E17.56634 F2400
G92 E0
G1 X111.579 Y85.083 F7800
G1 E2 F2400
;TYPE:Top solid infill
;WIDTH:0.401958
G1 F900
G1 X113.475 Y86.979 E2.1129
G1 X114.269 Y87.853 E2.16262
G1 X115.018 Y88.792 E2.21319
G1 X115.495 Y89.476 E2.2483
G1 X110.516 Y84.498 E2.54474
G1 X109.714 Y83.976 E2.58503
G1 X109.262 Y83.721 E2.60688
G1 X116.299 Y90.758 E3.0259
G1 X116.828 Y91.765 E3.07379
G1 X108.248 Y83.184 E3.58471
G1 X107.36 Y82.774 E3.62589
G1 X117.223 Y92.636 E4.21315
G1 X117.369 Y92.968 E4.22842
G1 X117.54 Y93.431 E4.2492
G1 X106.558 Y82.449 E4.90312
G1 X105.834 Y82.202 E4.93533
G1 X117.809 Y94.177 E5.64838
G1 X118.01 Y94.856 E5.6782
G1 X105.139 Y81.985 E6.4446
G1 X104.492 Y81.815 E6.47277
G1 X118.186 Y95.509 E7.28818
G1 X118.327 Y96.128 E7.31491
G1 X103.872 Y81.673 E8.17563
G1 X103.28 Y81.558 E8.20102
G1 X118.442 Y96.72 E9.10384
G1 X118.534 Y97.29 E9.12815
G1 X102.71 Y81.466 E10.07039
G1 X102.163 Y81.396 E10.09361
G1 X118.608 Y97.841 E11.07282
G1 X118.659 Y98.369 E11.09515
G1 X101.626 Y81.337 E12.10935
G1 X101.116 Y81.304 E12.13087
G1 X118.703 Y98.891 E13.17808
G1 X118.719 Y99.384 E13.19885
G1 X100.606 Y81.271 E14.27738
G1 X100.128 Y81.271 E14.29751
G1 X118.735 Y99.877 E15.40543
G1 X118.727 Y100.347 E15.42522
G1 X99.651 Y81.271 E16.56109
G1 X99.187 Y81.284 E16.58063
G1 X118.712 Y100.81 E17.74327
G1 X118.694 Y101.269 E17.76261
G1 X98.738 Y81.313 E18.95088
G1 X98.29 Y81.342 E18.96978
G1 X118.652 Y101.704 E20.18223
G1 X118.61 Y102.139 E20.20063
G1 X97.862 Y81.391 E21.43606
G1 X97.439 Y81.446 E21.45402
G1 X118.558 Y102.565 E22.71154
G1 X118.491 Y102.976 E22.72907
G1 X97.016 Y81.5 E24.00782
G1 X96.617 Y81.578 E24.02494
G1 X118.425 Y103.387 E25.32352
G1 X118.346 Y103.785 E25.3406
G1 X96.217 Y81.657 E26.65823
G1 X95.818 Y81.735 E26.67535
G1 X118.257 Y104.174 E28.01147
G1 X118.169 Y104.563 E28.02826
G1 X95.439 Y81.833 E29.38171
G1 X95.061 Y81.933 E29.39817
G1 X118.07 Y104.941 E30.7682
G1 X117.961 Y105.31 E30.7844
G1 X94.683 Y82.032 E32.17048
G1 X94.324 Y82.15 E32.18639
G1 X117.852 Y105.678 E33.58736
G1 X117.735 Y106.039 E33.60334
G1 X93.965 Y82.269 E35.01872
G1 X93.607 Y82.388 E35.0346
G1 X117.607 Y106.388 E36.46367
G1 X117.478 Y106.737 E36.47934
G1 X93.263 Y82.521 E37.92124
G1 X92.923 Y82.659 E37.93669
G1 X117.347 Y107.083 E39.39101
G1 X117.2 Y107.414 E39.40626
G1 X92.583 Y82.797 E40.87207
G1 X92.252 Y82.943 E40.8873
G1 X117.054 Y107.745 E42.36413
G1 X116.908 Y108.076 E42.37936
G1 X91.93 Y83.098 E43.86667
G1 X91.608 Y83.253 E43.88172
G1 X116.747 Y108.392 E45.37861
G1 X116.583 Y108.706 E45.39353
G1 X91.288 Y83.411 E46.89971
G1 X90.983 Y83.583 E46.91445
G1 X116.419 Y109.02 E48.42906
G1 X116.248 Y109.326 E48.44382
G1 X90.677 Y83.755 E49.96644
G1 X90.372 Y83.927 E49.98118
G1 X116.068 Y109.623 E51.51124
G1 X115.888 Y109.92 E51.52586
G1 X90.078 Y84.111 E53.06268
G1 X89.789 Y84.299 E53.0772
G1 X115.708 Y110.218 E54.62054
G1 X115.512 Y110.499 E54.63497
G1 X89.5 Y84.487 E56.18385
G1 X89.215 Y84.679 E56.19832
G1 X115.316 Y110.78 E57.7525
G1 X115.12 Y111.062 E57.76696
G1 X88.941 Y84.883 E59.32578
G1 X88.668 Y85.087 E59.34013
G1 X114.916 Y111.335 E60.90306
G1 X114.704 Y111.601 E60.91738
G1 X88.394 Y85.291 E62.484
G1 X88.132 Y85.506 E62.49827
G1 X114.492 Y111.867 E64.0679
G1 X114.281 Y112.132 E64.08216
G1 X87.874 Y85.726 E65.65453
G1 X87.616 Y85.945 E65.66878
G1 X114.054 Y112.383 E67.24302
G1 X113.827 Y112.633 E67.25724
G1 X87.361 Y86.168 E68.83312
G1 X87.119 Y86.403 E68.84732
G1 X113.6 Y112.884 E70.42412
G1 X113.478 Y113.018 E70.43175
G1 X113.366 Y113.127 E70.43833
G1 X86.877 Y86.638 E72.01561
G1 X86.634 Y86.873 E72.02984
G1 X113.123 Y113.362 E73.60712
G1 X112.881 Y113.597 E73.62132
G1 X86.4 Y87.116 E75.19812
G1 X86.173 Y87.367 E75.21237
G1 X112.639 Y113.832 E76.78825
G1 X112.384 Y114.055 E76.80251
G1 X85.946 Y87.617 E78.37675
G1 X85.719 Y87.868 E78.391
G1 X112.126 Y114.274 E79.96337
G1 X111.868 Y114.494 E79.97765
G1 X85.508 Y88.133 E81.54728
G1 X85.296 Y88.399 E81.5616
G1 X111.606 Y114.709 E83.12822
G1 X111.332 Y114.913 E83.1426
G1 X85.084 Y88.665 E84.70553
G1 X84.881 Y88.939 E84.71989
G1 X111.059 Y115.117 E86.27865
G1 X110.786 Y115.321 E86.293
G1 X84.685 Y89.22 E87.84718
G1 X84.489 Y89.502 E87.86164
G1 X110.5 Y115.513 E89.41046
G1 X110.211 Y115.701 E89.42498
G1 X84.293 Y89.783 E90.96826
G1 X84.112 Y90.08 E90.9829
G1 X109.922 Y115.889 E92.51972
G1 X109.628 Y116.073 E92.53432
G1 X83.932 Y90.377 E94.06438
G1 X83.752 Y90.674 E94.079
G1 X109.323 Y116.245 E95.60162
G1 X109.017 Y116.417 E95.6164
G1 X83.581 Y90.98 E97.13101
G1 X83.417 Y91.294 E97.14593
G1 X108.712 Y116.589 E98.65211
G1 X108.392 Y116.747 E98.66714
G1 X83.253 Y91.608 E100.16403
G1 X83.093 Y91.925 E100.17898
G1 X108.07 Y116.902 E101.66623
G1 X107.748 Y117.057 E101.68128
G1 X82.946 Y92.256 E103.15808
G1 X82.8 Y92.587 E103.17331
G1 X107.417 Y117.203 E104.63909
G1 X107.077 Y117.341 E104.65454
G1 X82.654 Y92.918 E106.1088
G1 X82.522 Y93.263 E106.12435
G1 X106.737 Y117.479 E107.56625
G1 X106.393 Y117.612 E107.58178
G1 X82.393 Y93.612 E109.01085
G1 X82.265 Y93.961 E109.0265
G1 X106.035 Y117.731 E110.44188
G1 X105.676 Y117.85 E110.4578
G1 X82.148 Y94.322 E111.85877
G1 X82.039 Y94.69 E111.87493
G1 X105.317 Y117.968 E113.26101
G1 X104.939 Y118.067 E113.27746
G1 X81.93 Y95.058 E114.64752
G1 X81.831 Y95.437 E114.66401
G1 X104.561 Y118.167 E116.01746
G1 X104.182 Y118.266 E116.03395
G1 X81.742 Y95.825 E117.37016
G1 X81.653 Y96.214 E117.38696
G1 X103.783 Y118.344 E118.70468
G1 X103.384 Y118.422 E118.7218
G1 X81.575 Y96.613 E120.02041
G1 X81.509 Y97.024 E120.03794
G1 X102.984 Y118.5 E121.31669
G1 X102.561 Y118.554 E121.33464
G1 X81.442 Y97.435 E122.59216
G1 X81.39 Y97.861 E122.61023
G1 X102.138 Y118.609 E123.84566
G1 X101.71 Y118.658 E123.8638
G1 X81.348 Y98.296 E125.07625
G1 X81.306 Y98.731 E125.09465
G1 X101.262 Y118.687 E126.28292
G1 X100.813 Y118.716 E126.30186
G1 X81.288 Y99.19 E127.4645
G1 X81.273 Y99.653 E127.484
G1 X100.349 Y118.729 E128.61987
G1 X99.872 Y118.729 E128.63995
G1 X81.265 Y100.123 E129.74787
G1 X81.281 Y100.616 E129.76864
G1 X99.394 Y118.729 E130.84717
G1 X98.884 Y118.696 E130.86869
G1 X81.297 Y101.109 E131.9159
G1 X81.341 Y101.631 E131.93796
G1 X98.374 Y118.663 E132.95216
G1 X97.838 Y118.606 E132.97486
G1 X81.392 Y102.159 E133.95416
G1 X81.466 Y102.711 E133.97761
G1 X97.29 Y118.535 E134.91985
G1 X96.72 Y118.442 E134.94417
G1 X81.559 Y103.281 E135.84693
G1 X81.673 Y103.872 E135.87227
G1 X96.128 Y118.327 E136.73299
G1 X95.508 Y118.185 E136.75977
G1 X81.814 Y104.491 E137.57518
G1 X81.99 Y105.144 E137.60366
G1 X94.861 Y118.015 E138.37006
G1 X94.166 Y117.798 E138.40072
G1 X82.191 Y105.823 E139.11377
G1 X82.462 Y106.571 E139.14727
G1 X93.442 Y117.551 E139.80107
G1 X92.64 Y117.226 E139.83751
G1 X82.777 Y107.364 E140.42477
G1 X83.172 Y108.235 E140.46504
G1 X91.752 Y116.816 E140.97596
G1 X91.333 Y116.614 E140.99554
G1 X90.738 Y116.279 E141.02429
G1 X83.7 Y109.242 E141.44334
G1 X84.295 Y110.223 E141.49165
G1 X84.505 Y110.524 E141.5071
G1 X89.484 Y115.502 E141.80354
G1 X89.279 Y115.369 E141.81383
G1 X88.316 Y114.651 E141.86441
G1 X87.402 Y113.872 E141.91497
G1 X85.094 Y111.59 E142.05163
G1 E140.05163 F2400
G92 E0
M107
;TYPE:Custom
; Filament-specific end gcode 
;END gcode for filament
M104 S0 ; turn off temperature
G28 X0  ; home X axis
M84     ; disable motors
; objects_info = {"objects":[]}
; filament used [mm] = 4516.56
; filament used [cm3] = 10.86
; total filament used [g] = 0.00
; total filament cost = 0.00
; total filament used for wipe tower [g] = 0.00
; estimated printing time (normal mode) = 47m 29s
; estimated first layer printing time (normal mode) = 2m 32s

; prusaslicer_config = begin
; arc_fitting = disabled
; autoemit_temperature_commands = 1
; automatic_extrusion_widths = 0
; automatic_infill_combination = 0
; automatic_infill_combination_max_layer_height = 100%
; avoid_crossing_curled_overhangs = 0
; avoid_crossing_perimeters = 0
; avoid_crossing_perimeters_max_detour = 0
; bed_custom_model = 
; bed_custom_texture = 
; bed_shape = 0x0,200x0,200x200,0x200
; bed_temperature = 0
; bed_temperature_extruder = 0
; before_layer_gcode = 
; between_objects_gcode = 
; binary_gcode = 0
; bottom_fill_pattern = monotonic
; bottom_solid_layers = 3
; bottom_solid_min_thickness = 0
; bridge_acceleration = 0
; bridge_angle = 0
; bridge_fan_speed = 100
; bridge_flow_ratio = 1
; bridge_speed = 60
; brim_separation = 0
; brim_type = outer_only
; brim_width = 0
; chamber_minimal_temperature = 0
; chamber_temperature = 0
; color_change_gcode = M600
; colorprint_heights = 
; complete_objects = 0
; cooling = 1
; cooling_perimeter_transition_distance = 0
; cooling_slowdown_logic = uniform_cooling
; cooling_tube_length = 5
; cooling_tube_retraction = 91.5
; custom_parameters_filament = ""
; custom_parameters_print = 
; custom_parameters_printer = 
; default_acceleration = 0
; default_filament_profile = 
; default_print_profile = 
; deretract_speed = 0
; disable_fan_first_layers = 3
; dont_support_bridges = 1
; draft_shield = disabled
; duplicate_distance = 6
; elefant_foot_compensation = 0
; enable_dynamic_fan_speeds = 0
; enable_dynamic_overhang_speeds = 0
; end_filament_gcode = "; Filament-specific end gcode \n;END gcode for filament\n"
; end_gcode = M104 S0 ; turn off temperature\nG28 X0  ; home X axis\nM84     ; disable motors\n
; ensure_vertical_shell_thickness = enabled
; external_perimeter_acceleration = 0
; external_perimeter_extrusion_width = 0
; external_perimeter_speed = 50%
; external_perimeters_first = 0
; extra_loading_move = -2
; extra_perimeters = 1
; extra_perimeters_on_overhangs = 0
; extruder_clearance_height = 20
; extruder_clearance_radius = 20
; extruder_colour = ""
; extruder_offset = 0x0
; extrusion_axis = E
; extrusion_multiplier = 1
; extrusion_width = 0
; fan_always_on = 0
; fan_below_layer_time = 60
; filament_abrasive = 0
; filament_colour = #29B2B2
; filament_cooling_final_speed = 3.4
; filament_cooling_initial_speed = 2.2
; filament_cooling_moves = 4
; filament_cost = 0
; filament_density = 0
; filament_deretract_speed = nil
; filament_diameter = 1.75
; filament_flush_speed = 0
; filament_flush_volume = 0
; filament_infill_max_crossing_speed = 0
; filament_infill_max_speed = 0
; filament_load_time = 0
; filament_loading_speed = 28
; filament_loading_speed_start = 3
; filament_max_volumetric_speed = 0
; filament_minimal_purge_on_wipe_tower = 15
; filament_multitool_ramming = 0
; filament_multitool_ramming_flow = 10
; filament_multitool_ramming_volume = 10
; filament_notes = ""
; filament_purge_multiplier = 100%
; filament_ramming_parameters = "120 100 6.6 6.8 7.2 7.6 7.9 8.2 8.7 9.4 9.9 10.0| 0.05 6.6 0.45 6.8 0.95 7.8 1.45 8.3 1.95 9.7 2.45 10 2.95 7.6 3.45 7.6 3.95 7.6 4.45 7.6 4.95 7.6"
; filament_retract_before_travel = nil
; filament_retract_before_wipe = nil
; filament_retract_layer_change = nil
; filament_retract_length = nil
; filament_retract_length_toolchange = nil
; filament_retract_lift = nil
; filament_retract_lift_above = nil
; filament_retract_lift_below = nil
; filament_retract_restart_extra = nil
; filament_retract_restart_extra_toolchange = nil
; filament_retract_speed = nil
; filament_seam_gap_distance = nil
; filament_settings_id = "- default -"
; filament_shrinkage_compensation_xy = 0%
; filament_shrinkage_compensation_z = 0%
; filament_soluble = 0
; filament_spool_weight = 0
; filament_stamping_distance = 0
; filament_stamping_loading_speed = 20
; filament_toolchange_delay = 0
; filament_travel_lift_before_obstacle = nil
; filament_travel_max_lift = nil
; filament_travel_ramping_lift = nil
; filament_travel_slope = nil
; filament_type = PLA
; filament_unload_time = 0
; filament_unloading_speed = 90
; filament_unloading_speed_start = 100
; filament_vendor = (Unknown)
; filament_wipe = nil
; fill_angle = 45
; fill_density = 10%
; fill_pattern = stars
; first_layer_acceleration = 0
; first_layer_acceleration_over_raft = 0
; first_layer_bed_temperature = 0
; first_layer_extrusion_width = 200%
; first_layer_height = 0.35
; first_layer_infill_speed = 0
; first_layer_speed = 30
; first_layer_speed_over_raft = 30
; first_layer_temperature = 200
; full_fan_speed_layer = 0
; fuzzy_skin = none
; fuzzy_skin_point_dist = 0.8
; fuzzy_skin_thickness = 0.3
; gap_fill_enabled = 1
; gap_fill_speed = 20
; gcode_comments = 0
; gcode_flavor = reprap
; gcode_label_objects = disabled
; gcode_resolution = 0.0125
; gcode_substitutions = 
; high_current_on_filament_swap = 0
; host_type = prusalink
; idle_temperature = nil
; infill_acceleration = 0
; infill_anchor = 600%
; infill_anchor_max = 50
; infill_every_layers = 1
; infill_extruder = 1
; infill_extrusion_width = 0
; infill_first = 0
; infill_overlap = 25%
; infill_speed = 80
; interface_shells = 0
; interlocking_beam = 0
; interlocking_beam_layer_count = 2
; interlocking_beam_width = 0.8
; interlocking_boundary_avoidance = 2
; interlocking_depth = 2
; interlocking_orientation = 22.5
; ironing = 0
; ironing_flowrate = 15%
; ironing_spacing = 0.1
; ironing_speed = 15
; ironing_type = top
; layer_gcode = 
; layer_height = 0.3
; machine_limits_usage = time_estimate_only
; machine_max_acceleration_e = 10000,5000
; machine_max_acceleration_extruding = 1500,1250
; machine_max_acceleration_retracting = 1500,1250
; machine_max_acceleration_travel = 1500,1250
; machine_max_acceleration_x = 9000,1000
; machine_max_acceleration_y = 9000,1000
; machine_max_acceleration_z = 500,200
; machine_max_feedrate_e = 120,120
; machine_max_feedrate_x = 500,200
; machine_max_feedrate_y = 500,200
; machine_max_feedrate_z = 12,12
; machine_max_jerk_e = 2.5,2.5
; machine_max_jerk_x = 10,10
; machine_max_jerk_y = 10,10
; machine_max_jerk_z = 0.2,0.4
; machine_max_junction_deviation = 0,0
; machine_min_extruding_rate = 0,0
; machine_min_travel_rate = 0,0
; max_fan_speed = 100
; max_layer_height = 0
; max_print_height = 200
; max_print_speed = 80
; max_volumetric_extrusion_rate_slope_negative = 0
; max_volumetric_extrusion_rate_slope_positive = 0
; max_volumetric_speed = 0
; min_bead_width = 85%
; min_fan_speed = 35
; min_feature_size = 25%
; min_layer_height = 0.07
; min_print_speed = 10
; min_skirt_length = 0
; mmu_segmented_region_interlocking_depth = 0
; mmu_segmented_region_max_width = 0
; multimaterial_purging = 140
; notes = 
; nozzle_diameter = 0.4
; nozzle_high_flow = 0
; only_one_perimeter_first_layer = 0
; only_retract_when_crossing_perimeters = 0
; ooze_prevention = 0
; output_filename_format = [input_filename_base].gcode
; over_bridge_speed = 0
; overhang_fan_speed_0 = 0
; overhang_fan_speed_1 = 0
; overhang_fan_speed_2 = 0
; overhang_fan_speed_3 = 0
; overhang_speed_0 = 15
; overhang_speed_1 = 15
; overhang_speed_2 = 20
; overhang_speed_3 = 25
; overhangs = 1
; parking_pos_retraction = 92
; pause_print_gcode = M601
; perimeter_acceleration = 0
; perimeter_extruder = 1
; perimeter_extrusion_width = 0
; perimeter_generator = arachne
; perimeter_speed = 60
; perimeters = 3
; physical_printer_settings_id = 
; post_process = 
; prefer_clockwise_movements = 0
; print_settings_id = - default -
; printer_model = 
; printer_notes = 
; printer_settings_id = - default FFF -
; printer_technology = FFF
; printer_variant = 
; printer_vendor = 
; raft_contact_distance = 0.1
; raft_expansion = 1.5
; raft_first_layer_density = 90%
; raft_first_layer_expansion = 3
; raft_layers = 0
; remaining_times = 0
; resolution = 0
; retract_before_travel = 2
; retract_before_wipe = 0%
; retract_layer_change = 0
; retract_length = 2
; retract_length_toolchange = 10
; retract_lift = 0
; retract_lift_above = 0
; retract_lift_below = 0
; retract_restart_extra = 0
; retract_restart_extra_toolchange = 0
; retract_speed = 40
; scarf_seam_entire_loop = 0
; scarf_seam_length = 20
; scarf_seam_max_segment_length = 1
; scarf_seam_on_inner_perimeters = 0
; scarf_seam_only_on_smooth = 1
; scarf_seam_placement = nowhere
; scarf_seam_start_height = 0%
; seam_gap_distance = 15%
; seam_position = aligned
; silent_mode = 1
; single_extruder_multi_material = 0
; single_extruder_multi_material_priming = 1
; skirt_distance = 6
; skirt_height = 1
; skirts = 1
; slice_closing_radius = 0.049
; slicing_mode = regular
; slowdown_below_layer_time = 5
; small_perimeter_speed = 15
; solid_infill_acceleration = 0
; solid_infill_below_area = 70
; solid_infill_every_layers = 0
; solid_infill_extruder = 1
; solid_infill_extrusion_width = 0
; solid_infill_speed = 20
; spiral_vase = 0
; staggered_inner_seams = 0
; standby_temperature_delta = -5
; start_filament_gcode = "; Filament gcode\n"
; start_gcode = G28 ; home all axes\nG1 Z5 F5000 ; lift nozzle\n
; support_material = 0
; support_material_angle = 0
; support_material_auto = 1
; support_material_bottom_contact_distance = 0
; support_material_bottom_interface_layers = -1
; support_material_buildplate_only = 0
; support_material_closing_radius = 2
; support_material_contact_distance = 0.2
; support_material_enforce_layers = 0
; support_material_extruder = 1
; support_material_extrusion_width = 0
; support_material_interface_contact_loops = 0
; support_material_interface_extruder = 1
; support_material_interface_layers = 3
; support_material_interface_pattern = rectilinear
; support_material_interface_spacing = 0
; support_material_interface_speed = 100%
; support_material_pattern = rectilinear
; support_material_spacing = 2.5
; support_material_speed = 60
; support_material_style = grid
; support_material_synchronize_layers = 0
; support_material_threshold = 0
; support_material_with_sheath = 1
; support_material_xy_spacing = 50%
; support_tree_angle = 40
; support_tree_angle_slow = 25
; support_tree_branch_diameter = 2
; support_tree_branch_diameter_angle = 5
; support_tree_branch_diameter_double_wall = 3
; support_tree_branch_distance = 1
; support_tree_tip_diameter = 0.8
; support_tree_top_rate = 15%
; temperature = 200
; template_custom_gcode = 
; thick_bridges = 1
; thin_walls = 1
; thumbnails = 
; thumbnails_format = PNG
; toolchange_gcode = 
; toolchange_ordering = optimized
; top_fill_pattern = monotonic
; top_infill_extrusion_width = 0
; top_one_perimeter_type = none
; top_solid_infill_acceleration = 0
; top_solid_infill_speed = 15
; top_solid_layers = 3
; top_solid_min_thickness = 0
; travel_acceleration = 0
; travel_lift_before_obstacle = 0
; travel_max_lift = 0
; travel_ramping_lift = 0
; travel_short_distance_acceleration = 0
; travel_slope = 0
; travel_speed = 130
; travel_speed_z = 0
; use_firmware_retraction = 0
; use_relative_e_distances = 0
; use_volumetric_e = 0
; variable_layer_height = 1
; wall_distribution_count = 1
; wall_transition_angle = 10
; wall_transition_filter_deviation = 25%
; wall_transition_length = 100%
; wipe = 0
; wipe_into_infill = 0
; wipe_into_objects = 0
; wipe_tower = 0
; wipe_tower_acceleration = 0
; wipe_tower_bridging = 10
; wipe_tower_brim_width = 2
; wipe_tower_cone_angle = 0
; wipe_tower_extra_flow = 100%
; wipe_tower_extra_spacing = 100%
; wipe_tower_extruder = 0
; wipe_tower_no_sparse_layers = 0
; wipe_tower_width = 60
; wiping_volumes_matrix = 0
; wiping_volumes_use_custom_matrix = 0
; xy_size_compensation = 0
; z_offset = 0
; prusaslicer_config = end
